date,pm25,pm10,no2,so2,co,o3,aqi,aqi_class,aqi_7d_avg,year,month,season
2005-01-01,54.4,86.1,35.0,9.7,1.65,26.1,53.0,Moderate,53.0,2005,1,Winter
2005-01-02,45.7,71.8,28.0,4.5,1.39,33.3,45.0,Good,49.0,2005,1,Winter
2005-01-03,50.8,89.9,39.5,9.2,1.54,26.9,52.0,Moderate,50.0,2005,1,Winter
2005-01-04,53.4,96.4,39.7,13.0,1.59,25.8,55.0,Moderate,51.2,2005,1,Winter
2005-01-05,47.2,82.1,33.7,9.1,1.29,29.2,48.0,Good,50.6,2005,1,Winter
2005-01-06,40.7,73.2,32.0,12.8,1.39,25.2,43.0,Good,49.3,2005,1,Winter
2005-01-07,51.6,82.1,33.6,9.6,1.61,37.1,51.0,Moderate,49.6,2005,1,Winter
2005-01-08,44.8,78.0,33.8,8.8,1.95,16.8,45.0,Good,48.4,2005,1,Winter
2005-01-09,49.6,90.7,37.7,9.8,1.18,33.7,52.0,Moderate,49.4,2005,1,Winter
2005-01-10,29.7,51.0,30.0,9.6,1.62,33.8,33.0,Good,46.7,2005,1,Winter
2005-01-11,47.9,88.2,32.3,9.5,1.79,29.0,50.0,Good,46.0,2005,1,Winter
2005-01-12,40.3,69.6,33.9,8.3,1.51,21.4,42.0,Good,45.1,2005,1,Winter
2005-01-13,56.4,94.0,35.6,6.8,1.26,33.8,56.0,Moderate,47.0,2005,1,Winter
2005-01-14,49.2,81.2,38.1,10.6,1.48,29.4,50.0,Good,46.9,2005,1,Winter
2005-01-15,46.5,79.3,35.8,9.7,1.25,28.6,48.0,Good,47.3,2005,1,Winter
2005-01-16,48.2,72.9,41.6,12.8,1.36,37.8,49.0,Good,46.9,2005,1,Winter
2005-01-17,37.8,69.4,30.6,9.4,1.59,39.3,42.0,Good,48.1,2005,1,Winter
2005-01-18,56.2,108.0,40.4,6.5,1.47,29.5,59.0,Moderate,49.4,2005,1,Winter
2005-01-19,58.7,98.5,30.8,10.1,1.54,28.3,57.0,Moderate,51.6,2005,1,Winter
2005-01-20,47.6,72.4,33.0,9.7,1.2,18.5,46.0,Good,50.1,2005,1,Winter
2005-01-21,55.9,111.5,36.1,8.6,1.34,24.4,59.0,Moderate,51.4,2005,1,Winter
2005-01-22,40.8,66.6,39.3,10.7,1.64,28.6,43.0,Good,50.7,2005,1,Winter
2005-01-23,39.2,61.3,33.0,10.5,1.07,38.0,41.0,Good,49.6,2005,1,Winter
2005-01-24,45.1,76.0,36.2,7.1,1.16,35.0,47.0,Good,50.3,2005,1,Winter
2005-01-25,47.8,89.4,33.3,8.6,1.41,38.2,51.0,Moderate,49.1,2005,1,Winter
2005-01-26,42.0,69.2,25.4,11.7,1.36,36.5,43.0,Good,47.1,2005,1,Winter
2005-01-27,48.6,86.8,34.4,7.5,1.68,33.2,51.0,Moderate,47.9,2005,1,Winter
2005-01-28,46.9,80.2,29.6,9.2,0.89,33.8,48.0,Good,46.3,2005,1,Winter
2005-01-29,37.8,58.9,39.7,10.0,1.47,36.1,41.0,Good,46.0,2005,1,Winter
2005-01-30,48.4,80.6,39.7,7.2,1.83,32.4,50.0,Good,47.3,2005,1,Winter
2005-01-31,50.8,94.7,31.3,9.3,1.57,35.3,53.0,Moderate,48.1,2005,1,Winter
2005-02-01,46.0,83.1,30.6,9.2,1.11,35.6,48.0,Good,47.7,2005,2,Winter
2005-02-02,52.9,82.5,32.1,8.9,2.1,35.2,52.0,Moderate,49.0,2005,2,Winter
2005-02-03,36.3,57.4,36.7,6.4,1.35,31.3,39.0,Good,47.3,2005,2,Winter
2005-02-04,48.1,87.5,36.7,9.5,0.88,40.9,52.0,Moderate,47.9,2005,2,Winter
2005-02-05,36.6,69.8,48.2,8.3,1.69,41.0,44.0,Good,48.3,2005,2,Winter
2005-02-06,37.0,62.0,33.4,11.6,1.29,28.2,39.0,Good,46.7,2005,2,Winter
2005-02-07,40.4,72.6,35.0,10.3,1.96,24.6,43.0,Good,45.3,2005,2,Winter
2005-02-08,38.2,60.6,42.3,7.9,1.67,32.6,41.0,Good,44.3,2005,2,Winter
2005-02-09,41.0,67.8,35.7,8.7,2.02,31.0,43.0,Good,43.0,2005,2,Winter
2005-02-10,43.3,65.4,30.2,9.8,1.23,26.9,42.0,Good,43.4,2005,2,Winter
2005-02-11,50.7,95.5,36.0,8.7,1.81,33.4,54.0,Moderate,43.7,2005,2,Winter
2005-02-12,42.6,72.4,37.4,6.5,1.29,42.5,46.0,Good,44.0,2005,2,Winter
2005-02-13,33.7,64.3,33.2,10.1,1.58,37.8,39.0,Good,44.0,2005,2,Winter
2005-02-14,52.8,97.9,37.8,10.6,1.53,39.8,56.0,Moderate,45.9,2005,2,Winter
2005-02-15,38.9,74.5,37.4,11.0,1.84,42.5,45.0,Good,46.4,2005,2,Winter
2005-02-16,44.4,72.9,32.8,11.4,1.69,39.9,46.0,Good,46.9,2005,2,Winter
2005-02-17,47.9,76.3,40.8,7.8,1.37,35.3,49.0,Good,47.9,2005,2,Winter
2005-02-18,46.2,91.7,31.5,11.1,1.76,42.1,51.0,Moderate,47.4,2005,2,Winter
2005-02-19,52.5,97.5,36.3,7.2,1.47,32.5,55.0,Moderate,48.7,2005,2,Winter
2005-02-20,48.2,92.3,32.2,10.2,1.66,29.0,51.0,Moderate,50.4,2005,2,Winter
2005-02-21,38.8,58.4,27.8,8.1,1.56,43.8,40.0,Good,48.1,2005,2,Winter
2005-02-22,60.0,100.7,36.0,10.3,1.44,44.6,61.0,Moderate,50.4,2005,2,Winter
2005-02-23,46.2,86.4,42.3,6.5,1.16,35.0,51.0,Moderate,51.1,2005,2,Winter
2005-02-24,43.8,67.4,34.4,10.6,1.54,34.6,44.0,Good,50.4,2005,2,Winter
2005-02-25,51.5,91.9,28.6,7.9,1.32,40.2,53.0,Moderate,50.7,2005,2,Winter
2005-02-26,46.5,79.8,35.5,10.5,1.18,32.1,48.0,Good,49.7,2005,2,Winter
2005-02-27,47.6,71.8,31.3,10.2,1.7,36.5,47.0,Good,49.1,2005,2,Winter
2005-02-28,62.2,100.7,38.8,10.3,1.33,39.0,62.0,Moderate,52.3,2005,2,Winter
2005-03-01,38.1,62.5,30.1,8.6,0.9,34.5,40.0,Good,49.3,2005,3,Summer
2005-03-02,37.8,58.8,23.9,6.2,1.35,43.7,39.0,Good,47.6,2005,3,Summer
2005-03-03,40.8,74.1,33.0,11.5,1.31,39.6,45.0,Good,47.7,2005,3,Summer
2005-03-04,47.5,77.0,31.8,8.2,1.33,37.8,48.0,Good,47.0,2005,3,Summer
2005-03-05,29.5,48.3,29.8,8.2,1.33,43.5,34.0,Good,45.0,2005,3,Summer
2005-03-06,26.2,51.1,26.8,11.3,1.1,39.5,32.0,Good,42.9,2005,3,Summer
2005-03-07,35.9,62.2,38.2,6.7,1.25,35.4,40.0,Good,39.7,2005,3,Summer
2005-03-08,28.6,48.4,29.2,8.4,1.61,45.4,33.0,Good,38.7,2005,3,Summer
2005-03-09,37.0,68.9,34.6,8.8,1.56,39.1,42.0,Good,39.1,2005,3,Summer
2005-03-10,43.5,85.1,29.1,8.0,1.26,22.8,46.0,Good,39.3,2005,3,Summer
2005-03-11,33.8,51.1,33.7,9.0,1.5,40.9,37.0,Good,37.7,2005,3,Summer
2005-03-12,30.0,51.7,31.2,7.3,1.37,30.1,33.0,Good,37.6,2005,3,Summer
2005-03-13,40.5,73.1,31.1,8.4,1.27,50.3,45.0,Good,39.4,2005,3,Summer
2005-03-14,46.0,76.4,27.7,8.8,1.66,41.8,47.0,Good,40.4,2005,3,Summer
2005-03-15,28.1,53.1,33.1,11.2,1.13,42.0,34.0,Good,40.6,2005,3,Summer
2005-03-16,45.7,90.8,36.6,11.8,1.43,44.1,52.0,Moderate,42.0,2005,3,Summer
2005-03-17,45.7,90.1,26.9,8.8,0.93,31.5,49.0,Good,42.4,2005,3,Summer
2005-03-18,46.7,76.2,27.7,10.9,1.44,42.6,48.0,Good,44.0,2005,3,Summer
2005-03-19,48.5,78.3,42.8,7.0,1.18,35.7,50.0,Good,46.4,2005,3,Summer
2005-03-20,55.4,109.7,27.0,13.0,1.25,38.9,58.0,Moderate,48.3,2005,3,Summer
2005-03-21,37.5,64.9,28.8,8.0,1.28,43.2,41.0,Good,47.4,2005,3,Summer
2005-03-22,40.8,65.4,36.5,8.4,0.8,38.4,43.0,Good,48.7,2005,3,Summer
2005-03-23,37.1,68.7,36.7,9.6,0.95,31.7,41.0,Good,47.1,2005,3,Summer
2005-03-24,40.0,65.7,21.3,10.2,1.56,43.9,41.0,Good,46.0,2005,3,Summer
2005-03-25,50.7,82.9,34.1,8.2,1.38,45.2,52.0,Moderate,46.6,2005,3,Summer
2005-03-26,30.6,59.3,30.2,4.5,1.71,36.2,36.0,Good,44.6,2005,3,Summer
2005-03-27,34.0,53.7,30.4,9.8,1.01,38.0,37.0,Good,41.6,2005,3,Summer
2005-03-28,49.6,76.1,35.7,6.7,1.56,41.0,50.0,Good,42.9,2005,3,Summer
2005-03-29,47.1,77.1,29.6,10.0,1.47,51.8,49.0,Good,43.7,2005,3,Summer
2005-03-30,37.5,67.6,29.0,10.0,1.64,51.0,42.0,Good,43.9,2005,3,Summer
2005-03-31,46.0,71.8,29.7,8.9,1.32,47.9,47.0,Good,44.7,2005,3,Summer
2005-04-01,42.4,73.6,29.6,10.3,1.38,53.0,46.0,Good,43.9,2005,4,Summer
2005-04-02,50.5,91.6,32.4,7.5,1.13,48.1,54.0,Moderate,46.4,2005,4,Summer
2005-04-03,40.5,78.0,36.3,11.2,1.28,44.2,46.0,Good,47.7,2005,4,Summer
2005-04-04,47.2,76.2,32.7,8.8,1.23,37.4,48.0,Good,47.4,2005,4,Summer
2005-04-05,58.5,111.6,30.9,8.1,1.02,34.5,60.0,Moderate,49.0,2005,4,Summer
2005-04-06,44.2,71.5,33.2,10.8,1.38,40.8,46.0,Good,49.6,2005,4,Summer
2005-04-07,40.3,74.2,34.1,7.2,1.59,44.3,45.0,Good,49.3,2005,4,Summer
2005-04-08,45.1,77.3,33.3,4.3,1.64,55.0,49.0,Good,49.7,2005,4,Summer
2005-04-09,37.4,58.3,28.3,6.0,1.15,42.5,39.0,Good,47.6,2005,4,Summer
2005-04-10,56.7,105.3,32.7,11.4,1.34,44.5,59.0,Moderate,49.4,2005,4,Summer
2005-04-11,41.3,66.4,22.5,9.0,1.32,45.6,42.0,Good,48.6,2005,4,Summer
2005-04-12,38.1,60.5,37.1,8.8,1.72,45.0,42.0,Good,46.0,2005,4,Summer
2005-04-13,34.2,57.3,37.1,10.3,1.8,53.0,40.0,Good,45.1,2005,4,Summer
2005-04-14,47.7,87.1,34.6,9.1,1.02,50.8,52.0,Moderate,46.1,2005,4,Summer
2005-04-15,46.1,74.5,36.0,7.9,1.47,44.3,48.0,Good,46.0,2005,4,Summer
2005-04-16,36.5,58.1,30.7,7.6,1.48,41.3,39.0,Good,46.0,2005,4,Summer
2005-04-17,44.0,66.3,28.0,6.1,1.3,41.7,44.0,Good,43.9,2005,4,Summer
2005-04-18,29.4,51.1,26.0,6.4,1.03,44.8,34.0,Good,42.7,2005,4,Summer
2005-04-19,41.3,70.8,35.0,8.8,1.53,41.2,45.0,Good,43.1,2005,4,Summer
2005-04-20,43.2,69.8,28.0,8.2,1.65,49.4,45.0,Good,43.9,2005,4,Summer
2005-04-21,52.0,79.3,29.5,9.5,1.21,41.5,51.0,Moderate,43.7,2005,4,Summer
2005-04-22,34.6,59.3,31.9,8.3,1.65,52.8,40.0,Good,42.6,2005,4,Summer
2005-04-23,31.1,58.8,30.9,6.4,1.35,48.6,37.0,Good,42.3,2005,4,Summer
2005-04-24,33.7,62.7,32.1,9.0,1.71,38.7,39.0,Good,41.6,2005,4,Summer
2005-04-25,30.6,59.2,23.8,8.9,1.7,52.7,36.0,Good,41.9,2005,4,Summer
2005-04-26,49.4,74.3,30.1,8.5,1.34,38.8,48.0,Good,42.3,2005,4,Summer
2005-04-27,50.8,100.8,34.3,8.8,1.45,53.5,57.0,Moderate,44.0,2005,4,Summer
2005-04-28,42.2,70.6,29.3,12.4,1.17,49.3,45.0,Good,43.1,2005,4,Summer
2005-04-29,48.5,96.9,27.6,6.1,0.94,56.9,54.0,Moderate,45.1,2005,4,Summer
2005-04-30,40.9,66.6,34.8,6.6,1.41,33.0,43.0,Good,46.0,2005,4,Summer
2005-05-01,39.3,68.3,29.3,5.1,0.98,46.5,43.0,Good,46.6,2005,5,Summer
2005-05-02,37.7,63.2,31.7,8.7,1.87,45.8,41.0,Good,47.3,2005,5,Summer
2005-05-03,37.8,63.5,30.2,4.6,1.63,42.9,41.0,Good,46.3,2005,5,Summer
2005-05-04,29.2,56.0,31.0,8.9,1.31,51.0,36.0,Good,43.3,2005,5,Summer
2005-05-05,41.8,78.4,37.1,8.4,2.02,44.5,47.0,Good,43.6,2005,5,Summer
2005-05-06,39.7,79.3,33.3,7.4,1.19,53.4,46.0,Good,42.4,2005,5,Summer
2005-05-07,45.2,81.7,26.1,9.4,1.25,41.6,47.0,Good,43.0,2005,5,Summer
2005-05-08,40.7,70.4,29.5,9.1,1.25,36.7,43.0,Good,43.0,2005,5,Summer
2005-05-09,38.9,60.0,29.3,11.7,1.33,42.6,41.0,Good,43.0,2005,5,Summer
2005-05-10,33.9,67.7,31.9,9.7,1.27,49.3,41.0,Good,43.0,2005,5,Summer
2005-05-11,40.5,71.9,34.6,8.4,1.46,51.5,45.0,Good,44.3,2005,5,Summer
2005-05-12,45.2,83.6,31.1,3.9,1.1,41.7,48.0,Good,44.4,2005,5,Summer
2005-05-13,32.0,54.5,31.0,10.4,1.38,49.2,37.0,Good,43.1,2005,5,Summer
2005-05-14,40.6,72.0,22.1,10.4,1.21,48.4,43.0,Good,42.6,2005,5,Summer
2005-05-15,41.6,82.1,36.3,11.1,1.37,47.7,48.0,Good,43.3,2005,5,Summer
2005-05-16,35.0,55.4,30.3,3.9,1.08,55.4,39.0,Good,43.0,2005,5,Summer
2005-05-17,35.9,59.1,32.0,8.9,1.13,45.3,40.0,Good,42.9,2005,5,Summer
2005-05-18,41.6,65.6,32.0,9.8,1.88,42.1,43.0,Good,42.6,2005,5,Summer
2005-05-19,32.1,60.8,27.9,10.9,1.12,47.2,38.0,Good,41.1,2005,5,Summer
2005-05-20,42.4,65.0,30.0,9.7,1.48,46.0,44.0,Good,42.1,2005,5,Summer
2005-05-21,33.7,52.0,27.9,8.6,1.22,51.4,37.0,Good,41.3,2005,5,Summer
2005-05-22,47.4,78.2,36.5,6.5,1.1,46.9,50.0,Good,41.6,2005,5,Summer
2005-05-23,56.4,99.0,22.1,8.3,1.37,48.2,57.0,Moderate,44.1,2005,5,Summer
2005-05-24,34.0,57.9,27.2,9.3,1.13,45.5,38.0,Good,43.9,2005,5,Summer
2005-05-25,43.7,66.6,29.7,10.1,1.48,35.5,44.0,Good,44.0,2005,5,Summer
2005-05-26,34.9,69.1,37.0,5.3,1.32,47.9,42.0,Good,44.6,2005,5,Summer
2005-05-27,47.3,93.5,33.8,9.1,1.68,52.9,53.0,Moderate,45.9,2005,5,Summer
2005-05-28,31.1,51.1,24.4,5.6,1.02,49.9,35.0,Good,45.6,2005,5,Summer
2005-05-29,43.4,80.9,30.5,9.0,1.42,39.4,47.0,Good,45.1,2005,5,Summer
2005-05-30,33.9,60.6,33.9,6.2,1.44,45.3,39.0,Good,42.6,2005,5,Summer
2005-05-31,38.6,62.4,39.9,5.6,1.1,45.8,43.0,Good,43.3,2005,5,Summer
2005-06-01,29.2,47.6,26.9,11.4,1.08,49.8,34.0,Good,41.9,2005,6,Southwest Monsoon
2005-06-02,42.2,73.6,23.6,5.0,0.89,47.7,44.0,Good,42.1,2005,6,Southwest Monsoon
2005-06-03,30.5,52.2,29.6,6.5,0.85,31.9,34.0,Good,39.4,2005,6,Southwest Monsoon
2005-06-04,40.3,66.3,28.1,7.7,1.22,41.8,42.0,Good,40.4,2005,6,Southwest Monsoon
2005-06-05,34.0,64.7,30.2,3.6,1.45,45.2,39.0,Good,39.3,2005,6,Southwest Monsoon
2005-06-06,35.6,62.0,31.1,9.3,1.21,43.7,40.0,Good,39.4,2005,6,Southwest Monsoon
2005-06-07,37.4,68.4,29.6,6.3,1.22,45.9,42.0,Good,39.3,2005,6,Southwest Monsoon
2005-06-08,31.1,49.5,30.4,5.7,0.92,44.5,35.0,Good,39.4,2005,6,Southwest Monsoon
2005-06-09,37.9,66.9,34.8,9.6,0.72,45.7,43.0,Good,39.3,2005,6,Southwest Monsoon
2005-06-10,47.1,78.2,27.1,5.1,1.33,50.8,49.0,Good,41.4,2005,6,Southwest Monsoon
2005-06-11,31.0,54.6,23.4,8.6,1.08,52.7,36.0,Good,40.6,2005,6,Southwest Monsoon
2005-06-12,44.6,84.3,29.6,7.8,0.79,46.0,49.0,Good,42.0,2005,6,Southwest Monsoon
2005-06-13,46.9,88.4,23.2,7.9,1.11,49.7,50.0,Good,43.4,2005,6,Southwest Monsoon
2005-06-14,30.7,51.5,23.8,7.6,1.31,48.8,34.0,Good,42.3,2005,6,Southwest Monsoon
2005-06-15,26.2,48.4,25.0,8.0,1.35,53.6,32.0,Good,41.9,2005,6,Southwest Monsoon
2005-06-16,38.5,75.9,23.3,3.2,1.29,50.0,43.0,Good,41.9,2005,6,Southwest Monsoon
2005-06-17,32.6,59.0,33.0,6.0,1.07,57.0,39.0,Good,40.4,2005,6,Southwest Monsoon
2005-06-18,49.5,77.9,28.5,5.9,1.39,50.1,50.0,Good,42.4,2005,6,Southwest Monsoon
2005-06-19,36.6,67.4,31.1,10.0,1.24,38.4,41.0,Good,41.3,2005,6,Southwest Monsoon
2005-06-20,30.8,47.8,30.3,8.1,1.03,53.2,35.0,Good,39.1,2005,6,Southwest Monsoon
2005-06-21,28.4,54.9,27.5,7.8,0.97,51.0,35.0,Good,39.3,2005,6,Southwest Monsoon
2005-06-22,44.0,77.4,32.1,11.5,1.29,50.9,48.0,Good,41.6,2005,6,Southwest Monsoon
2005-06-23,32.4,54.8,26.4,3.7,1.46,39.8,35.0,Good,40.4,2005,6,Southwest Monsoon
2005-06-24,36.7,56.1,27.6,10.6,1.39,51.7,39.0,Good,40.4,2005,6,Southwest Monsoon
2005-06-25,43.1,72.8,25.5,7.8,1.29,51.1,45.0,Good,39.7,2005,6,Southwest Monsoon
2005-06-26,33.0,64.4,33.9,6.2,1.4,39.1,39.0,Good,39.4,2005,6,Southwest Monsoon
2005-06-27,36.1,54.5,27.9,6.7,1.84,49.6,38.0,Good,39.9,2005,6,Southwest Monsoon
2005-06-28,36.3,63.0,30.7,6.8,1.32,47.5,40.0,Good,40.6,2005,6,Southwest Monsoon
2005-06-29,41.2,80.9,26.0,10.8,1.28,46.0,46.0,Good,40.3,2005,6,Southwest Monsoon
2005-06-30,40.5,68.8,31.7,8.2,1.38,45.4,44.0,Good,41.6,2005,6,Southwest Monsoon
2005-07-01,34.9,59.8,31.4,9.1,1.43,36.2,38.0,Good,41.4,2005,7,Southwest Monsoon
2005-07-02,36.8,65.9,21.8,6.3,0.91,45.3,40.0,Good,40.7,2005,7,Southwest Monsoon
2005-07-03,33.8,58.5,28.3,8.0,1.29,49.5,38.0,Good,40.6,2005,7,Southwest Monsoon
2005-07-04,26.1,41.3,28.8,9.6,1.5,41.4,30.0,Good,39.4,2005,7,Southwest Monsoon
2005-07-05,38.2,57.7,27.1,10.0,1.68,45.2,40.0,Good,39.4,2005,7,Southwest Monsoon
2005-07-06,49.6,89.6,33.8,5.1,1.25,42.8,52.0,Moderate,40.3,2005,7,Southwest Monsoon
2005-07-07,30.2,59.2,23.4,9.4,1.13,43.1,35.0,Good,39.0,2005,7,Southwest Monsoon
2005-07-08,31.0,48.1,26.5,7.5,1.29,36.0,33.0,Good,38.3,2005,7,Southwest Monsoon
2005-07-09,30.3,48.7,24.9,8.5,1.08,48.4,34.0,Good,37.4,2005,7,Southwest Monsoon
2005-07-10,41.5,69.9,32.4,6.7,1.64,45.1,44.0,Good,38.3,2005,7,Southwest Monsoon
2005-07-11,39.5,75.3,24.2,10.8,1.37,40.8,43.0,Good,40.1,2005,7,Southwest Monsoon
2005-07-12,35.3,57.7,21.0,8.3,1.23,50.8,38.0,Good,39.9,2005,7,Southwest Monsoon
2005-07-13,30.0,58.2,30.0,6.6,1.52,49.0,36.0,Good,37.6,2005,7,Southwest Monsoon
2005-07-14,37.0,56.6,27.7,6.8,0.96,44.2,39.0,Good,38.1,2005,7,Southwest Monsoon
2005-07-15,25.4,50.1,32.5,9.5,0.73,50.7,33.0,Good,38.1,2005,7,Southwest Monsoon
2005-07-16,37.4,66.6,31.5,9.2,1.35,52.3,42.0,Good,39.3,2005,7,Southwest Monsoon
2005-07-17,42.5,77.8,28.1,7.9,1.51,39.5,45.0,Good,39.4,2005,7,Southwest Monsoon
2005-07-18,27.6,46.5,22.5,7.0,1.21,38.6,31.0,Good,37.7,2005,7,Southwest Monsoon
2005-07-19,25.7,48.5,23.5,9.7,1.08,32.9,30.0,Good,36.6,2005,7,Southwest Monsoon
2005-07-20,47.5,75.1,21.2,6.7,1.01,40.4,46.0,Good,38.0,2005,7,Southwest Monsoon
2005-07-21,32.1,49.0,27.7,6.6,0.94,41.8,35.0,Good,37.4,2005,7,Southwest Monsoon
2005-07-22,44.4,75.3,25.7,12.8,1.41,35.5,45.0,Good,39.1,2005,7,Southwest Monsoon
2005-07-23,35.3,68.1,27.6,8.5,1.45,39.3,40.0,Good,38.9,2005,7,Southwest Monsoon
2005-07-24,35.3,66.2,29.0,7.6,1.47,47.1,40.0,Good,38.1,2005,7,Southwest Monsoon
2005-07-25,39.5,69.4,35.9,6.9,1.25,44.6,44.0,Good,40.0,2005,7,Southwest Monsoon
2005-07-26,30.2,54.0,30.6,7.3,0.96,39.4,35.0,Good,40.7,2005,7,Southwest Monsoon
2005-07-27,37.3,58.4,28.6,10.2,1.07,49.2,40.0,Good,39.9,2005,7,Southwest Monsoon
2005-07-28,33.7,64.8,22.0,9.4,1.39,36.2,37.0,Good,40.1,2005,7,Southwest Monsoon
2005-07-29,27.2,51.4,28.4,6.5,0.99,45.3,33.0,Good,38.4,2005,7,Southwest Monsoon
2005-07-30,38.8,70.9,31.8,7.1,1.22,41.5,43.0,Good,38.9,2005,7,Southwest Monsoon
2005-07-31,34.6,59.9,29.9,5.1,0.99,43.0,38.0,Good,38.6,2005,7,Southwest Monsoon
2005-08-01,35.3,70.0,24.1,8.3,1.07,43.9,40.0,Good,38.0,2005,8,Southwest Monsoon
2005-08-02,27.9,54.2,26.8,0.0,0.96,48.2,34.0,Good,37.9,2005,8,Southwest Monsoon
2005-08-03,47.5,86.6,28.6,4.7,1.25,45.6,50.0,Good,39.3,2005,8,Southwest Monsoon
2005-08-04,42.5,71.7,26.7,7.9,0.88,47.4,45.0,Good,40.4,2005,8,Southwest Monsoon
2005-08-05,43.1,78.1,25.8,2.5,1.05,36.7,45.0,Good,42.1,2005,8,Southwest Monsoon
2005-08-06,34.3,61.3,19.7,12.3,1.46,40.2,37.0,Good,41.3,2005,8,Southwest Monsoon
2005-08-07,24.3,41.2,25.2,6.0,1.51,36.8,28.0,Good,39.9,2005,8,Southwest Monsoon
2005-08-08,50.1,82.8,29.3,8.7,1.41,34.9,50.0,Good,41.3,2005,8,Southwest Monsoon
2005-08-09,36.0,61.3,31.8,10.3,1.6,45.8,40.0,Good,42.1,2005,8,Southwest Monsoon
2005-08-10,31.2,55.7,28.6,8.3,0.92,31.3,35.0,Good,40.0,2005,8,Southwest Monsoon
2005-08-11,39.3,67.4,32.5,7.7,1.22,38.0,42.0,Good,39.6,2005,8,Southwest Monsoon
2005-08-12,44.6,72.7,28.0,6.6,1.26,38.1,45.0,Good,39.6,2005,8,Southwest Monsoon
2005-08-13,36.2,68.1,24.8,5.1,1.73,39.6,40.0,Good,40.0,2005,8,Southwest Monsoon
2005-08-14,45.4,80.1,26.4,6.8,1.19,34.8,46.0,Good,42.6,2005,8,Southwest Monsoon
2005-08-15,44.0,67.5,30.3,8.0,1.45,36.7,44.0,Good,41.7,2005,8,Southwest Monsoon
2005-08-16,28.9,48.6,27.2,7.7,1.67,49.5,34.0,Good,40.9,2005,8,Southwest Monsoon
2005-08-17,31.7,61.5,25.7,5.8,1.28,38.8,36.0,Good,41.0,2005,8,Southwest Monsoon
2005-08-18,43.1,80.9,22.1,9.9,1.13,35.5,45.0,Good,41.4,2005,8,Southwest Monsoon
2005-08-19,17.4,28.9,24.7,4.9,1.15,40.9,23.0,Good,38.3,2005,8,Southwest Monsoon
2005-08-20,35.4,69.6,26.7,8.9,0.82,40.0,40.0,Good,38.3,2005,8,Southwest Monsoon
2005-08-21,26.4,40.6,26.0,9.5,1.13,49.1,31.0,Good,36.1,2005,8,Southwest Monsoon
2005-08-22,33.1,65.5,24.4,8.2,0.89,37.9,37.0,Good,35.1,2005,8,Southwest Monsoon
2005-08-23,34.3,55.7,34.5,11.1,1.44,41.6,38.0,Good,35.7,2005,8,Southwest Monsoon
2005-08-24,33.9,51.0,30.7,8.6,0.85,33.0,35.0,Good,35.6,2005,8,Southwest Monsoon
2005-08-25,32.5,55.9,37.1,10.5,1.34,35.3,37.0,Good,34.4,2005,8,Southwest Monsoon
2005-08-26,28.7,48.2,21.9,2.4,1.53,35.6,31.0,Good,35.6,2005,8,Southwest Monsoon
2005-08-27,52.4,92.8,29.6,9.6,1.43,31.1,53.0,Moderate,37.4,2005,8,Southwest Monsoon
2005-08-28,49.5,93.9,26.6,8.9,1.12,38.6,52.0,Moderate,40.4,2005,8,Southwest Monsoon
2005-08-29,28.3,54.3,28.4,8.8,1.44,39.5,34.0,Good,40.0,2005,8,Southwest Monsoon
2005-08-30,47.5,80.7,35.7,9.0,1.25,38.7,50.0,Good,41.7,2005,8,Southwest Monsoon
2005-08-31,33.6,57.6,21.3,6.8,1.13,29.9,35.0,Good,41.7,2005,8,Southwest Monsoon
2005-09-01,37.3,58.7,26.0,9.3,1.15,32.9,38.0,Good,41.9,2005,9,Southwest Monsoon
2005-09-02,36.0,54.8,25.3,11.3,1.36,35.6,37.0,Good,42.7,2005,9,Southwest Monsoon
2005-09-03,31.8,57.9,26.0,4.0,0.86,31.6,35.0,Good,40.1,2005,9,Southwest Monsoon
2005-09-04,43.3,66.3,19.9,10.1,1.12,27.1,41.0,Good,38.6,2005,9,Southwest Monsoon
2005-09-05,37.3,69.6,33.4,7.5,1.34,41.9,42.0,Good,39.7,2005,9,Southwest Monsoon
2005-09-06,33.1,58.5,33.6,6.4,1.12,44.5,38.0,Good,38.0,2005,9,Southwest Monsoon
2005-09-07,27.3,43.6,30.6,5.3,0.92,42.6,31.0,Good,37.4,2005,9,Southwest Monsoon
2005-09-08,30.1,53.3,22.9,8.5,1.02,38.1,33.0,Good,36.7,2005,9,Southwest Monsoon
2005-09-09,24.9,39.6,29.4,10.9,1.29,33.6,29.0,Good,35.6,2005,9,Southwest Monsoon
2005-09-10,36.5,62.7,31.8,7.0,1.37,47.2,41.0,Good,36.4,2005,9,Southwest Monsoon
2005-09-11,28.0,53.2,29.9,9.1,1.52,41.6,34.0,Good,35.4,2005,9,Southwest Monsoon
2005-09-12,34.5,59.8,28.1,7.7,1.44,32.0,37.0,Good,34.7,2005,9,Southwest Monsoon
2005-09-13,46.0,72.4,33.9,4.5,1.44,43.5,47.0,Good,36.0,2005,9,Southwest Monsoon
2005-09-14,44.8,83.4,25.5,7.4,0.76,36.6,47.0,Good,38.3,2005,9,Southwest Monsoon
2005-09-15,36.2,57.6,27.6,6.4,1.43,42.2,38.0,Good,39.0,2005,9,Southwest Monsoon
2005-09-16,35.8,66.9,30.8,5.7,1.12,43.4,41.0,Good,40.7,2005,9,Southwest Monsoon
2005-09-17,49.6,86.2,29.6,6.9,0.88,32.0,50.0,Good,42.0,2005,9,Southwest Monsoon
2005-09-18,40.0,69.2,30.5,7.1,1.38,34.5,42.0,Good,43.1,2005,9,Southwest Monsoon
2005-09-19,34.1,65.7,30.4,9.8,1.29,36.3,39.0,Good,43.4,2005,9,Southwest Monsoon
2005-09-20,26.4,49.0,30.4,7.8,1.47,35.4,31.0,Good,41.1,2005,9,Southwest Monsoon
2005-09-21,39.2,59.4,26.8,4.9,1.11,29.6,39.0,Good,40.0,2005,9,Southwest Monsoon
2005-09-22,42.2,69.6,25.5,10.2,1.24,35.2,43.0,Good,40.7,2005,9,Southwest Monsoon
2005-09-23,32.0,61.9,28.8,8.5,0.79,33.0,36.0,Good,40.0,2005,9,Southwest Monsoon
2005-09-24,38.4,58.0,34.3,8.3,1.74,32.9,40.0,Good,38.6,2005,9,Southwest Monsoon
2005-09-25,33.9,60.0,28.2,9.5,0.91,26.3,36.0,Good,37.7,2005,9,Southwest Monsoon
2005-09-26,35.1,65.4,30.7,7.7,1.04,32.9,39.0,Good,37.7,2005,9,Southwest Monsoon
2005-09-27,19.0,34.4,28.7,6.7,0.99,44.6,25.0,Good,36.9,2005,9,Southwest Monsoon
2005-09-28,34.8,65.5,36.4,8.4,1.3,36.0,40.0,Good,37.0,2005,9,Southwest Monsoon
2005-09-29,43.2,80.4,27.7,9.0,1.03,32.0,45.0,Good,37.3,2005,9,Southwest Monsoon
2005-09-30,32.0,59.0,30.7,8.5,1.51,36.2,36.0,Good,37.3,2005,9,Southwest Monsoon
2005-10-01,40.4,77.1,28.1,10.1,1.43,40.4,44.0,Good,37.9,2005,10,Post-Monsoon
2005-10-02,34.7,63.3,26.5,8.7,0.98,29.6,37.0,Good,38.0,2005,10,Post-Monsoon
2005-10-03,42.5,72.3,31.0,6.5,1.54,41.5,45.0,Good,38.9,2005,10,Post-Monsoon
2005-10-04,38.5,66.8,35.7,7.2,1.58,27.6,41.0,Good,41.1,2005,10,Post-Monsoon
2005-10-05,33.4,62.1,33.5,11.2,1.17,30.9,38.0,Good,40.9,2005,10,Post-Monsoon
2005-10-06,49.3,95.6,22.7,8.6,1.06,30.3,51.0,Moderate,41.7,2005,10,Post-Monsoon
2005-10-07,46.5,76.1,33.9,6.2,1.45,38.7,48.0,Good,43.4,2005,10,Post-Monsoon
2005-10-08,35.8,59.8,24.9,6.1,1.51,26.9,37.0,Good,42.4,2005,10,Post-Monsoon
2005-10-09,43.5,85.5,34.4,5.8,1.1,37.7,48.0,Good,44.0,2005,10,Post-Monsoon
2005-10-10,43.8,78.3,33.2,10.1,1.58,31.3,46.0,Good,44.1,2005,10,Post-Monsoon
2005-10-11,44.5,70.7,30.4,9.1,1.21,32.8,45.0,Good,44.7,2005,10,Post-Monsoon
2005-10-12,28.1,51.5,33.9,12.2,1.65,37.9,34.0,Good,44.1,2005,10,Post-Monsoon
2005-10-13,47.0,93.9,29.9,9.7,0.96,34.3,51.0,Moderate,44.1,2005,10,Post-Monsoon
2005-10-14,36.0,68.8,31.6,9.8,1.17,38.1,41.0,Good,43.1,2005,10,Post-Monsoon
2005-10-15,37.5,70.2,25.2,12.5,1.3,36.9,41.0,Good,43.7,2005,10,Post-Monsoon
2005-10-16,58.5,93.8,30.0,6.6,1.1,44.6,57.0,Moderate,45.0,2005,10,Post-Monsoon
2005-10-17,42.1,81.6,34.7,5.5,1.34,37.2,47.0,Good,45.1,2005,10,Post-Monsoon
2005-10-18,37.3,65.7,25.7,9.6,1.26,31.9,39.0,Good,44.3,2005,10,Post-Monsoon
2005-10-19,24.6,47.8,34.3,8.0,1.3,31.5,31.0,Good,43.9,2005,10,Post-Monsoon
2005-10-20,49.7,82.8,22.9,9.1,1.25,39.8,49.0,Good,43.6,2005,10,Post-Monsoon
2005-10-21,30.6,46.8,26.2,10.9,1.03,32.6,32.0,Good,42.3,2005,10,Post-Monsoon
2005-10-22,33.0,57.3,29.7,10.0,1.34,33.6,36.0,Good,41.6,2005,10,Post-Monsoon
2005-10-23,37.7,61.6,31.6,11.5,1.32,36.9,40.0,Good,39.1,2005,10,Post-Monsoon
2005-10-24,49.9,92.7,28.7,6.7,1.1,29.2,51.0,Moderate,39.7,2005,10,Post-Monsoon
2005-10-25,45.4,89.9,28.6,10.3,1.66,26.4,48.0,Good,41.0,2005,10,Post-Monsoon
2005-10-26,38.9,71.8,35.4,7.0,1.43,33.7,43.0,Good,42.7,2005,10,Post-Monsoon
2005-10-27,42.2,81.9,35.8,11.8,1.53,28.3,46.0,Good,42.3,2005,10,Post-Monsoon
2005-10-28,35.8,61.8,29.3,9.4,1.15,38.2,39.0,Good,43.3,2005,10,Post-Monsoon
2005-10-29,41.0,77.3,29.4,9.5,0.77,18.3,43.0,Good,44.3,2005,10,Post-Monsoon
2005-10-30,40.5,77.8,29.9,7.3,1.79,28.0,43.0,Good,44.7,2005,10,Post-Monsoon
2005-10-31,46.8,86.8,39.9,7.4,1.39,32.0,50.0,Good,44.6,2005,10,Post-Monsoon
2005-11-01,46.8,82.0,31.1,9.3,1.44,27.2,48.0,Good,44.6,2005,11,Post-Monsoon
2005-11-02,43.5,78.8,37.3,12.0,1.43,37.7,47.0,Good,45.1,2005,11,Post-Monsoon
2005-11-03,37.5,69.3,33.9,11.7,1.45,31.6,41.0,Good,44.4,2005,11,Post-Monsoon
2005-11-04,45.2,73.5,30.6,9.2,1.08,27.1,45.0,Good,45.3,2005,11,Post-Monsoon
2005-11-05,39.4,75.0,28.4,7.7,1.09,31.7,42.0,Good,45.1,2005,11,Post-Monsoon
2005-11-06,32.4,64.0,34.1,9.6,1.09,23.3,37.0,Good,44.3,2005,11,Post-Monsoon
2005-11-07,37.2,64.4,27.9,11.0,1.49,32.9,39.0,Good,42.7,2005,11,Post-Monsoon
2005-11-08,40.6,75.1,29.5,8.9,1.05,36.9,44.0,Good,42.1,2005,11,Post-Monsoon
2005-11-09,46.4,86.6,33.6,7.7,0.97,29.5,49.0,Good,42.4,2005,11,Post-Monsoon
2005-11-10,38.7,70.9,30.0,9.9,1.19,30.1,42.0,Good,42.6,2005,11,Post-Monsoon
2005-11-11,31.5,55.9,29.4,8.0,1.28,24.5,34.0,Good,41.0,2005,11,Post-Monsoon
2005-11-12,40.4,78.4,29.8,7.8,1.34,26.3,43.0,Good,41.1,2005,11,Post-Monsoon
2005-11-13,40.8,70.3,28.3,8.4,1.23,35.3,43.0,Good,42.0,2005,11,Post-Monsoon
2005-11-14,41.3,63.2,32.8,9.8,1.47,29.4,42.0,Good,42.4,2005,11,Post-Monsoon
2005-11-15,46.4,89.3,31.1,8.1,1.64,41.1,50.0,Good,43.3,2005,11,Post-Monsoon
2005-11-16,47.1,86.6,25.6,8.4,1.36,32.8,48.0,Good,43.1,2005,11,Post-Monsoon
2005-11-17,35.8,69.0,29.1,8.8,1.64,24.1,39.0,Good,42.7,2005,11,Post-Monsoon
2005-11-18,35.7,56.0,29.5,7.7,1.49,41.3,38.0,Good,43.3,2005,11,Post-Monsoon
2005-11-19,32.7,49.6,29.5,11.6,1.11,22.6,34.0,Good,42.0,2005,11,Post-Monsoon
2005-11-20,44.9,88.3,33.4,12.2,1.14,27.8,49.0,Good,42.9,2005,11,Post-Monsoon
2005-11-21,50.1,78.9,28.2,7.9,1.13,30.6,49.0,Good,43.9,2005,11,Post-Monsoon
2005-11-22,37.8,72.0,41.8,6.9,1.3,31.2,43.0,Good,42.9,2005,11,Post-Monsoon
2005-11-23,38.3,73.2,36.5,7.6,1.28,26.6,42.0,Good,42.0,2005,11,Post-Monsoon
2005-11-24,50.3,93.2,36.5,9.4,1.5,29.7,53.0,Moderate,44.0,2005,11,Post-Monsoon
2005-11-25,43.5,68.2,26.9,8.3,1.31,36.3,43.0,Good,44.7,2005,11,Post-Monsoon
2005-11-26,43.1,78.9,22.9,5.9,1.41,36.4,45.0,Good,46.3,2005,11,Post-Monsoon
2005-11-27,31.7,61.6,29.6,8.2,1.06,38.7,37.0,Good,44.6,2005,11,Post-Monsoon
2005-11-28,44.8,76.6,32.2,9.3,1.41,25.3,46.0,Good,44.1,2005,11,Post-Monsoon
2005-11-29,33.5,57.2,30.4,10.5,1.23,31.1,36.0,Good,43.1,2005,11,Post-Monsoon
2005-11-30,32.1,55.2,28.9,12.0,1.21,31.9,35.0,Good,42.1,2005,11,Post-Monsoon
2005-12-01,42.4,65.3,27.6,8.6,1.33,20.5,41.0,Good,40.4,2005,12,Winter
2005-12-02,40.7,79.2,31.9,8.3,1.87,28.1,44.0,Good,40.6,2005,12,Winter
2005-12-03,43.2,83.7,33.6,9.0,1.2,32.4,47.0,Good,40.9,2005,12,Winter
2005-12-04,34.7,69.4,32.6,7.6,1.66,28.9,39.0,Good,41.1,2005,12,Winter
2005-12-05,51.5,92.3,32.6,8.1,1.48,26.2,52.0,Moderate,42.0,2005,12,Winter
2005-12-06,52.7,98.8,31.4,8.1,1.15,31.5,54.0,Moderate,44.6,2005,12,Winter
2005-12-07,31.2,49.9,41.2,10.2,1.42,35.7,36.0,Good,44.7,2005,12,Winter
2005-12-08,51.6,94.7,37.4,7.8,0.91,30.6,54.0,Moderate,46.6,2005,12,Winter
2005-12-09,39.1,71.4,38.4,11.1,1.92,18.9,42.0,Good,46.3,2005,12,Winter
2005-12-10,50.8,99.1,35.7,11.8,1.4,35.7,55.0,Moderate,47.4,2005,12,Winter
2005-12-11,44.3,84.9,29.3,7.2,1.77,23.3,46.0,Good,48.4,2005,12,Winter
2005-12-12,45.0,88.6,37.6,6.9,1.83,23.8,49.0,Good,48.0,2005,12,Winter
2005-12-13,43.5,84.2,40.0,8.4,1.35,31.0,48.0,Good,47.1,2005,12,Winter
2005-12-14,53.3,103.1,40.6,8.7,1.5,31.1,57.0,Moderate,50.1,2005,12,Winter
2005-12-15,36.1,55.3,37.1,12.0,1.54,26.5,38.0,Good,47.9,2005,12,Winter
2005-12-16,49.1,94.3,34.6,9.4,1.97,33.5,52.0,Moderate,49.3,2005,12,Winter
2005-12-17,52.5,94.7,34.6,10.3,1.44,29.8,54.0,Moderate,49.1,2005,12,Winter
2005-12-18,49.8,84.2,36.7,10.3,1.48,22.2,50.0,Good,49.7,2005,12,Winter
2005-12-19,61.1,93.3,28.0,7.7,1.14,24.9,56.0,Moderate,50.7,2005,12,Winter
2005-12-20,41.1,75.6,37.2,9.0,1.27,28.4,45.0,Good,50.3,2005,12,Winter
2005-12-21,51.5,85.7,32.7,9.5,1.37,30.2,51.0,Moderate,49.4,2005,12,Winter
2005-12-22,44.1,76.4,43.4,10.3,1.82,27.3,47.0,Good,50.7,2005,12,Winter
2005-12-23,53.4,98.4,33.4,6.6,1.96,20.8,54.0,Moderate,51.0,2005,12,Winter
2005-12-24,44.7,87.5,35.4,8.3,1.62,26.6,48.0,Good,50.1,2005,12,Winter
2005-12-25,42.1,80.5,35.2,9.5,1.58,33.5,46.0,Good,49.6,2005,12,Winter
2005-12-26,53.9,93.1,31.8,8.6,1.66,30.5,54.0,Moderate,49.3,2005,12,Winter
2005-12-27,41.4,70.1,36.4,6.7,1.32,34.9,44.0,Good,49.1,2005,12,Winter
2005-12-28,34.9,56.6,36.0,8.1,1.84,34.3,38.0,Good,47.3,2005,12,Winter
2005-12-29,41.2,69.4,38.7,6.7,1.13,21.8,43.0,Good,46.7,2005,12,Winter
2005-12-30,49.1,76.4,37.5,12.3,1.38,27.2,49.0,Good,46.0,2005,12,Winter
2005-12-31,54.5,108.3,35.3,8.9,1.65,34.0,58.0,Moderate,47.4,2005,12,Winter
2006-01-01,46.5,83.1,31.8,9.5,1.37,33.1,48.0,Good,47.7,2006,1,Winter
2006-01-02,54.9,85.9,31.9,7.7,2.11,33.2,53.0,Moderate,47.6,2006,1,Winter
2006-01-03,36.2,60.7,41.7,10.1,1.66,35.8,41.0,Good,47.1,2006,1,Winter
2006-01-04,42.6,75.5,35.4,11.0,1.74,37.3,46.0,Good,48.3,2006,1,Winter
2006-01-05,43.7,77.2,43.4,7.8,1.3,22.3,46.0,Good,48.7,2006,1,Winter
2006-01-06,44.9,68.1,31.8,7.9,1.73,29.0,44.0,Good,48.0,2006,1,Winter
2006-01-07,46.3,91.4,43.9,8.7,1.69,34.4,52.0,Moderate,47.1,2006,1,Winter
2006-01-08,50.5,82.8,31.3,6.8,1.88,35.2,50.0,Good,47.4,2006,1,Winter
2006-01-09,42.6,64.2,33.3,10.4,0.94,40.1,44.0,Good,46.1,2006,1,Winter
2006-01-10,46.7,71.8,36.9,11.2,1.29,38.9,48.0,Good,47.1,2006,1,Winter
2006-01-11,45.4,81.2,39.1,6.8,1.57,37.3,49.0,Good,47.6,2006,1,Winter
2006-01-12,39.2,61.5,37.8,11.4,1.58,29.3,41.0,Good,46.9,2006,1,Winter
2006-01-13,44.9,68.3,27.4,11.4,1.48,36.0,44.0,Good,46.9,2006,1,Winter
2006-01-14,44.7,75.5,32.8,4.0,1.11,41.8,47.0,Good,46.1,2006,1,Winter
2006-01-15,44.5,80.7,30.5,7.4,1.54,39.5,47.0,Good,45.7,2006,1,Winter
2006-01-16,45.9,71.5,29.6,8.4,1.57,34.0,46.0,Good,46.0,2006,1,Winter
2006-01-17,46.2,76.6,35.0,10.8,1.49,39.5,48.0,Good,46.0,2006,1,Winter
2006-01-18,42.7,72.9,26.7,10.5,1.48,33.5,44.0,Good,45.3,2006,1,Winter
2006-01-19,54.6,86.3,39.1,7.8,1.73,33.7,54.0,Moderate,47.1,2006,1,Winter
2006-01-20,37.5,65.8,38.1,12.9,1.45,31.5,41.0,Good,46.7,2006,1,Winter
2006-01-21,40.7,62.7,41.6,8.2,1.18,25.8,42.0,Good,46.0,2006,1,Winter
2006-01-22,65.2,99.3,30.8,8.0,1.84,37.6,61.0,Moderate,48.0,2006,1,Winter
2006-01-23,38.4,67.6,31.2,7.3,1.83,32.5,41.0,Good,47.3,2006,1,Winter
2006-01-24,36.2,58.8,39.3,9.3,1.48,33.8,40.0,Good,46.1,2006,1,Winter
2006-01-25,50.8,78.7,39.6,11.5,1.71,35.8,51.0,Moderate,47.1,2006,1,Winter
2006-01-26,31.2,53.3,40.5,7.8,1.11,30.5,36.0,Good,44.6,2006,1,Winter
2006-01-27,44.1,86.2,39.7,10.1,1.45,37.9,50.0,Good,45.9,2006,1,Winter
2006-01-28,60.7,113.1,36.0,10.1,1.06,32.9,62.0,Moderate,48.7,2006,1,Winter
2006-01-29,34.9,66.6,33.3,9.6,1.77,33.2,40.0,Good,45.7,2006,1,Winter
2006-01-30,31.8,61.6,38.0,10.3,1.12,18.0,36.0,Good,45.0,2006,1,Winter
2006-01-31,35.2,69.9,33.3,11.5,1.39,34.8,41.0,Good,45.1,2006,1,Winter
2006-02-01,52.0,97.8,35.5,10.2,1.54,29.5,54.0,Moderate,45.6,2006,2,Winter
2006-02-02,53.6,96.7,33.6,11.7,1.7,32.5,55.0,Moderate,48.3,2006,2,Winter
2006-02-03,42.1,70.9,36.2,7.4,1.62,30.6,44.0,Good,47.4,2006,2,Winter
2006-02-04,50.5,80.3,40.1,8.8,1.78,31.1,51.0,Moderate,45.9,2006,2,Winter
2006-02-05,55.4,102.2,33.7,7.5,1.69,33.6,57.0,Moderate,48.3,2006,2,Winter
2006-02-06,58.2,116.3,33.1,10.7,1.82,37.3,62.0,Moderate,52.0,2006,2,Winter
2006-02-07,44.0,76.2,34.7,12.1,1.05,42.5,47.0,Good,52.9,2006,2,Winter
2006-02-08,29.6,55.1,30.4,9.0,1.37,36.0,34.0,Good,50.0,2006,2,Winter
2006-02-09,40.0,69.8,37.8,10.2,1.6,33.0,43.0,Good,48.3,2006,2,Winter
2006-02-10,42.7,73.3,35.6,6.7,1.88,33.9,45.0,Good,48.4,2006,2,Winter
2006-02-11,43.9,74.8,35.0,9.7,1.36,40.4,47.0,Good,47.9,2006,2,Winter
2006-02-12,44.4,77.8,36.4,6.3,1.98,37.9,47.0,Good,46.4,2006,2,Winter
2006-02-13,53.5,90.1,29.2,9.8,1.58,29.6,53.0,Moderate,45.1,2006,2,Winter
2006-02-14,54.6,102.4,40.7,5.8,1.31,32.5,57.0,Moderate,46.6,2006,2,Winter
2006-02-15,44.5,86.2,33.0,13.0,1.2,36.3,49.0,Good,48.7,2006,2,Winter
2006-02-16,53.4,103.7,33.6,9.5,1.67,35.2,56.0,Moderate,50.6,2006,2,Winter
2006-02-17,48.2,77.8,38.6,9.5,1.33,33.5,49.0,Good,51.1,2006,2,Winter
2006-02-18,46.2,89.9,37.5,13.5,1.42,35.4,51.0,Moderate,51.7,2006,2,Winter
2006-02-19,52.0,87.0,43.1,9.8,1.53,37.9,54.0,Moderate,52.7,2006,2,Winter
2006-02-20,46.2,76.5,31.2,6.4,1.54,38.6,47.0,Good,51.9,2006,2,Winter
2006-02-21,60.1,112.0,31.3,8.8,1.97,37.1,61.0,Moderate,52.4,2006,2,Winter
2006-02-22,35.6,58.9,30.3,13.5,1.59,41.6,39.0,Good,51.0,2006,2,Winter
2006-02-23,42.1,64.3,35.6,7.9,1.34,39.4,44.0,Good,49.3,2006,2,Winter
2006-02-24,44.8,75.6,34.0,8.8,1.3,32.2,46.0,Good,48.9,2006,2,Winter
2006-02-25,48.8,90.8,32.3,12.7,1.91,35.8,52.0,Moderate,49.0,2006,2,Winter
2006-02-26,54.6,90.8,34.8,8.1,1.36,36.9,55.0,Moderate,49.1,2006,2,Winter
2006-02-27,45.5,82.6,31.0,9.5,1.64,37.0,48.0,Good,49.3,2006,2,Winter
2006-02-28,35.7,65.4,41.3,12.4,1.54,34.0,41.0,Good,46.4,2006,2,Winter
2006-03-01,46.8,87.4,28.7,7.5,1.46,35.3,49.0,Good,47.9,2006,3,Summer
2006-03-02,46.2,90.0,29.2,7.1,1.7,42.7,50.0,Good,48.7,2006,3,Summer
2006-03-03,27.3,46.9,22.0,5.0,1.42,33.5,30.0,Good,46.4,2006,3,Summer
2006-03-04,40.9,64.7,24.9,6.4,1.55,37.1,41.0,Good,44.9,2006,3,Summer
2006-03-05,29.8,49.4,29.1,6.9,1.43,45.0,34.0,Good,41.9,2006,3,Summer
2006-03-06,36.2,62.2,30.3,7.9,1.24,38.5,39.0,Good,40.6,2006,3,Summer
2006-03-07,34.6,64.2,34.4,9.4,1.47,51.0,41.0,Good,40.6,2006,3,Summer
2006-03-08,46.6,70.2,25.5,8.6,1.19,47.2,46.0,Good,40.1,2006,3,Summer
2006-03-09,41.7,69.2,33.3,6.2,1.06,28.5,43.0,Good,39.1,2006,3,Summer
2006-03-10,31.9,60.3,34.0,11.4,1.5,34.0,37.0,Good,40.1,2006,3,Summer
2006-03-11,47.1,86.4,34.2,6.4,1.47,39.9,50.0,Good,41.4,2006,3,Summer
2006-03-12,30.9,57.6,35.6,12.3,1.44,38.2,37.0,Good,41.9,2006,3,Summer
2006-03-13,43.2,82.4,26.9,9.0,1.34,43.4,47.0,Good,43.0,2006,3,Summer
2006-03-14,35.2,66.6,33.7,10.7,1.33,43.3,41.0,Good,43.0,2006,3,Summer
2006-03-15,38.3,70.6,38.6,9.7,1.08,32.7,43.0,Good,42.6,2006,3,Summer
2006-03-16,44.4,76.4,37.1,11.7,0.88,46.2,48.0,Good,43.3,2006,3,Summer
2006-03-17,44.6,88.7,39.1,8.6,1.57,50.1,51.0,Moderate,45.3,2006,3,Summer
2006-03-18,50.3,89.7,32.5,8.1,1.57,33.8,52.0,Moderate,45.6,2006,3,Summer
2006-03-19,40.3,64.6,29.1,9.3,1.29,38.9,42.0,Good,46.3,2006,3,Summer
2006-03-20,43.0,70.9,21.4,8.1,1.72,39.3,43.0,Good,45.7,2006,3,Summer
2006-03-21,37.8,69.9,26.5,9.6,1.47,47.3,42.0,Good,45.9,2006,3,Summer
2006-03-22,42.2,82.8,29.4,11.7,1.43,48.8,48.0,Good,46.6,2006,3,Summer
2006-03-23,44.0,69.9,30.1,5.3,1.85,39.2,45.0,Good,46.1,2006,3,Summer
2006-03-24,40.2,62.0,28.3,8.5,1.04,39.2,41.0,Good,44.7,2006,3,Summer
2006-03-25,28.3,54.9,32.9,13.1,1.34,46.7,35.0,Good,42.3,2006,3,Summer
2006-03-26,43.2,84.6,32.3,7.9,1.14,40.7,48.0,Good,43.1,2006,3,Summer
2006-03-27,43.5,71.2,31.7,10.7,1.26,43.0,46.0,Good,43.6,2006,3,Summer
2006-03-28,36.1,61.0,34.6,10.4,1.33,46.8,41.0,Good,43.4,2006,3,Summer
2006-03-29,31.9,58.4,29.6,5.8,1.34,45.8,37.0,Good,41.9,2006,3,Summer
2006-03-30,51.2,85.3,35.9,9.2,1.08,43.8,53.0,Moderate,43.0,2006,3,Summer
2006-03-31,44.3,86.0,26.7,9.1,1.37,35.9,47.0,Good,43.9,2006,3,Summer
2006-04-01,39.3,61.1,30.3,15.0,1.14,45.6,42.0,Good,44.9,2006,4,Summer
2006-04-02,32.9,50.0,32.8,3.4,1.65,47.7,36.0,Good,43.1,2006,4,Summer
2006-04-03,35.1,56.4,23.8,5.4,1.54,46.6,37.0,Good,41.9,2006,4,Summer
2006-04-04,50.0,82.2,29.5,8.2,1.44,36.1,50.0,Good,43.1,2006,4,Summer
2006-04-05,41.9,65.2,34.3,7.9,1.23,47.2,44.0,Good,44.1,2006,4,Summer
2006-04-06,37.0,56.8,29.8,6.9,1.39,39.7,39.0,Good,42.1,2006,4,Summer
2006-04-07,44.5,83.5,24.2,7.0,1.53,31.3,46.0,Good,42.0,2006,4,Summer
2006-04-08,35.2,55.7,28.0,10.0,1.26,42.7,38.0,Good,41.4,2006,4,Summer
2006-04-09,51.4,100.6,26.1,7.0,0.95,37.9,54.0,Moderate,44.0,2006,4,Summer
2006-04-10,50.4,84.8,33.5,7.6,1.53,43.7,52.0,Moderate,46.1,2006,4,Summer
2006-04-11,37.6,69.1,32.0,10.6,1.48,37.6,42.0,Good,45.0,2006,4,Summer
2006-04-12,36.5,58.9,25.3,10.3,1.43,42.9,39.0,Good,44.3,2006,4,Summer
2006-04-13,22.6,36.6,24.9,7.7,1.16,36.0,26.0,Good,42.4,2006,4,Summer
2006-04-14,30.5,54.6,28.6,5.7,1.59,40.8,35.0,Good,40.9,2006,4,Summer
2006-04-15,31.5,56.1,31.6,10.4,1.64,46.0,37.0,Good,40.7,2006,4,Summer
2006-04-16,41.8,78.9,28.8,6.8,1.42,53.3,47.0,Good,39.7,2006,4,Summer
2006-04-17,38.6,72.6,32.9,11.2,1.25,43.1,44.0,Good,38.6,2006,4,Summer
2006-04-18,31.5,57.8,32.8,9.5,1.26,44.6,37.0,Good,37.9,2006,4,Summer
2006-04-19,38.9,67.1,33.6,8.3,1.25,48.7,43.0,Good,38.4,2006,4,Summer
2006-04-20,44.4,86.4,25.8,9.5,1.24,46.9,49.0,Good,41.7,2006,4,Summer
2006-04-21,44.6,80.8,30.4,4.7,1.26,47.2,48.0,Good,43.6,2006,4,Summer
2006-04-22,27.6,55.1,35.8,11.6,1.43,48.5,36.0,Good,43.4,2006,4,Summer
2006-04-23,40.0,76.4,28.8,8.2,1.57,43.2,44.0,Good,43.0,2006,4,Summer
2006-04-24,31.2,47.5,28.2,9.0,1.71,41.3,34.0,Good,41.6,2006,4,Summer
2006-04-25,47.2,78.4,29.5,7.5,1.12,46.7,49.0,Good,43.3,2006,4,Summer
2006-04-26,46.4,82.8,29.4,8.3,1.16,33.7,48.0,Good,44.0,2006,4,Summer
2006-04-27,34.6,64.4,32.0,11.8,1.56,35.2,39.0,Good,42.6,2006,4,Summer
2006-04-28,35.5,63.1,29.2,8.1,1.12,53.0,40.0,Good,41.4,2006,4,Summer
2006-04-29,37.7,71.3,23.4,7.8,1.06,51.3,42.0,Good,42.3,2006,4,Summer
2006-04-30,25.1,41.2,36.2,10.0,1.11,42.3,31.0,Good,40.4,2006,4,Summer
2006-05-01,43.3,68.9,33.5,9.3,1.31,39.7,45.0,Good,42.0,2006,5,Summer
2006-05-02,39.0,59.5,32.1,11.8,1.76,48.6,42.0,Good,41.0,2006,5,Summer
2006-05-03,47.7,85.2,31.1,4.6,1.32,49.5,51.0,Moderate,41.4,2006,5,Summer
2006-05-04,33.2,61.3,30.2,7.7,1.42,41.6,38.0,Good,41.3,2006,5,Summer
2006-05-05,36.6,60.8,28.3,5.8,1.05,45.5,40.0,Good,41.3,2006,5,Summer
2006-05-06,30.4,54.8,24.0,11.1,1.62,37.2,34.0,Good,40.1,2006,5,Summer
2006-05-07,33.9,51.7,38.0,6.1,1.57,44.0,38.0,Good,41.1,2006,5,Summer
2006-05-08,32.6,50.6,31.6,9.3,1.23,45.1,36.0,Good,39.9,2006,5,Summer
2006-05-09,47.9,88.6,25.1,6.0,1.18,47.2,50.0,Good,41.0,2006,5,Summer
2006-05-10,36.0,60.6,27.4,7.7,1.59,57.5,40.0,Good,39.4,2006,5,Summer
2006-05-11,41.8,76.7,32.7,6.7,1.29,40.6,46.0,Good,40.6,2006,5,Summer
2006-05-12,38.2,73.3,32.6,8.6,1.18,54.0,44.0,Good,41.1,2006,5,Summer
2006-05-13,32.0,61.7,28.5,12.7,1.26,43.7,38.0,Good,41.7,2006,5,Summer
2006-05-14,39.7,63.0,27.2,5.8,1.41,43.2,41.0,Good,42.1,2006,5,Summer
2006-05-15,45.1,78.6,29.2,6.4,1.53,51.9,48.0,Good,43.9,2006,5,Summer
2006-05-16,32.4,60.6,23.8,9.8,1.43,43.2,37.0,Good,42.0,2006,5,Summer
2006-05-17,46.6,87.9,29.6,8.3,1.42,42.3,50.0,Good,43.4,2006,5,Summer
2006-05-18,35.0,66.1,29.6,6.1,1.29,49.8,40.0,Good,42.6,2006,5,Summer
2006-05-19,37.5,60.6,37.6,7.7,1.39,49.2,42.0,Good,42.3,2006,5,Summer
2006-05-20,44.6,71.2,29.7,5.6,1.25,44.2,46.0,Good,43.4,2006,5,Summer
2006-05-21,36.3,65.1,32.5,7.7,1.28,55.8,42.0,Good,43.6,2006,5,Summer
2006-05-22,41.2,77.0,37.9,6.7,1.71,44.4,46.0,Good,43.3,2006,5,Summer
2006-05-23,38.7,64.2,27.2,9.3,1.36,38.9,41.0,Good,43.9,2006,5,Summer
2006-05-24,41.8,64.9,29.0,9.9,1.26,41.1,43.0,Good,42.9,2006,5,Summer
2006-05-25,24.2,45.0,29.3,3.3,1.18,40.9,30.0,Good,41.4,2006,5,Summer
2006-05-26,28.1,46.3,24.8,8.9,0.8,45.1,32.0,Good,40.0,2006,5,Summer
2006-05-27,45.2,71.6,30.5,4.0,1.87,54.1,47.0,Good,40.1,2006,5,Summer
2006-05-28,48.2,75.8,36.2,8.7,1.9,37.9,49.0,Good,41.1,2006,5,Summer
2006-05-29,34.5,57.2,34.9,11.8,1.51,55.5,40.0,Good,40.3,2006,5,Summer
2006-05-30,39.2,70.4,36.2,8.0,1.09,43.4,44.0,Good,40.7,2006,5,Summer
2006-05-31,43.0,72.1,29.0,9.2,2.03,44.1,45.0,Good,41.0,2006,5,Summer
2006-06-01,42.2,63.7,24.3,9.4,0.89,43.0,42.0,Good,42.7,2006,6,Southwest Monsoon
2006-06-02,23.1,35.8,37.8,9.4,1.34,44.3,29.0,Good,42.3,2006,6,Southwest Monsoon
2006-06-03,31.1,51.2,29.7,9.6,0.82,45.7,35.0,Good,40.6,2006,6,Southwest Monsoon
2006-06-04,35.0,64.0,22.4,8.8,0.7,46.2,39.0,Good,39.1,2006,6,Southwest Monsoon
2006-06-05,42.2,65.4,39.0,6.4,1.3,48.3,45.0,Good,39.9,2006,6,Southwest Monsoon
2006-06-06,54.8,97.5,28.4,9.2,1.33,36.4,55.0,Moderate,41.4,2006,6,Southwest Monsoon
2006-06-07,35.7,55.7,17.0,10.9,1.27,46.1,37.0,Good,40.3,2006,6,Southwest Monsoon
2006-06-08,27.5,44.1,34.6,8.9,1.62,49.3,33.0,Good,39.0,2006,6,Southwest Monsoon
2006-06-09,40.1,63.6,19.6,8.3,1.23,46.5,41.0,Good,40.7,2006,6,Southwest Monsoon
2006-06-10,46.5,71.4,30.0,4.6,1.45,45.4,47.0,Good,42.4,2006,6,Southwest Monsoon
2006-06-11,38.1,69.9,32.2,5.8,1.05,44.2,43.0,Good,43.0,2006,6,Southwest Monsoon
2006-06-12,31.0,53.6,31.5,6.5,1.57,52.0,36.0,Good,41.7,2006,6,Southwest Monsoon
2006-06-13,44.0,84.3,35.0,5.7,1.59,49.1,49.0,Good,40.9,2006,6,Southwest Monsoon
2006-06-14,41.9,65.0,32.9,7.6,1.18,45.6,44.0,Good,41.9,2006,6,Southwest Monsoon
2006-06-15,30.1,47.4,36.2,6.0,1.34,49.2,35.0,Good,42.1,2006,6,Southwest Monsoon
2006-06-16,40.0,66.1,28.4,9.6,1.07,51.2,43.0,Good,42.4,2006,6,Southwest Monsoon
2006-06-17,44.3,83.4,27.1,7.1,1.19,39.7,47.0,Good,42.4,2006,6,Southwest Monsoon
2006-06-18,45.6,75.3,27.4,5.7,1.43,49.0,47.0,Good,43.0,2006,6,Southwest Monsoon
2006-06-19,36.8,62.8,34.3,6.1,1.37,42.3,41.0,Good,43.7,2006,6,Southwest Monsoon
2006-06-20,34.8,57.4,26.2,8.0,0.81,52.9,39.0,Good,42.3,2006,6,Southwest Monsoon
2006-06-21,45.9,70.7,32.2,7.3,0.96,41.6,46.0,Good,42.6,2006,6,Southwest Monsoon
2006-06-22,28.8,56.8,25.4,8.0,1.1,46.2,35.0,Good,42.6,2006,6,Southwest Monsoon
2006-06-23,40.4,71.6,25.4,7.4,1.3,47.7,43.0,Good,42.6,2006,6,Southwest Monsoon
2006-06-24,27.7,52.5,33.5,11.3,1.02,36.9,34.0,Good,40.7,2006,6,Southwest Monsoon
2006-06-25,44.8,81.9,30.5,9.6,0.89,35.7,47.0,Good,40.7,2006,6,Southwest Monsoon
2006-06-26,35.5,62.4,20.2,6.2,0.59,44.0,38.0,Good,40.3,2006,6,Southwest Monsoon
2006-06-27,46.2,71.3,25.4,4.0,1.77,54.4,47.0,Good,41.4,2006,6,Southwest Monsoon
2006-06-28,40.7,74.2,18.5,7.2,1.3,45.0,43.0,Good,41.0,2006,6,Southwest Monsoon
2006-06-29,28.7,45.3,27.3,5.6,0.88,48.3,33.0,Good,40.7,2006,6,Southwest Monsoon
2006-06-30,47.3,80.7,27.7,4.4,1.5,30.2,47.0,Good,41.3,2006,6,Southwest Monsoon
2006-07-01,48.2,87.4,26.9,9.2,1.62,49.9,51.0,Moderate,43.7,2006,7,Southwest Monsoon
2006-07-02,43.5,82.2,33.6,7.9,1.3,48.1,48.0,Good,43.9,2006,7,Southwest Monsoon
2006-07-03,32.0,58.9,30.5,10.1,1.4,48.9,38.0,Good,43.9,2006,7,Southwest Monsoon
2006-07-04,35.2,64.5,38.7,7.8,1.57,45.7,41.0,Good,43.0,2006,7,Southwest Monsoon
2006-07-05,38.3,60.3,30.9,7.5,1.4,39.0,40.0,Good,42.6,2006,7,Southwest Monsoon
2006-07-06,32.4,54.2,31.0,5.4,1.4,41.6,36.0,Good,43.0,2006,7,Southwest Monsoon
2006-07-07,49.1,74.8,29.9,6.6,0.86,40.7,48.0,Good,43.1,2006,7,Southwest Monsoon
2006-07-08,38.3,71.2,27.7,4.3,0.56,47.9,43.0,Good,42.0,2006,7,Southwest Monsoon
2006-07-09,18.4,36.3,26.2,10.0,1.46,43.9,25.0,Good,38.7,2006,7,Southwest Monsoon
2006-07-10,39.7,64.8,27.9,5.3,1.19,49.1,42.0,Good,39.3,2006,7,Southwest Monsoon
2006-07-11,34.9,53.8,28.0,8.3,1.13,48.0,38.0,Good,38.9,2006,7,Southwest Monsoon
2006-07-12,36.8,63.9,28.4,7.4,1.49,53.5,41.0,Good,39.0,2006,7,Southwest Monsoon
2006-07-13,34.7,67.0,31.3,8.7,1.01,45.2,40.0,Good,39.6,2006,7,Southwest Monsoon
2006-07-14,42.9,76.3,30.0,8.0,1.24,43.4,46.0,Good,39.3,2006,7,Southwest Monsoon
2006-07-15,45.1,68.8,26.7,5.3,1.26,44.9,45.0,Good,39.6,2006,7,Southwest Monsoon
2006-07-16,39.3,78.1,25.8,7.2,1.42,31.0,43.0,Good,42.1,2006,7,Southwest Monsoon
2006-07-17,34.9,66.9,29.7,10.4,1.33,42.4,40.0,Good,41.9,2006,7,Southwest Monsoon
2006-07-18,37.0,58.0,25.1,6.3,1.33,47.2,39.0,Good,42.0,2006,7,Southwest Monsoon
2006-07-19,37.4,73.4,27.1,10.2,1.14,42.5,42.0,Good,42.1,2006,7,Southwest Monsoon
2006-07-20,31.7,54.7,26.7,9.2,1.15,42.6,35.0,Good,41.4,2006,7,Southwest Monsoon
2006-07-21,41.4,69.7,38.5,8.2,1.33,42.2,45.0,Good,41.3,2006,7,Southwest Monsoon
2006-07-22,40.5,70.1,23.7,6.4,1.12,51.5,43.0,Good,41.0,2006,7,Southwest Monsoon
2006-07-23,48.1,92.2,25.6,8.4,1.04,44.9,51.0,Moderate,42.1,2006,7,Southwest Monsoon
2006-07-24,46.1,84.3,26.6,6.9,1.57,42.6,48.0,Good,43.3,2006,7,Southwest Monsoon
2006-07-25,32.5,49.7,27.0,10.1,1.08,55.4,36.0,Good,42.9,2006,7,Southwest Monsoon
2006-07-26,43.0,85.2,32.8,5.3,1.13,36.5,47.0,Good,43.6,2006,7,Southwest Monsoon
2006-07-27,30.6,48.2,27.8,8.5,1.55,39.6,34.0,Good,43.4,2006,7,Southwest Monsoon
2006-07-28,42.2,79.0,23.5,8.0,1.07,37.4,45.0,Good,43.4,2006,7,Southwest Monsoon
2006-07-29,33.7,61.2,34.5,8.6,1.33,38.9,39.0,Good,42.9,2006,7,Southwest Monsoon
2006-07-30,30.1,48.0,29.9,9.3,1.35,48.8,35.0,Good,40.6,2006,7,Southwest Monsoon
2006-07-31,39.3,62.2,30.5,6.1,1.22,37.4,41.0,Good,39.6,2006,7,Southwest Monsoon
2006-08-01,18.6,36.0,31.4,6.1,1.15,42.5,26.0,Good,38.1,2006,8,Southwest Monsoon
2006-08-02,25.0,42.8,23.9,8.3,0.96,44.5,30.0,Good,35.7,2006,8,Southwest Monsoon
2006-08-03,36.1,65.9,28.8,9.8,1.4,45.5,41.0,Good,36.7,2006,8,Southwest Monsoon
2006-08-04,37.9,66.4,32.1,7.4,1.52,38.6,41.0,Good,36.1,2006,8,Southwest Monsoon
2006-08-05,34.7,64.7,26.2,10.8,1.49,44.6,39.0,Good,36.1,2006,8,Southwest Monsoon
2006-08-06,26.2,45.7,30.0,7.3,1.34,39.3,31.0,Good,35.6,2006,8,Southwest Monsoon
2006-08-07,31.6,51.9,31.0,6.5,0.75,41.5,35.0,Good,34.7,2006,8,Southwest Monsoon
2006-08-08,40.0,67.3,23.0,8.8,1.44,35.9,41.0,Good,36.9,2006,8,Southwest Monsoon
2006-08-09,41.4,79.8,24.7,6.8,1.22,34.6,44.0,Good,38.9,2006,8,Southwest Monsoon
2006-08-10,37.2,64.5,19.7,6.8,1.1,42.8,39.0,Good,38.6,2006,8,Southwest Monsoon
2006-08-11,45.4,72.9,29.7,8.4,1.41,52.8,47.0,Good,39.4,2006,8,Southwest Monsoon
2006-08-12,40.1,78.9,36.3,9.8,1.3,39.1,46.0,Good,40.4,2006,8,Southwest Monsoon
2006-08-13,32.1,60.9,26.0,8.5,1.5,40.5,37.0,Good,41.3,2006,8,Southwest Monsoon
2006-08-14,35.3,54.0,28.0,8.1,1.33,43.5,37.0,Good,41.6,2006,8,Southwest Monsoon
2006-08-15,27.5,54.9,32.9,11.7,1.18,45.6,35.0,Good,40.7,2006,8,Southwest Monsoon
2006-08-16,36.5,67.5,29.9,9.3,1.16,45.7,41.0,Good,40.3,2006,8,Southwest Monsoon
2006-08-17,45.1,71.2,24.9,7.2,1.4,42.7,45.0,Good,41.1,2006,8,Southwest Monsoon
2006-08-18,42.1,68.1,34.9,10.1,0.91,39.0,44.0,Good,40.7,2006,8,Southwest Monsoon
2006-08-19,47.1,87.0,29.6,7.4,1.12,43.2,50.0,Good,41.3,2006,8,Southwest Monsoon
2006-08-20,35.2,66.5,27.9,9.1,0.7,41.6,40.0,Good,41.7,2006,8,Southwest Monsoon
2006-08-21,46.7,75.7,28.2,9.0,1.35,39.2,47.0,Good,43.1,2006,8,Southwest Monsoon
2006-08-22,35.9,58.5,31.2,7.9,1.41,43.9,39.0,Good,43.7,2006,8,Southwest Monsoon
2006-08-23,47.6,78.7,26.3,6.5,1.05,41.3,48.0,Good,44.7,2006,8,Southwest Monsoon
2006-08-24,37.1,66.8,35.1,7.8,0.97,35.5,41.0,Good,44.1,2006,8,Southwest Monsoon
2006-08-25,42.3,67.0,33.8,7.0,1.48,33.5,43.0,Good,44.0,2006,8,Southwest Monsoon
2006-08-26,47.6,73.9,28.8,8.4,1.07,30.7,46.0,Good,43.4,2006,8,Southwest Monsoon
2006-08-27,35.9,66.1,29.0,8.7,1.41,33.8,39.0,Good,43.3,2006,8,Southwest Monsoon
2006-08-28,38.8,73.4,25.4,4.0,1.24,38.5,42.0,Good,42.6,2006,8,Southwest Monsoon
2006-08-29,46.3,81.1,26.3,8.6,1.11,43.4,48.0,Good,43.9,2006,8,Southwest Monsoon
2006-08-30,36.4,61.2,24.3,13.8,1.39,37.5,38.0,Good,42.4,2006,8,Southwest Monsoon
2006-08-31,28.1,48.1,28.0,7.3,1.25,39.4,32.0,Good,41.1,2006,8,Southwest Monsoon
2006-09-01,52.3,88.6,29.0,9.9,1.62,40.8,53.0,Moderate,42.6,2006,9,Southwest Monsoon
2006-09-02,34.0,67.3,22.4,9.4,1.06,31.5,37.0,Good,41.3,2006,9,Southwest Monsoon
2006-09-03,38.4,72.4,31.6,4.6,0.91,35.3,42.0,Good,41.7,2006,9,Southwest Monsoon
2006-09-04,45.4,72.8,25.3,8.9,1.24,31.5,45.0,Good,42.1,2006,9,Southwest Monsoon
2006-09-05,33.0,55.9,30.4,6.2,1.36,35.5,36.0,Good,40.4,2006,9,Southwest Monsoon
2006-09-06,30.2,53.6,32.0,7.5,1.2,38.3,35.0,Good,40.0,2006,9,Southwest Monsoon
2006-09-07,39.1,70.6,34.0,5.0,1.69,37.2,43.0,Good,41.6,2006,9,Southwest Monsoon
2006-09-08,24.7,42.9,33.2,8.8,1.55,32.6,30.0,Good,38.3,2006,9,Southwest Monsoon
2006-09-09,35.3,67.2,35.4,7.2,1.11,39.3,41.0,Good,38.9,2006,9,Southwest Monsoon
2006-09-10,39.0,73.5,32.1,10.6,1.26,37.7,43.0,Good,39.0,2006,9,Southwest Monsoon
2006-09-11,35.4,62.1,29.5,5.2,0.79,38.4,39.0,Good,38.1,2006,9,Southwest Monsoon
2006-09-12,26.5,51.1,26.9,9.7,1.51,36.9,32.0,Good,37.6,2006,9,Southwest Monsoon
2006-09-13,48.5,90.9,28.3,8.7,1.07,32.2,50.0,Good,39.7,2006,9,Southwest Monsoon
2006-09-14,38.0,71.8,35.3,6.2,1.29,29.7,42.0,Good,39.6,2006,9,Southwest Monsoon
2006-09-15,47.3,93.6,28.0,4.8,1.18,37.6,51.0,Moderate,42.6,2006,9,Southwest Monsoon
2006-09-16,35.5,57.9,28.8,7.3,0.87,37.6,38.0,Good,42.1,2006,9,Southwest Monsoon
2006-09-17,31.1,50.9,34.7,8.4,1.45,35.7,35.0,Good,41.0,2006,9,Southwest Monsoon
2006-09-18,39.2,76.2,27.9,5.8,0.98,45.7,44.0,Good,41.7,2006,9,Southwest Monsoon
2006-09-19,35.8,67.5,25.6,6.0,1.12,32.7,39.0,Good,42.7,2006,9,Southwest Monsoon
2006-09-20,29.1,57.0,33.3,9.9,1.46,36.6,35.0,Good,40.6,2006,9,Southwest Monsoon
2006-09-21,47.6,72.9,25.5,6.3,1.0,35.3,46.0,Good,41.1,2006,9,Southwest Monsoon
2006-09-22,32.9,59.8,30.4,9.1,1.62,34.4,37.0,Good,39.1,2006,9,Southwest Monsoon
2006-09-23,24.4,38.4,29.7,10.3,1.0,29.1,28.0,Good,37.7,2006,9,Southwest Monsoon
2006-09-24,46.6,81.6,30.1,6.3,0.95,33.0,48.0,Good,39.6,2006,9,Southwest Monsoon
2006-09-25,33.8,53.3,19.1,5.4,1.26,39.0,35.0,Good,38.3,2006,9,Southwest Monsoon
2006-09-26,33.0,51.7,31.9,9.6,1.65,37.0,36.0,Good,37.9,2006,9,Southwest Monsoon
2006-09-27,24.9,37.6,28.6,7.3,1.24,38.2,28.0,Good,36.9,2006,9,Southwest Monsoon
2006-09-28,49.5,89.8,31.3,7.0,1.49,30.7,51.0,Moderate,37.6,2006,9,Southwest Monsoon
2006-09-29,28.3,47.5,30.8,10.8,0.91,38.2,33.0,Good,37.0,2006,9,Southwest Monsoon
2006-09-30,37.7,58.5,30.1,7.4,1.15,28.0,38.0,Good,38.4,2006,9,Southwest Monsoon
2006-10-01,47.3,78.6,29.9,9.2,1.27,32.4,48.0,Good,38.4,2006,10,Post-Monsoon
2006-10-02,43.9,69.5,30.0,5.4,1.03,28.1,43.0,Good,39.6,2006,10,Post-Monsoon
2006-10-03,40.5,79.8,31.3,8.5,0.95,42.0,46.0,Good,41.0,2006,10,Post-Monsoon
2006-10-04,29.0,48.1,32.2,6.9,1.29,33.8,33.0,Good,41.7,2006,10,Post-Monsoon
2006-10-05,35.2,58.7,29.8,7.6,1.74,37.6,38.0,Good,39.9,2006,10,Post-Monsoon
2006-10-06,42.2,81.0,35.3,7.5,1.4,34.7,46.0,Good,41.7,2006,10,Post-Monsoon
2006-10-07,35.4,64.5,30.2,11.3,1.18,35.3,39.0,Good,41.9,2006,10,Post-Monsoon
2006-10-08,42.3,78.5,27.6,7.3,0.84,27.2,44.0,Good,41.3,2006,10,Post-Monsoon
2006-10-09,45.7,83.0,33.9,7.6,1.26,32.0,48.0,Good,42.0,2006,10,Post-Monsoon
2006-10-10,47.6,94.0,39.0,11.7,1.24,26.8,52.0,Moderate,42.9,2006,10,Post-Monsoon
2006-10-11,32.3,51.8,26.8,7.9,1.45,29.8,34.0,Good,43.0,2006,10,Post-Monsoon
2006-10-12,56.3,112.2,31.0,7.4,1.29,32.1,59.0,Moderate,46.0,2006,10,Post-Monsoon
2006-10-13,46.3,88.6,35.8,10.9,1.51,27.2,49.0,Good,46.4,2006,10,Post-Monsoon
2006-10-14,40.9,73.4,33.8,8.7,1.54,25.3,43.0,Good,47.0,2006,10,Post-Monsoon
2006-10-15,48.5,88.9,34.0,8.8,1.33,25.5,50.0,Good,47.9,2006,10,Post-Monsoon
2006-10-16,57.5,104.8,31.6,9.2,1.34,34.6,58.0,Moderate,49.3,2006,10,Post-Monsoon
2006-10-17,30.8,47.1,20.9,11.3,1.36,29.8,32.0,Good,46.4,2006,10,Post-Monsoon
2006-10-18,39.3,63.3,32.5,6.6,0.91,24.8,40.0,Good,47.3,2006,10,Post-Monsoon
2006-10-19,24.3,48.0,33.0,10.9,1.53,30.8,30.0,Good,43.1,2006,10,Post-Monsoon
2006-10-20,42.2,74.7,36.0,5.7,1.77,34.6,45.0,Good,42.6,2006,10,Post-Monsoon
2006-10-21,43.5,73.4,28.5,7.0,1.36,30.3,44.0,Good,42.7,2006,10,Post-Monsoon
2006-10-22,40.6,76.4,38.2,6.9,1.15,23.6,44.0,Good,41.9,2006,10,Post-Monsoon
2006-10-23,36.3,64.0,30.3,8.4,1.35,29.8,39.0,Good,39.1,2006,10,Post-Monsoon
2006-10-24,26.6,40.0,29.6,7.1,1.24,26.5,29.0,Good,38.7,2006,10,Post-Monsoon
2006-10-25,43.5,81.3,28.6,11.2,1.36,31.7,46.0,Good,39.6,2006,10,Post-Monsoon
2006-10-26,51.1,95.3,35.7,9.7,1.27,28.5,53.0,Moderate,42.9,2006,10,Post-Monsoon
2006-10-27,36.8,58.2,27.1,8.6,0.81,31.3,38.0,Good,41.9,2006,10,Post-Monsoon
2006-10-28,44.0,87.0,34.0,6.9,1.37,21.5,47.0,Good,42.3,2006,10,Post-Monsoon
2006-10-29,29.9,48.2,28.3,11.5,1.91,30.4,32.0,Good,40.6,2006,10,Post-Monsoon
2006-10-30,44.1,76.2,31.3,8.8,1.02,28.6,45.0,Good,41.4,2006,10,Post-Monsoon
2006-10-31,38.1,59.4,25.4,8.1,1.62,25.4,38.0,Good,42.7,2006,10,Post-Monsoon
2006-11-01,35.6,64.1,34.6,8.4,1.45,30.1,39.0,Good,41.7,2006,11,Post-Monsoon
2006-11-02,35.6,60.0,30.9,8.2,1.12,28.1,38.0,Good,39.6,2006,11,Post-Monsoon
2006-11-03,38.1,64.0,33.7,10.3,1.01,29.3,40.0,Good,39.9,2006,11,Post-Monsoon
2006-11-04,43.6,83.4,30.8,10.9,1.42,24.6,46.0,Good,39.7,2006,11,Post-Monsoon
2006-11-05,31.7,47.7,33.6,6.8,1.44,30.2,34.0,Good,40.0,2006,11,Post-Monsoon
2006-11-06,38.1,72.4,31.3,7.3,0.97,20.2,41.0,Good,39.4,2006,11,Post-Monsoon
2006-11-07,40.6,72.5,34.5,7.4,1.58,28.4,43.0,Good,40.1,2006,11,Post-Monsoon
2006-11-08,33.2,66.2,33.6,9.3,1.23,29.1,38.0,Good,40.0,2006,11,Post-Monsoon
2006-11-09,53.5,96.0,32.3,10.6,1.47,37.6,55.0,Moderate,42.4,2006,11,Post-Monsoon
2006-11-10,34.9,53.4,27.9,5.9,1.53,27.8,35.0,Good,41.7,2006,11,Post-Monsoon
2006-11-11,36.2,55.2,29.8,6.6,1.57,37.0,38.0,Good,40.6,2006,11,Post-Monsoon
2006-11-12,34.1,66.1,28.4,8.0,1.1,34.7,38.0,Good,41.1,2006,11,Post-Monsoon
2006-11-13,53.5,102.7,37.2,9.7,1.85,28.3,56.0,Moderate,43.3,2006,11,Post-Monsoon
2006-11-14,44.8,74.9,34.6,6.8,1.12,29.0,46.0,Good,43.7,2006,11,Post-Monsoon
2006-11-15,34.3,62.1,31.7,7.9,1.57,23.4,37.0,Good,43.6,2006,11,Post-Monsoon
2006-11-16,48.6,84.9,29.3,7.2,1.23,25.9,49.0,Good,42.7,2006,11,Post-Monsoon
2006-11-17,42.3,83.9,28.3,10.2,1.36,29.9,46.0,Good,44.3,2006,11,Post-Monsoon
2006-11-18,42.7,84.3,32.0,8.4,1.32,27.2,46.0,Good,45.4,2006,11,Post-Monsoon
2006-11-19,38.5,76.7,38.9,7.2,1.47,33.1,44.0,Good,46.3,2006,11,Post-Monsoon
2006-11-20,35.7,68.9,31.5,6.3,1.61,32.0,40.0,Good,44.0,2006,11,Post-Monsoon
2006-11-21,43.3,84.6,36.3,7.9,1.2,30.1,47.0,Good,44.1,2006,11,Post-Monsoon
2006-11-22,37.1,59.7,32.6,8.1,1.13,32.1,39.0,Good,44.4,2006,11,Post-Monsoon
2006-11-23,53.6,102.7,33.8,10.3,0.83,30.8,56.0,Moderate,45.4,2006,11,Post-Monsoon
2006-11-24,32.0,59.4,29.6,10.7,1.4,29.0,36.0,Good,44.0,2006,11,Post-Monsoon
2006-11-25,51.7,102.3,30.7,6.3,1.31,25.2,54.0,Moderate,45.1,2006,11,Post-Monsoon
2006-11-26,40.1,71.6,28.2,10.6,1.38,38.1,43.0,Good,45.0,2006,11,Post-Monsoon
2006-11-27,43.0,66.3,32.7,10.1,1.32,32.1,43.0,Good,45.4,2006,11,Post-Monsoon
2006-11-28,46.7,84.1,30.5,7.6,1.54,30.6,48.0,Good,45.6,2006,11,Post-Monsoon
2006-11-29,36.5,67.3,32.9,10.2,1.22,25.0,40.0,Good,45.7,2006,11,Post-Monsoon
2006-11-30,46.9,75.6,27.6,7.1,1.44,40.9,47.0,Good,44.4,2006,11,Post-Monsoon
2006-12-01,26.7,45.4,36.9,10.5,1.48,25.3,31.0,Good,43.7,2006,12,Winter
2006-12-02,40.7,73.2,35.8,14.5,1.25,29.2,44.0,Good,42.3,2006,12,Winter
2006-12-03,39.2,66.2,35.6,10.1,1.32,29.4,42.0,Good,42.1,2006,12,Winter
2006-12-04,36.9,62.3,36.7,9.0,1.72,22.2,39.0,Good,41.6,2006,12,Winter
2006-12-05,44.2,69.2,34.1,7.0,1.7,31.2,45.0,Good,41.1,2006,12,Winter
2006-12-06,48.4,95.4,50.3,9.8,1.67,30.7,54.0,Moderate,43.1,2006,12,Winter
2006-12-07,50.6,94.9,37.0,11.6,1.45,23.7,53.0,Moderate,44.0,2006,12,Winter
2006-12-08,47.4,71.1,35.5,8.2,0.93,32.7,47.0,Good,46.3,2006,12,Winter
2006-12-09,41.0,77.3,38.1,10.7,1.07,24.2,45.0,Good,46.4,2006,12,Winter
2006-12-10,48.3,90.3,33.0,9.1,1.42,27.5,50.0,Good,47.6,2006,12,Winter
2006-12-11,46.6,70.1,32.9,8.9,1.11,25.2,45.0,Good,48.4,2006,12,Winter
2006-12-12,52.3,88.0,38.3,10.6,1.78,32.2,53.0,Moderate,49.6,2006,12,Winter
2006-12-13,51.1,92.2,38.7,5.9,1.29,31.7,53.0,Moderate,49.4,2006,12,Winter
2006-12-14,45.9,79.3,39.9,9.3,1.42,23.6,48.0,Good,48.7,2006,12,Winter
2006-12-15,39.4,74.5,29.4,11.6,1.92,26.3,42.0,Good,48.0,2006,12,Winter
2006-12-16,41.1,70.4,34.6,9.3,1.75,26.4,43.0,Good,47.7,2006,12,Winter
2006-12-17,41.9,66.0,36.4,9.7,1.58,32.6,43.0,Good,46.7,2006,12,Winter
2006-12-18,43.5,86.5,38.0,9.4,1.55,25.9,48.0,Good,47.1,2006,12,Winter
2006-12-19,47.6,77.1,37.2,13.5,1.3,28.9,48.0,Good,46.4,2006,12,Winter
2006-12-20,50.7,94.3,31.7,10.4,1.68,28.4,52.0,Moderate,46.3,2006,12,Winter
2006-12-21,45.3,71.3,37.2,7.1,1.54,28.0,46.0,Good,46.0,2006,12,Winter
2006-12-22,45.8,76.3,36.4,7.9,1.46,38.3,48.0,Good,46.9,2006,12,Winter
2006-12-23,46.7,80.4,36.4,9.8,1.65,26.3,48.0,Good,47.6,2006,12,Winter
2006-12-24,42.1,67.2,30.7,12.2,1.65,28.6,43.0,Good,47.6,2006,12,Winter
2006-12-25,39.2,67.7,31.4,11.0,1.25,31.7,42.0,Good,46.7,2006,12,Winter
2006-12-26,33.4,52.7,42.3,11.6,1.72,27.8,37.0,Good,45.1,2006,12,Winter
2006-12-27,40.8,72.7,39.0,7.4,1.47,27.0,44.0,Good,44.0,2006,12,Winter
2006-12-28,49.0,89.8,34.8,10.9,1.51,31.7,51.0,Moderate,44.7,2006,12,Winter
2006-12-29,40.8,62.4,34.9,8.2,1.16,34.0,42.0,Good,43.9,2006,12,Winter
2006-12-30,44.0,85.2,44.0,9.4,1.17,36.7,50.0,Good,44.1,2006,12,Winter
2006-12-31,49.0,78.0,35.3,11.4,1.13,29.3,49.0,Good,45.0,2006,12,Winter
2007-01-01,50.2,81.0,35.1,8.7,2.09,26.5,50.0,Good,46.1,2007,1,Winter
2007-01-02,39.0,71.5,32.4,6.9,2.06,26.5,42.0,Good,46.9,2007,1,Winter
2007-01-03,53.6,92.9,34.7,9.1,1.06,37.5,55.0,Moderate,48.4,2007,1,Winter
2007-01-04,54.5,95.3,28.9,10.0,1.11,32.2,54.0,Moderate,48.9,2007,1,Winter
2007-01-05,38.7,60.5,37.7,11.2,1.36,26.6,40.0,Good,48.6,2007,1,Winter
2007-01-06,40.8,77.7,40.6,8.0,1.77,27.4,45.0,Good,47.9,2007,1,Winter
2007-01-07,54.9,99.4,40.7,8.7,1.65,25.3,56.0,Moderate,48.9,2007,1,Winter
2007-01-08,45.6,71.4,32.8,10.2,2.03,30.6,46.0,Good,48.3,2007,1,Winter
2007-01-09,31.1,52.4,26.4,10.9,1.41,33.5,34.0,Good,47.1,2007,1,Winter
2007-01-10,36.8,70.1,37.0,10.2,1.32,38.9,42.0,Good,45.3,2007,1,Winter
2007-01-11,44.9,80.0,40.9,9.5,1.5,36.7,49.0,Good,44.6,2007,1,Winter
2007-01-12,38.5,59.8,29.2,8.3,1.45,31.6,39.0,Good,44.4,2007,1,Winter
2007-01-13,43.7,73.7,34.1,11.6,1.48,28.0,45.0,Good,44.4,2007,1,Winter
2007-01-14,46.8,75.9,37.0,12.2,1.52,33.9,48.0,Good,43.3,2007,1,Winter
2007-01-15,56.8,100.0,32.2,8.6,2.02,22.9,56.0,Moderate,44.7,2007,1,Winter
2007-01-16,44.6,85.6,28.7,8.9,1.52,27.9,47.0,Good,46.6,2007,1,Winter
2007-01-17,54.1,93.0,32.6,11.2,1.22,35.1,55.0,Moderate,48.4,2007,1,Winter
2007-01-18,56.6,97.2,33.3,10.1,1.42,36.4,57.0,Moderate,49.6,2007,1,Winter
2007-01-19,56.6,110.6,28.1,11.0,1.67,38.7,59.0,Moderate,52.4,2007,1,Winter
2007-01-20,48.6,86.9,39.9,10.3,1.64,31.7,51.0,Moderate,53.3,2007,1,Winter
2007-01-21,32.9,58.6,41.8,10.6,1.63,38.9,39.0,Good,52.0,2007,1,Winter
2007-01-22,49.8,81.3,35.7,9.0,1.07,30.6,50.0,Good,51.1,2007,1,Winter
2007-01-23,53.9,97.3,38.5,5.8,1.1,30.3,56.0,Moderate,52.4,2007,1,Winter
2007-01-24,46.0,82.3,29.7,10.2,1.46,34.3,48.0,Good,51.4,2007,1,Winter
2007-01-25,58.8,99.9,35.0,11.2,1.6,38.6,59.0,Moderate,51.7,2007,1,Winter
2007-01-26,52.6,105.0,33.3,10.4,1.28,37.7,57.0,Moderate,51.4,2007,1,Winter
2007-01-27,50.6,98.2,37.2,8.3,1.86,38.3,55.0,Moderate,52.0,2007,1,Winter
2007-01-28,54.2,101.6,24.8,8.6,1.63,35.9,55.0,Moderate,54.3,2007,1,Winter
2007-01-29,48.9,86.5,34.4,14.7,1.36,38.2,51.0,Moderate,54.4,2007,1,Winter
2007-01-30,29.2,50.5,38.1,10.5,2.19,33.7,34.0,Good,51.3,2007,1,Winter
2007-01-31,43.1,68.6,36.6,5.1,1.37,35.3,45.0,Good,50.9,2007,1,Winter
2007-02-01,55.0,90.9,38.7,8.7,1.4,47.8,57.0,Moderate,50.6,2007,2,Winter
2007-02-02,40.9,77.3,33.2,9.4,1.39,38.4,45.0,Good,48.9,2007,2,Winter
2007-02-03,45.0,77.8,24.3,7.3,1.5,34.2,46.0,Good,47.6,2007,2,Winter
2007-02-04,39.3,76.3,40.0,9.5,1.22,38.3,45.0,Good,46.1,2007,2,Winter
2007-02-05,59.1,93.0,38.6,8.8,1.67,29.1,57.0,Moderate,47.0,2007,2,Winter
2007-02-06,58.4,102.4,41.9,10.2,1.71,32.9,60.0,Moderate,50.7,2007,2,Winter
2007-02-07,40.4,73.7,35.9,9.2,1.66,33.7,44.0,Good,50.6,2007,2,Winter
2007-02-08,47.6,83.8,37.3,8.4,1.38,31.2,50.0,Good,49.6,2007,2,Winter
2007-02-09,41.8,81.4,44.9,9.1,1.38,43.8,49.0,Good,50.1,2007,2,Winter
2007-02-10,50.9,101.5,28.2,11.5,1.64,37.5,54.0,Moderate,51.3,2007,2,Winter
2007-02-11,50.2,78.2,37.4,9.9,1.54,38.2,51.0,Moderate,52.1,2007,2,Winter
2007-02-12,52.3,81.8,40.5,9.4,1.29,34.9,53.0,Moderate,51.6,2007,2,Winter
2007-02-13,48.9,76.6,36.5,10.5,0.98,29.8,49.0,Good,50.0,2007,2,Winter
2007-02-14,67.1,123.6,35.9,9.8,1.39,35.4,68.0,Moderate,53.4,2007,2,Winter
2007-02-15,39.4,66.4,29.7,7.6,1.62,33.7,41.0,Good,52.1,2007,2,Winter
2007-02-16,34.6,64.6,41.5,11.2,1.61,30.9,40.0,Good,50.9,2007,2,Winter
2007-02-17,43.8,74.7,39.9,8.6,1.11,40.0,47.0,Good,49.9,2007,2,Winter
2007-02-18,35.6,64.6,40.7,9.1,1.7,35.0,41.0,Good,48.4,2007,2,Winter
2007-02-19,36.2,68.1,35.5,6.8,1.95,27.6,40.0,Good,46.6,2007,2,Winter
2007-02-20,39.6,70.2,34.3,11.4,1.4,36.6,43.0,Good,45.7,2007,2,Winter
2007-02-21,40.1,71.0,35.6,10.0,1.44,36.9,44.0,Good,42.3,2007,2,Winter
2007-02-22,39.9,61.6,42.4,10.4,1.36,40.7,43.0,Good,42.6,2007,2,Winter
2007-02-23,50.2,85.7,34.6,11.4,1.4,37.7,52.0,Moderate,44.3,2007,2,Winter
2007-02-24,43.1,76.3,41.5,11.4,1.79,34.2,47.0,Good,44.3,2007,2,Winter
2007-02-25,45.3,78.5,35.0,8.4,1.29,39.9,48.0,Good,45.3,2007,2,Winter
2007-02-26,52.9,103.1,32.2,9.8,1.55,34.3,56.0,Moderate,47.6,2007,2,Winter
2007-02-27,41.2,80.5,27.3,9.6,1.42,41.2,45.0,Good,47.9,2007,2,Winter
2007-02-28,44.7,85.5,37.9,9.4,1.54,43.6,50.0,Good,48.7,2007,2,Winter
2007-03-01,44.4,74.9,35.1,7.2,1.28,25.6,45.0,Good,49.0,2007,3,Summer
2007-03-02,28.2,52.4,27.4,11.7,1.56,34.4,33.0,Good,46.3,2007,3,Summer
2007-03-03,25.1,42.6,37.9,10.8,1.61,40.6,31.0,Good,44.0,2007,3,Summer
2007-03-04,44.2,71.5,26.5,9.7,1.44,38.9,45.0,Good,43.6,2007,3,Summer
2007-03-05,45.2,75.6,34.8,11.5,1.3,45.1,48.0,Good,42.4,2007,3,Summer
2007-03-06,56.2,86.4,35.0,9.7,1.55,45.0,56.0,Moderate,44.0,2007,3,Summer
2007-03-07,42.9,71.5,36.3,8.2,1.16,43.6,46.0,Good,43.4,2007,3,Summer
2007-03-08,47.5,82.3,24.1,8.0,1.46,30.6,47.0,Good,43.7,2007,3,Summer
2007-03-09,40.4,80.0,36.3,9.6,1.22,38.4,46.0,Good,45.6,2007,3,Summer
2007-03-10,43.9,72.7,31.4,6.0,1.4,42.6,46.0,Good,47.7,2007,3,Summer
2007-03-11,53.5,104.3,30.6,10.5,1.11,39.4,57.0,Moderate,49.4,2007,3,Summer
2007-03-12,26.9,43.5,35.3,5.5,1.65,39.1,32.0,Good,47.1,2007,3,Summer
2007-03-13,44.7,71.3,35.8,11.0,1.04,46.0,47.0,Good,45.9,2007,3,Summer
2007-03-14,56.7,99.8,24.0,9.8,1.32,41.8,57.0,Moderate,47.4,2007,3,Summer
2007-03-15,43.8,80.4,26.8,12.7,0.98,38.9,47.0,Good,47.4,2007,3,Summer
2007-03-16,53.4,81.2,36.8,9.2,1.64,34.4,52.0,Moderate,48.3,2007,3,Summer
2007-03-17,37.4,60.2,33.9,10.1,1.74,49.0,41.0,Good,47.6,2007,3,Summer
2007-03-18,41.6,71.8,32.7,10.2,1.05,42.1,45.0,Good,45.9,2007,3,Summer
2007-03-19,42.0,70.0,28.1,7.0,1.43,38.4,43.0,Good,47.4,2007,3,Summer
2007-03-20,26.3,48.8,33.8,6.7,1.28,45.5,33.0,Good,45.4,2007,3,Summer
2007-03-21,33.6,59.0,36.9,6.9,1.48,33.0,38.0,Good,42.7,2007,3,Summer
2007-03-22,34.1,53.9,41.3,8.7,1.74,49.9,39.0,Good,41.6,2007,3,Summer
2007-03-23,47.6,92.6,30.6,8.8,1.45,44.4,52.0,Moderate,41.6,2007,3,Summer
2007-03-24,47.9,78.9,35.5,8.9,1.16,52.4,51.0,Moderate,43.0,2007,3,Summer
2007-03-25,44.1,82.2,39.4,9.8,1.18,44.8,49.0,Good,43.6,2007,3,Summer
2007-03-26,47.6,89.9,26.2,7.3,1.26,42.9,50.0,Good,44.6,2007,3,Summer
2007-03-27,40.7,80.6,39.2,10.5,1.17,38.9,47.0,Good,46.6,2007,3,Summer
2007-03-28,50.2,87.8,32.8,9.7,1.54,39.8,52.0,Moderate,48.6,2007,3,Summer
2007-03-29,41.9,75.7,32.3,12.0,1.56,36.0,45.0,Good,49.4,2007,3,Summer
2007-03-30,42.2,70.4,29.8,9.7,1.66,52.2,45.0,Good,48.4,2007,3,Summer
2007-03-31,39.9,73.5,30.5,8.7,1.24,43.1,44.0,Good,47.4,2007,3,Summer
2007-04-01,46.6,80.7,29.0,13.1,1.64,46.9,49.0,Good,47.4,2007,4,Summer
2007-04-02,38.9,66.8,28.2,8.6,1.77,47.9,42.0,Good,46.3,2007,4,Summer
2007-04-03,48.6,93.8,33.8,9.4,1.02,41.7,53.0,Moderate,47.1,2007,4,Summer
2007-04-04,33.9,51.7,36.5,9.7,1.23,39.0,37.0,Good,45.0,2007,4,Summer
2007-04-05,34.1,66.2,27.8,10.7,1.32,39.5,39.0,Good,44.1,2007,4,Summer
2007-04-06,46.6,89.8,29.2,9.0,1.56,35.5,50.0,Good,44.9,2007,4,Summer
2007-04-07,41.2,72.2,33.0,14.3,1.69,37.8,44.0,Good,44.9,2007,4,Summer
2007-04-08,38.6,67.4,27.5,7.7,0.92,46.2,42.0,Good,43.9,2007,4,Summer
2007-04-09,48.0,80.7,33.0,11.8,1.18,48.7,51.0,Moderate,45.1,2007,4,Summer
2007-04-10,37.5,75.0,30.9,5.9,1.64,43.7,43.0,Good,43.7,2007,4,Summer
2007-04-11,40.4,62.8,25.4,6.8,1.14,48.5,42.0,Good,44.4,2007,4,Summer
2007-04-12,51.6,92.6,33.9,5.7,1.55,48.7,55.0,Moderate,46.7,2007,4,Summer
2007-04-13,52.6,96.8,29.8,6.9,1.49,42.5,55.0,Moderate,47.4,2007,4,Summer
2007-04-14,52.8,103.9,36.1,5.5,1.54,49.6,58.0,Moderate,49.4,2007,4,Summer
2007-04-15,39.8,75.3,31.2,9.0,1.55,43.5,44.0,Good,49.7,2007,4,Summer
2007-04-16,50.4,91.9,29.2,7.0,1.24,42.3,53.0,Moderate,50.0,2007,4,Summer
2007-04-17,35.2,54.8,31.9,11.8,1.28,44.9,38.0,Good,49.3,2007,4,Summer
2007-04-18,35.5,59.8,37.0,9.8,1.26,37.6,39.0,Good,48.9,2007,4,Summer
2007-04-19,25.3,39.8,39.4,8.9,1.41,44.5,31.0,Good,45.4,2007,4,Summer
2007-04-20,53.5,103.8,34.4,9.3,0.82,33.3,56.0,Moderate,45.6,2007,4,Summer
2007-04-21,35.8,67.0,29.6,10.1,1.47,48.3,41.0,Good,43.1,2007,4,Summer
2007-04-22,40.9,76.9,32.1,11.2,1.78,38.6,45.0,Good,43.3,2007,4,Summer
2007-04-23,35.4,64.7,31.6,7.8,1.4,45.1,40.0,Good,41.4,2007,4,Summer
2007-04-24,46.7,81.8,31.4,7.4,1.32,52.6,50.0,Good,43.1,2007,4,Summer
2007-04-25,39.2,61.7,31.0,9.6,1.37,45.7,42.0,Good,43.6,2007,4,Summer
2007-04-26,32.7,54.4,28.1,11.9,1.48,35.9,36.0,Good,44.3,2007,4,Summer
2007-04-27,44.9,70.4,35.9,6.1,1.64,46.1,47.0,Good,43.0,2007,4,Summer
2007-04-28,31.8,59.2,35.4,9.6,1.33,44.3,38.0,Good,42.6,2007,4,Summer
2007-04-29,35.9,56.8,32.1,11.4,1.31,50.3,40.0,Good,41.9,2007,4,Summer
2007-04-30,27.1,50.1,37.0,10.0,1.01,45.2,34.0,Good,41.0,2007,4,Summer
2007-05-01,31.8,58.8,34.4,9.5,1.36,51.4,38.0,Good,39.3,2007,5,Summer
2007-05-02,43.0,74.5,27.5,9.9,1.05,48.1,46.0,Good,39.9,2007,5,Summer
2007-05-03,28.0,44.0,30.6,12.4,1.21,50.3,33.0,Good,39.4,2007,5,Summer
2007-05-04,31.4,52.1,37.9,10.4,1.57,45.6,37.0,Good,38.0,2007,5,Summer
2007-05-05,41.8,69.4,30.6,5.7,1.61,52.5,45.0,Good,39.0,2007,5,Summer
2007-05-06,38.0,70.3,29.2,8.6,1.47,43.6,42.0,Good,39.3,2007,5,Summer
2007-05-07,55.7,86.8,34.9,9.0,1.65,37.1,55.0,Moderate,42.3,2007,5,Summer
2007-05-08,54.6,104.6,30.9,10.9,0.94,40.8,57.0,Moderate,45.0,2007,5,Summer
2007-05-09,35.7,67.2,34.2,9.0,1.76,47.0,42.0,Good,44.4,2007,5,Summer
2007-05-10,45.7,72.8,31.9,8.8,1.14,47.8,47.0,Good,46.4,2007,5,Summer
2007-05-11,47.0,87.5,28.8,8.9,1.43,47.2,51.0,Moderate,48.4,2007,5,Summer
2007-05-12,37.6,69.0,29.2,9.3,1.18,52.6,43.0,Good,48.1,2007,5,Summer
2007-05-13,31.3,58.7,25.3,8.6,1.43,47.5,36.0,Good,47.3,2007,5,Summer
2007-05-14,41.7,66.5,27.6,8.0,1.35,48.3,44.0,Good,45.7,2007,5,Summer
2007-05-15,40.6,64.1,34.5,8.5,1.63,51.6,44.0,Good,43.9,2007,5,Summer
2007-05-16,38.7,62.7,36.8,9.4,1.97,38.3,42.0,Good,43.9,2007,5,Summer
2007-05-17,44.9,75.6,29.6,10.0,1.57,50.3,48.0,Good,44.0,2007,5,Summer
2007-05-18,36.5,69.3,26.5,14.3,1.32,53.3,42.0,Good,42.7,2007,5,Summer
2007-05-19,33.7,63.1,36.6,6.1,1.73,50.4,40.0,Good,42.3,2007,5,Summer
2007-05-20,42.6,83.5,36.7,10.0,0.93,48.4,49.0,Good,44.1,2007,5,Summer
2007-05-21,44.5,68.1,34.9,11.8,1.2,50.9,47.0,Good,44.6,2007,5,Summer
2007-05-22,33.6,50.5,26.2,7.3,1.29,36.2,35.0,Good,43.3,2007,5,Summer
2007-05-23,48.3,89.3,34.1,10.2,1.28,46.3,52.0,Moderate,44.7,2007,5,Summer
2007-05-24,29.4,48.2,34.2,8.1,1.17,40.4,34.0,Good,42.7,2007,5,Summer
2007-05-25,37.8,62.9,35.6,7.8,1.52,48.9,42.0,Good,42.7,2007,5,Summer
2007-05-26,40.0,70.9,32.6,7.3,1.35,41.9,44.0,Good,43.3,2007,5,Summer
2007-05-27,37.3,57.9,29.0,8.6,1.32,51.2,40.0,Good,42.0,2007,5,Summer
2007-05-28,37.8,68.9,30.4,8.5,1.7,44.9,42.0,Good,41.3,2007,5,Summer
2007-05-29,54.9,91.3,36.7,10.3,1.24,40.6,56.0,Moderate,44.3,2007,5,Summer
2007-05-30,35.8,65.1,33.5,5.9,1.61,42.3,40.0,Good,42.6,2007,5,Summer
2007-05-31,58.9,112.9,26.8,10.5,1.28,40.4,61.0,Moderate,46.4,2007,5,Summer
2007-06-01,41.3,65.4,36.1,9.7,1.18,46.8,44.0,Good,46.7,2007,6,Southwest Monsoon
2007-06-02,38.8,76.3,33.9,8.7,1.05,50.1,45.0,Good,46.9,2007,6,Southwest Monsoon
2007-06-03,41.5,73.3,35.9,12.6,0.88,43.8,46.0,Good,47.7,2007,6,Southwest Monsoon
2007-06-04,55.9,109.7,33.8,10.5,1.08,39.7,59.0,Moderate,50.1,2007,6,Southwest Monsoon
2007-06-05,31.2,50.1,25.6,7.0,0.8,46.9,35.0,Good,47.1,2007,6,Southwest Monsoon
2007-06-06,30.4,54.7,30.6,5.7,1.31,46.8,36.0,Good,46.6,2007,6,Southwest Monsoon
2007-06-07,32.9,56.0,31.7,6.7,1.17,44.4,37.0,Good,43.1,2007,6,Southwest Monsoon
2007-06-08,38.4,72.5,23.9,6.9,1.52,43.0,42.0,Good,42.9,2007,6,Southwest Monsoon
2007-06-09,26.1,47.1,24.6,4.4,1.06,53.3,32.0,Good,41.0,2007,6,Southwest Monsoon
2007-06-10,38.4,67.0,32.3,9.0,1.18,43.9,42.0,Good,40.4,2007,6,Southwest Monsoon
2007-06-11,50.1,97.9,32.6,5.4,1.55,39.6,54.0,Moderate,39.7,2007,6,Southwest Monsoon
2007-06-12,39.3,66.3,38.8,8.5,1.47,46.4,44.0,Good,41.0,2007,6,Southwest Monsoon
2007-06-13,36.2,58.2,28.3,9.9,1.28,49.4,39.0,Good,41.4,2007,6,Southwest Monsoon
2007-06-14,33.9,61.1,22.6,10.8,0.99,49.1,38.0,Good,41.6,2007,6,Southwest Monsoon
2007-06-15,44.5,80.6,28.7,7.5,1.39,38.7,47.0,Good,42.3,2007,6,Southwest Monsoon
2007-06-16,32.4,55.7,32.7,6.6,1.17,52.8,38.0,Good,43.1,2007,6,Southwest Monsoon
2007-06-17,51.1,89.1,27.8,10.7,1.12,47.7,53.0,Moderate,44.7,2007,6,Southwest Monsoon
2007-06-18,51.7,102.4,29.7,11.1,1.58,49.4,56.0,Moderate,45.0,2007,6,Southwest Monsoon
2007-06-19,40.0,74.6,26.7,9.4,1.61,59.8,45.0,Good,45.1,2007,6,Southwest Monsoon
2007-06-20,38.1,59.3,34.1,6.7,1.02,50.3,41.0,Good,45.4,2007,6,Southwest Monsoon
2007-06-21,45.4,72.9,32.3,5.4,1.67,49.3,47.0,Good,46.7,2007,6,Southwest Monsoon
2007-06-22,45.9,91.2,26.0,10.3,1.22,45.2,50.0,Good,47.1,2007,6,Southwest Monsoon
2007-06-23,32.6,60.7,27.2,7.9,1.44,46.3,38.0,Good,47.1,2007,6,Southwest Monsoon
2007-06-24,34.5,67.6,26.6,10.5,1.7,40.2,39.0,Good,45.1,2007,6,Southwest Monsoon
2007-06-25,28.9,47.8,21.9,6.7,1.2,46.6,32.0,Good,41.7,2007,6,Southwest Monsoon
2007-06-26,41.1,76.8,26.3,10.3,1.31,54.3,46.0,Good,41.9,2007,6,Southwest Monsoon
2007-06-27,42.9,79.6,22.2,10.9,1.43,48.2,46.0,Good,42.6,2007,6,Southwest Monsoon
2007-06-28,28.8,47.4,33.0,7.6,1.64,57.1,35.0,Good,40.9,2007,6,Southwest Monsoon
2007-06-29,35.0,62.2,33.4,8.7,1.25,48.6,40.0,Good,39.4,2007,6,Southwest Monsoon
2007-06-30,28.8,52.2,28.1,5.7,1.45,47.2,34.0,Good,38.9,2007,6,Southwest Monsoon
2007-07-01,31.9,55.5,30.1,5.8,1.05,45.1,36.0,Good,38.4,2007,7,Southwest Monsoon
2007-07-02,42.1,80.5,33.6,8.7,0.87,55.5,48.0,Good,40.7,2007,7,Southwest Monsoon
2007-07-03,33.1,63.4,32.4,7.0,1.08,43.3,39.0,Good,39.7,2007,7,Southwest Monsoon
2007-07-04,36.1,69.5,37.3,8.5,1.07,41.9,42.0,Good,39.1,2007,7,Southwest Monsoon
2007-07-05,26.8,51.0,30.3,8.4,1.49,41.0,33.0,Good,38.9,2007,7,Southwest Monsoon
2007-07-06,39.5,68.9,35.1,9.4,1.23,56.7,45.0,Good,39.6,2007,7,Southwest Monsoon
2007-07-07,37.9,64.1,29.7,9.1,1.09,46.0,41.0,Good,40.6,2007,7,Southwest Monsoon
2007-07-08,33.1,63.4,28.8,9.9,1.02,45.6,39.0,Good,41.0,2007,7,Southwest Monsoon
2007-07-09,36.9,64.4,32.0,8.5,1.14,47.7,41.0,Good,40.0,2007,7,Southwest Monsoon
2007-07-10,39.5,64.1,31.5,8.7,1.47,43.7,42.0,Good,40.4,2007,7,Southwest Monsoon
2007-07-11,32.5,57.0,26.9,8.0,1.02,41.1,36.0,Good,39.6,2007,7,Southwest Monsoon
2007-07-12,27.9,43.8,26.0,10.1,1.21,40.7,31.0,Good,39.3,2007,7,Southwest Monsoon
2007-07-13,50.8,93.8,29.6,11.7,1.15,40.4,53.0,Moderate,40.4,2007,7,Southwest Monsoon
2007-07-14,33.8,56.3,21.7,9.5,1.33,34.6,35.0,Good,39.6,2007,7,Southwest Monsoon
2007-07-15,37.5,61.2,28.1,9.0,1.71,44.8,40.0,Good,39.7,2007,7,Southwest Monsoon
2007-07-16,45.3,89.6,25.4,7.6,1.08,36.6,48.0,Good,40.7,2007,7,Southwest Monsoon
2007-07-17,62.9,118.8,27.0,8.5,1.32,47.0,64.0,Moderate,43.9,2007,7,Southwest Monsoon
2007-07-18,29.5,55.8,26.2,7.3,1.24,48.3,35.0,Good,43.7,2007,7,Southwest Monsoon
2007-07-19,41.3,74.9,32.4,6.8,1.13,41.0,45.0,Good,45.7,2007,7,Southwest Monsoon
2007-07-20,33.2,63.8,31.1,7.7,1.26,45.6,39.0,Good,43.7,2007,7,Southwest Monsoon
2007-07-21,34.4,64.7,29.5,11.6,1.7,47.4,40.0,Good,44.4,2007,7,Southwest Monsoon
2007-07-22,33.2,59.7,27.8,7.9,1.23,51.2,38.0,Good,44.1,2007,7,Southwest Monsoon
2007-07-23,30.3,60.1,33.4,11.3,1.23,41.6,37.0,Good,42.6,2007,7,Southwest Monsoon
2007-07-24,37.9,60.5,32.9,6.1,1.15,36.4,40.0,Good,39.1,2007,7,Southwest Monsoon
2007-07-25,27.9,55.0,28.9,8.3,1.35,38.8,34.0,Good,39.0,2007,7,Southwest Monsoon
2007-07-26,44.8,76.2,34.7,9.5,1.0,34.9,47.0,Good,39.3,2007,7,Southwest Monsoon
2007-07-27,38.6,68.1,28.5,9.6,1.28,45.4,42.0,Good,39.7,2007,7,Southwest Monsoon
2007-07-28,41.2,64.3,30.1,5.9,1.36,26.8,41.0,Good,39.9,2007,7,Southwest Monsoon
2007-07-29,34.9,61.8,27.0,5.6,1.03,37.8,38.0,Good,39.9,2007,7,Southwest Monsoon
2007-07-30,35.6,64.3,27.7,9.3,1.64,42.7,40.0,Good,40.3,2007,7,Southwest Monsoon
2007-07-31,40.2,80.4,26.8,6.9,1.64,37.1,44.0,Good,40.9,2007,7,Southwest Monsoon
2007-08-01,30.1,59.7,32.1,9.3,1.81,38.1,36.0,Good,41.1,2007,8,Southwest Monsoon
2007-08-02,35.7,70.8,30.8,10.9,1.39,46.4,42.0,Good,40.4,2007,8,Southwest Monsoon
2007-08-03,32.2,53.9,25.1,6.7,1.35,36.5,35.0,Good,39.4,2007,8,Southwest Monsoon
2007-08-04,32.0,63.8,31.6,7.0,1.23,39.7,38.0,Good,39.0,2007,8,Southwest Monsoon
2007-08-05,23.4,40.5,36.5,4.0,1.26,46.5,30.0,Good,37.9,2007,8,Southwest Monsoon
2007-08-06,47.6,91.6,26.7,9.7,1.48,39.8,51.0,Moderate,39.4,2007,8,Southwest Monsoon
2007-08-07,33.4,53.7,26.4,12.3,1.25,53.6,37.0,Good,38.4,2007,8,Southwest Monsoon
2007-08-08,46.3,81.2,29.3,5.6,1.21,46.9,49.0,Good,40.3,2007,8,Southwest Monsoon
2007-08-09,45.7,90.6,34.8,10.5,1.38,47.0,51.0,Moderate,41.6,2007,8,Southwest Monsoon
2007-08-10,29.2,57.6,27.5,10.7,1.09,34.2,34.0,Good,41.4,2007,8,Southwest Monsoon
2007-08-11,30.6,56.3,36.7,9.6,1.64,40.5,37.0,Good,41.3,2007,8,Southwest Monsoon
2007-08-12,56.1,106.6,25.1,6.8,1.25,39.4,57.0,Moderate,45.1,2007,8,Southwest Monsoon
2007-08-13,50.5,80.1,30.1,7.6,1.44,38.6,50.0,Good,45.0,2007,8,Southwest Monsoon
2007-08-14,38.0,70.7,22.5,9.2,1.04,37.8,41.0,Good,45.6,2007,8,Southwest Monsoon
2007-08-15,40.0,72.4,25.6,9.1,1.23,39.7,43.0,Good,44.7,2007,8,Southwest Monsoon
2007-08-16,33.8,52.2,28.4,7.5,1.15,28.2,35.0,Good,42.4,2007,8,Southwest Monsoon
2007-08-17,41.2,64.2,30.4,9.0,1.16,35.4,42.0,Good,43.6,2007,8,Southwest Monsoon
2007-08-18,33.2,51.6,34.3,7.3,0.96,48.3,37.0,Good,43.6,2007,8,Southwest Monsoon
2007-08-19,24.0,44.6,26.5,7.8,1.51,37.1,29.0,Good,39.6,2007,8,Southwest Monsoon
2007-08-20,28.9,45.5,31.0,7.6,1.37,36.3,32.0,Good,37.0,2007,8,Southwest Monsoon
2007-08-21,38.3,66.5,23.9,10.2,0.89,39.1,40.0,Good,36.9,2007,8,Southwest Monsoon
2007-08-22,30.3,50.8,33.3,5.2,1.19,39.5,35.0,Good,35.7,2007,8,Southwest Monsoon
2007-08-23,37.7,67.0,34.5,9.3,1.19,27.9,41.0,Good,36.6,2007,8,Southwest Monsoon
2007-08-24,30.7,56.9,33.5,8.8,1.34,39.7,36.0,Good,35.7,2007,8,Southwest Monsoon
2007-08-25,32.7,60.3,33.4,3.5,1.21,41.6,38.0,Good,35.9,2007,8,Southwest Monsoon
2007-08-26,44.2,77.6,28.9,9.8,1.52,41.6,47.0,Good,38.4,2007,8,Southwest Monsoon
2007-08-27,39.9,69.2,30.4,10.0,1.49,33.8,42.0,Good,39.9,2007,8,Southwest Monsoon
2007-08-28,38.1,64.8,28.9,7.2,1.8,46.1,41.0,Good,40.0,2007,8,Southwest Monsoon
2007-08-29,44.4,85.6,29.1,9.0,0.69,45.4,49.0,Good,42.0,2007,8,Southwest Monsoon
2007-08-30,41.6,69.2,26.3,8.6,1.59,44.8,43.0,Good,42.3,2007,8,Southwest Monsoon
2007-08-31,48.3,78.8,30.4,12.5,1.44,41.9,49.0,Good,44.1,2007,8,Southwest Monsoon
2007-09-01,35.0,65.5,31.0,9.1,1.2,36.0,39.0,Good,44.3,2007,9,Southwest Monsoon
2007-09-02,35.2,59.1,33.2,8.3,1.18,37.6,39.0,Good,43.1,2007,9,Southwest Monsoon
2007-09-03,29.1,56.0,30.9,10.2,1.22,44.6,35.0,Good,42.1,2007,9,Southwest Monsoon
2007-09-04,35.2,58.6,32.8,11.3,1.31,25.9,37.0,Good,41.6,2007,9,Southwest Monsoon
2007-09-05,45.0,83.2,26.3,12.2,1.11,33.5,47.0,Good,41.3,2007,9,Southwest Monsoon
2007-09-06,47.3,72.0,35.0,6.9,0.84,39.3,48.0,Good,42.0,2007,9,Southwest Monsoon
2007-09-07,44.9,76.0,28.3,8.9,1.12,35.7,46.0,Good,41.6,2007,9,Southwest Monsoon
2007-09-08,25.6,42.9,21.1,6.8,1.18,34.7,28.0,Good,40.0,2007,9,Southwest Monsoon
2007-09-09,45.8,87.4,27.7,12.7,1.39,44.7,50.0,Good,41.6,2007,9,Southwest Monsoon
2007-09-10,25.3,50.2,31.6,8.1,0.95,40.6,32.0,Good,41.1,2007,9,Southwest Monsoon
2007-09-11,44.5,77.0,29.6,10.0,1.41,41.0,47.0,Good,42.6,2007,9,Southwest Monsoon
2007-09-12,35.6,68.1,21.5,7.7,0.94,32.2,38.0,Good,41.3,2007,9,Southwest Monsoon
2007-09-13,43.1,79.8,30.2,9.0,1.34,33.2,46.0,Good,41.0,2007,9,Southwest Monsoon
2007-09-14,28.9,57.3,29.8,4.4,1.38,37.8,34.0,Good,39.3,2007,9,Southwest Monsoon
2007-09-15,46.4,88.4,25.4,10.1,1.21,37.8,49.0,Good,42.3,2007,9,Southwest Monsoon
2007-09-16,27.9,43.0,31.6,10.7,1.26,44.7,32.0,Good,39.7,2007,9,Southwest Monsoon
2007-09-17,33.5,62.2,28.8,6.9,1.42,37.2,38.0,Good,40.6,2007,9,Southwest Monsoon
2007-09-18,31.2,55.2,21.5,4.4,1.1,43.5,34.0,Good,38.7,2007,9,Southwest Monsoon
2007-09-19,25.9,39.1,32.1,11.0,1.32,38.3,30.0,Good,37.6,2007,9,Southwest Monsoon
2007-09-20,38.9,63.2,30.0,10.8,1.16,33.7,40.0,Good,36.7,2007,9,Southwest Monsoon
2007-09-21,50.8,99.7,35.4,9.6,1.63,30.9,54.0,Moderate,39.6,2007,9,Southwest Monsoon
2007-09-22,56.9,111.6,25.8,7.7,1.38,38.6,59.0,Moderate,41.0,2007,9,Southwest Monsoon
2007-09-23,38.9,73.8,28.4,7.5,0.98,32.6,42.0,Good,42.4,2007,9,Southwest Monsoon
2007-09-24,46.0,91.6,33.6,10.7,1.7,33.7,50.0,Good,44.1,2007,9,Southwest Monsoon
2007-09-25,39.8,75.8,25.6,7.4,1.5,30.0,42.0,Good,45.3,2007,9,Southwest Monsoon
2007-09-26,41.7,62.8,33.4,8.4,0.94,34.1,42.0,Good,47.0,2007,9,Southwest Monsoon
2007-09-27,35.8,58.9,33.5,8.0,0.86,36.9,39.0,Good,46.9,2007,9,Southwest Monsoon
2007-09-28,39.6,60.0,30.6,8.7,0.94,31.7,40.0,Good,44.9,2007,9,Southwest Monsoon
2007-09-29,42.0,64.9,28.6,7.8,1.0,30.1,42.0,Good,42.4,2007,9,Southwest Monsoon
2007-09-30,34.2,55.0,26.7,8.1,1.28,33.8,36.0,Good,41.6,2007,9,Southwest Monsoon
2007-10-01,41.3,72.3,29.1,12.4,1.37,35.7,44.0,Good,40.7,2007,10,Post-Monsoon
2007-10-02,41.4,79.6,33.2,9.8,1.53,33.2,45.0,Good,41.1,2007,10,Post-Monsoon
2007-10-03,47.6,91.9,20.5,9.6,1.27,42.6,50.0,Good,42.3,2007,10,Post-Monsoon
2007-10-04,34.3,62.1,29.8,10.4,1.28,33.5,38.0,Good,42.1,2007,10,Post-Monsoon
2007-10-05,41.4,81.4,29.2,6.6,1.38,35.4,45.0,Good,42.9,2007,10,Post-Monsoon
2007-10-06,55.2,96.6,28.0,10.8,1.63,37.1,55.0,Moderate,44.7,2007,10,Post-Monsoon
2007-10-07,49.9,97.1,32.7,9.4,0.88,34.6,53.0,Moderate,47.1,2007,10,Post-Monsoon
2007-10-08,51.2,88.5,26.1,7.6,1.29,27.6,50.0,Good,48.0,2007,10,Post-Monsoon
2007-10-09,42.0,68.8,36.8,8.6,1.68,28.2,44.0,Good,47.9,2007,10,Post-Monsoon
2007-10-10,44.0,86.3,35.7,9.9,1.37,26.7,48.0,Good,47.6,2007,10,Post-Monsoon
2007-10-11,48.8,82.7,37.4,9.0,1.28,25.5,50.0,Good,49.3,2007,10,Post-Monsoon
2007-10-12,52.7,92.4,29.9,11.0,1.15,33.4,53.0,Moderate,50.4,2007,10,Post-Monsoon
2007-10-13,28.1,46.8,32.8,7.3,1.58,38.1,33.0,Good,47.3,2007,10,Post-Monsoon
2007-10-14,32.6,59.7,35.3,6.5,1.23,35.4,37.0,Good,45.0,2007,10,Post-Monsoon
2007-10-15,51.0,101.8,31.5,7.3,1.23,35.2,54.0,Moderate,45.6,2007,10,Post-Monsoon
2007-10-16,39.9,60.3,29.7,8.0,1.69,26.4,39.0,Good,44.9,2007,10,Post-Monsoon
2007-10-17,37.1,72.3,32.5,9.1,1.09,33.9,42.0,Good,44.0,2007,10,Post-Monsoon
2007-10-18,33.0,49.6,31.2,8.1,1.76,34.0,35.0,Good,41.9,2007,10,Post-Monsoon
2007-10-19,37.9,63.8,27.7,6.4,1.39,39.6,40.0,Good,40.0,2007,10,Post-Monsoon
2007-10-20,32.0,50.7,22.5,6.1,1.36,32.8,33.0,Good,40.0,2007,10,Post-Monsoon
2007-10-21,56.4,106.0,28.3,6.2,1.42,39.7,58.0,Moderate,43.0,2007,10,Post-Monsoon
2007-10-22,41.6,63.5,22.6,8.2,1.36,31.6,40.0,Good,41.0,2007,10,Post-Monsoon
2007-10-23,41.4,73.5,28.5,7.2,1.22,33.1,43.0,Good,41.6,2007,10,Post-Monsoon
2007-10-24,45.9,75.6,37.7,8.0,1.44,36.6,48.0,Good,42.4,2007,10,Post-Monsoon
2007-10-25,48.5,76.0,24.6,11.5,1.23,31.9,47.0,Good,44.1,2007,10,Post-Monsoon
2007-10-26,48.4,91.3,33.8,6.5,1.46,23.0,50.0,Good,45.6,2007,10,Post-Monsoon
2007-10-27,49.3,79.3,36.9,9.4,1.93,25.5,49.0,Good,47.9,2007,10,Post-Monsoon
2007-10-28,37.4,60.3,25.7,6.4,1.52,43.7,39.0,Good,45.1,2007,10,Post-Monsoon
2007-10-29,39.7,65.0,39.2,6.1,1.3,30.8,42.0,Good,45.4,2007,10,Post-Monsoon
2007-10-30,47.2,84.6,31.7,9.5,1.41,33.7,49.0,Good,46.3,2007,10,Post-Monsoon
2007-10-31,38.1,69.7,37.4,10.1,1.27,24.8,42.0,Good,45.4,2007,10,Post-Monsoon
2007-11-01,41.8,63.0,33.1,10.4,1.3,31.8,42.0,Good,44.7,2007,11,Post-Monsoon
2007-11-02,44.6,72.3,30.2,11.0,1.32,36.7,45.0,Good,44.0,2007,11,Post-Monsoon
2007-11-03,47.3,81.1,20.4,8.4,1.47,20.6,45.0,Good,43.4,2007,11,Post-Monsoon
2007-11-04,29.4,48.9,27.5,9.3,1.58,30.9,32.0,Good,42.4,2007,11,Post-Monsoon
2007-11-05,46.8,90.9,34.7,8.0,1.88,30.8,50.0,Good,43.6,2007,11,Post-Monsoon
2007-11-06,40.2,76.1,38.1,11.4,1.51,31.4,45.0,Good,43.0,2007,11,Post-Monsoon
2007-11-07,46.8,84.8,26.4,7.0,1.08,40.3,49.0,Good,44.0,2007,11,Post-Monsoon
2007-11-08,47.2,78.8,31.8,9.8,1.03,28.3,47.0,Good,44.7,2007,11,Post-Monsoon
2007-11-09,53.1,98.2,30.2,6.7,1.33,27.2,54.0,Moderate,46.0,2007,11,Post-Monsoon
2007-11-10,51.3,98.5,33.7,9.0,1.6,28.6,54.0,Moderate,47.3,2007,11,Post-Monsoon
2007-11-11,51.2,92.1,32.4,5.6,1.3,41.3,53.0,Moderate,50.3,2007,11,Post-Monsoon
2007-11-12,51.9,98.2,30.5,9.3,1.3,30.2,54.0,Moderate,50.9,2007,11,Post-Monsoon
2007-11-13,43.8,82.2,34.6,12.7,1.57,32.3,47.0,Good,51.1,2007,11,Post-Monsoon
2007-11-14,42.0,75.1,29.2,7.7,1.34,17.9,43.0,Good,50.3,2007,11,Post-Monsoon
2007-11-15,47.9,79.3,32.0,8.3,1.61,29.9,48.0,Good,50.4,2007,11,Post-Monsoon
2007-11-16,46.9,87.9,35.1,10.5,0.97,28.4,50.0,Good,49.9,2007,11,Post-Monsoon
2007-11-17,39.6,63.6,29.1,8.9,1.47,29.7,40.0,Good,47.9,2007,11,Post-Monsoon
2007-11-18,44.6,84.3,30.6,11.2,0.91,27.6,47.0,Good,47.0,2007,11,Post-Monsoon
2007-11-19,41.6,79.0,29.8,9.6,1.42,22.7,44.0,Good,45.6,2007,11,Post-Monsoon
2007-11-20,35.8,68.5,33.8,10.6,1.58,27.8,40.0,Good,44.6,2007,11,Post-Monsoon
2007-11-21,50.8,88.3,33.4,4.8,0.94,36.6,52.0,Moderate,45.9,2007,11,Post-Monsoon
2007-11-22,42.2,67.3,29.9,9.0,0.78,29.7,42.0,Good,45.0,2007,11,Post-Monsoon
2007-11-23,56.1,87.0,33.4,6.6,1.56,20.1,53.0,Moderate,45.4,2007,11,Post-Monsoon
2007-11-24,30.4,56.9,20.8,8.0,1.46,23.2,32.0,Good,44.3,2007,11,Post-Monsoon
2007-11-25,37.9,73.6,35.3,9.7,1.08,30.4,43.0,Good,43.7,2007,11,Post-Monsoon
2007-11-26,42.0,76.7,35.6,8.3,1.41,23.7,44.0,Good,43.7,2007,11,Post-Monsoon
2007-11-27,49.8,78.2,30.0,7.2,1.21,30.2,48.0,Good,44.9,2007,11,Post-Monsoon
2007-11-28,44.6,87.7,29.2,11.3,1.31,35.3,48.0,Good,44.3,2007,11,Post-Monsoon
2007-11-29,44.0,87.7,31.8,10.8,1.28,31.4,48.0,Good,45.1,2007,11,Post-Monsoon
2007-11-30,33.9,58.2,28.4,6.1,1.02,24.1,36.0,Good,42.7,2007,11,Post-Monsoon
2007-12-01,38.5,69.2,32.6,11.3,1.72,29.9,42.0,Good,44.1,2007,12,Winter
2007-12-02,48.9,92.3,36.8,10.1,1.23,32.7,52.0,Moderate,45.4,2007,12,Winter
2007-12-03,37.1,69.2,38.8,10.3,1.51,25.4,41.0,Good,45.0,2007,12,Winter
2007-12-04,42.9,85.1,36.9,12.9,1.65,23.6,47.0,Good,44.9,2007,12,Winter
2007-12-05,50.1,78.0,47.1,10.1,1.28,28.6,51.0,Moderate,45.3,2007,12,Winter
2007-12-06,39.7,71.1,40.6,11.2,1.42,36.8,44.0,Good,44.7,2007,12,Winter
2007-12-07,57.8,106.8,38.5,10.2,1.36,24.1,59.0,Moderate,48.0,2007,12,Winter
2007-12-08,55.2,107.3,38.4,10.2,1.92,26.9,58.0,Moderate,50.3,2007,12,Winter
2007-12-09,35.6,69.0,35.9,7.9,1.72,23.2,40.0,Good,48.6,2007,12,Winter
2007-12-10,40.1,79.7,37.6,14.7,1.68,25.4,45.0,Good,49.1,2007,12,Winter
2007-12-11,30.6,53.7,36.4,3.6,2.04,28.5,35.0,Good,47.4,2007,12,Winter
2007-12-12,41.1,78.8,39.8,8.3,1.58,28.5,46.0,Good,46.7,2007,12,Winter
2007-12-13,52.0,89.0,34.5,8.8,1.41,15.5,51.0,Moderate,47.7,2007,12,Winter
2007-12-14,43.7,74.8,34.3,11.6,1.13,28.1,45.0,Good,45.7,2007,12,Winter
2007-12-15,49.8,81.0,40.3,7.0,1.32,38.1,51.0,Moderate,44.7,2007,12,Winter
2007-12-16,35.9,68.6,33.8,9.4,1.53,30.1,40.0,Good,44.7,2007,12,Winter
2007-12-17,52.2,104.0,31.8,11.4,1.72,28.2,55.0,Moderate,46.1,2007,12,Winter
2007-12-18,42.7,69.5,32.6,7.4,1.33,26.6,43.0,Good,47.3,2007,12,Winter
2007-12-19,46.7,71.3,38.6,9.5,1.89,24.9,46.0,Good,47.3,2007,12,Winter
2007-12-20,45.9,87.7,46.3,9.5,1.11,30.1,51.0,Moderate,47.3,2007,12,Winter
2007-12-21,37.7,68.2,32.0,8.6,1.4,31.9,41.0,Good,46.7,2007,12,Winter
2007-12-22,38.5,76.3,38.2,9.9,1.59,38.3,45.0,Good,45.9,2007,12,Winter
2007-12-23,53.4,86.8,36.2,8.9,1.52,26.0,53.0,Moderate,47.7,2007,12,Winter
2007-12-24,49.4,75.8,40.1,11.7,1.61,36.3,50.0,Good,47.0,2007,12,Winter
2007-12-25,54.0,94.2,38.1,10.9,1.52,36.1,56.0,Moderate,48.9,2007,12,Winter
2007-12-26,48.9,75.4,40.4,9.4,1.65,27.9,49.0,Good,49.3,2007,12,Winter
2007-12-27,47.6,77.6,36.8,9.9,1.43,26.3,48.0,Good,48.9,2007,12,Winter
2007-12-28,34.5,54.0,32.3,9.0,1.41,22.9,36.0,Good,48.1,2007,12,Winter
2007-12-29,44.7,72.1,32.9,12.5,1.28,30.3,45.0,Good,48.1,2007,12,Winter
2007-12-30,46.4,72.1,36.4,10.7,2.03,28.8,46.0,Good,47.1,2007,12,Winter
2007-12-31,60.3,119.2,37.5,9.5,1.47,35.6,64.0,Moderate,49.1,2007,12,Winter
2008-01-01,52.3,85.7,34.6,10.8,1.6,32.1,52.0,Moderate,48.6,2008,1,Winter
2008-01-02,58.3,100.3,44.2,13.7,1.44,20.5,59.0,Moderate,50.0,2008,1,Winter
2008-01-03,51.7,100.7,39.9,8.6,1.89,30.2,55.0,Moderate,51.0,2008,1,Winter
2008-01-04,42.5,78.2,27.8,11.7,1.49,32.1,45.0,Good,52.3,2008,1,Winter
2008-01-05,48.3,87.4,35.6,10.8,1.57,29.5,50.0,Good,53.0,2008,1,Winter
2008-01-06,49.2,91.1,32.0,9.5,1.27,35.2,52.0,Moderate,53.9,2008,1,Winter
2008-01-07,40.9,78.3,43.7,8.5,1.93,28.1,46.0,Good,51.3,2008,1,Winter
2008-01-08,44.8,86.9,27.2,11.7,1.54,36.2,48.0,Good,50.7,2008,1,Winter
2008-01-09,46.1,83.9,37.8,10.5,1.94,28.3,49.0,Good,49.3,2008,1,Winter
2008-01-10,58.7,114.2,36.6,12.8,1.34,29.5,61.0,Moderate,50.1,2008,1,Winter
2008-01-11,32.9,58.2,39.4,12.3,1.38,41.0,39.0,Good,49.3,2008,1,Winter
2008-01-12,55.9,91.7,37.4,10.6,1.36,24.8,55.0,Moderate,50.0,2008,1,Winter
2008-01-13,40.9,79.4,44.4,8.5,1.42,32.0,47.0,Good,49.3,2008,1,Winter
2008-01-14,37.9,67.1,39.8,14.1,1.66,33.3,42.0,Good,48.7,2008,1,Winter
2008-01-15,55.8,108.9,28.7,8.7,0.98,28.6,57.0,Moderate,50.0,2008,1,Winter
2008-01-16,52.6,80.0,41.7,11.6,1.48,34.2,53.0,Moderate,50.6,2008,1,Winter
2008-01-17,56.3,95.6,36.9,6.4,1.29,35.6,57.0,Moderate,50.0,2008,1,Winter
2008-01-18,53.1,104.8,41.7,13.1,1.27,33.4,58.0,Moderate,52.7,2008,1,Winter
2008-01-19,61.9,100.6,34.8,5.9,1.61,33.1,60.0,Moderate,53.4,2008,1,Winter
2008-01-20,51.4,101.3,31.9,9.3,1.57,34.9,55.0,Moderate,54.6,2008,1,Winter
2008-01-21,46.4,91.7,31.1,7.8,1.71,28.6,49.0,Good,55.6,2008,1,Winter
2008-01-22,49.9,96.9,40.3,12.7,1.59,29.4,54.0,Moderate,55.1,2008,1,Winter
2008-01-23,56.2,100.1,39.3,8.5,1.53,35.0,58.0,Moderate,55.9,2008,1,Winter
2008-01-24,42.0,76.7,33.7,11.0,1.35,30.9,45.0,Good,54.1,2008,1,Winter
2008-01-25,42.9,83.1,25.4,10.5,1.26,32.6,46.0,Good,52.4,2008,1,Winter
2008-01-26,45.3,85.6,40.5,7.1,1.64,20.4,48.0,Good,50.7,2008,1,Winter
2008-01-27,32.8,59.5,27.9,12.0,1.43,36.5,37.0,Good,48.1,2008,1,Winter
2008-01-28,48.5,96.5,44.8,9.9,1.59,39.9,55.0,Moderate,49.0,2008,1,Winter
2008-01-29,34.3,63.2,30.3,13.0,1.49,36.5,39.0,Good,46.9,2008,1,Winter
2008-01-30,47.9,95.2,36.2,11.2,0.98,37.4,53.0,Moderate,46.1,2008,1,Winter
2008-01-31,53.6,81.9,37.0,8.4,1.61,38.3,53.0,Moderate,47.3,2008,1,Winter
2008-02-01,44.2,69.3,37.6,9.5,1.33,32.9,45.0,Good,47.1,2008,2,Winter
2008-02-02,59.2,102.2,37.4,9.5,1.71,29.5,59.0,Moderate,48.7,2008,2,Winter
2008-02-03,37.3,63.1,36.6,11.5,1.03,36.7,41.0,Good,49.3,2008,2,Winter
2008-02-04,55.8,105.6,34.4,11.4,1.96,39.6,59.0,Moderate,49.9,2008,2,Winter
2008-02-05,52.2,82.5,35.2,8.6,1.34,29.0,51.0,Moderate,51.6,2008,2,Winter
2008-02-06,35.5,70.6,33.5,11.8,1.61,38.1,41.0,Good,49.9,2008,2,Winter
2008-02-07,66.5,110.2,36.6,10.8,1.31,36.1,65.0,Moderate,51.6,2008,2,Winter
2008-02-08,47.1,80.7,29.1,11.3,1.35,34.3,48.0,Good,52.0,2008,2,Winter
2008-02-09,41.4,67.7,37.4,11.0,1.66,33.6,44.0,Good,49.9,2008,2,Winter
2008-02-10,37.7,67.4,35.7,11.6,1.44,36.5,42.0,Good,50.0,2008,2,Winter
2008-02-11,46.0,70.3,39.5,8.1,1.46,32.0,47.0,Good,48.3,2008,2,Winter
2008-02-12,46.6,73.4,34.9,10.3,1.7,50.5,49.0,Good,48.0,2008,2,Winter
2008-02-13,48.2,90.3,38.5,12.0,1.54,28.9,51.0,Moderate,49.4,2008,2,Winter
2008-02-14,45.4,72.4,38.3,12.2,1.6,23.0,46.0,Good,46.7,2008,2,Winter
2008-02-15,51.9,84.0,35.5,12.2,1.33,37.3,52.0,Moderate,47.3,2008,2,Winter
2008-02-16,44.8,84.9,37.5,8.2,1.66,36.4,49.0,Good,48.0,2008,2,Winter
2008-02-17,34.0,52.5,30.7,14.1,1.52,38.8,37.0,Good,47.3,2008,2,Winter
2008-02-18,46.5,79.8,41.5,13.5,1.6,22.0,48.0,Good,47.4,2008,2,Winter
2008-02-19,30.9,46.7,33.9,8.2,1.58,27.3,33.0,Good,45.1,2008,2,Winter
2008-02-20,50.0,83.6,35.4,9.4,1.77,34.4,51.0,Moderate,45.1,2008,2,Winter
2008-02-21,40.6,75.2,31.9,11.3,1.62,41.2,45.0,Good,45.0,2008,2,Winter
2008-02-22,48.6,75.2,33.0,8.5,1.2,27.8,48.0,Good,44.4,2008,2,Winter
2008-02-23,56.7,110.2,42.7,11.1,1.34,39.3,61.0,Moderate,46.1,2008,2,Winter
2008-02-24,40.9,79.9,36.7,10.4,1.55,36.0,46.0,Good,47.4,2008,2,Winter
2008-02-25,54.9,85.3,34.9,12.5,1.59,38.2,54.0,Moderate,48.3,2008,2,Winter
2008-02-26,44.5,88.7,34.9,10.8,1.16,37.4,49.0,Good,50.6,2008,2,Winter
2008-02-27,59.8,98.6,36.1,5.9,1.24,37.6,59.0,Moderate,51.7,2008,2,Winter
2008-02-28,44.9,69.3,39.0,11.7,1.76,37.7,47.0,Good,52.0,2008,2,Winter
2008-02-29,41.6,62.5,36.9,12.4,1.98,43.5,44.0,Good,51.4,2008,2,Winter
2008-03-01,47.5,81.0,33.4,8.8,0.94,38.3,49.0,Good,49.7,2008,3,Summer
2008-03-02,39.6,72.0,28.8,9.2,1.41,43.4,43.0,Good,49.3,2008,3,Summer
2008-03-03,36.8,61.3,31.3,9.3,1.36,36.3,39.0,Good,47.1,2008,3,Summer
2008-03-04,39.4,75.5,33.1,7.8,1.6,44.2,45.0,Good,46.6,2008,3,Summer
2008-03-05,42.4,78.8,32.4,13.9,1.47,37.6,46.0,Good,44.7,2008,3,Summer
2008-03-06,52.1,87.3,30.8,7.4,1.56,37.8,52.0,Moderate,45.4,2008,3,Summer
2008-03-07,29.2,54.4,30.5,10.8,0.78,30.2,34.0,Good,44.0,2008,3,Summer
2008-03-08,42.9,84.4,34.2,10.8,1.35,34.7,47.0,Good,43.7,2008,3,Summer
2008-03-09,47.1,72.8,34.3,8.0,1.12,35.9,47.0,Good,44.3,2008,3,Summer
2008-03-10,44.1,72.8,36.5,7.1,1.13,30.5,45.0,Good,45.1,2008,3,Summer
2008-03-11,51.9,89.8,33.3,8.7,1.04,35.4,53.0,Moderate,46.3,2008,3,Summer
2008-03-12,42.2,73.8,24.2,10.3,1.41,43.3,44.0,Good,46.0,2008,3,Summer
2008-03-13,41.4,73.3,41.9,9.6,1.43,44.0,47.0,Good,45.3,2008,3,Summer
2008-03-14,46.8,77.3,32.5,12.6,1.51,31.7,48.0,Good,47.3,2008,3,Summer
2008-03-15,43.4,79.6,30.9,7.8,1.25,48.6,47.0,Good,47.3,2008,3,Summer
2008-03-16,40.0,72.8,32.3,7.8,1.7,44.6,44.0,Good,46.9,2008,3,Summer
2008-03-17,46.3,82.8,30.9,10.7,1.12,51.0,50.0,Good,47.6,2008,3,Summer
2008-03-18,38.1,59.4,29.2,5.6,0.99,46.3,40.0,Good,45.7,2008,3,Summer
2008-03-19,38.4,66.8,35.0,7.8,1.4,50.4,43.0,Good,45.6,2008,3,Summer
2008-03-20,39.0,65.5,31.9,8.7,1.18,43.1,42.0,Good,44.9,2008,3,Summer
2008-03-21,52.2,91.1,32.1,8.9,1.48,37.3,53.0,Moderate,45.6,2008,3,Summer
2008-03-22,20.2,39.5,22.5,7.9,1.19,42.6,26.0,Good,42.6,2008,3,Summer
2008-03-23,45.5,79.1,31.6,5.3,1.21,30.3,47.0,Good,43.0,2008,3,Summer
2008-03-24,42.9,64.7,28.2,11.8,1.18,40.8,43.0,Good,42.0,2008,3,Summer
2008-03-25,30.9,53.2,30.4,11.7,1.17,41.5,35.0,Good,41.3,2008,3,Summer
2008-03-26,44.9,85.7,33.4,5.6,1.35,46.7,50.0,Good,42.3,2008,3,Summer
2008-03-27,46.0,87.0,30.0,10.3,1.41,43.1,50.0,Good,43.4,2008,3,Summer
2008-03-28,46.8,82.3,30.6,8.7,1.17,40.0,49.0,Good,42.9,2008,3,Summer
2008-03-29,24.1,39.2,32.9,10.1,1.06,35.3,29.0,Good,43.3,2008,3,Summer
2008-03-30,52.3,90.6,30.5,9.5,1.47,38.7,53.0,Moderate,44.1,2008,3,Summer
2008-03-31,37.5,66.9,28.3,6.0,1.45,41.5,41.0,Good,43.9,2008,3,Summer
2008-04-01,47.5,95.0,25.6,10.6,1.53,39.2,51.0,Moderate,46.1,2008,4,Summer
2008-04-02,47.9,87.3,33.8,7.8,1.09,29.7,50.0,Good,46.1,2008,4,Summer
2008-04-03,36.6,67.5,30.4,3.8,1.14,42.9,41.0,Good,44.9,2008,4,Summer
2008-04-04,47.3,82.6,25.8,9.3,1.56,40.8,49.0,Good,44.9,2008,4,Summer
2008-04-05,40.0,67.1,37.5,5.8,1.57,40.8,43.0,Good,46.9,2008,4,Summer
2008-04-06,28.2,53.8,33.9,11.2,1.25,44.2,35.0,Good,44.3,2008,4,Summer
2008-04-07,50.9,88.9,27.7,8.4,1.11,41.2,52.0,Moderate,45.9,2008,4,Summer
2008-04-08,37.3,74.5,29.7,9.1,1.17,49.0,43.0,Good,44.7,2008,4,Summer
2008-04-09,36.7,63.5,36.7,10.0,1.11,40.0,41.0,Good,43.4,2008,4,Summer
2008-04-10,39.9,61.2,31.8,9.2,1.55,39.7,41.0,Good,43.4,2008,4,Summer
2008-04-11,44.6,82.1,30.8,7.8,1.53,40.2,48.0,Good,43.3,2008,4,Summer
2008-04-12,42.3,64.4,35.5,11.2,1.37,45.0,44.0,Good,43.4,2008,4,Summer
2008-04-13,46.5,75.6,31.8,8.7,1.18,45.0,48.0,Good,45.3,2008,4,Summer
2008-04-14,33.3,55.9,37.4,6.7,1.13,41.5,38.0,Good,43.3,2008,4,Summer
2008-04-15,37.5,70.1,30.8,9.7,1.2,44.3,42.0,Good,43.1,2008,4,Summer
2008-04-16,41.9,73.2,30.2,8.8,1.13,46.4,45.0,Good,43.7,2008,4,Summer
2008-04-17,56.0,84.8,32.6,8.9,1.41,47.6,55.0,Moderate,45.7,2008,4,Summer
2008-04-18,41.9,75.8,36.4,9.2,1.54,44.1,46.0,Good,45.4,2008,4,Summer
2008-04-19,50.3,85.8,33.5,9.1,1.55,40.9,52.0,Moderate,46.6,2008,4,Summer
2008-04-20,43.0,84.3,32.9,11.9,1.13,41.0,48.0,Good,46.6,2008,4,Summer
2008-04-21,39.3,68.8,29.3,7.3,1.2,46.3,43.0,Good,47.3,2008,4,Summer
2008-04-22,41.0,76.0,28.7,4.8,1.21,48.7,45.0,Good,47.7,2008,4,Summer
2008-04-23,41.5,66.8,36.4,9.0,1.6,46.0,45.0,Good,47.7,2008,4,Summer
2008-04-24,46.9,88.2,36.8,10.6,1.02,43.4,51.0,Moderate,47.1,2008,4,Summer
2008-04-25,52.3,97.3,36.7,5.8,1.35,42.5,56.0,Moderate,48.6,2008,4,Summer
2008-04-26,45.2,88.3,35.7,9.7,1.13,49.5,51.0,Moderate,48.4,2008,4,Summer
2008-04-27,51.0,77.4,34.3,6.1,1.3,39.4,50.0,Good,48.7,2008,4,Summer
2008-04-28,35.9,62.0,34.2,10.6,1.52,43.3,40.0,Good,48.3,2008,4,Summer
2008-04-29,39.8,73.2,33.0,9.0,1.27,52.9,45.0,Good,48.3,2008,4,Summer
2008-04-30,37.6,58.2,34.7,7.2,1.16,51.7,41.0,Good,47.7,2008,4,Summer
2008-05-01,44.9,76.6,32.3,5.7,1.54,46.9,48.0,Good,47.3,2008,5,Summer
2008-05-02,40.2,79.2,34.7,13.3,1.38,43.5,46.0,Good,45.9,2008,5,Summer
2008-05-03,47.8,82.1,36.2,13.6,1.47,44.8,51.0,Moderate,45.9,2008,5,Summer
2008-05-04,36.2,72.1,27.5,6.8,1.42,46.5,42.0,Good,44.7,2008,5,Summer
2008-05-05,43.0,65.7,36.9,6.7,1.05,56.7,46.0,Good,45.6,2008,5,Summer
2008-05-06,47.5,88.3,32.3,9.1,1.68,51.3,52.0,Moderate,46.6,2008,5,Summer
2008-05-07,28.2,50.6,38.3,8.2,1.3,50.7,35.0,Good,45.7,2008,5,Summer
2008-05-08,57.6,100.7,37.6,8.3,1.56,45.6,60.0,Moderate,47.4,2008,5,Summer
2008-05-09,40.7,80.8,28.4,9.5,1.26,43.9,46.0,Good,47.4,2008,5,Summer
2008-05-10,28.5,44.6,32.5,12.8,1.49,45.5,33.0,Good,44.9,2008,5,Summer
2008-05-11,43.8,85.3,25.0,11.7,1.6,51.5,48.0,Good,45.7,2008,5,Summer
2008-05-12,42.9,79.2,31.0,8.3,1.57,54.7,48.0,Good,46.0,2008,5,Summer
2008-05-13,42.1,68.6,33.9,10.4,1.38,42.3,45.0,Good,45.0,2008,5,Summer
2008-05-14,49.6,96.8,35.9,5.3,1.27,35.2,53.0,Moderate,47.6,2008,5,Summer
2008-05-15,47.9,82.2,32.8,9.2,1.0,45.4,50.0,Good,46.1,2008,5,Summer
2008-05-16,44.8,85.4,34.3,8.5,1.04,52.0,50.0,Good,46.7,2008,5,Summer
2008-05-17,45.9,77.7,29.7,10.9,1.63,43.9,48.0,Good,48.9,2008,5,Summer
2008-05-18,42.0,80.8,32.4,10.2,1.14,49.1,47.0,Good,48.7,2008,5,Summer
2008-05-19,55.1,100.2,30.1,9.6,1.55,41.2,57.0,Moderate,50.0,2008,5,Summer
2008-05-20,32.3,50.8,33.6,9.9,1.58,45.4,36.0,Good,48.7,2008,5,Summer
2008-05-21,43.7,79.7,38.1,8.1,1.46,42.9,48.0,Good,48.0,2008,5,Summer
2008-05-22,43.2,68.9,32.3,10.9,1.45,46.1,45.0,Good,47.3,2008,5,Summer
2008-05-23,48.4,82.6,27.0,9.9,1.06,47.9,50.0,Good,47.3,2008,5,Summer
2008-05-24,36.8,58.3,33.3,8.6,1.01,50.4,41.0,Good,46.3,2008,5,Summer
2008-05-25,30.5,46.1,35.3,9.1,1.19,44.9,35.0,Good,44.6,2008,5,Summer
2008-05-26,43.8,70.3,28.8,10.6,1.76,41.3,45.0,Good,42.9,2008,5,Summer
2008-05-27,44.7,79.0,37.5,10.8,1.69,39.4,48.0,Good,44.6,2008,5,Summer
2008-05-28,53.1,92.5,30.1,8.3,1.36,52.4,55.0,Moderate,45.6,2008,5,Summer
2008-05-29,33.8,59.2,29.5,7.2,1.67,42.9,38.0,Good,44.6,2008,5,Summer
2008-05-30,50.8,82.5,25.4,8.0,1.12,49.6,51.0,Moderate,44.7,2008,5,Summer
2008-05-31,59.3,109.2,33.6,8.1,1.26,39.0,61.0,Moderate,47.6,2008,5,Summer
2008-06-01,36.5,67.5,37.1,8.4,1.64,54.8,43.0,Good,48.7,2008,6,Southwest Monsoon
2008-06-02,30.1,50.5,31.3,10.6,1.77,60.9,36.0,Good,47.4,2008,6,Southwest Monsoon
2008-06-03,36.3,70.3,26.9,7.3,1.44,48.6,41.0,Good,46.4,2008,6,Southwest Monsoon
2008-06-04,39.2,71.4,31.9,9.0,0.85,45.5,44.0,Good,44.9,2008,6,Southwest Monsoon
2008-06-05,43.0,79.9,33.0,7.8,1.58,54.1,48.0,Good,46.3,2008,6,Southwest Monsoon
2008-06-06,35.0,57.3,34.4,8.2,1.18,44.5,39.0,Good,44.6,2008,6,Southwest Monsoon
2008-06-07,50.0,75.0,24.9,8.8,1.43,47.2,49.0,Good,42.9,2008,6,Southwest Monsoon
2008-06-08,31.3,60.5,36.0,10.6,1.27,33.1,37.0,Good,42.0,2008,6,Southwest Monsoon
2008-06-09,26.9,51.5,30.7,8.7,1.5,46.5,33.0,Good,41.6,2008,6,Southwest Monsoon
2008-06-10,46.8,73.2,36.8,3.0,1.26,52.6,49.0,Good,42.7,2008,6,Southwest Monsoon
2008-06-11,23.2,39.1,30.4,7.8,1.93,44.5,29.0,Good,40.6,2008,6,Southwest Monsoon
2008-06-12,37.7,69.0,32.1,11.3,1.49,44.6,42.0,Good,39.7,2008,6,Southwest Monsoon
2008-06-13,60.9,111.3,26.0,10.5,0.93,44.6,62.0,Moderate,43.0,2008,6,Southwest Monsoon
2008-06-14,39.0,75.3,33.7,9.8,0.83,56.5,46.0,Good,42.6,2008,6,Southwest Monsoon
2008-06-15,31.3,49.1,25.5,10.6,0.83,47.8,35.0,Good,42.3,2008,6,Southwest Monsoon
2008-06-16,38.7,66.4,30.9,9.8,1.39,46.8,42.0,Good,43.6,2008,6,Southwest Monsoon
2008-06-17,38.7,60.0,28.1,10.5,1.49,44.6,41.0,Good,42.4,2008,6,Southwest Monsoon
2008-06-18,40.2,68.2,29.4,6.0,0.59,51.7,44.0,Good,44.6,2008,6,Southwest Monsoon
2008-06-19,43.7,65.9,34.1,8.1,1.55,42.5,45.0,Good,45.0,2008,6,Southwest Monsoon
2008-06-20,31.8,62.0,28.4,8.5,1.33,52.7,38.0,Good,41.6,2008,6,Southwest Monsoon
2008-06-21,50.9,89.8,34.2,8.3,1.65,45.8,54.0,Moderate,42.7,2008,6,Southwest Monsoon
2008-06-22,40.8,78.6,28.2,7.0,1.0,52.2,46.0,Good,44.3,2008,6,Southwest Monsoon
2008-06-23,44.2,67.6,30.3,8.5,1.32,44.4,45.0,Good,44.7,2008,6,Southwest Monsoon
2008-06-24,34.7,56.0,38.4,4.8,1.32,50.3,40.0,Good,44.6,2008,6,Southwest Monsoon
2008-06-25,48.1,78.4,30.3,9.1,1.05,48.8,50.0,Good,45.4,2008,6,Southwest Monsoon
2008-06-26,37.3,63.2,29.5,6.9,0.93,45.8,41.0,Good,44.9,2008,6,Southwest Monsoon
2008-06-27,41.0,78.0,30.4,3.8,1.48,52.8,46.0,Good,46.0,2008,6,Southwest Monsoon
2008-06-28,32.6,55.1,28.5,8.2,1.3,52.4,37.0,Good,43.6,2008,6,Southwest Monsoon
2008-06-29,32.1,51.5,25.8,11.3,1.34,42.6,35.0,Good,42.0,2008,6,Southwest Monsoon
2008-06-30,43.9,67.3,38.0,4.4,1.59,42.2,46.0,Good,42.1,2008,6,Southwest Monsoon
2008-07-01,36.0,55.4,28.2,7.7,1.24,44.5,38.0,Good,41.9,2008,7,Southwest Monsoon
2008-07-02,33.1,62.3,23.7,5.0,1.32,44.1,37.0,Good,40.0,2008,7,Southwest Monsoon
2008-07-03,34.6,59.6,29.2,8.7,1.33,50.7,39.0,Good,39.7,2008,7,Southwest Monsoon
2008-07-04,44.0,82.0,31.2,9.9,1.34,47.2,48.0,Good,40.0,2008,7,Southwest Monsoon
2008-07-05,34.7,63.9,29.0,6.6,0.89,40.9,39.0,Good,40.3,2008,7,Southwest Monsoon
2008-07-06,38.3,60.0,29.6,7.4,1.24,41.0,40.0,Good,41.0,2008,7,Southwest Monsoon
2008-07-07,39.2,61.6,29.1,7.9,1.53,45.7,41.0,Good,40.3,2008,7,Southwest Monsoon
2008-07-08,25.7,48.2,31.5,10.7,1.21,49.4,33.0,Good,39.6,2008,7,Southwest Monsoon
2008-07-09,28.8,53.6,33.1,5.4,1.13,52.8,36.0,Good,39.4,2008,7,Southwest Monsoon
2008-07-10,41.5,70.0,29.0,7.3,1.49,45.7,44.0,Good,40.1,2008,7,Southwest Monsoon
2008-07-11,33.9,52.2,40.2,11.3,1.25,44.2,38.0,Good,38.7,2008,7,Southwest Monsoon
2008-07-12,46.5,70.0,34.0,6.7,1.09,43.6,47.0,Good,39.9,2008,7,Southwest Monsoon
2008-07-13,45.9,75.4,29.8,7.4,1.03,40.9,47.0,Good,40.9,2008,7,Southwest Monsoon
2008-07-14,44.1,66.4,24.5,8.6,1.23,44.1,44.0,Good,41.3,2008,7,Southwest Monsoon
2008-07-15,51.8,83.7,30.3,12.9,1.08,41.9,52.0,Moderate,44.0,2008,7,Southwest Monsoon
2008-07-16,38.5,65.9,33.1,6.0,1.47,42.2,42.0,Good,44.9,2008,7,Southwest Monsoon
2008-07-17,43.6,68.1,33.1,9.7,1.05,47.1,46.0,Good,45.1,2008,7,Southwest Monsoon
2008-07-18,35.0,54.3,22.4,5.8,1.31,36.8,36.0,Good,44.9,2008,7,Southwest Monsoon
2008-07-19,56.3,109.6,30.3,6.2,1.35,34.3,58.0,Moderate,46.4,2008,7,Southwest Monsoon
2008-07-20,53.0,95.0,27.9,7.2,1.4,39.0,54.0,Moderate,47.4,2008,7,Southwest Monsoon
2008-07-21,39.2,77.1,35.8,9.1,1.64,47.6,46.0,Good,47.7,2008,7,Southwest Monsoon
2008-07-22,41.8,69.9,30.3,7.1,0.91,45.3,44.0,Good,46.6,2008,7,Southwest Monsoon
2008-07-23,48.6,89.4,20.7,8.5,1.4,48.1,51.0,Moderate,47.9,2008,7,Southwest Monsoon
2008-07-24,38.1,61.0,31.3,6.8,1.4,35.0,40.0,Good,47.0,2008,7,Southwest Monsoon
2008-07-25,34.5,62.4,22.0,8.4,0.97,45.7,38.0,Good,47.3,2008,7,Southwest Monsoon
2008-07-26,45.2,70.8,31.6,5.6,1.31,35.8,45.0,Good,45.4,2008,7,Southwest Monsoon
2008-07-27,39.6,59.5,40.1,5.7,1.14,37.5,42.0,Good,43.7,2008,7,Southwest Monsoon
2008-07-28,40.4,79.4,35.2,7.2,1.6,36.3,45.0,Good,43.6,2008,7,Southwest Monsoon
2008-07-29,33.3,59.1,30.8,9.4,1.1,37.0,37.0,Good,42.6,2008,7,Southwest Monsoon
2008-07-30,27.1,53.2,27.2,8.6,1.19,55.7,34.0,Good,40.1,2008,7,Southwest Monsoon
2008-07-31,40.8,67.9,34.9,6.7,1.15,45.0,44.0,Good,40.7,2008,7,Southwest Monsoon
2008-08-01,45.4,75.6,32.3,5.9,1.04,33.0,46.0,Good,41.9,2008,8,Southwest Monsoon
2008-08-02,37.5,63.8,28.7,10.3,0.86,34.2,40.0,Good,41.1,2008,8,Southwest Monsoon
2008-08-03,49.2,91.1,27.6,10.9,1.04,42.4,52.0,Moderate,42.6,2008,8,Southwest Monsoon
2008-08-04,34.2,60.9,26.2,9.2,1.28,42.7,38.0,Good,41.6,2008,8,Southwest Monsoon
2008-08-05,31.7,62.3,31.3,8.9,1.32,38.5,37.0,Good,41.6,2008,8,Southwest Monsoon
2008-08-06,38.6,58.4,28.1,3.9,1.45,50.0,40.0,Good,42.4,2008,8,Southwest Monsoon
2008-08-07,38.5,71.4,30.5,9.4,1.51,36.9,42.0,Good,42.1,2008,8,Southwest Monsoon
2008-08-08,44.5,74.1,33.5,11.4,1.35,45.9,47.0,Good,42.3,2008,8,Southwest Monsoon
2008-08-09,33.7,53.5,28.0,10.3,1.44,45.2,37.0,Good,41.9,2008,8,Southwest Monsoon
2008-08-10,48.7,85.4,32.4,10.2,1.38,53.0,52.0,Moderate,41.9,2008,8,Southwest Monsoon
2008-08-11,52.9,92.7,34.7,4.9,0.97,53.0,56.0,Moderate,44.4,2008,8,Southwest Monsoon
2008-08-12,38.8,60.9,31.4,6.8,1.34,44.1,41.0,Good,45.0,2008,8,Southwest Monsoon
2008-08-13,47.8,76.6,32.6,7.9,1.25,40.7,49.0,Good,46.3,2008,8,Southwest Monsoon
2008-08-14,31.7,54.0,31.4,6.8,1.1,42.2,36.0,Good,45.4,2008,8,Southwest Monsoon
2008-08-15,46.6,79.5,29.9,5.9,1.25,43.3,48.0,Good,45.6,2008,8,Southwest Monsoon
2008-08-16,46.4,77.0,33.1,9.0,1.33,30.8,47.0,Good,47.0,2008,8,Southwest Monsoon
2008-08-17,45.1,71.1,36.2,10.2,1.19,32.4,46.0,Good,46.1,2008,8,Southwest Monsoon
2008-08-18,39.0,58.6,33.2,5.4,1.49,44.6,41.0,Good,44.0,2008,8,Southwest Monsoon
2008-08-19,18.4,36.6,29.0,10.3,1.33,46.5,26.0,Good,41.9,2008,8,Southwest Monsoon
2008-08-20,34.6,68.2,29.1,8.6,1.46,46.9,40.0,Good,40.6,2008,8,Southwest Monsoon
2008-08-21,34.7,60.5,29.3,11.4,1.56,38.2,38.0,Good,40.9,2008,8,Southwest Monsoon
2008-08-22,32.3,64.4,33.6,9.8,1.15,40.8,39.0,Good,39.6,2008,8,Southwest Monsoon
2008-08-23,40.0,73.4,27.7,8.5,1.13,36.7,43.0,Good,39.0,2008,8,Southwest Monsoon
2008-08-24,36.2,55.5,25.7,8.5,1.53,48.0,38.0,Good,37.9,2008,8,Southwest Monsoon
2008-08-25,33.3,52.0,31.7,8.2,1.05,36.8,36.0,Good,37.1,2008,8,Southwest Monsoon
2008-08-26,31.7,62.0,29.9,11.8,1.22,34.6,37.0,Good,38.7,2008,8,Southwest Monsoon
2008-08-27,34.1,61.9,35.7,9.4,1.12,37.6,39.0,Good,38.6,2008,8,Southwest Monsoon
2008-08-28,47.0,90.2,20.8,7.5,1.0,36.3,49.0,Good,40.1,2008,8,Southwest Monsoon
2008-08-29,34.5,67.2,30.6,9.3,1.37,37.7,40.0,Good,40.3,2008,8,Southwest Monsoon
2008-08-30,35.5,61.2,28.2,9.1,1.18,42.4,39.0,Good,39.7,2008,8,Southwest Monsoon
2008-08-31,35.9,54.7,33.0,7.4,1.01,38.4,38.0,Good,39.7,2008,8,Southwest Monsoon
2008-09-01,41.5,66.1,28.7,6.6,1.48,34.7,42.0,Good,40.6,2008,9,Southwest Monsoon
2008-09-02,42.3,64.8,27.5,10.6,0.91,34.2,42.0,Good,41.3,2008,9,Southwest Monsoon
2008-09-03,17.8,28.4,33.5,7.7,1.21,34.6,23.0,Good,39.0,2008,9,Southwest Monsoon
2008-09-04,46.3,78.9,34.9,7.6,1.47,27.4,47.0,Good,38.7,2008,9,Southwest Monsoon
2008-09-05,49.2,76.6,29.4,9.4,1.47,41.5,49.0,Good,40.0,2008,9,Southwest Monsoon
2008-09-06,31.7,50.3,29.5,7.2,1.35,39.9,35.0,Good,39.4,2008,9,Southwest Monsoon
2008-09-07,32.3,55.6,34.9,8.7,1.02,44.5,37.0,Good,39.3,2008,9,Southwest Monsoon
2008-09-08,35.9,60.0,34.4,7.4,1.29,38.4,39.0,Good,38.9,2008,9,Southwest Monsoon
2008-09-09,33.8,58.6,33.9,3.0,1.33,28.8,37.0,Good,38.1,2008,9,Southwest Monsoon
2008-09-10,40.7,69.7,28.2,9.0,1.13,37.0,43.0,Good,41.0,2008,9,Southwest Monsoon
2008-09-11,25.5,46.4,27.2,8.7,1.34,37.0,30.0,Good,38.6,2008,9,Southwest Monsoon
2008-09-12,31.3,61.6,36.3,8.9,0.88,39.6,38.0,Good,37.0,2008,9,Southwest Monsoon
2008-09-13,49.9,77.5,32.2,4.0,0.81,44.8,50.0,Good,39.1,2008,9,Southwest Monsoon
2008-09-14,32.6,50.5,26.8,5.5,1.08,29.5,34.0,Good,38.7,2008,9,Southwest Monsoon
2008-09-15,47.8,92.1,29.4,10.5,1.42,38.3,51.0,Moderate,40.4,2008,9,Southwest Monsoon
2008-09-16,41.6,72.9,30.1,8.3,1.46,34.5,44.0,Good,41.4,2008,9,Southwest Monsoon
2008-09-17,26.4,49.8,29.4,4.4,0.93,48.0,33.0,Good,40.0,2008,9,Southwest Monsoon
2008-09-18,43.5,70.0,28.6,8.4,1.61,39.4,44.0,Good,42.0,2008,9,Southwest Monsoon
2008-09-19,38.3,73.3,34.7,5.1,1.27,33.6,43.0,Good,42.7,2008,9,Southwest Monsoon
2008-09-20,35.9,70.5,31.9,7.1,0.86,41.5,41.0,Good,41.4,2008,9,Southwest Monsoon
2008-09-21,40.8,74.2,38.8,8.7,1.32,33.4,45.0,Good,43.0,2008,9,Southwest Monsoon
2008-09-22,42.4,65.9,34.9,8.7,1.56,37.9,44.0,Good,42.0,2008,9,Southwest Monsoon
2008-09-23,44.1,85.8,30.3,10.2,1.12,32.4,47.0,Good,42.4,2008,9,Southwest Monsoon
2008-09-24,47.3,89.8,35.5,9.1,1.49,34.5,51.0,Moderate,45.0,2008,9,Southwest Monsoon
2008-09-25,42.0,78.7,31.2,9.3,1.61,40.4,46.0,Good,45.3,2008,9,Southwest Monsoon
2008-09-26,29.5,44.7,39.5,7.4,1.26,32.1,33.0,Good,43.9,2008,9,Southwest Monsoon
2008-09-27,35.8,68.0,28.5,6.5,1.06,18.6,38.0,Good,43.4,2008,9,Southwest Monsoon
2008-09-28,59.7,93.7,31.6,8.3,1.54,29.8,57.0,Moderate,45.1,2008,9,Southwest Monsoon
2008-09-29,44.2,71.2,27.4,10.2,1.54,40.9,45.0,Good,45.3,2008,9,Southwest Monsoon
2008-09-30,55.7,99.6,28.3,9.9,0.93,41.3,57.0,Moderate,46.7,2008,9,Southwest Monsoon
2008-10-01,52.5,85.7,31.1,8.5,1.32,29.6,51.0,Moderate,46.7,2008,10,Post-Monsoon
2008-10-02,44.4,81.3,37.4,8.8,1.53,25.1,47.0,Good,46.9,2008,10,Post-Monsoon
2008-10-03,44.8,80.8,33.3,7.1,1.54,30.6,47.0,Good,48.9,2008,10,Post-Monsoon
2008-10-04,42.4,66.0,22.7,11.3,1.28,37.7,42.0,Good,49.4,2008,10,Post-Monsoon
2008-10-05,30.5,55.8,32.9,12.2,1.11,31.6,35.0,Good,46.3,2008,10,Post-Monsoon
2008-10-06,42.8,84.0,28.6,9.8,1.74,22.6,45.0,Good,46.3,2008,10,Post-Monsoon
2008-10-07,51.2,80.9,30.7,5.7,1.37,35.3,50.0,Good,45.3,2008,10,Post-Monsoon
2008-10-08,38.5,69.2,37.1,10.3,1.31,37.5,43.0,Good,44.1,2008,10,Post-Monsoon
2008-10-09,45.6,76.2,27.1,12.3,1.2,40.1,47.0,Good,44.1,2008,10,Post-Monsoon
2008-10-10,48.7,84.2,27.6,6.7,1.3,21.8,48.0,Good,44.3,2008,10,Post-Monsoon
2008-10-11,36.3,59.7,25.9,10.6,0.96,37.7,38.0,Good,43.7,2008,10,Post-Monsoon
2008-10-12,39.5,66.3,31.0,8.6,1.6,32.8,41.0,Good,44.6,2008,10,Post-Monsoon
2008-10-13,35.6,53.9,25.7,11.4,1.28,28.5,36.0,Good,43.3,2008,10,Post-Monsoon
2008-10-14,36.9,73.5,26.1,6.6,0.82,23.4,40.0,Good,41.9,2008,10,Post-Monsoon
2008-10-15,33.7,61.1,31.6,8.1,1.1,22.3,36.0,Good,40.9,2008,10,Post-Monsoon
2008-10-16,36.4,63.7,33.8,5.8,1.59,27.6,39.0,Good,39.7,2008,10,Post-Monsoon
2008-10-17,52.6,89.1,28.9,9.6,1.31,27.3,52.0,Moderate,40.3,2008,10,Post-Monsoon
2008-10-18,36.3,64.2,33.9,10.1,1.15,30.7,40.0,Good,40.6,2008,10,Post-Monsoon
2008-10-19,43.6,73.7,32.9,9.6,1.38,38.5,46.0,Good,41.3,2008,10,Post-Monsoon
2008-10-20,39.2,65.8,34.7,7.9,1.28,30.7,41.0,Good,42.0,2008,10,Post-Monsoon
2008-10-21,51.0,88.2,28.3,8.1,1.38,23.2,50.0,Good,43.4,2008,10,Post-Monsoon
2008-10-22,51.9,85.0,40.4,8.3,1.43,25.7,52.0,Moderate,45.7,2008,10,Post-Monsoon
2008-10-23,48.7,77.5,27.9,10.7,1.15,32.4,48.0,Good,47.0,2008,10,Post-Monsoon
2008-10-24,44.8,79.7,30.0,6.0,1.21,26.9,46.0,Good,46.1,2008,10,Post-Monsoon
2008-10-25,41.1,78.9,34.6,8.3,1.17,30.0,45.0,Good,46.9,2008,10,Post-Monsoon
2008-10-26,34.4,54.2,33.0,6.0,1.17,36.2,37.0,Good,45.6,2008,10,Post-Monsoon
2008-10-27,56.3,85.4,35.9,8.1,1.19,33.6,54.0,Moderate,47.4,2008,10,Post-Monsoon
2008-10-28,37.4,60.7,31.3,8.9,1.28,27.6,39.0,Good,45.9,2008,10,Post-Monsoon
2008-10-29,47.3,94.2,27.6,13.2,1.2,25.3,50.0,Good,45.6,2008,10,Post-Monsoon
2008-10-30,50.1,95.9,26.4,7.6,1.39,40.0,53.0,Moderate,46.3,2008,10,Post-Monsoon
2008-10-31,38.8,69.8,39.6,11.0,1.27,26.6,43.0,Good,45.9,2008,10,Post-Monsoon
2008-11-01,50.0,98.2,31.3,5.5,1.17,42.0,54.0,Moderate,47.1,2008,11,Post-Monsoon
2008-11-02,48.0,82.8,31.8,9.0,0.87,38.0,50.0,Good,49.0,2008,11,Post-Monsoon
2008-11-03,54.8,109.1,39.7,9.0,1.12,29.4,59.0,Moderate,49.7,2008,11,Post-Monsoon
2008-11-04,39.4,65.0,30.5,10.4,1.26,23.7,40.0,Good,49.9,2008,11,Post-Monsoon
2008-11-05,33.7,54.6,32.6,7.9,1.59,29.9,36.0,Good,47.9,2008,11,Post-Monsoon
2008-11-06,39.2,71.2,28.4,7.4,1.33,36.3,42.0,Good,46.3,2008,11,Post-Monsoon
2008-11-07,44.2,74.6,27.3,4.8,0.97,27.7,44.0,Good,46.4,2008,11,Post-Monsoon
2008-11-08,43.1,78.2,40.1,9.6,1.37,23.0,46.0,Good,45.3,2008,11,Post-Monsoon
2008-11-09,39.9,66.0,40.1,7.7,1.24,26.7,42.0,Good,44.1,2008,11,Post-Monsoon
2008-11-10,29.3,53.1,36.6,11.0,1.49,31.4,34.0,Good,40.6,2008,11,Post-Monsoon
2008-11-11,46.0,75.3,36.5,10.0,0.98,31.8,47.0,Good,41.6,2008,11,Post-Monsoon
2008-11-12,56.5,86.2,35.5,11.3,1.65,29.8,54.0,Moderate,44.1,2008,11,Post-Monsoon
2008-11-13,45.9,89.9,29.5,7.2,1.46,27.0,48.0,Good,45.0,2008,11,Post-Monsoon
2008-11-14,47.0,91.2,33.7,9.4,1.3,28.7,50.0,Good,45.9,2008,11,Post-Monsoon
2008-11-15,46.7,92.7,30.5,9.3,0.96,26.9,50.0,Good,46.4,2008,11,Post-Monsoon
2008-11-16,45.5,84.5,22.1,8.0,0.98,29.9,46.0,Good,47.0,2008,11,Post-Monsoon
2008-11-17,49.2,90.6,37.0,11.4,1.52,30.5,52.0,Moderate,49.6,2008,11,Post-Monsoon
2008-11-18,45.5,80.9,34.7,10.5,1.55,27.9,47.0,Good,49.6,2008,11,Post-Monsoon
2008-11-19,40.5,63.3,27.2,13.0,1.61,24.9,40.0,Good,47.6,2008,11,Post-Monsoon
2008-11-20,37.1,59.2,31.1,10.3,1.77,35.4,39.0,Good,46.3,2008,11,Post-Monsoon
2008-11-21,41.0,67.4,36.7,12.7,1.54,30.6,43.0,Good,45.3,2008,11,Post-Monsoon
2008-11-22,44.9,87.3,33.0,12.6,1.45,32.6,49.0,Good,45.1,2008,11,Post-Monsoon
2008-11-23,40.5,64.2,25.7,8.0,1.95,25.3,40.0,Good,44.3,2008,11,Post-Monsoon
2008-11-24,44.9,88.1,27.6,6.0,1.21,28.6,47.0,Good,43.6,2008,11,Post-Monsoon
2008-11-25,45.8,80.6,39.9,12.3,1.32,25.2,48.0,Good,43.7,2008,11,Post-Monsoon
2008-11-26,48.5,90.2,32.8,10.3,0.96,36.1,51.0,Moderate,45.3,2008,11,Post-Monsoon
2008-11-27,51.7,80.4,36.7,10.0,1.51,23.6,50.0,Good,46.9,2008,11,Post-Monsoon
2008-11-28,43.2,70.7,39.9,8.1,1.3,24.0,45.0,Good,47.1,2008,11,Post-Monsoon
2008-11-29,33.5,66.4,30.7,9.7,1.19,29.3,38.0,Good,45.6,2008,11,Post-Monsoon
2008-11-30,40.3,65.8,33.9,11.0,1.2,23.2,41.0,Good,45.7,2008,11,Post-Monsoon
2008-12-01,47.8,78.8,28.2,11.3,1.29,36.1,48.0,Good,45.9,2008,12,Winter
2008-12-02,34.6,55.4,33.7,8.7,1.45,22.0,36.0,Good,44.1,2008,12,Winter
2008-12-03,57.2,89.5,38.4,13.0,1.13,27.8,56.0,Moderate,44.9,2008,12,Winter
2008-12-04,48.5,78.4,35.3,10.2,1.15,27.0,48.0,Good,44.6,2008,12,Winter
2008-12-05,50.2,91.4,37.9,11.3,1.21,30.6,53.0,Moderate,45.7,2008,12,Winter
2008-12-06,57.1,98.6,39.8,11.6,1.33,25.1,57.0,Moderate,48.4,2008,12,Winter
2008-12-07,43.1,76.6,38.3,14.2,1.37,30.4,46.0,Good,49.1,2008,12,Winter
2008-12-08,51.5,80.4,37.4,10.8,0.98,24.8,50.0,Good,49.4,2008,12,Winter
2008-12-09,46.7,88.8,36.9,9.8,1.36,24.1,50.0,Good,51.4,2008,12,Winter
2008-12-10,46.2,87.4,33.8,13.8,1.28,28.0,49.0,Good,50.4,2008,12,Winter
2008-12-11,42.1,63.6,32.4,12.2,1.69,28.7,42.0,Good,49.6,2008,12,Winter
2008-12-12,59.2,100.1,41.5,10.6,1.27,27.8,59.0,Moderate,50.4,2008,12,Winter
2008-12-13,44.9,68.9,39.3,10.4,1.74,27.3,45.0,Good,48.7,2008,12,Winter
2008-12-14,52.4,99.3,32.9,6.0,1.93,36.1,55.0,Moderate,50.0,2008,12,Winter
2008-12-15,34.4,64.2,36.4,9.8,1.78,30.9,39.0,Good,48.4,2008,12,Winter
2008-12-16,55.8,108.8,30.5,7.1,1.24,30.6,58.0,Moderate,49.6,2008,12,Winter
2008-12-17,54.9,88.8,34.2,4.6,1.62,34.8,54.0,Moderate,50.3,2008,12,Winter
2008-12-18,48.2,83.3,38.2,8.8,1.25,22.7,49.0,Good,51.3,2008,12,Winter
2008-12-19,45.9,73.1,37.1,7.2,1.28,39.9,48.0,Good,49.7,2008,12,Winter
2008-12-20,50.3,84.8,36.6,9.2,1.3,21.2,50.0,Good,50.4,2008,12,Winter
2008-12-21,63.5,111.9,32.6,10.6,1.52,35.8,63.0,Moderate,51.6,2008,12,Winter
2008-12-22,35.2,53.7,31.8,11.0,1.27,21.3,36.0,Good,51.1,2008,12,Winter
2008-12-23,53.0,98.4,39.9,9.7,1.5,29.5,56.0,Moderate,50.9,2008,12,Winter
2008-12-24,41.1,72.8,42.9,7.4,1.81,26.7,45.0,Good,49.6,2008,12,Winter
2008-12-25,47.4,90.7,38.3,9.7,1.21,37.5,52.0,Moderate,50.0,2008,12,Winter
2008-12-26,45.8,74.9,35.4,7.8,1.09,33.8,47.0,Good,49.9,2008,12,Winter
2008-12-27,44.5,86.9,41.0,12.8,1.33,28.6,49.0,Good,49.7,2008,12,Winter
2008-12-28,47.4,94.8,32.7,9.7,1.85,32.8,51.0,Moderate,48.0,2008,12,Winter
2008-12-29,39.6,77.5,40.3,7.7,1.66,31.6,45.0,Good,49.3,2008,12,Winter
2008-12-30,54.7,103.3,33.7,7.8,1.28,33.8,57.0,Moderate,49.4,2008,12,Winter
2008-12-31,34.9,66.6,33.9,10.0,1.23,29.4,39.0,Good,48.6,2008,12,Winter
2009-01-01,52.2,93.2,35.3,10.2,1.57,26.9,53.0,Moderate,48.7,2009,1,Winter
2009-01-02,46.1,73.6,36.2,9.7,1.51,19.6,46.0,Good,48.6,2009,1,Winter
2009-01-03,40.2,73.9,40.3,12.1,1.65,28.8,44.0,Good,47.9,2009,1,Winter
2009-01-04,49.8,92.5,31.4,8.2,1.2,31.3,52.0,Moderate,48.0,2009,1,Winter
2009-01-05,37.5,74.7,34.2,12.1,1.47,25.7,42.0,Good,47.6,2009,1,Winter
2009-01-06,48.7,86.2,37.4,9.9,1.71,30.4,51.0,Moderate,46.7,2009,1,Winter
2009-01-07,38.4,62.9,38.8,11.8,1.77,36.5,42.0,Good,47.1,2009,1,Winter
2009-01-08,51.6,95.1,29.8,8.8,1.18,31.4,53.0,Moderate,47.1,2009,1,Winter
2009-01-09,41.9,83.4,33.4,11.7,1.47,27.4,46.0,Good,47.1,2009,1,Winter
2009-01-10,45.2,71.9,29.6,8.5,1.42,35.8,45.0,Good,47.3,2009,1,Winter
2009-01-11,50.5,83.9,33.8,13.4,1.28,32.4,51.0,Moderate,47.1,2009,1,Winter
2009-01-12,43.0,76.1,34.9,9.9,1.31,32.3,46.0,Good,47.7,2009,1,Winter
2009-01-13,48.0,76.1,38.6,9.2,1.63,29.3,48.0,Good,47.3,2009,1,Winter
2009-01-14,37.8,57.1,27.4,7.8,1.3,25.3,37.0,Good,46.6,2009,1,Winter
2009-01-15,52.8,88.1,39.2,10.4,1.46,32.9,54.0,Moderate,46.7,2009,1,Winter
2009-01-16,60.8,117.4,34.6,9.8,1.61,33.7,63.0,Moderate,49.1,2009,1,Winter
2009-01-17,67.9,103.4,35.2,7.4,1.93,28.3,63.0,Moderate,51.7,2009,1,Winter
2009-01-18,49.0,84.1,40.5,8.6,1.56,32.8,51.0,Moderate,51.7,2009,1,Winter
2009-01-19,53.9,101.4,42.0,6.2,1.67,36.8,58.0,Moderate,53.4,2009,1,Winter
2009-01-20,35.9,71.0,34.0,7.8,1.56,27.2,40.0,Good,52.3,2009,1,Winter
2009-01-21,58.9,117.4,34.0,9.9,1.44,34.5,62.0,Moderate,55.9,2009,1,Winter
2009-01-22,53.8,92.1,35.2,10.8,1.43,32.0,54.0,Moderate,55.9,2009,1,Winter
2009-01-23,45.0,88.9,33.9,9.5,1.46,37.4,50.0,Good,54.0,2009,1,Winter
2009-01-24,57.1,86.6,30.9,11.0,0.96,38.2,55.0,Moderate,52.9,2009,1,Winter
2009-01-25,46.6,87.3,36.5,8.2,1.41,33.2,50.0,Good,52.7,2009,1,Winter
2009-01-26,45.2,82.3,34.0,11.0,1.6,33.0,48.0,Good,51.3,2009,1,Winter
2009-01-27,51.7,84.0,37.0,9.9,1.31,32.0,52.0,Moderate,53.0,2009,1,Winter
2009-01-28,41.0,71.8,43.4,9.7,1.85,28.0,45.0,Good,50.6,2009,1,Winter
2009-01-29,55.6,86.9,36.2,10.1,1.52,35.4,55.0,Moderate,50.7,2009,1,Winter
2009-01-30,41.0,79.4,33.6,8.9,1.46,33.9,45.0,Good,50.0,2009,1,Winter
2009-01-31,41.0,68.9,35.5,7.0,1.7,29.9,43.0,Good,48.3,2009,1,Winter
2009-02-01,42.0,76.2,37.1,8.0,1.63,24.0,45.0,Good,47.6,2009,2,Winter
2009-02-02,53.7,84.8,35.9,7.3,1.77,36.7,53.0,Moderate,48.3,2009,2,Winter
2009-02-03,44.1,70.7,34.3,9.6,1.82,32.3,45.0,Good,47.3,2009,2,Winter
2009-02-04,39.0,77.8,30.0,11.5,1.86,37.7,44.0,Good,47.1,2009,2,Winter
2009-02-05,44.2,82.9,39.1,13.1,1.6,27.6,48.0,Good,46.1,2009,2,Winter
2009-02-06,48.2,95.4,33.0,9.2,1.23,34.9,52.0,Moderate,47.1,2009,2,Winter
2009-02-07,40.1,66.1,42.4,9.8,1.43,34.5,44.0,Good,47.3,2009,2,Winter
2009-02-08,40.3,63.8,35.1,13.9,1.9,33.8,42.0,Good,46.9,2009,2,Winter
2009-02-09,63.2,110.7,34.5,9.3,1.55,42.9,64.0,Moderate,48.4,2009,2,Winter
2009-02-10,42.4,74.0,34.7,8.8,1.38,35.9,45.0,Good,48.4,2009,2,Winter
2009-02-11,46.1,73.2,37.2,9.8,1.35,26.6,46.0,Good,48.7,2009,2,Winter
2009-02-12,45.8,85.5,33.1,9.3,1.22,33.4,49.0,Good,48.9,2009,2,Winter
2009-02-13,45.5,76.4,33.9,8.7,1.72,27.5,46.0,Good,48.0,2009,2,Winter
2009-02-14,52.7,84.0,39.1,7.3,1.38,42.8,54.0,Moderate,49.4,2009,2,Winter
2009-02-15,55.0,91.7,32.5,13.3,1.24,37.1,55.0,Moderate,51.3,2009,2,Winter
2009-02-16,46.3,82.4,38.8,11.2,1.27,35.2,50.0,Good,49.3,2009,2,Winter
2009-02-17,39.7,74.1,39.9,13.3,0.84,29.1,44.0,Good,49.1,2009,2,Winter
2009-02-18,57.3,99.8,39.3,12.0,1.67,37.2,59.0,Moderate,51.0,2009,2,Winter
2009-02-19,47.7,84.1,37.5,10.1,1.43,41.7,51.0,Moderate,51.3,2009,2,Winter
2009-02-20,60.5,95.0,29.4,6.8,1.18,39.6,58.0,Moderate,53.0,2009,2,Winter
2009-02-21,32.7,64.0,31.8,8.3,1.84,39.5,38.0,Good,50.7,2009,2,Winter
2009-02-22,49.8,97.8,31.2,9.4,1.5,44.1,54.0,Moderate,50.6,2009,2,Winter
2009-02-23,61.8,113.9,35.1,8.2,0.93,44.7,64.0,Moderate,52.6,2009,2,Winter
2009-02-24,45.9,69.3,36.7,6.5,1.67,37.8,46.0,Good,52.9,2009,2,Winter
2009-02-25,46.8,82.8,31.8,8.3,1.24,40.3,49.0,Good,51.4,2009,2,Winter
2009-02-26,50.5,91.6,35.9,9.7,1.64,46.1,54.0,Moderate,51.9,2009,2,Winter
2009-02-27,44.5,88.9,39.3,13.3,1.62,32.7,50.0,Good,50.7,2009,2,Winter
2009-02-28,46.2,92.3,32.6,8.8,1.52,40.2,51.0,Moderate,52.6,2009,2,Winter
2009-03-01,41.2,79.5,29.7,10.4,1.04,32.9,45.0,Good,51.3,2009,3,Summer
2009-03-02,39.2,60.1,37.7,7.1,1.04,36.3,41.0,Good,48.0,2009,3,Summer
2009-03-03,52.2,103.2,29.3,8.7,1.34,45.0,56.0,Moderate,49.4,2009,3,Summer
2009-03-04,46.8,84.6,34.4,9.0,1.11,34.2,49.0,Good,49.4,2009,3,Summer
2009-03-05,45.4,86.2,38.0,12.3,1.65,44.1,51.0,Moderate,49.0,2009,3,Summer
2009-03-06,49.3,83.9,28.3,3.8,1.32,35.7,49.0,Good,48.9,2009,3,Summer
2009-03-07,41.7,69.3,28.6,7.5,1.1,44.4,44.0,Good,47.9,2009,3,Summer
2009-03-08,38.2,66.1,32.1,9.6,1.6,46.4,42.0,Good,47.4,2009,3,Summer
2009-03-09,39.4,62.0,33.3,9.9,0.87,34.7,41.0,Good,47.4,2009,3,Summer
2009-03-10,43.6,73.2,30.4,6.7,1.32,42.6,46.0,Good,46.0,2009,3,Summer
2009-03-11,36.2,69.8,40.9,9.0,1.49,45.1,43.0,Good,45.1,2009,3,Summer
2009-03-12,40.1,60.9,35.2,9.1,1.09,37.5,42.0,Good,43.9,2009,3,Summer
2009-03-13,40.0,63.0,29.8,12.0,1.24,42.7,42.0,Good,42.9,2009,3,Summer
2009-03-14,58.5,91.4,27.5,9.5,1.18,34.0,56.0,Moderate,44.6,2009,3,Summer
2009-03-15,24.2,41.1,32.7,8.8,1.07,51.1,31.0,Good,43.0,2009,3,Summer
2009-03-16,42.3,84.6,34.8,7.7,1.37,36.6,47.0,Good,43.9,2009,3,Summer
2009-03-17,55.7,88.3,40.4,10.3,1.56,39.0,56.0,Moderate,45.3,2009,3,Summer
2009-03-18,44.5,69.9,33.3,8.6,1.85,39.9,46.0,Good,45.7,2009,3,Summer
2009-03-19,48.9,95.7,32.0,8.0,1.54,41.2,53.0,Moderate,47.3,2009,3,Summer
2009-03-20,44.3,86.0,29.1,7.1,1.28,43.1,48.0,Good,48.1,2009,3,Summer
2009-03-21,38.9,59.0,34.5,8.5,1.63,43.2,41.0,Good,46.0,2009,3,Summer
2009-03-22,27.9,52.3,37.1,10.5,1.07,35.6,34.0,Good,46.4,2009,3,Summer
2009-03-23,45.0,82.3,25.9,8.1,1.22,35.1,47.0,Good,46.4,2009,3,Summer
2009-03-24,38.2,71.9,33.3,9.2,1.59,50.0,44.0,Good,44.7,2009,3,Summer
2009-03-25,38.0,66.4,28.9,8.0,1.19,47.4,42.0,Good,44.1,2009,3,Summer
2009-03-26,40.1,80.0,27.6,9.4,1.36,35.2,44.0,Good,42.9,2009,3,Summer
2009-03-27,55.8,84.9,39.8,9.3,1.17,43.9,56.0,Moderate,44.0,2009,3,Summer
2009-03-28,60.4,97.7,36.5,7.5,1.3,46.1,60.0,Moderate,46.7,2009,3,Summer
2009-03-29,45.1,76.6,30.6,10.8,1.33,52.5,48.0,Good,48.7,2009,3,Summer
2009-03-30,40.3,69.6,32.4,6.2,1.47,39.9,43.0,Good,48.1,2009,3,Summer
2009-03-31,35.4,69.3,31.7,11.4,1.39,47.6,42.0,Good,47.9,2009,3,Summer
2009-04-01,46.9,83.4,28.5,9.8,1.53,46.2,50.0,Good,49.0,2009,4,Summer
2009-04-02,56.1,85.4,30.8,10.3,1.45,39.3,54.0,Moderate,50.4,2009,4,Summer
2009-04-03,41.9,71.3,36.1,5.8,1.3,41.1,45.0,Good,48.9,2009,4,Summer
2009-04-04,26.9,46.0,30.7,9.0,1.2,39.2,32.0,Good,44.9,2009,4,Summer
2009-04-05,48.3,95.7,34.9,12.2,1.12,44.9,54.0,Moderate,45.7,2009,4,Summer
2009-04-06,50.5,90.9,30.8,8.8,0.67,35.5,52.0,Moderate,47.0,2009,4,Summer
2009-04-07,32.5,59.1,28.3,9.4,1.32,42.3,37.0,Good,46.3,2009,4,Summer
2009-04-08,44.8,83.2,37.8,6.8,1.06,41.7,49.0,Good,46.1,2009,4,Summer
2009-04-09,46.8,88.1,24.5,6.2,1.13,33.4,48.0,Good,45.3,2009,4,Summer
2009-04-10,43.1,78.3,40.1,9.6,1.27,45.3,48.0,Good,45.7,2009,4,Summer
2009-04-11,38.1,61.6,37.0,7.7,1.22,47.2,42.0,Good,47.1,2009,4,Summer
2009-04-12,50.7,98.2,33.7,8.0,1.49,36.7,54.0,Moderate,47.1,2009,4,Summer
2009-04-13,40.8,76.1,31.2,9.2,1.31,44.1,45.0,Good,46.1,2009,4,Summer
2009-04-14,33.2,62.1,31.5,10.5,1.76,37.3,38.0,Good,46.3,2009,4,Summer
2009-04-15,29.3,58.5,33.8,10.2,1.9,44.9,36.0,Good,44.4,2009,4,Summer
2009-04-16,52.4,99.7,33.7,9.3,1.27,50.3,57.0,Moderate,45.7,2009,4,Summer
2009-04-17,47.9,91.7,29.2,10.9,1.14,42.0,51.0,Moderate,46.1,2009,4,Summer
2009-04-18,44.2,87.4,33.3,11.2,0.91,43.1,49.0,Good,47.1,2009,4,Summer
2009-04-19,40.5,63.8,34.0,8.8,1.81,55.3,44.0,Good,45.7,2009,4,Summer
2009-04-20,39.9,69.8,31.8,12.4,1.17,41.1,43.0,Good,45.4,2009,4,Summer
2009-04-21,36.1,64.6,42.0,6.9,1.21,40.2,42.0,Good,46.0,2009,4,Summer
2009-04-22,40.6,67.6,32.5,6.0,1.18,45.0,43.0,Good,47.0,2009,4,Summer
2009-04-23,28.8,55.2,25.9,11.9,1.27,57.2,36.0,Good,44.0,2009,4,Summer
2009-04-24,38.4,72.3,29.0,7.7,1.23,46.5,43.0,Good,42.9,2009,4,Summer
2009-04-25,41.4,77.1,35.8,3.8,1.56,42.0,46.0,Good,42.4,2009,4,Summer
2009-04-26,47.9,95.7,30.1,8.4,0.66,48.4,53.0,Moderate,43.7,2009,4,Summer
2009-04-27,43.3,70.6,29.0,11.6,1.3,49.2,46.0,Good,44.1,2009,4,Summer
2009-04-28,49.2,91.8,38.6,8.5,1.53,48.6,54.0,Moderate,45.9,2009,4,Summer
2009-04-29,53.0,94.2,33.7,5.5,1.18,49.6,56.0,Moderate,47.7,2009,4,Summer
2009-04-30,51.0,84.5,30.6,8.5,1.5,50.4,52.0,Moderate,50.0,2009,4,Summer
2009-05-01,46.9,74.1,21.9,8.7,1.37,45.2,47.0,Good,50.6,2009,5,Summer
2009-05-02,43.7,85.1,35.5,8.4,1.17,45.2,49.0,Good,51.0,2009,5,Summer
2009-05-03,36.7,66.0,33.1,7.7,0.9,50.2,42.0,Good,49.4,2009,5,Summer
2009-05-04,48.8,93.3,38.2,7.8,1.45,33.8,53.0,Moderate,50.4,2009,5,Summer
2009-05-05,55.4,98.1,28.6,10.6,1.43,33.1,55.0,Moderate,50.6,2009,5,Summer
2009-05-06,46.0,74.1,31.5,7.9,1.16,43.2,47.0,Good,49.3,2009,5,Summer
2009-05-07,57.0,95.2,34.2,9.4,1.54,44.5,58.0,Moderate,50.1,2009,5,Summer
2009-05-08,32.9,55.7,38.0,9.4,1.23,49.8,39.0,Good,49.0,2009,5,Summer
2009-05-09,35.5,70.6,34.0,7.9,1.61,43.9,42.0,Good,48.0,2009,5,Summer
2009-05-10,49.6,74.5,30.2,7.6,1.43,52.3,50.0,Good,49.1,2009,5,Summer
2009-05-11,45.5,90.6,38.2,9.2,1.72,47.2,52.0,Moderate,49.0,2009,5,Summer
2009-05-12,52.8,105.1,31.8,5.8,1.44,42.6,57.0,Moderate,49.3,2009,5,Summer
2009-05-13,43.5,86.9,33.7,13.1,1.36,52.9,50.0,Good,49.7,2009,5,Summer
2009-05-14,37.5,65.2,36.0,8.0,0.88,48.0,42.0,Good,47.4,2009,5,Summer
2009-05-15,42.1,83.4,39.3,8.3,1.36,40.2,48.0,Good,48.7,2009,5,Summer
2009-05-16,32.9,55.8,34.5,10.6,1.29,50.5,38.0,Good,48.1,2009,5,Summer
2009-05-17,35.7,54.0,43.3,8.8,1.75,50.5,41.0,Good,46.9,2009,5,Summer
2009-05-18,50.4,81.3,32.6,8.3,1.4,40.4,51.0,Moderate,46.7,2009,5,Summer
2009-05-19,49.7,98.1,34.2,6.4,1.55,47.3,55.0,Moderate,46.4,2009,5,Summer
2009-05-20,46.1,69.5,30.5,9.3,1.7,49.9,47.0,Good,46.0,2009,5,Summer
2009-05-21,31.6,55.9,34.3,8.0,1.68,38.5,36.0,Good,45.1,2009,5,Summer
2009-05-22,41.1,63.2,34.2,13.3,1.33,52.2,44.0,Good,44.6,2009,5,Summer
2009-05-23,35.0,57.6,37.2,8.7,1.88,43.5,39.0,Good,44.7,2009,5,Summer
2009-05-24,51.8,80.0,34.8,4.6,1.22,42.6,52.0,Moderate,46.3,2009,5,Summer
2009-05-25,39.5,76.3,30.9,11.0,1.68,45.5,45.0,Good,45.4,2009,5,Summer
2009-05-26,36.0,64.6,34.0,7.1,1.16,50.5,41.0,Good,43.4,2009,5,Summer
2009-05-27,43.8,85.5,30.3,9.3,1.57,52.0,49.0,Good,43.7,2009,5,Summer
2009-05-28,39.1,72.1,35.2,11.9,1.11,55.3,45.0,Good,45.0,2009,5,Summer
2009-05-29,54.0,107.2,30.8,8.5,1.5,42.5,58.0,Moderate,47.0,2009,5,Summer
2009-05-30,38.5,67.5,27.4,8.7,1.14,48.8,42.0,Good,47.4,2009,5,Summer
2009-05-31,33.8,61.5,28.5,11.0,1.09,50.4,39.0,Good,45.6,2009,5,Summer
2009-06-01,24.9,44.6,25.6,11.2,1.0,49.4,31.0,Good,43.6,2009,6,Southwest Monsoon
2009-06-02,39.8,69.3,28.2,8.1,1.37,42.1,43.0,Good,43.9,2009,6,Southwest Monsoon
2009-06-03,36.1,69.4,26.9,12.4,1.37,48.3,41.0,Good,42.7,2009,6,Southwest Monsoon
2009-06-04,30.0,54.7,30.2,4.9,1.37,48.6,36.0,Good,41.4,2009,6,Southwest Monsoon
2009-06-05,48.3,91.8,28.7,6.5,1.3,43.8,52.0,Moderate,40.6,2009,6,Southwest Monsoon
2009-06-06,44.7,84.6,32.4,7.4,1.12,49.4,49.0,Good,41.6,2009,6,Southwest Monsoon
2009-06-07,39.8,63.5,31.8,10.5,1.06,48.0,43.0,Good,42.1,2009,6,Southwest Monsoon
2009-06-08,49.6,90.4,29.0,8.8,0.99,40.2,52.0,Moderate,45.1,2009,6,Southwest Monsoon
2009-06-09,44.6,71.4,35.3,7.0,0.97,50.1,47.0,Good,45.7,2009,6,Southwest Monsoon
2009-06-10,34.2,61.3,26.6,6.1,1.55,47.4,38.0,Good,45.3,2009,6,Southwest Monsoon
2009-06-11,32.7,60.2,34.3,5.4,0.98,37.4,38.0,Good,45.6,2009,6,Southwest Monsoon
2009-06-12,45.7,91.4,30.9,9.4,1.01,45.3,51.0,Moderate,45.4,2009,6,Southwest Monsoon
2009-06-13,42.8,64.8,28.7,7.6,1.0,47.4,44.0,Good,44.7,2009,6,Southwest Monsoon
2009-06-14,41.2,63.7,34.8,10.4,0.91,43.2,43.0,Good,44.7,2009,6,Southwest Monsoon
2009-06-15,34.1,52.4,32.5,5.5,1.32,48.3,38.0,Good,42.7,2009,6,Southwest Monsoon
2009-06-16,44.3,75.2,26.0,9.2,1.11,45.2,46.0,Good,42.6,2009,6,Southwest Monsoon
2009-06-17,34.7,66.3,31.8,8.3,1.2,51.8,41.0,Good,43.0,2009,6,Southwest Monsoon
2009-06-18,39.3,75.5,31.8,7.1,1.22,47.9,45.0,Good,44.0,2009,6,Southwest Monsoon
2009-06-19,50.1,93.7,34.3,7.3,1.32,56.1,55.0,Moderate,44.6,2009,6,Southwest Monsoon
2009-06-20,35.4,68.9,32.6,8.6,1.27,39.3,41.0,Good,44.1,2009,6,Southwest Monsoon
2009-06-21,29.0,48.2,32.9,8.3,1.54,48.0,34.0,Good,42.9,2009,6,Southwest Monsoon
2009-06-22,32.6,50.4,28.5,6.6,1.08,46.5,36.0,Good,42.6,2009,6,Southwest Monsoon
2009-06-23,47.0,71.8,29.5,9.4,1.1,48.4,48.0,Good,42.9,2009,6,Southwest Monsoon
2009-06-24,41.8,80.5,29.3,10.8,1.22,52.8,47.0,Good,43.7,2009,6,Southwest Monsoon
2009-06-25,39.1,72.9,23.9,7.9,1.23,39.0,42.0,Good,43.3,2009,6,Southwest Monsoon
2009-06-26,36.4,67.4,35.4,9.5,0.87,49.2,42.0,Good,41.4,2009,6,Southwest Monsoon
2009-06-27,43.4,72.5,25.8,8.0,0.85,47.7,45.0,Good,42.0,2009,6,Southwest Monsoon
2009-06-28,34.1,57.6,31.4,13.2,1.21,41.4,38.0,Good,42.6,2009,6,Southwest Monsoon
2009-06-29,42.1,83.4,29.0,8.4,1.59,51.9,48.0,Good,44.3,2009,6,Southwest Monsoon
2009-06-30,34.9,53.4,29.3,9.8,1.62,46.1,38.0,Good,42.9,2009,6,Southwest Monsoon
2009-07-01,33.7,63.6,33.0,10.7,0.97,42.1,39.0,Good,41.7,2009,7,Southwest Monsoon
2009-07-02,35.5,58.8,27.2,7.1,1.14,47.8,39.0,Good,41.3,2009,7,Southwest Monsoon
2009-07-03,37.4,56.8,32.1,9.8,1.29,50.4,40.0,Good,41.0,2009,7,Southwest Monsoon
2009-07-04,39.7,74.2,32.2,10.1,1.32,47.1,45.0,Good,41.0,2009,7,Southwest Monsoon
2009-07-05,41.6,69.4,27.2,9.2,1.0,43.3,44.0,Good,41.9,2009,7,Southwest Monsoon
2009-07-06,14.2,26.4,33.9,9.9,1.67,41.4,22.0,Good,38.1,2009,7,Southwest Monsoon
2009-07-07,34.3,63.7,35.8,7.1,1.1,41.2,40.0,Good,38.4,2009,7,Southwest Monsoon
2009-07-08,37.3,65.9,38.4,12.6,1.34,49.1,43.0,Good,39.0,2009,7,Southwest Monsoon
2009-07-09,50.5,95.4,29.3,3.6,1.16,49.8,54.0,Moderate,41.1,2009,7,Southwest Monsoon
2009-07-10,32.4,58.1,31.1,6.7,1.16,43.7,37.0,Good,40.7,2009,7,Southwest Monsoon
2009-07-11,41.1,67.6,31.3,5.7,1.43,56.5,45.0,Good,40.7,2009,7,Southwest Monsoon
2009-07-12,50.5,94.2,33.0,11.8,1.49,43.6,54.0,Moderate,42.1,2009,7,Southwest Monsoon
2009-07-13,30.8,55.3,37.3,8.1,1.42,44.3,37.0,Good,44.3,2009,7,Southwest Monsoon
2009-07-14,42.8,64.4,32.2,6.5,1.02,42.6,44.0,Good,44.9,2009,7,Southwest Monsoon
2009-07-15,34.4,67.1,32.4,7.1,0.91,43.9,40.0,Good,44.4,2009,7,Southwest Monsoon
2009-07-16,36.5,64.7,25.9,5.3,1.91,44.2,40.0,Good,42.4,2009,7,Southwest Monsoon
2009-07-17,34.4,66.5,38.5,9.6,1.32,47.1,41.0,Good,43.0,2009,7,Southwest Monsoon
2009-07-18,34.9,67.7,28.4,9.8,1.02,43.2,40.0,Good,42.3,2009,7,Southwest Monsoon
2009-07-19,59.1,101.7,19.7,9.0,1.48,47.0,58.0,Moderate,42.9,2009,7,Southwest Monsoon
2009-07-20,45.9,80.5,21.2,6.9,1.02,35.9,46.0,Good,44.1,2009,7,Southwest Monsoon
2009-07-21,47.7,81.5,31.6,11.4,1.74,40.7,50.0,Good,45.0,2009,7,Southwest Monsoon
2009-07-22,43.4,74.9,25.2,9.9,1.14,42.1,45.0,Good,45.7,2009,7,Southwest Monsoon
2009-07-23,28.8,56.0,30.5,4.9,1.46,42.3,35.0,Good,45.0,2009,7,Southwest Monsoon
2009-07-24,42.8,81.0,24.3,8.0,1.23,34.2,45.0,Good,45.6,2009,7,Southwest Monsoon
2009-07-25,47.5,74.3,31.5,6.0,0.86,47.8,48.0,Good,46.7,2009,7,Southwest Monsoon
2009-07-26,34.0,61.4,32.6,11.3,1.0,35.8,38.0,Good,43.9,2009,7,Southwest Monsoon
2009-07-27,46.8,93.4,31.0,7.5,1.05,39.9,51.0,Moderate,44.6,2009,7,Southwest Monsoon
2009-07-28,44.9,80.8,27.5,5.6,1.07,42.8,47.0,Good,44.1,2009,7,Southwest Monsoon
2009-07-29,53.0,100.3,33.8,8.1,1.29,53.0,57.0,Moderate,45.9,2009,7,Southwest Monsoon
2009-07-30,37.1,69.9,28.7,11.5,0.64,42.4,42.0,Good,46.9,2009,7,Southwest Monsoon
2009-07-31,32.3,54.1,29.5,10.1,1.29,44.8,36.0,Good,45.6,2009,7,Southwest Monsoon
2009-08-01,37.5,63.2,28.3,7.3,0.75,35.0,39.0,Good,44.3,2009,8,Southwest Monsoon
2009-08-02,50.0,93.2,29.2,8.0,1.33,38.1,52.0,Moderate,46.3,2009,8,Southwest Monsoon
2009-08-03,27.2,47.6,37.8,10.3,1.04,38.6,33.0,Good,43.7,2009,8,Southwest Monsoon
2009-08-04,25.5,45.6,30.3,11.1,1.28,39.3,31.0,Good,41.4,2009,8,Southwest Monsoon
2009-08-05,40.6,75.4,25.2,5.2,0.91,46.9,44.0,Good,39.6,2009,8,Southwest Monsoon
2009-08-06,36.9,69.7,26.5,8.7,1.09,38.9,41.0,Good,39.4,2009,8,Southwest Monsoon
2009-08-07,40.1,65.5,29.2,7.6,0.73,44.6,42.0,Good,40.3,2009,8,Southwest Monsoon
2009-08-08,46.6,73.3,27.1,7.4,0.93,37.5,46.0,Good,41.3,2009,8,Southwest Monsoon
2009-08-09,36.1,59.5,34.1,11.0,1.6,39.9,40.0,Good,39.6,2009,8,Southwest Monsoon
2009-08-10,26.9,47.2,24.6,5.6,1.6,29.1,30.0,Good,39.1,2009,8,Southwest Monsoon
2009-08-11,54.3,90.8,29.8,10.0,0.93,40.6,54.0,Moderate,42.4,2009,8,Southwest Monsoon
2009-08-12,33.0,58.9,34.3,3.8,1.16,40.7,38.0,Good,41.6,2009,8,Southwest Monsoon
2009-08-13,32.6,49.8,27.8,6.9,1.36,39.7,35.0,Good,40.7,2009,8,Southwest Monsoon
2009-08-14,47.7,83.8,32.1,8.4,1.27,50.3,51.0,Moderate,42.0,2009,8,Southwest Monsoon
2009-08-15,37.3,62.8,30.1,5.7,1.1,40.0,40.0,Good,41.1,2009,8,Southwest Monsoon
2009-08-16,39.6,69.9,30.2,12.8,0.86,26.6,42.0,Good,41.4,2009,8,Southwest Monsoon
2009-08-17,43.4,74.2,32.3,6.9,1.46,34.0,45.0,Good,43.6,2009,8,Southwest Monsoon
2009-08-18,47.6,78.1,22.9,6.8,1.12,39.7,47.0,Good,42.6,2009,8,Southwest Monsoon
2009-08-19,37.7,73.5,35.1,7.0,0.83,39.4,43.0,Good,43.3,2009,8,Southwest Monsoon
2009-08-20,50.6,80.6,22.7,9.5,1.23,35.6,49.0,Good,45.3,2009,8,Southwest Monsoon
2009-08-21,25.0,46.1,34.8,10.2,1.16,34.4,31.0,Good,42.4,2009,8,Southwest Monsoon
2009-08-22,45.3,88.9,32.0,7.5,1.12,46.2,50.0,Good,43.9,2009,8,Southwest Monsoon
2009-08-23,34.1,60.4,32.2,9.0,1.28,44.1,39.0,Good,43.4,2009,8,Southwest Monsoon
2009-08-24,49.6,96.1,36.8,9.1,1.19,44.6,54.0,Moderate,44.7,2009,8,Southwest Monsoon
2009-08-25,41.0,64.1,35.0,5.5,1.53,35.7,42.0,Good,44.0,2009,8,Southwest Monsoon
2009-08-26,35.3,61.6,33.6,8.1,1.02,42.2,40.0,Good,43.6,2009,8,Southwest Monsoon
2009-08-27,44.6,77.2,29.1,7.1,1.05,25.7,45.0,Good,43.0,2009,8,Southwest Monsoon
2009-08-28,46.3,69.6,28.9,5.2,1.44,36.3,45.0,Good,45.0,2009,8,Southwest Monsoon
2009-08-29,44.5,76.6,33.7,8.8,1.87,35.5,47.0,Good,44.6,2009,8,Southwest Monsoon
2009-08-30,32.8,55.2,32.1,10.4,1.83,36.8,36.0,Good,44.1,2009,8,Southwest Monsoon
2009-08-31,36.6,67.2,31.5,8.4,1.43,38.5,41.0,Good,42.3,2009,8,Southwest Monsoon
2009-09-01,40.0,78.7,30.1,3.2,1.16,36.9,44.0,Good,42.6,2009,9,Southwest Monsoon
2009-09-02,39.7,61.3,28.7,7.4,1.11,32.0,40.0,Good,42.6,2009,9,Southwest Monsoon
2009-09-03,45.2,75.3,24.7,6.6,1.15,33.7,45.0,Good,42.6,2009,9,Southwest Monsoon
2009-09-04,25.9,44.6,32.9,11.9,0.81,39.9,31.0,Good,40.6,2009,9,Southwest Monsoon
2009-09-05,42.3,73.1,29.6,7.7,1.42,38.9,45.0,Good,40.3,2009,9,Southwest Monsoon
2009-09-06,38.0,71.7,29.3,5.1,1.58,45.0,42.0,Good,41.1,2009,9,Southwest Monsoon
2009-09-07,34.1,58.8,23.0,8.3,1.21,38.4,37.0,Good,40.6,2009,9,Southwest Monsoon
2009-09-08,34.8,52.7,30.7,9.6,1.77,44.1,37.0,Good,39.6,2009,9,Southwest Monsoon
2009-09-09,38.5,71.4,24.8,8.5,1.93,29.3,41.0,Good,39.7,2009,9,Southwest Monsoon
2009-09-10,14.8,28.7,28.6,6.7,1.47,39.3,22.0,Good,36.4,2009,9,Southwest Monsoon
2009-09-11,35.1,61.7,33.5,7.4,1.08,40.0,39.0,Good,37.6,2009,9,Southwest Monsoon
2009-09-12,33.9,60.6,30.6,9.9,1.03,38.5,38.0,Good,36.6,2009,9,Southwest Monsoon
2009-09-13,43.7,69.2,29.9,8.6,1.44,29.9,44.0,Good,36.9,2009,9,Southwest Monsoon
2009-09-14,34.4,55.3,27.4,12.4,1.51,37.4,37.0,Good,36.9,2009,9,Southwest Monsoon
2009-09-15,38.5,62.3,28.1,8.5,1.08,33.8,40.0,Good,37.3,2009,9,Southwest Monsoon
2009-09-16,50.8,87.1,36.6,5.3,0.96,38.4,52.0,Moderate,38.9,2009,9,Southwest Monsoon
2009-09-17,47.0,92.2,33.4,8.0,0.82,34.9,51.0,Moderate,43.0,2009,9,Southwest Monsoon
2009-09-18,46.3,81.6,28.5,7.2,0.98,32.3,47.0,Good,44.1,2009,9,Southwest Monsoon
2009-09-19,36.5,58.3,29.9,5.2,1.14,46.4,39.0,Good,44.3,2009,9,Southwest Monsoon
2009-09-20,43.8,71.5,31.3,8.6,1.52,31.2,44.0,Good,44.3,2009,9,Southwest Monsoon
2009-09-21,38.4,64.9,32.1,7.5,1.1,36.1,41.0,Good,44.9,2009,9,Southwest Monsoon
2009-09-22,38.6,70.0,30.2,8.6,0.48,37.4,42.0,Good,45.1,2009,9,Southwest Monsoon
2009-09-23,42.9,73.7,23.2,12.0,1.08,33.0,44.0,Good,44.0,2009,9,Southwest Monsoon
2009-09-24,35.8,60.8,30.2,8.1,1.16,40.0,39.0,Good,42.3,2009,9,Southwest Monsoon
2009-09-25,50.5,89.9,29.9,10.4,1.16,38.5,52.0,Moderate,43.0,2009,9,Southwest Monsoon
2009-09-26,38.9,63.0,38.5,8.0,0.6,25.6,41.0,Good,43.3,2009,9,Southwest Monsoon
2009-09-27,44.3,68.2,41.1,9.2,1.16,37.0,46.0,Good,43.6,2009,9,Southwest Monsoon
2009-09-28,50.2,75.9,32.9,8.6,1.58,42.6,50.0,Good,44.9,2009,9,Southwest Monsoon
2009-09-29,47.2,76.8,27.6,8.9,1.13,29.8,47.0,Good,45.6,2009,9,Southwest Monsoon
2009-09-30,30.1,46.6,33.0,8.1,1.08,26.6,32.0,Good,43.9,2009,9,Southwest Monsoon
2009-10-01,46.7,77.9,26.2,12.0,1.16,31.8,47.0,Good,45.0,2009,10,Post-Monsoon
2009-10-02,49.6,93.5,30.9,10.4,1.39,33.1,52.0,Moderate,45.0,2009,10,Post-Monsoon
2009-10-03,49.8,92.6,26.5,9.3,0.97,33.3,51.0,Moderate,46.4,2009,10,Post-Monsoon
2009-10-04,35.8,64.6,35.2,10.9,1.07,38.2,40.0,Good,45.6,2009,10,Post-Monsoon
2009-10-05,39.0,75.1,28.2,9.4,1.63,29.4,42.0,Good,44.4,2009,10,Post-Monsoon
2009-10-06,50.6,83.0,31.9,11.3,1.52,35.4,51.0,Moderate,45.0,2009,10,Post-Monsoon
2009-10-07,38.3,74.3,32.8,6.7,1.21,36.4,43.0,Good,46.6,2009,10,Post-Monsoon
2009-10-08,41.5,70.5,32.9,13.4,1.47,33.0,44.0,Good,46.1,2009,10,Post-Monsoon
2009-10-09,54.6,92.9,31.1,9.4,1.12,29.2,54.0,Moderate,46.4,2009,10,Post-Monsoon
2009-10-10,43.3,73.7,34.3,6.8,1.12,26.4,45.0,Good,45.6,2009,10,Post-Monsoon
2009-10-11,38.5,59.7,28.0,10.6,1.11,24.4,38.0,Good,45.3,2009,10,Post-Monsoon
2009-10-12,37.5,74.5,40.0,11.7,0.96,24.6,43.0,Good,45.4,2009,10,Post-Monsoon
2009-10-13,45.9,72.1,28.9,7.1,1.33,23.8,44.0,Good,44.4,2009,10,Post-Monsoon
2009-10-14,34.3,57.2,33.2,8.2,1.85,39.4,38.0,Good,43.7,2009,10,Post-Monsoon
2009-10-15,41.9,69.5,35.5,11.1,0.85,30.7,44.0,Good,43.7,2009,10,Post-Monsoon
2009-10-16,45.9,70.6,35.7,10.2,1.77,41.8,47.0,Good,42.7,2009,10,Post-Monsoon
2009-10-17,52.7,83.1,36.1,8.2,0.67,33.3,52.0,Moderate,43.7,2009,10,Post-Monsoon
2009-10-18,48.3,73.5,26.6,8.6,1.47,23.6,46.0,Good,44.9,2009,10,Post-Monsoon
2009-10-19,38.6,63.5,29.3,6.6,0.89,30.2,40.0,Good,44.4,2009,10,Post-Monsoon
2009-10-20,51.8,100.2,33.5,7.1,1.48,34.3,55.0,Moderate,46.0,2009,10,Post-Monsoon
2009-10-21,41.5,69.3,34.9,5.8,1.15,32.6,43.0,Good,46.7,2009,10,Post-Monsoon
2009-10-22,35.0,54.6,38.0,8.4,1.53,28.7,37.0,Good,45.7,2009,10,Post-Monsoon
2009-10-23,42.4,77.3,30.9,10.5,1.15,35.3,45.0,Good,45.4,2009,10,Post-Monsoon
2009-10-24,53.7,107.2,29.4,8.6,1.47,25.5,56.0,Moderate,46.0,2009,10,Post-Monsoon
2009-10-25,44.8,72.3,30.8,11.3,1.3,31.5,45.0,Good,45.9,2009,10,Post-Monsoon
2009-10-26,43.7,71.6,42.0,7.8,1.65,34.5,46.0,Good,46.7,2009,10,Post-Monsoon
2009-10-27,55.1,109.3,39.0,6.1,1.3,28.6,58.0,Moderate,47.1,2009,10,Post-Monsoon
2009-10-28,33.6,53.4,32.3,11.4,1.4,32.9,36.0,Good,46.1,2009,10,Post-Monsoon
2009-10-29,34.6,60.7,38.1,9.8,1.36,29.7,39.0,Good,46.4,2009,10,Post-Monsoon
2009-10-30,32.3,52.3,30.7,11.6,1.57,31.2,35.0,Good,45.0,2009,10,Post-Monsoon
2009-10-31,46.2,90.9,36.8,8.4,1.58,32.2,50.0,Good,44.1,2009,10,Post-Monsoon
2009-11-01,44.8,89.1,27.5,12.3,1.36,28.6,48.0,Good,44.6,2009,11,Post-Monsoon
2009-11-02,54.4,103.8,34.4,6.9,0.92,36.9,57.0,Moderate,46.1,2009,11,Post-Monsoon
2009-11-03,45.3,75.1,37.1,8.5,1.11,31.2,47.0,Good,44.6,2009,11,Post-Monsoon
2009-11-04,40.8,69.4,31.7,9.9,1.55,32.6,43.0,Good,45.6,2009,11,Post-Monsoon
2009-11-05,43.6,70.7,35.5,8.2,0.96,35.5,45.0,Good,46.4,2009,11,Post-Monsoon
2009-11-06,44.4,86.4,30.8,9.6,1.16,32.7,48.0,Good,48.3,2009,11,Post-Monsoon
2009-11-07,31.9,62.4,34.2,11.6,1.2,24.9,37.0,Good,46.4,2009,11,Post-Monsoon
2009-11-08,62.6,107.0,31.1,9.9,1.29,33.2,61.0,Moderate,48.3,2009,11,Post-Monsoon
2009-11-09,47.2,86.4,36.3,8.7,1.25,30.8,50.0,Good,47.3,2009,11,Post-Monsoon
2009-11-10,45.1,71.3,27.9,11.6,1.36,26.0,44.0,Good,46.9,2009,11,Post-Monsoon
2009-11-11,47.9,82.3,28.9,10.1,1.08,35.2,49.0,Good,47.7,2009,11,Post-Monsoon
2009-11-12,48.6,88.2,38.2,9.1,1.13,24.3,51.0,Moderate,48.6,2009,11,Post-Monsoon
2009-11-13,42.6,72.1,23.2,8.9,1.79,26.6,42.0,Good,47.7,2009,11,Post-Monsoon
2009-11-14,39.2,65.8,30.4,8.4,1.7,27.2,40.0,Good,48.1,2009,11,Post-Monsoon
2009-11-15,47.8,71.7,32.4,10.8,1.48,22.9,46.0,Good,46.0,2009,11,Post-Monsoon
2009-11-16,46.3,88.1,34.4,10.9,1.5,29.2,49.0,Good,45.9,2009,11,Post-Monsoon
2009-11-17,37.9,73.8,31.1,11.6,1.41,25.9,42.0,Good,45.6,2009,11,Post-Monsoon
2009-11-18,53.5,106.2,28.5,10.0,1.33,30.3,56.0,Moderate,46.6,2009,11,Post-Monsoon
2009-11-19,45.7,84.9,37.9,8.0,1.13,37.8,50.0,Good,46.4,2009,11,Post-Monsoon
2009-11-20,48.7,86.4,37.2,9.8,1.71,28.9,51.0,Moderate,47.7,2009,11,Post-Monsoon
2009-11-21,53.3,87.2,31.5,8.0,1.81,31.5,52.0,Moderate,49.4,2009,11,Post-Monsoon
2009-11-22,43.8,87.5,25.8,9.4,1.21,29.0,47.0,Good,49.6,2009,11,Post-Monsoon
2009-11-23,45.8,82.2,34.2,11.9,1.62,27.5,48.0,Good,49.4,2009,11,Post-Monsoon
2009-11-24,49.3,90.7,33.7,11.5,1.24,32.7,52.0,Moderate,50.9,2009,11,Post-Monsoon
2009-11-25,38.5,70.9,30.3,10.9,1.15,24.3,41.0,Good,48.7,2009,11,Post-Monsoon
2009-11-26,44.0,84.6,25.2,9.1,1.23,34.0,47.0,Good,48.3,2009,11,Post-Monsoon
2009-11-27,44.5,66.9,31.9,10.9,1.25,25.1,43.0,Good,47.1,2009,11,Post-Monsoon
2009-11-28,36.9,59.4,36.1,7.8,1.49,35.7,40.0,Good,45.4,2009,11,Post-Monsoon
2009-11-29,59.8,109.6,36.7,6.2,1.23,27.2,60.0,Moderate,47.3,2009,11,Post-Monsoon
2009-11-30,33.7,65.7,32.8,9.6,1.55,24.9,38.0,Good,45.9,2009,11,Post-Monsoon
2009-12-01,39.3,72.4,34.1,9.3,1.3,29.5,43.0,Good,44.6,2009,12,Winter
2009-12-02,57.6,98.3,39.5,13.7,1.47,21.1,57.0,Moderate,46.9,2009,12,Winter
2009-12-03,53.4,89.7,32.1,13.4,1.2,23.6,52.0,Moderate,47.6,2009,12,Winter
2009-12-04,41.2,77.0,31.2,8.7,1.15,31.4,44.0,Good,47.7,2009,12,Winter
2009-12-05,52.7,98.5,36.2,11.5,1.57,34.9,56.0,Moderate,50.0,2009,12,Winter
2009-12-06,58.7,105.8,42.8,6.2,1.51,26.1,60.0,Moderate,50.0,2009,12,Winter
2009-12-07,48.2,79.3,42.9,10.8,1.36,35.4,50.0,Good,51.7,2009,12,Winter
2009-12-08,66.6,130.7,31.3,10.7,1.25,27.0,67.0,Moderate,55.1,2009,12,Winter
2009-12-09,36.3,64.5,34.9,8.1,1.19,30.0,40.0,Good,52.7,2009,12,Winter
2009-12-10,53.3,100.9,46.3,10.4,1.57,30.1,57.0,Moderate,53.4,2009,12,Winter
2009-12-11,56.6,90.9,33.8,8.2,1.31,36.8,56.0,Moderate,55.1,2009,12,Winter
2009-12-12,54.6,91.4,43.1,11.8,1.89,33.6,56.0,Moderate,55.1,2009,12,Winter
2009-12-13,47.0,91.0,40.5,10.5,1.53,28.2,51.0,Moderate,53.9,2009,12,Winter
2009-12-14,46.4,70.7,41.4,13.1,1.61,41.4,48.0,Good,53.6,2009,12,Winter
2009-12-15,51.5,90.5,34.8,7.0,1.83,29.0,52.0,Moderate,51.4,2009,12,Winter
2009-12-16,54.1,94.2,34.9,8.4,1.28,29.4,54.0,Moderate,53.4,2009,12,Winter
2009-12-17,52.6,98.7,33.0,9.1,1.59,31.1,55.0,Moderate,53.1,2009,12,Winter
2009-12-18,55.7,91.4,39.8,11.1,1.61,27.3,55.0,Moderate,53.0,2009,12,Winter
2009-12-19,41.3,66.4,30.1,10.6,1.35,36.4,43.0,Good,51.1,2009,12,Winter
2009-12-20,46.8,91.9,35.9,11.0,1.1,29.1,51.0,Moderate,51.1,2009,12,Winter
2009-12-21,41.8,74.7,43.1,8.8,0.94,32.8,46.0,Good,50.9,2009,12,Winter
2009-12-22,45.7,70.9,39.0,6.3,1.26,15.9,45.0,Good,49.9,2009,12,Winter
2009-12-23,55.5,88.6,40.6,8.6,1.76,30.4,55.0,Moderate,50.0,2009,12,Winter
2009-12-24,49.2,98.3,30.0,12.9,1.29,28.1,52.0,Moderate,49.6,2009,12,Winter
2009-12-25,66.6,106.5,32.6,8.9,1.72,30.2,63.0,Moderate,50.7,2009,12,Winter
2009-12-26,49.8,89.8,41.3,10.5,1.29,24.1,52.0,Moderate,52.0,2009,12,Winter
2009-12-27,48.8,83.5,37.1,10.2,1.49,29.1,50.0,Good,51.9,2009,12,Winter
2009-12-28,49.1,95.5,32.4,10.5,1.62,31.0,52.0,Moderate,52.7,2009,12,Winter
2009-12-29,43.9,82.5,39.1,7.4,1.74,28.3,48.0,Good,53.1,2009,12,Winter
2009-12-30,48.0,86.3,34.5,11.7,1.37,33.2,50.0,Good,52.4,2009,12,Winter
2009-12-31,56.3,84.7,46.8,9.9,1.32,30.6,56.0,Moderate,53.0,2009,12,Winter
2010-01-01,50.1,97.2,39.5,14.9,0.99,33.5,55.0,Moderate,51.9,2010,1,Winter
2010-01-02,43.7,75.3,33.4,9.5,1.38,35.3,46.0,Good,51.0,2010,1,Winter
2010-01-03,42.8,84.2,40.6,12.2,2.31,35.8,49.0,Good,50.9,2010,1,Winter
2010-01-04,46.1,80.7,43.6,9.5,1.43,28.7,49.0,Good,50.4,2010,1,Winter
2010-01-05,49.8,92.0,37.1,14.1,1.13,28.7,52.0,Moderate,51.0,2010,1,Winter
2010-01-06,57.7,88.5,34.0,11.7,1.45,38.8,56.0,Moderate,51.9,2010,1,Winter
2010-01-07,39.9,74.7,37.3,7.7,1.67,26.3,44.0,Good,50.1,2010,1,Winter
2010-01-08,47.1,78.5,34.6,13.1,1.33,28.9,48.0,Good,49.1,2010,1,Winter
2010-01-09,50.3,84.3,36.1,11.8,1.21,30.3,51.0,Moderate,49.9,2010,1,Winter
2010-01-10,36.5,56.9,31.5,9.3,2.12,26.9,37.0,Good,48.1,2010,1,Winter
2010-01-11,43.5,68.4,40.6,7.0,1.58,31.8,45.0,Good,47.6,2010,1,Winter
2010-01-12,44.5,70.9,32.5,12.6,1.87,37.5,46.0,Good,46.7,2010,1,Winter
2010-01-13,43.7,72.8,39.5,13.7,1.39,21.9,45.0,Good,45.1,2010,1,Winter
2010-01-14,50.6,98.6,35.9,12.5,1.93,29.0,54.0,Moderate,46.6,2010,1,Winter
2010-01-15,48.2,81.1,38.0,12.0,1.72,32.3,50.0,Good,46.9,2010,1,Winter
2010-01-16,45.4,84.6,35.2,11.4,1.62,39.6,49.0,Good,46.6,2010,1,Winter
2010-01-17,52.3,80.6,37.9,12.4,1.18,24.5,51.0,Moderate,48.6,2010,1,Winter
2010-01-18,61.4,110.2,38.8,9.7,1.31,36.4,63.0,Moderate,51.1,2010,1,Winter
2010-01-19,60.8,105.8,35.7,6.6,1.6,31.3,60.0,Moderate,53.1,2010,1,Winter
2010-01-20,35.8,71.3,30.2,11.8,1.4,33.1,41.0,Good,52.6,2010,1,Winter
2010-01-21,53.3,102.6,38.4,11.0,1.58,38.5,57.0,Moderate,53.0,2010,1,Winter
2010-01-22,48.1,83.0,38.7,7.4,1.37,31.9,50.0,Good,53.0,2010,1,Winter
2010-01-23,50.4,95.1,31.4,5.9,1.6,32.5,52.0,Moderate,53.4,2010,1,Winter
2010-01-24,46.5,74.3,33.2,10.4,1.33,33.4,47.0,Good,52.9,2010,1,Winter
2010-01-25,50.1,89.3,35.7,9.9,1.6,33.9,52.0,Moderate,51.3,2010,1,Winter
2010-01-26,50.4,77.4,27.9,9.8,1.24,27.6,48.0,Good,49.6,2010,1,Winter
2010-01-27,45.2,75.7,39.9,11.4,1.4,34.0,48.0,Good,50.6,2010,1,Winter
2010-01-28,43.0,69.4,35.1,8.8,1.44,35.5,45.0,Good,48.9,2010,1,Winter
2010-01-29,46.2,85.8,38.3,11.6,1.26,25.4,49.0,Good,48.7,2010,1,Winter
2010-01-30,50.9,88.9,32.9,11.6,1.33,37.9,53.0,Moderate,48.9,2010,1,Winter
2010-01-31,53.5,100.3,45.2,4.9,1.56,38.3,58.0,Moderate,50.4,2010,1,Winter
2010-02-01,55.3,97.2,31.4,10.1,1.67,35.1,56.0,Moderate,51.0,2010,2,Winter
2010-02-02,45.8,70.7,35.1,10.7,1.55,27.2,46.0,Good,50.7,2010,2,Winter
2010-02-03,51.3,95.8,41.9,11.7,1.62,30.9,55.0,Moderate,51.7,2010,2,Winter
2010-02-04,56.0,107.4,32.5,11.3,1.51,22.6,57.0,Moderate,53.4,2010,2,Winter
2010-02-05,57.5,112.1,37.5,6.7,1.32,32.6,60.0,Moderate,55.0,2010,2,Winter
2010-02-06,48.9,87.3,39.6,10.4,1.06,30.0,51.0,Moderate,54.7,2010,2,Winter
2010-02-07,47.8,89.6,31.1,9.7,1.36,34.3,50.0,Good,53.6,2010,2,Winter
2010-02-08,50.6,95.0,34.4,12.4,1.46,39.8,54.0,Moderate,53.3,2010,2,Winter
2010-02-09,41.3,65.1,37.9,7.9,1.33,32.5,43.0,Good,52.9,2010,2,Winter
2010-02-10,47.9,75.9,38.9,10.2,1.88,37.2,49.0,Good,52.0,2010,2,Winter
2010-02-11,54.5,83.7,33.8,12.0,1.56,34.8,53.0,Moderate,51.4,2010,2,Winter
2010-02-12,53.8,89.3,44.5,11.8,1.47,30.9,55.0,Moderate,50.7,2010,2,Winter
2010-02-13,47.4,82.3,39.0,9.9,1.63,42.6,51.0,Moderate,50.7,2010,2,Winter
2010-02-14,50.8,101.6,40.2,12.6,2.0,39.8,56.0,Moderate,51.6,2010,2,Winter
2010-02-15,43.5,74.7,40.0,8.8,1.42,30.3,46.0,Good,50.4,2010,2,Winter
2010-02-16,54.2,101.0,30.8,11.7,1.25,38.2,56.0,Moderate,52.3,2010,2,Winter
2010-02-17,48.8,90.0,36.6,12.0,1.57,35.1,52.0,Moderate,52.7,2010,2,Winter
2010-02-18,47.4,75.9,37.0,7.5,1.2,38.9,49.0,Good,52.1,2010,2,Winter
2010-02-19,46.8,71.5,36.1,12.9,1.25,29.8,47.0,Good,51.0,2010,2,Winter
2010-02-20,48.9,86.6,37.9,7.0,1.85,34.9,51.0,Moderate,51.0,2010,2,Winter
2010-02-21,46.2,85.4,28.7,11.0,1.81,38.5,49.0,Good,50.0,2010,2,Winter
2010-02-22,53.9,107.8,37.6,9.3,1.65,31.5,58.0,Moderate,51.7,2010,2,Winter
2010-02-23,46.5,78.1,35.9,12.3,1.59,38.4,49.0,Good,50.7,2010,2,Winter
2010-02-24,60.5,117.8,28.6,10.9,1.18,35.6,62.0,Moderate,52.1,2010,2,Winter
2010-02-25,59.6,100.7,38.8,13.8,1.29,37.6,60.0,Moderate,53.7,2010,2,Winter
2010-02-26,43.1,79.4,32.4,12.5,1.82,42.6,47.0,Good,53.7,2010,2,Winter
2010-02-27,49.8,89.6,35.6,10.5,1.36,51.2,54.0,Moderate,54.1,2010,2,Winter
2010-02-28,44.7,68.3,36.1,12.7,1.29,38.2,46.0,Good,53.7,2010,2,Winter
2010-03-01,42.2,65.0,26.1,9.0,1.3,37.1,42.0,Good,51.4,2010,3,Summer
2010-03-02,58.5,88.4,26.6,7.1,1.49,47.8,56.0,Moderate,52.4,2010,3,Summer
2010-03-03,42.3,71.4,35.7,8.3,1.3,44.0,46.0,Good,50.1,2010,3,Summer
2010-03-04,47.0,88.1,31.1,9.0,1.31,47.3,51.0,Moderate,48.9,2010,3,Summer
2010-03-05,48.3,76.6,31.9,3.0,0.81,39.8,48.0,Good,49.0,2010,3,Summer
2010-03-06,37.5,67.6,33.8,12.0,1.33,42.9,42.0,Good,47.3,2010,3,Summer
2010-03-07,38.5,63.3,26.5,9.1,1.6,39.2,40.0,Good,46.4,2010,3,Summer
2010-03-08,36.1,68.5,31.9,11.2,1.33,39.4,41.0,Good,46.3,2010,3,Summer
2010-03-09,38.3,72.7,33.1,9.6,1.87,39.8,43.0,Good,44.4,2010,3,Summer
2010-03-10,24.5,46.3,40.6,6.2,1.17,41.5,32.0,Good,42.4,2010,3,Summer
2010-03-11,48.3,85.1,29.8,9.4,1.23,39.9,50.0,Good,42.3,2010,3,Summer
2010-03-12,58.9,96.7,36.7,9.0,1.18,46.6,59.0,Moderate,43.9,2010,3,Summer
2010-03-13,45.5,86.7,33.5,7.9,1.18,42.7,50.0,Good,45.0,2010,3,Summer
2010-03-14,34.6,55.1,29.0,8.5,1.48,41.0,37.0,Good,44.6,2010,3,Summer
2010-03-15,40.0,65.8,31.0,9.3,1.28,41.0,42.0,Good,44.7,2010,3,Summer
2010-03-16,41.3,65.7,37.0,4.3,1.84,38.2,43.0,Good,44.7,2010,3,Summer
2010-03-17,37.4,68.7,36.6,10.0,1.41,35.0,42.0,Good,46.1,2010,3,Summer
2010-03-18,50.5,93.1,31.4,10.5,1.13,45.6,54.0,Moderate,46.7,2010,3,Summer
2010-03-19,50.2,91.6,34.9,10.3,1.1,45.7,54.0,Moderate,46.0,2010,3,Summer
2010-03-20,36.4,62.2,29.4,8.7,1.77,35.4,39.0,Good,44.4,2010,3,Summer
2010-03-21,49.6,76.8,32.8,13.2,1.41,35.6,49.0,Good,46.1,2010,3,Summer
2010-03-22,55.2,107.9,31.8,10.3,1.68,44.7,59.0,Moderate,48.6,2010,3,Summer
2010-03-23,57.8,101.4,37.2,8.4,1.37,39.7,59.0,Moderate,50.9,2010,3,Summer
2010-03-24,64.6,110.0,35.4,6.8,1.35,36.5,64.0,Moderate,54.0,2010,3,Summer
2010-03-25,38.2,68.5,30.8,6.5,1.68,33.6,41.0,Good,52.1,2010,3,Summer
2010-03-26,64.3,102.6,31.2,10.0,1.44,39.4,62.0,Moderate,53.3,2010,3,Summer
2010-03-27,42.0,65.8,33.4,10.7,1.44,42.5,44.0,Good,54.0,2010,3,Summer
2010-03-28,40.4,68.7,32.9,9.5,1.25,40.6,43.0,Good,53.1,2010,3,Summer
2010-03-29,46.8,75.5,32.4,9.1,1.57,35.5,47.0,Good,51.4,2010,3,Summer
2010-03-30,40.4,65.6,32.1,8.6,1.33,39.4,43.0,Good,49.1,2010,3,Summer
2010-03-31,47.3,92.0,39.0,10.2,1.21,45.2,53.0,Moderate,47.6,2010,3,Summer
2010-04-01,35.3,62.2,31.7,7.7,1.89,50.5,40.0,Good,47.4,2010,4,Summer
2010-04-02,42.8,74.6,34.7,9.2,1.28,42.9,46.0,Good,45.1,2010,4,Summer
2010-04-03,53.5,98.7,43.2,9.4,1.15,48.0,58.0,Moderate,47.1,2010,4,Summer
2010-04-04,44.1,87.1,30.1,10.4,1.63,46.6,49.0,Good,48.0,2010,4,Summer
2010-04-05,45.5,70.8,34.3,7.6,1.52,40.2,46.0,Good,47.9,2010,4,Summer
2010-04-06,47.8,91.7,34.5,7.2,1.18,47.9,53.0,Moderate,49.3,2010,4,Summer
2010-04-07,52.7,94.4,33.5,9.3,1.33,49.0,56.0,Moderate,49.7,2010,4,Summer
2010-04-08,32.9,51.8,33.7,9.7,1.52,41.1,36.0,Good,49.1,2010,4,Summer
2010-04-09,48.6,80.1,30.0,9.2,1.4,43.7,50.0,Good,49.7,2010,4,Summer
2010-04-10,42.6,74.2,34.9,3.8,1.55,40.9,46.0,Good,48.0,2010,4,Summer
2010-04-11,45.7,84.3,26.2,9.9,1.35,37.6,48.0,Good,47.9,2010,4,Summer
2010-04-12,51.9,84.2,40.7,14.4,1.55,49.1,55.0,Moderate,49.1,2010,4,Summer
2010-04-13,36.1,63.9,40.4,11.1,1.27,52.1,43.0,Good,47.7,2010,4,Summer
2010-04-14,37.4,68.9,32.2,5.3,1.19,43.9,42.0,Good,45.7,2010,4,Summer
2010-04-15,31.0,53.4,37.7,8.4,1.61,41.6,36.0,Good,45.7,2010,4,Summer
2010-04-16,40.7,78.5,32.3,8.9,1.42,49.7,46.0,Good,45.1,2010,4,Summer
2010-04-17,53.8,104.1,33.5,8.6,1.52,50.4,58.0,Moderate,46.9,2010,4,Summer
2010-04-18,43.7,75.8,30.8,6.8,1.66,40.3,46.0,Good,46.6,2010,4,Summer
2010-04-19,35.1,69.8,36.8,7.5,1.21,45.4,42.0,Good,44.7,2010,4,Summer
2010-04-20,41.1,63.2,31.2,11.1,1.48,54.7,44.0,Good,44.9,2010,4,Summer
2010-04-21,34.1,51.2,36.6,10.7,1.93,54.0,39.0,Good,44.4,2010,4,Summer
2010-04-22,36.6,61.9,33.3,9.0,1.31,40.4,40.0,Good,45.0,2010,4,Summer
2010-04-23,47.2,85.0,33.4,11.1,1.05,38.2,50.0,Good,45.6,2010,4,Summer
2010-04-24,36.3,65.8,27.5,7.9,1.56,47.0,41.0,Good,43.1,2010,4,Summer
2010-04-25,52.3,90.9,33.7,8.6,0.93,48.9,55.0,Moderate,44.4,2010,4,Summer
2010-04-26,44.0,68.8,28.9,8.5,1.08,49.0,45.0,Good,44.9,2010,4,Summer
2010-04-27,45.1,71.5,33.7,6.1,1.35,48.2,47.0,Good,45.3,2010,4,Summer
2010-04-28,42.6,82.0,41.3,8.7,1.34,47.0,49.0,Good,46.7,2010,4,Summer
2010-04-29,49.9,96.5,27.9,12.5,1.4,43.5,53.0,Moderate,48.6,2010,4,Summer
2010-04-30,50.0,91.8,32.9,12.3,1.9,42.6,53.0,Moderate,49.0,2010,4,Summer
2010-05-01,46.8,85.8,31.0,9.5,1.37,49.8,51.0,Moderate,50.4,2010,5,Summer
2010-05-02,48.5,87.2,29.3,8.8,1.21,42.4,51.0,Moderate,49.9,2010,5,Summer
2010-05-03,43.0,68.9,30.3,12.8,1.19,37.6,44.0,Good,49.7,2010,5,Summer
2010-05-04,48.3,82.8,39.4,8.8,1.24,46.7,52.0,Moderate,50.4,2010,5,Summer
2010-05-05,42.1,77.9,40.4,8.2,1.05,47.5,48.0,Good,50.3,2010,5,Summer
2010-05-06,44.5,78.7,29.3,11.2,1.49,55.8,49.0,Good,49.7,2010,5,Summer
2010-05-07,42.6,64.3,35.1,5.8,1.43,46.4,44.0,Good,48.4,2010,5,Summer
2010-05-08,41.3,81.6,29.8,9.0,1.47,39.7,46.0,Good,47.7,2010,5,Summer
2010-05-09,39.7,76.3,30.8,9.1,1.55,52.4,45.0,Good,46.9,2010,5,Summer
2010-05-10,47.8,77.9,25.3,10.3,1.5,46.2,48.0,Good,47.4,2010,5,Summer
2010-05-11,53.7,97.1,42.0,8.1,1.0,45.7,58.0,Moderate,48.3,2010,5,Summer
2010-05-12,52.7,103.4,37.9,8.9,1.28,40.7,57.0,Moderate,49.6,2010,5,Summer
2010-05-13,35.7,55.3,30.9,9.4,1.29,49.1,39.0,Good,48.1,2010,5,Summer
2010-05-14,53.5,93.7,34.6,8.7,1.69,47.4,56.0,Moderate,49.9,2010,5,Summer
2010-05-15,42.3,73.1,31.9,8.9,1.72,47.0,46.0,Good,49.9,2010,5,Summer
2010-05-16,48.7,83.0,37.3,10.9,1.24,51.4,52.0,Moderate,50.9,2010,5,Summer
2010-05-17,38.2,73.2,32.1,10.4,1.1,52.0,44.0,Good,50.3,2010,5,Summer
2010-05-18,45.5,76.9,32.7,10.3,1.39,48.4,48.0,Good,48.9,2010,5,Summer
2010-05-19,46.7,71.5,30.9,6.0,1.27,49.5,48.0,Good,47.6,2010,5,Summer
2010-05-20,34.1,52.3,35.9,10.1,1.33,48.6,38.0,Good,47.4,2010,5,Summer
2010-05-21,48.8,74.2,42.3,7.6,1.65,55.2,51.0,Moderate,46.7,2010,5,Summer
2010-05-22,53.9,91.9,32.4,13.2,1.42,42.4,55.0,Moderate,48.0,2010,5,Summer
2010-05-23,43.3,80.5,32.3,9.2,1.23,41.5,47.0,Good,47.3,2010,5,Summer
2010-05-24,54.0,86.5,33.4,8.9,1.19,41.0,54.0,Moderate,48.7,2010,5,Summer
2010-05-25,43.2,78.7,34.5,12.3,0.99,49.5,48.0,Good,48.7,2010,5,Summer
2010-05-26,50.4,93.0,32.3,11.7,1.49,46.4,54.0,Moderate,49.6,2010,5,Summer
2010-05-27,29.0,47.2,31.9,8.8,1.42,41.4,33.0,Good,48.9,2010,5,Summer
2010-05-28,61.4,110.6,33.8,6.9,1.49,46.0,63.0,Moderate,50.6,2010,5,Summer
2010-05-29,55.0,101.3,26.5,5.7,1.35,57.8,58.0,Moderate,51.0,2010,5,Summer
2010-05-30,42.5,73.7,31.3,7.2,1.09,49.1,46.0,Good,50.9,2010,5,Summer
2010-05-31,30.7,51.2,25.5,9.9,1.36,54.4,35.0,Good,48.1,2010,5,Summer
2010-06-01,42.9,77.7,28.8,8.2,1.53,40.5,46.0,Good,47.9,2010,6,Southwest Monsoon
2010-06-02,30.8,61.2,27.0,6.6,1.26,48.5,37.0,Good,45.4,2010,6,Southwest Monsoon
2010-06-03,44.0,75.4,33.3,7.7,1.66,49.6,47.0,Good,47.4,2010,6,Southwest Monsoon
2010-06-04,43.8,74.2,27.9,11.9,1.31,50.4,47.0,Good,45.1,2010,6,Southwest Monsoon
2010-06-05,34.3,59.4,29.3,10.7,1.74,45.7,39.0,Good,42.4,2010,6,Southwest Monsoon
2010-06-06,48.7,75.0,22.2,12.0,1.76,51.9,48.0,Good,42.7,2010,6,Southwest Monsoon
2010-06-07,46.5,82.7,34.9,7.1,1.02,49.4,50.0,Good,44.9,2010,6,Southwest Monsoon
2010-06-08,47.7,79.4,26.5,10.1,1.08,47.4,49.0,Good,45.3,2010,6,Southwest Monsoon
2010-06-09,41.0,63.9,28.9,9.9,1.13,44.8,43.0,Good,46.1,2010,6,Southwest Monsoon
2010-06-10,31.0,53.7,33.9,11.4,0.82,39.4,36.0,Good,44.6,2010,6,Southwest Monsoon
2010-06-11,47.7,71.7,33.9,8.5,1.36,37.3,47.0,Good,44.6,2010,6,Southwest Monsoon
2010-06-12,39.0,66.3,26.4,6.9,1.35,43.5,41.0,Good,44.9,2010,6,Southwest Monsoon
2010-06-13,31.2,48.4,32.9,6.7,1.29,46.0,35.0,Good,43.0,2010,6,Southwest Monsoon
2010-06-14,50.4,76.2,26.2,8.5,0.94,43.4,49.0,Good,42.9,2010,6,Southwest Monsoon
2010-06-15,55.6,106.3,31.7,8.7,1.64,48.4,59.0,Moderate,44.3,2010,6,Southwest Monsoon
2010-06-16,40.6,79.5,27.7,9.0,0.77,50.8,46.0,Good,44.7,2010,6,Southwest Monsoon
2010-06-17,56.0,89.8,26.7,5.7,0.91,40.4,54.0,Moderate,47.3,2010,6,Southwest Monsoon
2010-06-18,41.5,73.5,30.9,11.1,1.47,49.3,46.0,Good,47.1,2010,6,Southwest Monsoon
2010-06-19,38.2,62.7,27.9,5.8,1.32,46.4,41.0,Good,47.1,2010,6,Southwest Monsoon
2010-06-20,36.5,63.7,38.9,11.1,1.09,37.9,41.0,Good,48.0,2010,6,Southwest Monsoon
2010-06-21,52.4,90.0,28.3,7.9,1.26,51.0,54.0,Moderate,48.7,2010,6,Southwest Monsoon
2010-06-22,35.4,57.9,26.0,12.2,1.28,41.7,38.0,Good,45.7,2010,6,Southwest Monsoon
2010-06-23,46.0,85.2,27.2,5.0,1.54,59.2,50.0,Good,46.3,2010,6,Southwest Monsoon
2010-06-24,37.0,57.8,30.7,10.9,0.94,52.1,40.0,Good,44.3,2010,6,Southwest Monsoon
2010-06-25,37.7,57.5,31.2,6.4,1.32,45.5,40.0,Good,43.4,2010,6,Southwest Monsoon
2010-06-26,48.1,90.6,32.0,6.3,1.51,46.1,52.0,Moderate,45.0,2010,6,Southwest Monsoon
2010-06-27,38.2,70.1,34.4,11.8,1.0,39.1,43.0,Good,45.3,2010,6,Southwest Monsoon
2010-06-28,38.1,66.6,24.1,10.0,1.23,54.8,42.0,Good,43.6,2010,6,Southwest Monsoon
2010-06-29,48.8,84.7,34.6,5.5,1.23,41.7,51.0,Moderate,45.4,2010,6,Southwest Monsoon
2010-06-30,52.1,91.1,27.1,8.9,0.84,46.1,53.0,Moderate,45.9,2010,6,Southwest Monsoon
2010-07-01,45.4,78.0,32.4,11.3,1.32,42.6,48.0,Good,47.0,2010,7,Southwest Monsoon
2010-07-02,36.3,61.6,37.7,9.6,1.33,48.0,41.0,Good,47.1,2010,7,Southwest Monsoon
2010-07-03,37.3,65.3,27.6,8.6,1.62,45.5,41.0,Good,45.6,2010,7,Southwest Monsoon
2010-07-04,41.5,73.1,27.4,10.8,1.24,42.4,44.0,Good,45.7,2010,7,Southwest Monsoon
2010-07-05,43.1,79.6,26.7,9.2,1.35,47.8,47.0,Good,46.4,2010,7,Southwest Monsoon
2010-07-06,34.0,63.1,29.4,5.2,1.61,52.9,40.0,Good,44.9,2010,7,Southwest Monsoon
2010-07-07,46.0,77.6,35.9,8.7,1.08,45.5,49.0,Good,44.3,2010,7,Southwest Monsoon
2010-07-08,41.5,70.8,26.3,9.5,0.95,34.2,43.0,Good,43.6,2010,7,Southwest Monsoon
2010-07-09,28.9,48.7,28.8,8.9,1.28,46.9,34.0,Good,42.6,2010,7,Southwest Monsoon
2010-07-10,34.4,60.8,34.7,7.7,1.2,37.6,39.0,Good,42.3,2010,7,Southwest Monsoon
2010-07-11,37.4,64.5,33.3,9.4,1.22,38.0,41.0,Good,41.9,2010,7,Southwest Monsoon
2010-07-12,40.4,78.6,28.8,8.9,1.14,37.4,44.0,Good,41.4,2010,7,Southwest Monsoon
2010-07-13,54.1,100.0,30.0,4.5,1.04,48.2,57.0,Moderate,43.9,2010,7,Southwest Monsoon
2010-07-14,42.6,83.0,34.5,5.8,1.48,37.3,47.0,Good,43.6,2010,7,Southwest Monsoon
2010-07-15,35.0,64.9,37.1,9.1,1.24,49.4,41.0,Good,43.3,2010,7,Southwest Monsoon
2010-07-16,42.4,84.3,37.6,10.0,1.81,48.4,49.0,Good,45.4,2010,7,Southwest Monsoon
2010-07-17,38.4,69.9,36.3,6.9,0.99,39.9,43.0,Good,46.0,2010,7,Southwest Monsoon
2010-07-18,43.2,85.6,28.1,10.0,1.75,46.5,48.0,Good,47.0,2010,7,Southwest Monsoon
2010-07-19,45.0,71.0,38.1,9.5,1.32,49.9,48.0,Good,47.6,2010,7,Southwest Monsoon
2010-07-20,49.4,75.3,27.8,8.1,1.25,41.0,48.0,Good,46.3,2010,7,Southwest Monsoon
2010-07-21,40.7,72.9,24.2,9.4,0.97,49.9,44.0,Good,45.9,2010,7,Southwest Monsoon
2010-07-22,52.4,104.3,31.2,9.3,1.08,44.5,57.0,Moderate,48.1,2010,7,Southwest Monsoon
2010-07-23,47.3,80.8,36.7,10.3,1.56,40.1,50.0,Good,48.3,2010,7,Southwest Monsoon
2010-07-24,35.9,57.7,33.5,10.3,0.58,47.5,40.0,Good,47.9,2010,7,Southwest Monsoon
2010-07-25,56.4,99.3,30.5,6.4,0.8,39.7,57.0,Moderate,49.1,2010,7,Southwest Monsoon
2010-07-26,43.2,78.8,32.0,7.0,0.84,50.1,48.0,Good,49.1,2010,7,Southwest Monsoon
2010-07-27,35.1,58.1,32.9,11.5,1.54,37.3,38.0,Good,47.7,2010,7,Southwest Monsoon
2010-07-28,52.5,97.5,31.4,10.3,1.42,49.5,56.0,Moderate,49.4,2010,7,Southwest Monsoon
2010-07-29,55.4,110.2,29.6,9.8,0.99,43.9,59.0,Moderate,49.7,2010,7,Southwest Monsoon
2010-07-30,40.7,79.2,27.8,10.1,1.13,46.2,45.0,Good,49.0,2010,7,Southwest Monsoon
2010-07-31,37.4,61.5,31.2,10.8,1.28,40.5,40.0,Good,49.0,2010,7,Southwest Monsoon
2010-08-01,39.7,66.0,30.3,8.8,1.5,44.3,42.0,Good,46.9,2010,8,Southwest Monsoon
2010-08-02,45.9,77.4,30.8,7.7,0.99,29.6,46.0,Good,46.6,2010,8,Southwest Monsoon
2010-08-03,49.8,84.6,35.0,9.6,1.28,43.2,52.0,Moderate,48.6,2010,8,Southwest Monsoon
2010-08-04,44.9,69.6,29.8,8.4,1.16,35.4,45.0,Good,47.0,2010,8,Southwest Monsoon
2010-08-05,41.6,78.3,30.0,11.6,1.22,45.6,46.0,Good,45.1,2010,8,Southwest Monsoon
2010-08-06,51.4,86.5,31.6,11.6,1.02,39.0,52.0,Moderate,46.1,2010,8,Southwest Monsoon
2010-08-07,38.7,75.1,41.3,10.3,1.3,38.8,45.0,Good,46.9,2010,8,Southwest Monsoon
2010-08-08,48.1,94.5,26.4,5.9,1.05,35.6,51.0,Moderate,48.1,2010,8,Southwest Monsoon
2010-08-09,38.9,58.8,35.2,6.3,1.27,42.2,41.0,Good,47.4,2010,8,Southwest Monsoon
2010-08-10,43.9,87.6,29.6,5.9,1.64,36.9,48.0,Good,46.9,2010,8,Southwest Monsoon
2010-08-11,40.1,74.4,30.6,8.9,1.51,40.7,44.0,Good,46.7,2010,8,Southwest Monsoon
2010-08-12,40.5,71.3,25.6,10.3,1.59,39.2,43.0,Good,46.3,2010,8,Southwest Monsoon
2010-08-13,38.3,64.8,38.3,7.9,1.32,35.5,42.0,Good,44.9,2010,8,Southwest Monsoon
2010-08-14,50.3,88.5,31.7,7.2,1.53,38.6,52.0,Moderate,45.9,2010,8,Southwest Monsoon
2010-08-15,35.8,59.5,33.4,8.7,0.79,37.4,39.0,Good,44.1,2010,8,Southwest Monsoon
2010-08-16,35.7,64.7,24.8,6.9,0.82,45.1,39.0,Good,43.9,2010,8,Southwest Monsoon
2010-08-17,55.7,86.2,28.2,9.0,0.99,45.8,54.0,Moderate,44.7,2010,8,Southwest Monsoon
2010-08-18,47.7,86.4,32.4,8.0,1.01,33.3,50.0,Good,45.6,2010,8,Southwest Monsoon
2010-08-19,24.2,39.6,30.2,7.2,1.51,40.7,29.0,Good,43.6,2010,8,Southwest Monsoon
2010-08-20,36.9,55.7,32.6,8.7,0.87,38.2,39.0,Good,43.1,2010,8,Southwest Monsoon
2010-08-21,28.2,50.1,39.2,10.3,0.91,35.1,34.0,Good,40.6,2010,8,Southwest Monsoon
2010-08-22,34.2,61.3,32.8,5.5,1.21,40.0,39.0,Good,40.6,2010,8,Southwest Monsoon
2010-08-23,18.9,32.4,29.0,8.8,1.28,41.5,25.0,Good,38.6,2010,8,Southwest Monsoon
2010-08-24,39.9,61.4,28.2,4.3,1.46,25.7,39.0,Good,36.4,2010,8,Southwest Monsoon
2010-08-25,32.9,64.1,27.7,8.0,1.18,43.9,38.0,Good,34.7,2010,8,Southwest Monsoon
2010-08-26,41.3,74.6,29.1,9.9,1.2,42.3,45.0,Good,37.0,2010,8,Southwest Monsoon
2010-08-27,29.5,46.0,29.3,10.5,1.47,38.4,33.0,Good,36.1,2010,8,Southwest Monsoon
2010-08-28,41.5,72.8,31.3,7.5,1.02,34.0,44.0,Good,37.6,2010,8,Southwest Monsoon
2010-08-29,38.0,66.4,32.9,7.4,1.28,40.7,42.0,Good,38.0,2010,8,Southwest Monsoon
2010-08-30,51.4,78.7,32.5,8.0,1.39,34.8,50.0,Good,41.6,2010,8,Southwest Monsoon
2010-08-31,50.8,91.6,31.3,6.3,1.15,44.3,53.0,Moderate,43.6,2010,8,Southwest Monsoon
2010-09-01,46.4,88.3,31.6,8.8,1.46,42.3,50.0,Good,45.3,2010,9,Southwest Monsoon
2010-09-02,38.6,72.4,40.9,6.5,1.03,37.7,44.0,Good,45.1,2010,9,Southwest Monsoon
2010-09-03,54.8,87.8,27.9,9.6,1.64,33.4,53.0,Moderate,48.0,2010,9,Southwest Monsoon
2010-09-04,30.0,58.0,30.7,7.1,1.17,39.8,36.0,Good,46.9,2010,9,Southwest Monsoon
2010-09-05,31.1,51.9,23.7,7.9,1.14,41.1,34.0,Good,45.7,2010,9,Southwest Monsoon
2010-09-06,40.3,79.5,29.3,9.5,0.88,35.3,44.0,Good,44.9,2010,9,Southwest Monsoon
2010-09-07,56.7,87.1,27.2,9.8,0.96,38.9,54.0,Moderate,45.0,2010,9,Southwest Monsoon
2010-09-08,39.5,68.8,27.9,9.7,1.04,34.3,42.0,Good,43.9,2010,9,Southwest Monsoon
2010-09-09,39.6,71.3,26.1,9.0,0.96,27.8,41.0,Good,43.4,2010,9,Southwest Monsoon
2010-09-10,30.8,50.0,25.4,6.3,0.95,28.1,32.0,Good,40.4,2010,9,Southwest Monsoon
2010-09-11,47.5,89.6,31.3,8.4,1.26,37.0,50.0,Good,42.4,2010,9,Southwest Monsoon
2010-09-12,47.6,86.3,33.6,8.2,1.4,43.7,51.0,Moderate,44.9,2010,9,Southwest Monsoon
2010-09-13,46.4,70.1,27.7,7.7,1.31,31.1,45.0,Good,45.0,2010,9,Southwest Monsoon
2010-09-14,36.5,65.8,22.7,8.6,0.45,31.8,38.0,Good,42.7,2010,9,Southwest Monsoon
2010-09-15,36.0,62.8,31.2,6.8,0.98,37.1,39.0,Good,42.3,2010,9,Southwest Monsoon
2010-09-16,31.8,50.9,32.7,8.4,1.53,35.7,35.0,Good,41.4,2010,9,Southwest Monsoon
2010-09-17,41.5,82.9,33.5,7.9,0.91,36.8,46.0,Good,43.4,2010,9,Southwest Monsoon
2010-09-18,33.3,65.0,26.7,7.6,1.21,37.8,38.0,Good,41.7,2010,9,Southwest Monsoon
2010-09-19,32.7,53.8,28.4,6.3,0.97,34.9,35.0,Good,39.4,2010,9,Southwest Monsoon
2010-09-20,37.9,67.2,26.4,6.2,1.57,35.6,40.0,Good,38.7,2010,9,Southwest Monsoon
2010-09-21,37.5,62.1,27.8,11.2,1.05,29.1,39.0,Good,38.9,2010,9,Southwest Monsoon
2010-09-22,37.1,70.1,27.6,8.7,1.42,32.5,40.0,Good,39.0,2010,9,Southwest Monsoon
2010-09-23,44.2,86.8,28.8,12.1,1.06,40.8,48.0,Good,40.9,2010,9,Southwest Monsoon
2010-09-24,41.5,69.6,29.8,12.2,0.64,36.7,43.0,Good,40.4,2010,9,Southwest Monsoon
2010-09-25,38.9,74.0,31.3,11.0,1.36,35.6,43.0,Good,41.1,2010,9,Southwest Monsoon
2010-09-26,42.2,73.8,27.4,5.9,0.77,29.7,43.0,Good,42.3,2010,9,Southwest Monsoon
2010-09-27,34.0,57.7,30.2,11.3,1.02,29.9,37.0,Good,41.9,2010,9,Southwest Monsoon
2010-09-28,41.6,82.0,27.2,8.2,1.71,28.4,45.0,Good,42.7,2010,9,Southwest Monsoon
2010-09-29,42.0,73.6,23.8,7.9,2.03,24.4,42.0,Good,43.0,2010,9,Southwest Monsoon
2010-09-30,30.4,52.7,33.0,7.7,1.25,32.1,34.0,Good,41.0,2010,9,Southwest Monsoon
2010-10-01,51.5,94.5,30.8,8.5,1.13,31.4,53.0,Moderate,42.4,2010,10,Post-Monsoon
2010-10-02,38.3,62.5,26.6,10.0,1.36,34.1,40.0,Good,42.0,2010,10,Post-Monsoon
2010-10-03,45.1,75.0,35.7,13.8,1.02,38.3,47.0,Good,42.6,2010,10,Post-Monsoon
2010-10-04,52.7,103.5,32.5,6.0,1.24,29.8,55.0,Moderate,45.1,2010,10,Post-Monsoon
2010-10-05,51.0,93.8,35.3,13.1,1.75,39.1,54.0,Moderate,46.4,2010,10,Post-Monsoon
2010-10-06,44.7,85.6,35.2,12.3,1.4,35.3,49.0,Good,47.4,2010,10,Post-Monsoon
2010-10-07,42.0,68.6,29.1,8.9,0.99,39.7,43.0,Good,48.7,2010,10,Post-Monsoon
2010-10-08,51.1,90.6,37.2,8.3,1.45,26.8,52.0,Moderate,48.6,2010,10,Post-Monsoon
2010-10-09,49.2,97.7,26.2,6.6,0.92,38.2,52.0,Moderate,50.3,2010,10,Post-Monsoon
2010-10-10,40.2,66.7,31.9,7.4,0.88,28.8,41.0,Good,49.4,2010,10,Post-Monsoon
2010-10-11,38.9,61.5,31.6,8.0,1.54,28.1,40.0,Good,47.3,2010,10,Post-Monsoon
2010-10-12,30.0,52.7,30.4,9.0,1.16,31.7,34.0,Good,44.4,2010,10,Post-Monsoon
2010-10-13,45.6,77.2,38.4,9.2,1.74,27.6,47.0,Good,44.1,2010,10,Post-Monsoon
2010-10-14,43.9,69.4,34.7,10.8,1.09,33.9,45.0,Good,44.4,2010,10,Post-Monsoon
2010-10-15,52.5,102.0,27.9,10.6,1.66,35.9,55.0,Moderate,44.9,2010,10,Post-Monsoon
2010-10-16,47.0,93.8,28.4,9.7,1.76,34.0,50.0,Good,44.6,2010,10,Post-Monsoon
2010-10-17,53.8,96.1,42.1,9.2,1.39,31.2,56.0,Moderate,46.7,2010,10,Post-Monsoon
2010-10-18,39.6,74.8,31.6,11.5,1.27,37.2,44.0,Good,47.3,2010,10,Post-Monsoon
2010-10-19,52.5,101.2,30.3,10.9,1.2,33.4,55.0,Moderate,50.3,2010,10,Post-Monsoon
2010-10-20,40.8,75.5,38.1,10.1,1.22,30.4,45.0,Good,50.0,2010,10,Post-Monsoon
2010-10-21,49.9,76.0,26.4,8.4,0.95,30.4,48.0,Good,50.4,2010,10,Post-Monsoon
2010-10-22,34.3,54.1,39.0,11.5,1.51,26.5,37.0,Good,47.9,2010,10,Post-Monsoon
2010-10-23,46.1,70.9,30.3,10.9,1.5,26.0,45.0,Good,47.1,2010,10,Post-Monsoon
2010-10-24,30.6,46.1,35.6,8.8,1.29,28.5,33.0,Good,43.9,2010,10,Post-Monsoon
2010-10-25,42.6,70.5,31.6,5.4,1.36,25.4,43.0,Good,43.7,2010,10,Post-Monsoon
2010-10-26,47.6,80.7,27.2,9.4,1.24,24.8,47.0,Good,42.6,2010,10,Post-Monsoon
2010-10-27,40.9,66.2,34.2,7.9,1.05,25.9,42.0,Good,42.1,2010,10,Post-Monsoon
2010-10-28,37.1,56.9,37.3,10.7,1.02,35.8,40.0,Good,41.0,2010,10,Post-Monsoon
2010-10-29,50.4,89.0,24.1,9.7,1.21,26.3,50.0,Good,42.9,2010,10,Post-Monsoon
2010-10-30,43.8,71.6,28.9,5.9,1.25,34.4,44.0,Good,42.7,2010,10,Post-Monsoon
2010-10-31,41.1,78.0,38.5,9.8,1.64,27.0,45.0,Good,44.4,2010,10,Post-Monsoon
2010-11-01,44.8,67.4,35.1,12.7,1.52,31.0,45.0,Good,44.7,2010,11,Post-Monsoon
2010-11-02,63.0,121.0,35.4,8.9,1.74,25.9,64.0,Moderate,47.1,2010,11,Post-Monsoon
2010-11-03,52.6,104.0,37.2,9.2,1.52,30.9,56.0,Moderate,49.1,2010,11,Post-Monsoon
2010-11-04,52.6,97.8,35.4,8.6,0.95,41.3,56.0,Moderate,51.4,2010,11,Post-Monsoon
2010-11-05,47.5,88.8,34.1,9.4,0.98,26.3,50.0,Good,51.4,2010,11,Post-Monsoon
2010-11-06,45.7,89.8,38.0,12.3,1.08,28.3,50.0,Good,52.3,2010,11,Post-Monsoon
2010-11-07,27.7,44.5,31.9,11.4,1.26,23.7,30.0,Good,50.1,2010,11,Post-Monsoon
2010-11-08,39.7,79.4,33.4,8.1,1.16,35.1,45.0,Good,50.1,2010,11,Post-Monsoon
2010-11-09,41.1,77.6,36.8,9.1,1.52,35.9,46.0,Good,47.6,2010,11,Post-Monsoon
2010-11-10,31.4,58.5,30.4,9.2,1.64,24.9,35.0,Good,44.6,2010,11,Post-Monsoon
2010-11-11,36.4,61.2,39.2,10.1,1.05,28.7,40.0,Good,42.3,2010,11,Post-Monsoon
2010-11-12,30.6,54.3,34.7,10.1,0.94,31.5,35.0,Good,40.1,2010,11,Post-Monsoon
2010-11-13,44.2,80.8,28.9,9.1,1.76,29.7,46.0,Good,39.6,2010,11,Post-Monsoon
2010-11-14,50.2,90.9,32.7,6.8,1.41,24.7,51.0,Moderate,42.6,2010,11,Post-Monsoon
2010-11-15,52.2,96.8,28.0,9.0,1.22,24.5,53.0,Moderate,43.7,2010,11,Post-Monsoon
2010-11-16,47.4,73.1,33.8,8.5,1.75,23.1,46.0,Good,43.7,2010,11,Post-Monsoon
2010-11-17,37.8,63.3,32.0,7.5,1.66,34.3,40.0,Good,44.4,2010,11,Post-Monsoon
2010-11-18,31.0,53.2,30.0,10.8,1.2,32.5,34.0,Good,43.6,2010,11,Post-Monsoon
2010-11-19,32.2,52.5,26.4,9.3,1.57,37.5,35.0,Good,43.6,2010,11,Post-Monsoon
2010-11-20,35.6,56.5,30.3,7.2,1.64,24.1,36.0,Good,42.1,2010,11,Post-Monsoon
2010-11-21,38.3,60.1,32.8,13.2,1.56,30.6,40.0,Good,40.6,2010,11,Post-Monsoon
2010-11-22,43.4,73.0,32.0,10.1,1.67,29.8,45.0,Good,39.4,2010,11,Post-Monsoon
2010-11-23,37.4,65.3,27.8,10.8,1.11,30.9,40.0,Good,38.6,2010,11,Post-Monsoon
2010-11-24,46.9,71.8,33.6,11.3,1.36,32.1,47.0,Good,39.6,2010,11,Post-Monsoon
2010-11-25,42.9,84.6,29.6,8.4,1.76,45.0,48.0,Good,41.6,2010,11,Post-Monsoon
2010-11-26,44.6,83.9,37.2,10.3,1.25,44.8,50.0,Good,43.7,2010,11,Post-Monsoon
2010-11-27,52.5,97.9,37.8,5.4,1.19,30.8,55.0,Moderate,46.4,2010,11,Post-Monsoon
2010-11-28,36.2,57.5,32.5,11.2,1.38,37.1,39.0,Good,46.3,2010,11,Post-Monsoon
2010-11-29,47.4,85.5,39.8,9.1,0.95,24.7,50.0,Good,47.0,2010,11,Post-Monsoon
2010-11-30,44.4,78.4,32.9,10.3,1.43,28.5,46.0,Good,47.9,2010,11,Post-Monsoon
2010-12-01,47.0,93.5,31.9,10.1,1.07,25.0,50.0,Good,48.3,2010,12,Winter
2010-12-02,55.5,104.0,41.8,13.9,1.81,30.3,59.0,Moderate,49.9,2010,12,Winter
2010-12-03,55.5,99.1,43.6,12.7,1.08,31.6,58.0,Moderate,51.0,2010,12,Winter
2010-12-04,42.7,82.2,41.1,5.0,1.7,40.5,48.0,Good,50.0,2010,12,Winter
2010-12-05,48.0,75.8,34.0,11.4,1.31,24.4,47.0,Good,51.1,2010,12,Winter
2010-12-06,51.3,77.3,32.2,9.7,1.23,35.7,50.0,Good,51.1,2010,12,Winter
2010-12-07,47.4,87.4,35.7,11.4,1.5,27.0,50.0,Good,51.7,2010,12,Winter
2010-12-08,53.4,82.7,47.0,11.4,1.56,26.3,53.0,Moderate,52.1,2010,12,Winter
2010-12-09,51.3,79.9,32.4,8.8,1.51,27.9,50.0,Good,50.9,2010,12,Winter
2010-12-10,62.1,116.3,40.4,10.0,1.57,39.0,65.0,Moderate,51.9,2010,12,Winter
2010-12-11,38.6,63.1,36.7,8.2,1.66,19.4,40.0,Good,50.7,2010,12,Winter
2010-12-12,48.4,87.9,40.9,13.2,0.99,31.5,52.0,Moderate,51.4,2010,12,Winter
2010-12-13,42.9,84.1,32.1,10.9,1.52,34.9,47.0,Good,51.0,2010,12,Winter
2010-12-14,53.5,88.8,36.1,11.1,1.15,24.4,53.0,Moderate,51.4,2010,12,Winter
2010-12-15,38.0,61.1,33.5,10.9,1.17,32.0,40.0,Good,49.6,2010,12,Winter
2010-12-16,51.7,80.3,33.7,8.1,1.21,25.7,50.0,Good,49.6,2010,12,Winter
2010-12-17,44.9,70.3,40.0,11.5,1.0,39.2,47.0,Good,47.0,2010,12,Winter
2010-12-18,44.2,67.6,32.6,13.8,1.49,23.0,43.0,Good,47.4,2010,12,Winter
2010-12-19,39.2,60.5,38.3,7.1,1.05,32.4,41.0,Good,45.9,2010,12,Winter
2010-12-20,46.0,79.0,37.3,10.4,1.59,27.4,48.0,Good,46.0,2010,12,Winter
2010-12-21,56.9,94.5,33.3,11.8,1.87,28.9,56.0,Moderate,46.4,2010,12,Winter
2010-12-22,49.1,91.0,34.1,8.8,1.88,28.2,51.0,Moderate,48.0,2010,12,Winter
2010-12-23,53.7,103.9,38.4,11.7,1.22,35.3,58.0,Moderate,49.1,2010,12,Winter
2010-12-24,61.0,115.3,37.0,10.3,1.19,30.7,63.0,Moderate,51.4,2010,12,Winter
2010-12-25,51.1,90.3,37.3,8.8,1.69,22.8,52.0,Moderate,52.7,2010,12,Winter
2010-12-26,45.4,70.4,36.2,5.2,1.5,31.8,46.0,Good,53.4,2010,12,Winter
2010-12-27,52.6,97.5,35.9,10.1,1.47,31.4,55.0,Moderate,54.4,2010,12,Winter
2010-12-28,45.5,76.5,37.0,10.1,1.16,35.3,48.0,Good,53.3,2010,12,Winter
2010-12-29,45.8,70.6,42.9,12.9,1.52,31.9,47.0,Good,52.7,2010,12,Winter
2010-12-30,38.7,74.3,39.2,10.9,1.71,22.7,43.0,Good,50.6,2010,12,Winter
2010-12-31,55.8,93.1,36.6,9.2,1.3,36.2,56.0,Moderate,49.6,2010,12,Winter
2011-01-01,47.5,76.4,33.3,7.3,1.61,36.1,48.0,Good,49.0,2011,1,Winter
2011-01-02,51.5,99.6,35.9,12.1,1.53,33.1,55.0,Moderate,50.3,2011,1,Winter
2011-01-03,42.9,83.8,33.9,10.6,1.33,32.0,47.0,Good,49.1,2011,1,Winter
2011-01-04,53.3,88.9,34.4,9.6,1.48,32.5,53.0,Moderate,49.9,2011,1,Winter
2011-01-05,44.9,75.3,30.1,9.3,1.23,36.5,46.0,Good,49.7,2011,1,Winter
2011-01-06,49.2,88.1,37.6,12.9,1.7,37.7,52.0,Moderate,51.0,2011,1,Winter
2011-01-07,56.3,105.2,45.9,13.2,1.23,33.6,60.0,Moderate,51.6,2011,1,Winter
2011-01-08,55.7,85.4,38.4,9.1,1.34,34.2,55.0,Moderate,52.6,2011,1,Winter
2011-01-09,50.0,89.9,40.5,5.8,1.72,32.1,53.0,Moderate,52.3,2011,1,Winter
2011-01-10,37.8,74.8,41.4,10.0,1.36,43.3,45.0,Good,52.0,2011,1,Winter
2011-01-11,71.1,116.0,36.5,10.9,1.26,21.2,67.0,Moderate,54.0,2011,1,Winter
2011-01-12,62.4,122.0,36.7,10.5,1.54,28.1,64.0,Moderate,56.6,2011,1,Winter
2011-01-13,55.3,109.1,32.0,7.3,1.94,27.6,57.0,Moderate,57.3,2011,1,Winter
2011-01-14,44.9,73.4,38.4,13.5,1.78,42.2,48.0,Good,55.6,2011,1,Winter
2011-01-15,49.4,92.7,37.8,6.7,1.64,30.7,52.0,Moderate,55.1,2011,1,Winter
2011-01-16,46.4,75.1,34.2,8.9,1.74,21.9,46.0,Good,54.1,2011,1,Winter
2011-01-17,59.0,110.3,42.2,8.4,1.62,28.0,61.0,Moderate,56.4,2011,1,Winter
2011-01-18,52.0,98.8,34.5,8.3,1.55,34.9,55.0,Moderate,54.7,2011,1,Winter
2011-01-19,44.7,72.6,49.0,6.0,1.72,32.4,48.0,Good,52.4,2011,1,Winter
2011-01-20,46.9,87.1,39.2,10.5,1.58,31.9,50.0,Good,51.4,2011,1,Winter
2011-01-21,58.0,110.6,37.5,13.2,1.48,33.5,61.0,Moderate,53.3,2011,1,Winter
2011-01-22,61.4,103.1,45.4,10.1,1.54,38.3,62.0,Moderate,54.7,2011,1,Winter
2011-01-23,60.9,96.5,28.5,8.4,1.57,37.4,58.0,Moderate,56.4,2011,1,Winter
2011-01-24,55.5,85.8,36.5,13.2,1.57,28.8,54.0,Moderate,55.4,2011,1,Winter
2011-01-25,48.4,86.6,35.9,12.1,1.58,34.5,51.0,Moderate,54.9,2011,1,Winter
2011-01-26,27.5,54.7,36.9,8.7,1.24,40.9,35.0,Good,53.0,2011,1,Winter
2011-01-27,52.3,99.9,38.5,11.0,1.44,34.3,56.0,Moderate,53.9,2011,1,Winter
2011-01-28,50.2,86.2,36.8,12.6,1.17,30.4,52.0,Moderate,52.6,2011,1,Winter
2011-01-29,51.2,90.5,43.2,8.6,1.56,27.8,53.0,Moderate,51.3,2011,1,Winter
2011-01-30,50.6,82.9,39.3,10.6,1.58,34.8,52.0,Moderate,50.4,2011,1,Winter
2011-01-31,40.9,64.7,39.5,9.6,1.82,32.7,43.0,Good,48.9,2011,1,Winter
2011-02-01,54.1,94.2,39.4,8.0,1.57,32.8,55.0,Moderate,49.4,2011,2,Winter
2011-02-02,54.6,94.6,32.4,10.7,1.4,35.1,55.0,Moderate,52.3,2011,2,Winter
2011-02-03,55.0,96.8,38.4,11.3,1.38,30.7,56.0,Moderate,52.3,2011,2,Winter
2011-02-04,56.8,112.3,38.5,10.5,1.65,40.7,61.0,Moderate,53.6,2011,2,Winter
2011-02-05,54.4,98.1,33.1,8.8,1.32,34.0,56.0,Moderate,54.0,2011,2,Winter
2011-02-06,47.3,85.3,41.1,14.6,1.53,44.5,52.0,Moderate,54.0,2011,2,Winter
2011-02-07,49.7,77.7,29.5,9.4,1.73,39.8,49.0,Good,54.9,2011,2,Winter
2011-02-08,50.8,101.6,47.7,11.5,2.0,34.4,57.0,Moderate,55.1,2011,2,Winter
2011-02-09,51.0,96.1,37.4,12.0,1.78,28.6,54.0,Moderate,55.0,2011,2,Winter
2011-02-10,57.2,110.9,34.2,5.4,1.36,38.4,60.0,Moderate,55.6,2011,2,Winter
2011-02-11,54.7,93.4,40.1,12.1,1.3,37.6,56.0,Moderate,54.9,2011,2,Winter
2011-02-12,64.7,113.4,40.1,10.4,1.65,31.9,65.0,Moderate,56.1,2011,2,Winter
2011-02-13,65.6,115.6,45.8,9.9,1.44,29.8,66.0,Moderate,58.1,2011,2,Winter
2011-02-14,50.8,81.1,44.7,10.2,1.12,35.6,52.0,Moderate,58.6,2011,2,Winter
2011-02-15,23.3,43.1,32.3,11.6,2.14,37.0,29.0,Good,54.6,2011,2,Winter
2011-02-16,58.9,114.9,36.5,5.8,1.53,36.8,62.0,Moderate,55.7,2011,2,Winter
2011-02-17,46.4,73.4,34.0,10.5,1.8,36.2,47.0,Good,53.9,2011,2,Winter
2011-02-18,44.6,68.8,40.6,11.3,1.41,42.3,47.0,Good,52.6,2011,2,Winter
2011-02-19,47.4,88.6,43.3,14.7,1.48,33.3,52.0,Moderate,50.7,2011,2,Winter
2011-02-20,47.1,77.0,32.3,7.7,1.53,46.1,49.0,Good,48.3,2011,2,Winter
2011-02-21,54.5,98.7,37.3,11.3,1.42,28.4,56.0,Moderate,48.9,2011,2,Winter
2011-02-22,39.3,72.6,35.1,9.4,1.3,33.3,43.0,Good,50.9,2011,2,Winter
2011-02-23,42.7,70.8,41.0,11.4,2.04,31.1,45.0,Good,48.4,2011,2,Winter
2011-02-24,52.6,100.3,39.2,12.1,1.58,38.3,57.0,Moderate,49.9,2011,2,Winter
2011-02-25,54.6,96.8,42.3,8.9,1.1,39.4,57.0,Moderate,51.3,2011,2,Winter
2011-02-26,54.7,105.8,35.9,14.3,1.52,46.3,59.0,Moderate,52.3,2011,2,Winter
2011-02-27,44.7,84.1,37.1,13.0,1.13,38.8,49.0,Good,52.3,2011,2,Winter
2011-02-28,43.4,83.9,39.2,12.0,1.28,42.1,49.0,Good,51.3,2011,2,Winter
2011-03-01,41.9,63.2,32.9,8.7,1.38,32.6,42.0,Good,51.1,2011,3,Summer
2011-03-02,47.1,76.4,35.2,8.3,1.48,31.2,48.0,Good,51.6,2011,3,Summer
2011-03-03,55.8,86.2,39.1,10.3,0.72,44.9,56.0,Moderate,51.4,2011,3,Summer
2011-03-04,31.1,53.5,42.5,8.6,1.78,43.2,37.0,Good,48.6,2011,3,Summer
2011-03-05,43.9,85.3,32.0,8.4,1.19,39.8,48.0,Good,47.0,2011,3,Summer
2011-03-06,36.1,62.5,42.6,13.2,1.29,34.4,41.0,Good,45.9,2011,3,Summer
2011-03-07,33.8,65.1,32.0,10.5,1.73,51.1,40.0,Good,44.6,2011,3,Summer
2011-03-08,52.2,86.8,37.5,11.0,1.78,43.2,54.0,Moderate,46.3,2011,3,Summer
2011-03-09,49.2,82.2,32.0,13.2,1.2,35.8,50.0,Good,46.6,2011,3,Summer
2011-03-10,48.5,94.6,29.9,9.6,1.62,39.7,52.0,Moderate,46.0,2011,3,Summer
2011-03-11,51.8,88.8,38.9,8.1,1.39,32.2,53.0,Moderate,48.3,2011,3,Summer
2011-03-12,42.0,79.7,33.8,7.3,2.01,40.3,46.0,Good,48.0,2011,3,Summer
2011-03-13,42.4,68.6,39.1,12.1,1.18,37.5,45.0,Good,48.6,2011,3,Summer
2011-03-14,60.7,119.8,37.0,8.7,1.76,51.9,65.0,Moderate,52.1,2011,3,Summer
2011-03-15,43.7,78.1,35.6,3.5,1.2,44.0,47.0,Good,51.1,2011,3,Summer
2011-03-16,50.5,95.0,36.2,4.1,1.08,27.7,53.0,Moderate,51.6,2011,3,Summer
2011-03-17,45.4,70.2,38.4,6.4,1.27,49.7,48.0,Good,51.0,2011,3,Summer
2011-03-18,32.5,56.7,37.7,8.6,0.94,42.6,38.0,Good,48.9,2011,3,Summer
2011-03-19,31.1,60.6,32.4,8.9,1.12,48.4,38.0,Good,47.7,2011,3,Summer
2011-03-20,41.3,80.2,35.7,10.5,1.27,42.3,47.0,Good,48.0,2011,3,Summer
2011-03-21,52.8,80.4,40.0,7.1,1.29,41.8,53.0,Moderate,46.3,2011,3,Summer
2011-03-22,50.9,84.1,34.2,9.8,1.58,37.0,52.0,Moderate,47.0,2011,3,Summer
2011-03-23,51.8,89.2,32.0,11.2,1.56,44.6,54.0,Moderate,47.1,2011,3,Summer
2011-03-24,38.5,61.1,31.5,9.1,1.34,46.9,41.0,Good,46.1,2011,3,Summer
2011-03-25,56.7,105.8,37.4,8.5,0.92,32.8,59.0,Moderate,49.1,2011,3,Summer
2011-03-26,38.6,61.5,33.0,7.7,0.82,37.7,41.0,Good,49.6,2011,3,Summer
2011-03-27,46.9,78.5,35.4,11.7,1.22,35.7,49.0,Good,49.9,2011,3,Summer
2011-03-28,45.3,83.0,32.8,6.7,1.14,51.0,50.0,Good,49.4,2011,3,Summer
2011-03-29,44.2,76.9,38.7,12.6,1.2,47.8,49.0,Good,49.0,2011,3,Summer
2011-03-30,54.8,102.4,34.6,9.4,1.76,40.5,58.0,Moderate,49.6,2011,3,Summer
2011-03-31,40.5,80.1,39.7,7.3,1.2,47.8,47.0,Good,50.4,2011,3,Summer
2011-04-01,36.0,56.0,39.6,11.1,1.13,35.7,39.0,Good,47.6,2011,4,Summer
2011-04-02,45.5,84.5,33.6,10.4,1.35,44.2,50.0,Good,48.9,2011,4,Summer
2011-04-03,42.6,68.8,39.3,10.2,1.22,47.5,46.0,Good,48.4,2011,4,Summer
2011-04-04,69.0,117.9,32.6,10.8,1.5,40.3,68.0,Moderate,51.0,2011,4,Summer
2011-04-05,50.1,76.0,35.1,9.7,1.41,43.1,50.0,Good,51.1,2011,4,Summer
2011-04-06,42.5,66.7,30.9,10.3,1.81,45.7,44.0,Good,49.1,2011,4,Summer
2011-04-07,38.0,63.1,36.4,12.1,1.28,49.1,43.0,Good,48.6,2011,4,Summer
2011-04-08,32.2,53.9,35.2,9.8,1.83,35.8,36.0,Good,48.1,2011,4,Summer
2011-04-09,38.2,74.5,36.1,11.0,1.52,42.7,44.0,Good,47.3,2011,4,Summer
2011-04-10,46.2,86.4,28.6,5.0,1.48,39.1,49.0,Good,47.7,2011,4,Summer
2011-04-11,55.4,110.0,26.0,10.0,0.85,46.6,59.0,Moderate,46.4,2011,4,Summer
2011-04-12,53.3,95.8,29.5,14.4,0.82,42.4,55.0,Moderate,47.1,2011,4,Summer
2011-04-13,47.0,76.2,36.0,5.8,0.95,48.1,49.0,Good,47.9,2011,4,Summer
2011-04-14,43.1,71.8,36.7,13.4,1.4,37.5,46.0,Good,48.3,2011,4,Summer
2011-04-15,47.3,78.5,38.5,10.8,1.54,41.9,50.0,Good,50.3,2011,4,Summer
2011-04-16,41.8,69.5,32.4,6.0,1.48,54.4,45.0,Good,50.4,2011,4,Summer
2011-04-17,57.4,105.5,34.8,9.5,1.36,43.5,60.0,Moderate,52.0,2011,4,Summer
2011-04-18,44.1,77.8,31.2,10.2,1.58,50.0,48.0,Good,50.4,2011,4,Summer
2011-04-19,44.8,75.8,39.5,11.2,1.65,39.4,48.0,Good,49.4,2011,4,Summer
2011-04-20,29.9,47.1,31.2,8.5,1.27,37.4,33.0,Good,47.1,2011,4,Summer
2011-04-21,44.0,66.5,38.7,10.8,1.49,52.0,47.0,Good,47.3,2011,4,Summer
2011-04-22,51.3,82.5,33.0,12.2,1.45,49.1,53.0,Moderate,47.7,2011,4,Summer
2011-04-23,37.9,58.9,40.3,11.2,1.55,43.0,42.0,Good,47.3,2011,4,Summer
2011-04-24,40.1,76.0,34.7,11.8,1.43,53.4,46.0,Good,45.3,2011,4,Summer
2011-04-25,50.9,79.3,34.6,8.5,1.42,42.2,51.0,Moderate,45.7,2011,4,Summer
2011-04-26,35.1,65.3,31.0,10.8,1.2,41.1,40.0,Good,44.6,2011,4,Summer
2011-04-27,52.8,89.4,42.7,14.0,1.4,45.6,56.0,Moderate,47.9,2011,4,Summer
2011-04-28,41.7,64.0,38.0,7.2,1.27,44.2,44.0,Good,47.4,2011,4,Summer
2011-04-29,42.7,81.4,36.0,10.2,1.08,39.8,48.0,Good,46.7,2011,4,Summer
2011-04-30,37.5,67.2,35.0,7.2,1.42,45.1,42.0,Good,46.7,2011,4,Summer
2011-05-01,48.0,77.7,31.4,11.9,1.09,47.1,50.0,Good,47.3,2011,5,Summer
2011-05-02,62.6,121.9,36.7,5.4,1.34,50.0,66.0,Moderate,49.4,2011,5,Summer
2011-05-03,50.9,77.5,33.7,8.3,1.26,59.2,52.0,Moderate,51.1,2011,5,Summer
2011-05-04,39.4,63.0,34.2,14.0,1.21,52.2,43.0,Good,49.3,2011,5,Summer
2011-05-05,53.3,100.1,37.6,8.4,1.7,40.8,57.0,Moderate,51.1,2011,5,Summer
2011-05-06,43.2,80.1,35.1,9.3,1.76,59.8,49.0,Good,51.3,2011,5,Summer
2011-05-07,55.0,90.5,34.1,11.9,1.28,46.5,56.0,Moderate,53.3,2011,5,Summer
2011-05-08,51.0,78.2,39.7,9.1,1.6,47.9,52.0,Moderate,53.6,2011,5,Summer
2011-05-09,24.8,47.8,30.7,5.3,0.95,43.0,31.0,Good,48.6,2011,5,Summer
2011-05-10,38.4,63.6,27.4,7.3,1.05,46.4,41.0,Good,47.0,2011,5,Summer
2011-05-11,52.0,83.1,30.8,12.0,1.33,46.3,52.0,Moderate,48.3,2011,5,Summer
2011-05-12,46.5,81.7,34.6,12.3,1.08,49.9,50.0,Good,47.3,2011,5,Summer
2011-05-13,38.2,74.8,36.8,5.4,1.44,51.1,45.0,Good,46.7,2011,5,Summer
2011-05-14,41.0,62.3,31.0,7.5,1.42,44.7,42.0,Good,44.7,2011,5,Summer
2011-05-15,32.1,60.4,48.7,8.1,1.34,52.6,41.0,Good,43.1,2011,5,Summer
2011-05-16,44.8,80.0,34.7,8.6,1.94,44.0,48.0,Good,45.6,2011,5,Summer
2011-05-17,60.9,104.3,34.6,7.5,1.44,52.3,62.0,Moderate,48.6,2011,5,Summer
2011-05-18,51.0,95.5,28.8,9.6,1.49,43.5,54.0,Moderate,48.9,2011,5,Summer
2011-05-19,60.7,120.4,28.2,8.3,1.47,41.1,63.0,Moderate,50.7,2011,5,Summer
2011-05-20,51.6,83.3,26.9,8.5,1.12,45.3,51.0,Moderate,51.6,2011,5,Summer
2011-05-21,52.6,82.7,39.5,7.1,1.84,45.6,54.0,Moderate,53.3,2011,5,Summer
2011-05-22,59.2,115.9,38.8,11.0,1.0,42.0,63.0,Moderate,56.4,2011,5,Summer
2011-05-23,48.0,88.1,34.0,6.6,1.42,45.0,52.0,Moderate,57.0,2011,5,Summer
2011-05-24,44.1,75.8,29.1,10.2,1.54,44.2,47.0,Good,54.9,2011,5,Summer
2011-05-25,52.6,94.0,32.9,11.4,1.6,47.0,55.0,Moderate,55.0,2011,5,Summer
2011-05-26,55.6,104.1,39.7,13.4,1.27,49.7,60.0,Moderate,54.6,2011,5,Summer
2011-05-27,42.0,79.3,32.0,10.4,1.54,46.6,47.0,Good,54.0,2011,5,Summer
2011-05-28,40.3,79.1,30.4,9.9,1.09,42.3,45.0,Good,52.7,2011,5,Summer
2011-05-29,46.4,79.5,32.5,6.0,1.77,45.2,49.0,Good,50.7,2011,5,Summer
2011-05-30,51.2,84.3,32.8,12.3,1.31,52.0,53.0,Moderate,50.9,2011,5,Summer
2011-05-31,51.0,92.8,37.0,9.7,1.23,43.7,54.0,Moderate,51.9,2011,5,Summer
2011-06-01,31.8,54.4,22.5,9.3,1.09,42.2,35.0,Good,49.0,2011,6,Southwest Monsoon
2011-06-02,55.2,99.2,32.0,9.4,1.32,39.3,57.0,Moderate,48.6,2011,6,Southwest Monsoon
2011-06-03,37.3,63.8,28.5,8.9,0.85,43.6,40.0,Good,47.6,2011,6,Southwest Monsoon
2011-06-04,39.9,63.0,29.2,8.7,1.47,51.1,42.0,Good,47.1,2011,6,Southwest Monsoon
2011-06-05,35.5,61.6,34.3,7.9,1.1,43.3,40.0,Good,45.9,2011,6,Southwest Monsoon
2011-06-06,60.7,112.0,26.1,10.1,1.57,46.8,62.0,Moderate,47.1,2011,6,Southwest Monsoon
2011-06-07,43.5,82.6,32.0,5.6,0.93,44.5,48.0,Good,46.3,2011,6,Southwest Monsoon
2011-06-08,35.8,62.6,33.2,5.6,1.28,44.2,40.0,Good,47.0,2011,6,Southwest Monsoon
2011-06-09,47.8,75.7,33.6,7.0,1.38,53.5,50.0,Good,46.0,2011,6,Southwest Monsoon
2011-06-10,47.2,80.6,34.1,11.1,1.41,46.1,50.0,Good,47.4,2011,6,Southwest Monsoon
2011-06-11,40.5,76.6,33.6,9.5,1.12,40.6,45.0,Good,47.9,2011,6,Southwest Monsoon
2011-06-12,47.7,81.4,34.2,7.4,0.94,39.2,50.0,Good,49.3,2011,6,Southwest Monsoon
2011-06-13,36.0,66.6,27.8,7.0,1.13,41.5,40.0,Good,46.1,2011,6,Southwest Monsoon
2011-06-14,38.3,67.3,36.8,8.5,1.54,40.9,43.0,Good,45.4,2011,6,Southwest Monsoon
2011-06-15,27.7,44.9,26.6,9.5,1.77,51.0,32.0,Good,44.3,2011,6,Southwest Monsoon
2011-06-16,32.5,61.7,32.8,11.4,0.84,45.6,39.0,Good,42.7,2011,6,Southwest Monsoon
2011-06-17,54.5,84.0,28.6,12.8,1.06,47.0,54.0,Moderate,43.3,2011,6,Southwest Monsoon
2011-06-18,53.3,93.9,24.4,8.4,0.81,45.3,54.0,Moderate,44.6,2011,6,Southwest Monsoon
2011-06-19,42.3,67.8,29.0,13.1,1.11,45.5,44.0,Good,43.7,2011,6,Southwest Monsoon
2011-06-20,53.4,82.0,30.8,8.8,1.09,51.2,53.0,Moderate,45.6,2011,6,Southwest Monsoon
2011-06-21,40.7,71.2,36.8,9.3,0.95,51.5,46.0,Good,46.0,2011,6,Southwest Monsoon
2011-06-22,40.1,70.2,38.6,10.6,1.66,55.3,46.0,Good,48.0,2011,6,Southwest Monsoon
2011-06-23,42.2,78.2,30.8,10.9,1.53,41.9,46.0,Good,49.0,2011,6,Southwest Monsoon
2011-06-24,40.9,76.6,25.7,11.8,1.31,44.3,45.0,Good,47.7,2011,6,Southwest Monsoon
2011-06-25,40.3,75.1,26.1,6.1,1.22,47.2,44.0,Good,46.3,2011,6,Southwest Monsoon
2011-06-26,49.8,84.9,34.4,8.9,1.47,54.0,53.0,Moderate,47.6,2011,6,Southwest Monsoon
2011-06-27,42.9,77.8,34.1,11.2,0.99,42.6,47.0,Good,46.7,2011,6,Southwest Monsoon
2011-06-28,46.8,83.7,28.9,6.5,1.3,50.7,50.0,Good,47.3,2011,6,Southwest Monsoon
2011-06-29,49.0,83.9,26.6,4.9,1.09,42.9,50.0,Good,47.9,2011,6,Southwest Monsoon
2011-06-30,44.5,80.1,35.3,5.7,1.83,50.7,49.0,Good,48.3,2011,6,Southwest Monsoon
2011-07-01,35.0,69.1,26.4,8.4,0.91,46.2,40.0,Good,47.6,2011,7,Southwest Monsoon
2011-07-02,32.3,51.6,29.5,12.7,1.18,40.5,36.0,Good,46.4,2011,7,Southwest Monsoon
2011-07-03,42.8,83.7,33.2,5.6,0.92,45.0,48.0,Good,45.7,2011,7,Southwest Monsoon
2011-07-04,40.6,62.0,23.3,6.3,1.43,48.6,41.0,Good,44.9,2011,7,Southwest Monsoon
2011-07-05,42.4,70.2,35.1,7.6,1.43,31.0,44.0,Good,44.0,2011,7,Southwest Monsoon
2011-07-06,41.7,68.5,40.8,6.7,1.07,49.9,46.0,Good,43.4,2011,7,Southwest Monsoon
2011-07-07,59.9,108.6,31.8,6.3,0.93,37.9,61.0,Moderate,45.1,2011,7,Southwest Monsoon
2011-07-08,32.5,50.9,31.2,4.6,1.15,44.1,36.0,Good,44.6,2011,7,Southwest Monsoon
2011-07-09,27.9,54.1,31.5,7.6,1.07,44.5,34.0,Good,44.3,2011,7,Southwest Monsoon
2011-07-10,44.1,84.5,32.2,12.6,1.26,31.3,48.0,Good,44.3,2011,7,Southwest Monsoon
2011-07-11,39.2,71.5,28.4,9.8,1.65,41.8,43.0,Good,44.6,2011,7,Southwest Monsoon
2011-07-12,44.0,76.1,26.8,11.0,1.41,46.9,46.0,Good,44.9,2011,7,Southwest Monsoon
2011-07-13,45.9,90.2,29.9,7.4,1.43,54.0,51.0,Moderate,45.6,2011,7,Southwest Monsoon
2011-07-14,50.8,97.3,31.9,7.0,1.24,48.7,55.0,Moderate,44.7,2011,7,Southwest Monsoon
2011-07-15,31.2,54.7,27.3,9.7,1.91,49.0,36.0,Good,44.7,2011,7,Southwest Monsoon
2011-07-16,37.9,70.2,25.9,8.8,1.27,33.6,41.0,Good,45.7,2011,7,Southwest Monsoon
2011-07-17,44.8,79.9,29.5,8.5,1.43,42.7,48.0,Good,45.7,2011,7,Southwest Monsoon
2011-07-18,47.2,84.7,26.0,12.0,1.52,53.2,50.0,Good,46.7,2011,7,Southwest Monsoon
2011-07-19,57.2,95.2,34.0,7.0,1.23,49.0,58.0,Moderate,48.4,2011,7,Southwest Monsoon
2011-07-20,48.5,83.9,17.5,6.8,1.3,41.3,48.0,Good,48.0,2011,7,Southwest Monsoon
2011-07-21,41.4,63.7,26.6,10.4,1.1,44.4,42.0,Good,46.1,2011,7,Southwest Monsoon
2011-07-22,35.6,59.7,37.0,10.1,1.25,48.6,41.0,Good,46.9,2011,7,Southwest Monsoon
2011-07-23,37.8,69.9,30.4,6.6,1.61,48.3,43.0,Good,47.1,2011,7,Southwest Monsoon
2011-07-24,37.7,74.4,32.0,8.8,1.54,42.8,43.0,Good,46.4,2011,7,Southwest Monsoon
2011-07-25,46.4,91.9,30.8,5.1,1.42,42.1,51.0,Moderate,46.6,2011,7,Southwest Monsoon
2011-07-26,43.6,77.5,28.8,9.2,1.47,45.4,47.0,Good,45.0,2011,7,Southwest Monsoon
2011-07-27,32.5,58.7,35.7,7.7,1.24,47.9,39.0,Good,43.7,2011,7,Southwest Monsoon
2011-07-28,38.7,61.7,29.0,8.2,1.48,40.9,41.0,Good,43.6,2011,7,Southwest Monsoon
2011-07-29,47.9,88.6,28.0,6.4,1.21,33.5,50.0,Good,44.9,2011,7,Southwest Monsoon
2011-07-30,44.3,68.0,33.9,11.0,0.84,42.2,46.0,Good,45.3,2011,7,Southwest Monsoon
2011-07-31,45.8,75.2,23.6,9.2,1.7,36.2,46.0,Good,45.7,2011,7,Southwest Monsoon
2011-08-01,44.5,81.6,30.2,10.6,1.19,52.0,49.0,Good,45.4,2011,8,Southwest Monsoon
2011-08-02,53.2,88.0,29.2,8.4,1.51,37.5,53.0,Moderate,46.3,2011,8,Southwest Monsoon
2011-08-03,43.5,66.3,30.1,11.0,1.15,41.5,44.0,Good,47.0,2011,8,Southwest Monsoon
2011-08-04,39.1,74.9,29.3,4.9,0.57,38.4,43.0,Good,47.3,2011,8,Southwest Monsoon
2011-08-05,35.4,58.6,32.8,8.7,1.23,39.2,39.0,Good,45.7,2011,8,Southwest Monsoon
2011-08-06,43.5,66.7,35.7,11.0,0.78,45.9,46.0,Good,45.7,2011,8,Southwest Monsoon
2011-08-07,24.7,38.0,33.1,4.7,1.43,46.8,30.0,Good,43.4,2011,8,Southwest Monsoon
2011-08-08,40.5,65.9,30.0,8.9,1.19,44.7,43.0,Good,42.6,2011,8,Southwest Monsoon
2011-08-09,40.4,64.1,33.8,9.8,1.55,46.1,43.0,Good,41.1,2011,8,Southwest Monsoon
2011-08-10,32.2,60.9,34.3,7.9,1.3,38.5,38.0,Good,40.3,2011,8,Southwest Monsoon
2011-08-11,35.3,58.6,32.7,10.6,0.99,35.5,38.0,Good,39.6,2011,8,Southwest Monsoon
2011-08-12,47.5,90.3,35.5,10.7,1.41,37.1,51.0,Moderate,41.3,2011,8,Southwest Monsoon
2011-08-13,43.4,68.9,21.9,7.4,0.86,42.8,43.0,Good,40.9,2011,8,Southwest Monsoon
2011-08-14,42.5,74.2,31.4,7.9,1.17,46.6,46.0,Good,43.1,2011,8,Southwest Monsoon
2011-08-15,43.9,81.0,32.5,6.3,0.78,34.2,47.0,Good,43.7,2011,8,Southwest Monsoon
2011-08-16,42.4,77.5,25.4,9.3,1.33,38.4,45.0,Good,44.0,2011,8,Southwest Monsoon
2011-08-17,50.5,90.9,32.2,9.1,1.31,38.7,53.0,Moderate,46.1,2011,8,Southwest Monsoon
2011-08-18,42.7,83.7,35.0,8.7,1.28,36.1,47.0,Good,47.4,2011,8,Southwest Monsoon
2011-08-19,31.6,51.0,30.4,8.9,1.01,42.8,35.0,Good,45.1,2011,8,Southwest Monsoon
2011-08-20,53.2,93.0,33.9,6.9,1.58,44.6,55.0,Moderate,46.9,2011,8,Southwest Monsoon
2011-08-21,44.4,86.2,35.4,5.8,1.47,51.7,50.0,Good,47.4,2011,8,Southwest Monsoon
2011-08-22,37.7,58.0,36.7,9.5,1.3,49.2,41.0,Good,46.6,2011,8,Southwest Monsoon
2011-08-23,33.0,50.5,35.9,8.3,1.1,43.1,37.0,Good,45.4,2011,8,Southwest Monsoon
2011-08-24,44.6,72.1,36.8,6.6,1.16,36.7,46.0,Good,44.4,2011,8,Southwest Monsoon
2011-08-25,41.0,74.4,29.3,7.2,1.24,42.4,44.0,Good,44.0,2011,8,Southwest Monsoon
2011-08-26,52.8,86.1,29.7,10.5,0.97,28.9,52.0,Moderate,46.4,2011,8,Southwest Monsoon
2011-08-27,39.4,62.8,21.4,10.4,1.46,41.8,40.0,Good,44.3,2011,8,Southwest Monsoon
2011-08-28,35.9,62.2,27.0,10.0,1.56,40.2,39.0,Good,42.7,2011,8,Southwest Monsoon
2011-08-29,48.1,86.9,36.2,8.6,1.67,38.6,51.0,Moderate,44.1,2011,8,Southwest Monsoon
2011-08-30,48.3,78.4,28.9,7.3,1.16,34.2,48.0,Good,45.7,2011,8,Southwest Monsoon
2011-08-31,43.0,70.9,32.9,11.3,1.59,41.9,45.0,Good,45.6,2011,8,Southwest Monsoon
2011-09-01,46.5,84.1,32.3,8.0,1.6,32.8,49.0,Good,46.3,2011,9,Southwest Monsoon
2011-09-02,41.5,81.9,36.3,9.2,1.09,42.9,47.0,Good,45.6,2011,9,Southwest Monsoon
2011-09-03,43.4,79.8,23.2,6.9,0.99,40.5,46.0,Good,46.4,2011,9,Southwest Monsoon
2011-09-04,50.0,94.5,32.7,8.2,1.52,39.5,53.0,Moderate,48.4,2011,9,Southwest Monsoon
2011-09-05,46.2,77.7,32.6,3.3,1.11,32.2,47.0,Good,47.9,2011,9,Southwest Monsoon
2011-09-06,40.6,66.5,27.9,7.4,1.06,33.7,42.0,Good,47.0,2011,9,Southwest Monsoon
2011-09-07,51.3,88.5,35.1,5.6,1.45,29.4,52.0,Moderate,48.0,2011,9,Southwest Monsoon
2011-09-08,25.2,48.1,25.7,9.1,0.9,40.9,31.0,Good,45.4,2011,9,Southwest Monsoon
2011-09-09,56.2,97.1,35.6,7.5,1.13,36.7,57.0,Moderate,46.9,2011,9,Southwest Monsoon
2011-09-10,29.9,57.4,22.7,8.0,0.78,33.7,34.0,Good,45.1,2011,9,Southwest Monsoon
2011-09-11,37.4,74.6,27.7,12.9,1.03,35.5,42.0,Good,43.6,2011,9,Southwest Monsoon
2011-09-12,41.5,63.8,30.7,6.6,1.08,41.3,43.0,Good,43.0,2011,9,Southwest Monsoon
2011-09-13,40.8,62.1,32.2,8.9,1.06,30.2,41.0,Good,42.9,2011,9,Southwest Monsoon
2011-09-14,48.8,76.9,23.8,9.1,1.14,33.6,47.0,Good,42.1,2011,9,Southwest Monsoon
2011-09-15,34.4,58.2,35.5,6.8,0.73,27.7,37.0,Good,43.0,2011,9,Southwest Monsoon
2011-09-16,43.6,68.3,34.3,10.9,0.99,30.2,44.0,Good,41.1,2011,9,Southwest Monsoon
2011-09-17,37.8,73.1,38.9,11.9,1.58,34.1,43.0,Good,42.4,2011,9,Southwest Monsoon
2011-09-18,43.9,66.3,34.1,11.0,1.32,40.6,45.0,Good,42.9,2011,9,Southwest Monsoon
2011-09-19,41.3,68.5,28.4,6.7,1.12,38.2,43.0,Good,42.9,2011,9,Southwest Monsoon
2011-09-20,42.5,67.6,27.0,7.2,1.08,39.8,43.0,Good,43.1,2011,9,Southwest Monsoon
2011-09-21,38.0,74.6,29.6,4.6,1.44,38.1,42.0,Good,42.4,2011,9,Southwest Monsoon
2011-09-22,38.2,70.1,40.0,8.3,1.27,29.8,43.0,Good,43.3,2011,9,Southwest Monsoon
2011-09-23,43.8,85.7,31.5,8.4,0.96,42.9,48.0,Good,43.9,2011,9,Southwest Monsoon
2011-09-24,48.4,96.1,31.7,10.2,1.11,38.0,52.0,Moderate,45.1,2011,9,Southwest Monsoon
2011-09-25,37.6,65.8,36.8,12.2,0.94,43.2,42.0,Good,44.7,2011,9,Southwest Monsoon
2011-09-26,35.7,57.8,26.6,6.1,1.07,42.4,38.0,Good,44.0,2011,9,Southwest Monsoon
2011-09-27,46.1,73.6,33.5,8.9,1.42,33.4,47.0,Good,44.6,2011,9,Southwest Monsoon
2011-09-28,41.6,67.0,33.4,8.2,1.39,31.3,43.0,Good,44.7,2011,9,Southwest Monsoon
2011-09-29,47.6,88.3,35.1,8.3,1.5,22.5,49.0,Good,45.6,2011,9,Southwest Monsoon
2011-09-30,35.5,53.9,34.7,11.8,1.28,34.3,38.0,Good,44.1,2011,9,Southwest Monsoon
2011-10-01,32.9,50.3,33.8,9.6,0.97,33.2,35.0,Good,41.7,2011,10,Post-Monsoon
2011-10-02,41.7,75.2,28.5,10.5,1.04,30.0,44.0,Good,42.0,2011,10,Post-Monsoon
2011-10-03,40.0,72.9,31.7,10.3,1.47,30.6,43.0,Good,42.7,2011,10,Post-Monsoon
2011-10-04,44.8,82.2,37.4,9.8,1.38,35.6,49.0,Good,43.0,2011,10,Post-Monsoon
2011-10-05,40.9,69.0,41.4,7.9,1.06,23.4,43.0,Good,43.0,2011,10,Post-Monsoon
2011-10-06,50.6,96.3,29.1,13.1,1.26,39.1,53.0,Moderate,43.6,2011,10,Post-Monsoon
2011-10-07,43.4,76.6,28.8,9.3,1.82,37.0,46.0,Good,44.7,2011,10,Post-Monsoon
2011-10-08,46.5,72.1,27.7,10.5,1.58,30.7,45.0,Good,46.1,2011,10,Post-Monsoon
2011-10-09,46.5,88.3,30.9,9.9,1.72,32.0,49.0,Good,46.9,2011,10,Post-Monsoon
2011-10-10,46.8,92.4,37.8,5.2,1.06,33.8,51.0,Moderate,48.0,2011,10,Post-Monsoon
2011-10-11,45.2,69.2,39.3,7.3,1.77,36.2,46.0,Good,47.6,2011,10,Post-Monsoon
2011-10-12,49.0,83.0,25.7,9.6,1.22,42.1,50.0,Good,48.6,2011,10,Post-Monsoon
2011-10-13,39.8,69.5,29.2,7.7,1.74,29.2,41.0,Good,46.9,2011,10,Post-Monsoon
2011-10-14,55.2,86.8,28.4,10.2,1.44,38.6,54.0,Moderate,48.0,2011,10,Post-Monsoon
2011-10-15,43.7,84.6,30.5,7.6,1.51,30.5,47.0,Good,48.3,2011,10,Post-Monsoon
2011-10-16,36.2,59.5,33.1,9.4,1.52,29.6,38.0,Good,46.7,2011,10,Post-Monsoon
2011-10-17,46.7,88.4,32.4,6.0,1.37,30.1,49.0,Good,46.4,2011,10,Post-Monsoon
2011-10-18,39.4,72.4,36.1,11.1,1.5,36.7,44.0,Good,46.1,2011,10,Post-Monsoon
2011-10-19,50.1,90.1,26.3,10.3,1.1,28.4,50.0,Good,46.1,2011,10,Post-Monsoon
2011-10-20,60.9,97.1,31.9,10.4,1.32,31.7,58.0,Moderate,48.6,2011,10,Post-Monsoon
2011-10-21,39.9,64.2,39.5,9.2,1.55,28.5,42.0,Good,46.9,2011,10,Post-Monsoon
2011-10-22,47.7,72.7,39.6,8.0,1.38,28.8,48.0,Good,47.0,2011,10,Post-Monsoon
2011-10-23,33.1,53.7,40.7,12.6,1.26,37.6,38.0,Good,47.0,2011,10,Post-Monsoon
2011-10-24,48.6,81.3,35.6,12.7,1.41,30.7,50.0,Good,47.1,2011,10,Post-Monsoon
2011-10-25,39.2,75.1,31.4,9.3,1.01,27.3,43.0,Good,47.0,2011,10,Post-Monsoon
2011-10-26,41.0,69.1,34.7,8.3,1.61,28.4,43.0,Good,46.0,2011,10,Post-Monsoon
2011-10-27,37.7,70.8,44.1,5.9,0.83,31.9,43.0,Good,43.9,2011,10,Post-Monsoon
2011-10-28,50.5,86.9,31.9,9.9,1.34,30.1,51.0,Moderate,45.1,2011,10,Post-Monsoon
2011-10-29,52.5,99.3,41.3,8.1,1.54,30.3,56.0,Moderate,46.3,2011,10,Post-Monsoon
2011-10-30,45.6,90.6,24.3,8.4,1.37,28.7,48.0,Good,47.7,2011,10,Post-Monsoon
2011-10-31,39.3,63.7,36.3,11.3,1.23,35.4,42.0,Good,46.6,2011,10,Post-Monsoon
2011-11-01,56.5,109.2,36.6,7.5,1.62,33.0,59.0,Moderate,48.9,2011,11,Post-Monsoon
2011-11-02,40.1,72.7,35.5,13.2,1.18,28.9,43.0,Good,48.9,2011,11,Post-Monsoon
2011-11-03,30.3,57.8,35.8,7.4,1.77,30.6,35.0,Good,47.7,2011,11,Post-Monsoon
2011-11-04,48.6,88.7,36.1,5.3,1.3,25.8,50.0,Good,47.6,2011,11,Post-Monsoon
2011-11-05,37.7,64.5,36.3,8.1,1.29,29.4,41.0,Good,45.4,2011,11,Post-Monsoon
2011-11-06,52.3,84.4,32.7,10.1,1.53,26.3,51.0,Moderate,45.9,2011,11,Post-Monsoon
2011-11-07,42.7,65.6,32.9,9.7,1.27,30.7,43.0,Good,46.0,2011,11,Post-Monsoon
2011-11-08,49.6,87.7,28.6,9.8,1.37,29.1,50.0,Good,44.7,2011,11,Post-Monsoon
2011-11-09,55.2,110.2,36.9,8.8,1.49,28.4,58.0,Moderate,46.9,2011,11,Post-Monsoon
2011-11-10,36.9,69.0,39.2,8.4,1.04,30.2,42.0,Good,47.9,2011,11,Post-Monsoon
2011-11-11,41.4,68.9,41.0,6.9,1.5,31.0,44.0,Good,47.0,2011,11,Post-Monsoon
2011-11-12,44.9,85.9,30.7,9.7,0.93,34.9,48.0,Good,48.0,2011,11,Post-Monsoon
2011-11-13,56.2,105.8,27.1,11.5,1.35,33.3,57.0,Moderate,48.9,2011,11,Post-Monsoon
2011-11-14,40.8,66.9,35.5,9.4,1.26,34.1,43.0,Good,48.9,2011,11,Post-Monsoon
2011-11-15,41.2,62.2,29.4,7.9,1.02,27.5,41.0,Good,47.6,2011,11,Post-Monsoon
2011-11-16,48.7,76.0,36.3,9.7,1.77,30.7,49.0,Good,46.3,2011,11,Post-Monsoon
2011-11-17,41.4,80.2,25.2,12.3,1.39,37.9,45.0,Good,46.7,2011,11,Post-Monsoon
2011-11-18,46.5,89.1,38.3,9.0,1.19,28.7,50.0,Good,47.6,2011,11,Post-Monsoon
2011-11-19,34.5,56.9,34.6,6.9,1.39,29.8,37.0,Good,46.0,2011,11,Post-Monsoon
2011-11-20,60.9,100.0,26.3,9.8,1.97,29.8,58.0,Moderate,46.1,2011,11,Post-Monsoon
2011-11-21,36.0,68.2,35.2,10.6,1.1,28.6,40.0,Good,45.7,2011,11,Post-Monsoon
2011-11-22,43.1,85.0,34.4,11.1,1.51,35.5,48.0,Good,46.7,2011,11,Post-Monsoon
2011-11-23,45.2,85.4,36.1,10.8,1.12,26.9,48.0,Good,46.6,2011,11,Post-Monsoon
2011-11-24,58.8,106.0,37.2,9.7,1.47,34.4,60.0,Moderate,48.7,2011,11,Post-Monsoon
2011-11-25,36.1,58.6,24.3,7.7,1.19,32.9,37.0,Good,46.9,2011,11,Post-Monsoon
2011-11-26,59.3,104.5,32.1,7.4,1.31,28.7,59.0,Moderate,50.0,2011,11,Post-Monsoon
2011-11-27,50.7,82.0,33.6,8.7,1.39,27.0,50.0,Good,48.9,2011,11,Post-Monsoon
2011-11-28,48.3,92.0,32.8,10.6,1.68,28.8,51.0,Moderate,50.4,2011,11,Post-Monsoon
2011-11-29,38.5,65.2,32.6,8.1,0.98,34.8,41.0,Good,49.4,2011,11,Post-Monsoon
2011-11-30,49.4,94.7,38.2,8.4,1.77,34.4,53.0,Moderate,50.1,2011,11,Post-Monsoon
2011-12-01,45.1,76.3,30.7,8.6,1.01,33.0,46.0,Good,48.1,2011,12,Winter
2011-12-02,59.1,112.9,36.4,13.5,1.57,28.6,61.0,Moderate,51.6,2011,12,Winter
2011-12-03,43.4,72.3,36.8,10.0,1.51,29.2,45.0,Good,49.6,2011,12,Winter
2011-12-04,49.4,85.0,37.2,11.7,1.46,32.2,51.0,Moderate,49.7,2011,12,Winter
2011-12-05,46.3,83.7,33.7,13.6,1.5,27.9,48.0,Good,49.3,2011,12,Winter
2011-12-06,43.3,66.5,46.2,8.5,1.62,33.2,46.0,Good,50.0,2011,12,Winter
2011-12-07,55.4,109.3,41.5,11.9,1.61,29.8,59.0,Moderate,50.9,2011,12,Winter
2011-12-08,53.9,96.4,46.4,10.2,1.45,34.2,57.0,Moderate,52.4,2011,12,Winter
2011-12-09,58.7,102.9,40.2,13.2,1.67,22.0,59.0,Moderate,52.1,2011,12,Winter
2011-12-10,37.7,72.5,40.6,8.8,1.43,26.1,43.0,Good,51.9,2011,12,Winter
2011-12-11,57.6,111.4,37.6,10.8,1.51,27.5,60.0,Moderate,53.1,2011,12,Winter
2011-12-12,67.7,119.3,43.9,11.7,1.78,31.3,68.0,Moderate,56.0,2011,12,Winter
2011-12-13,47.0,92.4,39.9,9.0,1.79,27.4,51.0,Moderate,56.7,2011,12,Winter
2011-12-14,63.5,97.3,36.8,10.0,1.75,40.2,61.0,Moderate,57.0,2011,12,Winter
2011-12-15,48.4,75.3,45.0,10.1,1.23,23.2,49.0,Good,55.9,2011,12,Winter
2011-12-16,40.6,73.0,32.4,12.6,1.6,34.4,44.0,Good,53.7,2011,12,Winter
2011-12-17,48.1,80.6,34.7,14.8,1.61,35.5,50.0,Good,54.7,2011,12,Winter
2011-12-18,57.5,99.7,48.8,13.6,1.93,31.9,60.0,Moderate,54.7,2011,12,Winter
2011-12-19,44.3,73.8,40.3,13.3,1.69,27.9,46.0,Good,51.6,2011,12,Winter
2011-12-20,46.0,78.3,27.1,2.0,1.33,29.4,46.0,Good,50.9,2011,12,Winter
2011-12-21,54.4,103.9,41.7,10.7,1.39,33.7,58.0,Moderate,50.4,2011,12,Winter
2011-12-22,50.2,90.2,33.5,10.5,0.85,21.7,51.0,Moderate,50.7,2011,12,Winter
2011-12-23,54.3,108.5,35.3,12.0,1.47,26.5,57.0,Moderate,52.6,2011,12,Winter
2011-12-24,51.9,98.2,47.8,7.5,1.4,27.1,56.0,Moderate,53.4,2011,12,Winter
2011-12-25,53.6,87.7,44.2,11.9,1.36,32.6,55.0,Moderate,52.7,2011,12,Winter
2011-12-26,47.2,77.0,45.6,6.2,1.3,35.3,50.0,Good,53.3,2011,12,Winter
2011-12-27,51.8,86.4,35.2,12.5,1.87,39.9,53.0,Moderate,54.3,2011,12,Winter
2011-12-28,43.7,84.0,36.4,7.1,0.82,20.7,47.0,Good,52.7,2011,12,Winter
2011-12-29,59.2,89.6,38.5,12.8,1.17,25.0,56.0,Moderate,53.4,2011,12,Winter
2011-12-30,45.8,73.9,41.1,12.7,2.09,28.5,47.0,Good,52.0,2011,12,Winter
2011-12-31,58.1,113.4,36.2,9.7,1.74,33.1,61.0,Moderate,52.7,2011,12,Winter
2012-01-01,49.5,90.0,45.6,11.4,1.57,34.2,54.0,Moderate,52.6,2012,1,Winter
2012-01-02,52.5,84.7,40.1,10.5,1.49,24.5,52.0,Moderate,52.9,2012,1,Winter
2012-01-03,47.6,76.7,44.1,7.6,1.34,32.4,49.0,Good,52.3,2012,1,Winter
2012-01-04,44.0,85.0,35.0,11.7,1.17,17.8,47.0,Good,52.3,2012,1,Winter
2012-01-05,38.9,75.7,36.4,12.9,1.58,32.2,44.0,Good,50.6,2012,1,Winter
2012-01-06,43.7,71.2,39.1,9.9,1.69,30.7,46.0,Good,50.4,2012,1,Winter
2012-01-07,48.8,83.5,36.3,11.8,1.32,30.4,50.0,Good,48.9,2012,1,Winter
2012-01-08,52.6,100.8,42.3,8.8,1.04,29.0,56.0,Moderate,49.1,2012,1,Winter
2012-01-09,58.2,109.7,42.4,12.4,1.66,30.6,61.0,Moderate,50.4,2012,1,Winter
2012-01-10,48.0,91.5,37.1,10.6,1.68,32.8,52.0,Moderate,50.9,2012,1,Winter
2012-01-11,44.9,79.0,40.7,10.5,1.7,39.6,49.0,Good,51.1,2012,1,Winter
2012-01-12,41.0,80.2,46.3,11.5,1.45,25.0,47.0,Good,51.6,2012,1,Winter
2012-01-13,54.5,90.6,42.3,13.6,0.95,30.1,55.0,Moderate,52.9,2012,1,Winter
2012-01-14,60.8,95.9,40.7,11.6,1.18,34.3,60.0,Moderate,54.3,2012,1,Winter
2012-01-15,60.0,111.2,43.3,8.4,1.81,31.4,62.0,Moderate,55.1,2012,1,Winter
2012-01-16,56.1,99.2,44.8,9.1,1.15,32.4,58.0,Moderate,54.7,2012,1,Winter
2012-01-17,55.6,107.1,44.2,10.4,1.66,29.0,59.0,Moderate,55.7,2012,1,Winter
2012-01-18,63.0,97.0,37.8,11.5,1.23,36.2,61.0,Moderate,57.4,2012,1,Winter
2012-01-19,53.4,102.7,41.7,8.2,1.21,21.3,56.0,Moderate,58.7,2012,1,Winter
2012-01-20,55.6,91.6,36.9,11.2,1.95,27.3,55.0,Moderate,58.7,2012,1,Winter
2012-01-21,48.9,89.3,37.9,12.3,1.96,42.2,53.0,Moderate,57.7,2012,1,Winter
2012-01-22,41.6,63.2,40.0,9.5,1.53,26.4,43.0,Good,55.0,2012,1,Winter
2012-01-23,46.3,83.6,32.3,14.5,1.37,28.3,48.0,Good,53.6,2012,1,Winter
2012-01-24,51.0,94.9,39.6,9.1,1.75,28.8,54.0,Moderate,52.9,2012,1,Winter
2012-01-25,51.5,86.8,35.3,11.0,1.1,30.2,52.0,Moderate,51.6,2012,1,Winter
2012-01-26,64.6,103.8,33.4,6.4,1.79,32.9,62.0,Moderate,52.4,2012,1,Winter
2012-01-27,51.7,91.4,41.3,9.9,2.0,38.6,55.0,Moderate,52.4,2012,1,Winter
2012-01-28,59.4,113.8,37.1,10.3,1.64,35.7,62.0,Moderate,53.7,2012,1,Winter
2012-01-29,48.1,79.9,39.0,9.7,1.2,32.2,50.0,Good,54.7,2012,1,Winter
2012-01-30,48.9,79.6,37.2,9.1,1.87,42.3,51.0,Moderate,55.1,2012,1,Winter
2012-01-31,41.8,68.5,35.6,9.5,1.57,31.6,44.0,Good,53.7,2012,1,Winter
2012-02-01,45.9,90.6,38.6,11.8,1.45,34.1,51.0,Moderate,53.6,2012,2,Winter
2012-02-02,54.8,92.0,32.7,6.7,1.25,34.6,54.0,Moderate,52.4,2012,2,Winter
2012-02-03,51.2,76.8,37.7,6.8,1.21,38.3,51.0,Moderate,51.9,2012,2,Winter
2012-02-04,57.7,109.1,46.0,9.6,1.78,28.5,61.0,Moderate,51.7,2012,2,Winter
2012-02-05,52.4,96.9,33.3,10.3,1.47,29.3,54.0,Moderate,52.3,2012,2,Winter
2012-02-06,48.6,76.1,43.8,9.0,1.47,39.2,50.0,Good,52.1,2012,2,Winter
2012-02-07,66.1,131.8,46.4,10.7,1.52,43.6,71.0,Moderate,56.0,2012,2,Winter
2012-02-08,50.4,91.0,35.0,11.8,1.0,33.0,53.0,Moderate,56.3,2012,2,Winter
2012-02-09,59.2,103.7,39.4,12.5,1.48,28.7,60.0,Moderate,57.1,2012,2,Winter
2012-02-10,48.3,81.7,32.9,13.2,1.49,29.2,49.0,Good,56.9,2012,2,Winter
2012-02-11,56.1,109.3,32.3,7.9,1.86,40.4,59.0,Moderate,56.6,2012,2,Winter
2012-02-12,57.6,93.4,38.8,9.0,1.7,27.0,56.0,Moderate,56.9,2012,2,Winter
2012-02-13,52.6,86.3,39.7,8.8,1.19,35.9,54.0,Moderate,57.4,2012,2,Winter
2012-02-14,34.6,54.0,35.8,12.6,1.39,34.8,38.0,Good,52.7,2012,2,Winter
2012-02-15,51.2,96.3,33.6,9.3,1.75,32.5,54.0,Moderate,52.9,2012,2,Winter
2012-02-16,59.7,107.4,35.0,11.2,1.16,31.7,60.0,Moderate,52.9,2012,2,Winter
2012-02-17,54.8,98.9,41.7,7.7,1.91,39.6,58.0,Moderate,54.1,2012,2,Winter
2012-02-18,54.2,87.3,41.7,9.3,1.48,40.2,55.0,Moderate,53.6,2012,2,Winter
2012-02-19,39.0,71.3,40.7,8.8,1.62,42.3,45.0,Good,52.0,2012,2,Winter
2012-02-20,46.1,86.7,36.6,11.9,1.38,39.0,50.0,Good,51.4,2012,2,Winter
2012-02-21,54.0,90.6,33.8,8.1,1.38,36.8,54.0,Moderate,53.7,2012,2,Winter
2012-02-22,54.0,102.6,43.4,14.1,1.26,37.7,58.0,Moderate,54.3,2012,2,Winter
2012-02-23,59.6,99.8,44.7,11.0,1.87,42.0,61.0,Moderate,54.4,2012,2,Winter
2012-02-24,50.1,94.1,36.0,9.1,1.64,28.7,53.0,Moderate,53.7,2012,2,Winter
2012-02-25,53.9,81.8,37.5,11.2,1.25,39.6,53.0,Moderate,53.4,2012,2,Winter
2012-02-26,51.2,90.9,32.2,8.9,1.67,34.6,53.0,Moderate,54.6,2012,2,Winter
2012-02-27,44.2,87.7,40.2,8.4,1.73,39.6,50.0,Good,54.6,2012,2,Winter
2012-02-28,35.3,70.3,46.4,11.9,1.76,32.7,43.0,Good,53.0,2012,2,Winter
2012-02-29,54.1,88.8,41.9,13.3,1.56,42.3,56.0,Moderate,52.7,2012,2,Winter
2012-03-01,47.5,81.8,43.3,10.3,1.39,41.1,51.0,Moderate,51.3,2012,3,Summer
2012-03-02,42.0,64.3,32.9,7.1,1.12,34.8,43.0,Good,49.9,2012,3,Summer
2012-03-03,35.0,67.7,29.3,7.9,1.68,36.1,39.0,Good,47.9,2012,3,Summer
2012-03-04,50.7,90.5,40.5,12.6,1.52,35.8,54.0,Moderate,48.0,2012,3,Summer
2012-03-05,44.4,75.2,35.2,11.1,1.6,39.1,47.0,Good,47.6,2012,3,Summer
2012-03-06,50.2,78.1,30.9,7.3,0.88,49.1,51.0,Moderate,48.7,2012,3,Summer
2012-03-07,59.3,117.1,42.0,8.1,1.59,30.0,63.0,Moderate,49.7,2012,3,Summer
2012-03-08,31.3,55.3,32.1,9.9,1.36,40.9,36.0,Good,47.6,2012,3,Summer
2012-03-09,41.4,68.0,30.0,9.3,1.56,41.5,43.0,Good,47.6,2012,3,Summer
2012-03-10,44.8,75.1,36.9,13.7,1.05,36.9,47.0,Good,48.7,2012,3,Summer
2012-03-11,56.5,92.4,29.3,8.1,1.8,31.3,55.0,Moderate,48.9,2012,3,Summer
2012-03-12,34.8,62.8,38.6,10.7,1.19,38.8,40.0,Good,47.9,2012,3,Summer
2012-03-13,59.9,117.6,29.9,10.1,1.64,33.9,62.0,Moderate,49.4,2012,3,Summer
2012-03-14,47.3,91.1,35.5,6.2,1.3,42.9,52.0,Moderate,47.9,2012,3,Summer
2012-03-15,45.6,78.9,35.8,4.8,1.81,33.4,48.0,Good,49.6,2012,3,Summer
2012-03-16,44.9,85.9,35.6,8.8,1.42,40.2,49.0,Good,50.4,2012,3,Summer
2012-03-17,43.2,74.0,29.3,10.4,1.82,36.7,45.0,Good,50.1,2012,3,Summer
2012-03-18,53.6,87.2,33.7,12.7,1.33,46.3,55.0,Moderate,50.1,2012,3,Summer
2012-03-19,38.8,77.3,40.0,8.0,1.07,48.7,46.0,Good,51.0,2012,3,Summer
2012-03-20,48.7,80.5,33.7,10.5,1.42,39.2,50.0,Good,49.3,2012,3,Summer
2012-03-21,43.6,72.5,29.9,9.0,1.32,35.9,45.0,Good,48.3,2012,3,Summer
2012-03-22,41.0,81.7,32.7,13.0,1.2,49.7,47.0,Good,48.1,2012,3,Summer
2012-03-23,64.4,100.9,29.5,9.5,1.66,40.8,61.0,Moderate,49.9,2012,3,Summer
2012-03-24,49.2,92.6,25.8,8.7,1.01,43.2,52.0,Moderate,50.9,2012,3,Summer
2012-03-25,50.6,99.6,33.8,9.9,1.83,41.1,55.0,Moderate,50.9,2012,3,Summer
2012-03-26,54.3,95.3,34.9,9.9,1.3,40.9,56.0,Moderate,52.3,2012,3,Summer
2012-03-27,36.4,54.6,37.3,12.3,1.01,39.6,39.0,Good,50.7,2012,3,Summer
2012-03-28,58.6,98.8,36.4,9.6,1.45,32.7,58.0,Moderate,52.6,2012,3,Summer
2012-03-29,28.7,44.7,37.0,10.4,1.4,51.1,34.0,Good,50.7,2012,3,Summer
2012-03-30,40.9,69.9,34.3,6.2,1.31,43.4,44.0,Good,48.3,2012,3,Summer
2012-03-31,43.1,81.7,43.0,7.2,1.19,42.2,49.0,Good,47.9,2012,3,Summer
2012-04-01,50.4,86.6,31.1,8.8,1.68,47.4,52.0,Moderate,47.4,2012,4,Summer
2012-04-02,47.8,82.1,33.2,9.8,1.48,40.0,50.0,Good,46.6,2012,4,Summer
2012-04-03,45.1,80.3,41.1,8.0,1.23,44.8,50.0,Good,48.1,2012,4,Summer
2012-04-04,46.2,82.8,32.9,10.1,1.45,39.3,49.0,Good,46.9,2012,4,Summer
2012-04-05,39.5,76.1,34.1,8.5,1.16,41.5,45.0,Good,48.4,2012,4,Summer
2012-04-06,35.8,59.3,36.1,12.9,1.59,46.3,40.0,Good,47.9,2012,4,Summer
2012-04-07,51.4,98.2,39.2,9.1,1.87,44.9,56.0,Moderate,48.9,2012,4,Summer
2012-04-08,51.2,91.2,35.1,10.4,1.63,42.0,54.0,Moderate,49.1,2012,4,Summer
2012-04-09,57.4,94.7,31.0,9.1,1.18,47.4,57.0,Moderate,50.1,2012,4,Summer
2012-04-10,40.8,67.2,32.9,9.4,1.11,40.0,43.0,Good,49.1,2012,4,Summer
2012-04-11,51.1,86.0,36.7,10.6,1.37,39.4,53.0,Moderate,49.7,2012,4,Summer
2012-04-12,44.3,80.3,33.3,9.8,0.95,41.8,48.0,Good,50.1,2012,4,Summer
2012-04-13,54.6,88.3,32.6,8.5,1.58,43.0,55.0,Moderate,52.3,2012,4,Summer
2012-04-14,53.5,104.8,30.8,10.2,1.52,42.6,57.0,Moderate,52.4,2012,4,Summer
2012-04-15,47.8,85.4,39.3,9.2,1.31,42.3,52.0,Moderate,52.1,2012,4,Summer
2012-04-16,43.9,86.1,34.0,10.7,1.28,49.0,50.0,Good,51.1,2012,4,Summer
2012-04-17,53.0,80.8,34.0,11.8,1.32,52.1,54.0,Moderate,52.7,2012,4,Summer
2012-04-18,50.8,84.9,37.2,11.5,1.74,44.1,53.0,Moderate,52.7,2012,4,Summer
2012-04-19,41.5,62.7,29.1,7.4,1.25,47.8,43.0,Good,52.0,2012,4,Summer
2012-04-20,37.0,60.5,34.7,3.5,1.05,41.2,40.0,Good,49.9,2012,4,Summer
2012-04-21,44.3,85.5,40.5,14.1,1.15,44.5,50.0,Good,48.9,2012,4,Summer
2012-04-22,56.9,86.4,34.2,10.6,1.6,47.4,56.0,Moderate,49.4,2012,4,Summer
2012-04-23,54.3,93.3,35.4,10.3,1.11,41.0,56.0,Moderate,50.3,2012,4,Summer
2012-04-24,38.5,60.0,35.3,8.1,1.65,49.1,42.0,Good,48.6,2012,4,Summer
2012-04-25,38.1,65.1,38.7,5.4,1.3,41.8,42.0,Good,47.0,2012,4,Summer
2012-04-26,55.2,106.0,35.3,5.5,0.9,50.6,59.0,Moderate,49.3,2012,4,Summer
2012-04-27,38.4,69.5,44.4,8.9,1.54,49.8,45.0,Good,50.0,2012,4,Summer
2012-04-28,49.9,93.2,35.4,9.9,1.28,51.2,54.0,Moderate,50.6,2012,4,Summer
2012-04-29,42.0,70.3,32.8,12.9,1.44,50.8,46.0,Good,49.1,2012,4,Summer
2012-04-30,57.6,113.6,40.5,10.0,1.19,55.5,64.0,Moderate,50.3,2012,4,Summer
2012-05-01,40.9,75.9,33.7,10.9,1.66,48.4,46.0,Good,50.9,2012,5,Summer
2012-05-02,54.3,92.9,32.1,8.5,1.46,38.7,55.0,Moderate,52.7,2012,5,Summer
2012-05-03,47.6,81.5,29.7,8.6,1.89,46.7,50.0,Good,51.4,2012,5,Summer
2012-05-04,48.1,94.2,36.4,6.6,1.53,43.8,53.0,Moderate,52.6,2012,5,Summer
2012-05-05,32.5,58.1,32.7,7.1,1.29,39.3,37.0,Good,50.1,2012,5,Summer
2012-05-06,30.9,57.2,31.4,7.1,1.13,52.6,37.0,Good,48.9,2012,5,Summer
2012-05-07,44.8,76.5,32.2,8.8,1.0,44.8,47.0,Good,46.4,2012,5,Summer
2012-05-08,48.0,77.4,33.0,6.2,1.32,38.9,49.0,Good,46.9,2012,5,Summer
2012-05-09,38.4,71.5,37.8,7.9,1.33,43.2,44.0,Good,45.3,2012,5,Summer
2012-05-10,38.7,69.8,36.4,9.5,1.75,57.8,45.0,Good,44.6,2012,5,Summer
2012-05-11,50.2,87.9,33.9,4.7,1.25,53.3,53.0,Moderate,44.6,2012,5,Summer
2012-05-12,50.2,91.0,36.7,12.5,1.6,50.2,54.0,Moderate,47.0,2012,5,Summer
2012-05-13,45.3,72.7,34.1,13.1,1.32,49.8,48.0,Good,48.6,2012,5,Summer
2012-05-14,51.8,98.2,35.3,11.6,1.82,42.1,56.0,Moderate,49.9,2012,5,Summer
2012-05-15,38.1,75.2,31.8,10.3,0.96,41.8,44.0,Good,49.1,2012,5,Summer
2012-05-16,43.8,85.2,31.9,10.2,1.69,49.5,49.0,Good,49.9,2012,5,Summer
2012-05-17,57.8,96.0,35.1,10.6,1.23,54.7,59.0,Moderate,51.9,2012,5,Summer
2012-05-18,46.8,79.7,35.1,9.7,1.57,41.7,49.0,Good,51.3,2012,5,Summer
2012-05-19,47.2,89.8,38.5,9.9,1.74,46.3,52.0,Moderate,51.0,2012,5,Summer
2012-05-20,62.4,112.2,36.5,6.2,1.26,48.0,64.0,Moderate,53.3,2012,5,Summer
2012-05-21,36.5,64.8,32.5,9.8,1.08,44.5,41.0,Good,51.1,2012,5,Summer
2012-05-22,51.9,101.8,29.4,10.5,1.05,46.0,56.0,Moderate,52.9,2012,5,Summer
2012-05-23,57.9,102.5,38.0,10.2,1.14,41.8,60.0,Moderate,54.4,2012,5,Summer
2012-05-24,44.0,77.4,35.8,11.8,0.74,48.5,48.0,Good,52.9,2012,5,Summer
2012-05-25,52.3,79.6,38.4,12.5,1.29,47.8,53.0,Moderate,53.4,2012,5,Summer
2012-05-26,39.4,60.5,36.3,8.5,1.51,50.1,43.0,Good,52.1,2012,5,Summer
2012-05-27,41.5,62.4,41.7,7.3,1.41,46.0,44.0,Good,49.3,2012,5,Summer
2012-05-28,49.0,95.9,33.6,12.1,1.26,50.6,54.0,Moderate,51.1,2012,5,Summer
2012-05-29,51.9,88.4,34.7,10.9,1.13,48.7,54.0,Moderate,50.9,2012,5,Summer
2012-05-30,54.1,93.9,37.7,8.4,1.21,53.2,57.0,Moderate,50.4,2012,5,Summer
2012-05-31,57.3,110.1,38.0,9.1,1.42,45.7,61.0,Moderate,52.3,2012,5,Summer
2012-06-01,42.2,76.2,33.1,8.2,1.45,51.7,47.0,Good,51.4,2012,6,Southwest Monsoon
2012-06-02,51.1,92.1,25.4,9.3,0.87,45.9,53.0,Moderate,52.9,2012,6,Southwest Monsoon
2012-06-03,40.3,66.4,24.7,11.7,1.28,50.2,43.0,Good,52.7,2012,6,Southwest Monsoon
2012-06-04,49.0,94.0,30.3,7.0,1.31,53.6,54.0,Moderate,52.7,2012,6,Southwest Monsoon
2012-06-05,44.2,69.9,31.9,9.4,1.01,52.8,47.0,Good,51.7,2012,6,Southwest Monsoon
2012-06-06,45.8,69.9,24.3,9.3,1.38,45.9,46.0,Good,50.1,2012,6,Southwest Monsoon
2012-06-07,45.7,72.9,31.7,4.8,1.48,44.3,47.0,Good,48.1,2012,6,Southwest Monsoon
2012-06-08,31.5,51.4,34.4,13.8,1.1,51.8,37.0,Good,46.7,2012,6,Southwest Monsoon
2012-06-09,34.8,57.2,31.6,9.2,1.03,44.6,39.0,Good,44.7,2012,6,Southwest Monsoon
2012-06-10,43.4,79.7,33.0,11.1,1.78,51.8,48.0,Good,45.4,2012,6,Southwest Monsoon
2012-06-11,30.9,49.7,34.2,5.6,1.45,40.8,35.0,Good,42.7,2012,6,Southwest Monsoon
2012-06-12,48.5,89.2,25.4,12.7,1.29,49.2,51.0,Moderate,43.3,2012,6,Southwest Monsoon
2012-06-13,48.8,75.4,34.4,8.1,1.08,44.9,50.0,Good,43.9,2012,6,Southwest Monsoon
2012-06-14,45.0,70.8,28.9,4.2,1.05,38.4,45.0,Good,43.6,2012,6,Southwest Monsoon
2012-06-15,34.9,61.1,30.8,6.0,1.39,42.8,39.0,Good,43.9,2012,6,Southwest Monsoon
2012-06-16,52.4,102.7,29.2,6.3,1.04,44.7,56.0,Moderate,46.3,2012,6,Southwest Monsoon
2012-06-17,57.0,109.9,36.1,7.3,1.03,56.2,62.0,Moderate,48.3,2012,6,Southwest Monsoon
2012-06-18,43.7,86.8,27.1,6.2,1.21,31.6,47.0,Good,50.0,2012,6,Southwest Monsoon
2012-06-19,46.3,84.5,37.3,10.4,1.4,44.8,51.0,Moderate,50.0,2012,6,Southwest Monsoon
2012-06-20,44.1,81.1,41.4,9.2,1.69,44.7,49.0,Good,49.9,2012,6,Southwest Monsoon
2012-06-21,46.4,84.1,25.6,9.8,1.31,41.5,49.0,Good,50.4,2012,6,Southwest Monsoon
2012-06-22,41.9,75.8,29.5,9.7,1.04,44.4,45.0,Good,51.3,2012,6,Southwest Monsoon
2012-06-23,42.5,66.8,34.2,8.3,1.18,45.5,45.0,Good,49.7,2012,6,Southwest Monsoon
2012-06-24,49.0,86.9,27.8,5.7,1.57,42.8,51.0,Moderate,48.1,2012,6,Southwest Monsoon
2012-06-25,59.1,100.1,30.7,5.8,1.55,47.9,59.0,Moderate,49.9,2012,6,Southwest Monsoon
2012-06-26,32.9,56.6,32.5,5.9,1.56,54.0,38.0,Good,48.0,2012,6,Southwest Monsoon
2012-06-27,42.0,73.9,28.9,6.6,1.5,45.7,45.0,Good,47.4,2012,6,Southwest Monsoon
2012-06-28,34.4,53.9,32.1,12.2,1.72,42.5,38.0,Good,45.9,2012,6,Southwest Monsoon
2012-06-29,53.8,90.4,35.6,5.8,1.3,45.3,55.0,Moderate,47.3,2012,6,Southwest Monsoon
2012-06-30,38.6,59.1,31.5,11.8,1.43,44.0,41.0,Good,46.7,2012,6,Southwest Monsoon
2012-07-01,32.6,64.9,27.6,6.7,1.04,51.2,39.0,Good,45.0,2012,7,Southwest Monsoon
2012-07-02,47.2,73.5,36.5,6.1,1.3,43.3,48.0,Good,43.4,2012,7,Southwest Monsoon
2012-07-03,54.9,89.5,37.4,9.6,1.31,48.0,56.0,Moderate,46.0,2012,7,Southwest Monsoon
2012-07-04,47.3,92.1,33.3,11.3,1.44,46.9,52.0,Moderate,47.0,2012,7,Southwest Monsoon
2012-07-05,44.1,76.9,27.9,5.6,1.09,45.9,46.0,Good,48.1,2012,7,Southwest Monsoon
2012-07-06,45.6,71.4,28.3,8.6,0.85,39.6,46.0,Good,46.9,2012,7,Southwest Monsoon
2012-07-07,52.6,89.0,22.3,11.2,1.1,42.1,52.0,Moderate,48.4,2012,7,Southwest Monsoon
2012-07-08,36.6,57.0,29.4,10.6,1.51,44.1,39.0,Good,48.4,2012,7,Southwest Monsoon
2012-07-09,41.9,67.1,36.1,5.7,1.19,39.0,44.0,Good,47.9,2012,7,Southwest Monsoon
2012-07-10,39.5,60.3,29.1,8.4,1.36,40.0,41.0,Good,45.7,2012,7,Southwest Monsoon
2012-07-11,34.5,59.4,28.0,5.6,1.1,42.4,38.0,Good,43.7,2012,7,Southwest Monsoon
2012-07-12,40.4,76.9,35.9,9.5,1.51,46.4,46.0,Good,43.7,2012,7,Southwest Monsoon
2012-07-13,50.5,90.5,36.4,9.1,1.22,51.6,54.0,Moderate,44.9,2012,7,Southwest Monsoon
2012-07-14,46.7,84.1,29.7,9.9,1.22,45.8,50.0,Good,44.6,2012,7,Southwest Monsoon
2012-07-15,47.2,75.6,33.8,6.9,1.58,45.0,49.0,Good,46.0,2012,7,Southwest Monsoon
2012-07-16,43.7,73.1,28.3,7.4,1.64,44.6,46.0,Good,46.3,2012,7,Southwest Monsoon
2012-07-17,46.4,89.1,30.4,10.8,1.58,42.4,50.0,Good,47.6,2012,7,Southwest Monsoon
2012-07-18,37.1,57.3,24.5,10.9,1.16,43.5,39.0,Good,47.7,2012,7,Southwest Monsoon
2012-07-19,40.5,78.2,33.2,12.1,1.1,46.7,46.0,Good,47.7,2012,7,Southwest Monsoon
2012-07-20,44.0,76.7,31.4,11.6,1.02,48.5,48.0,Good,46.9,2012,7,Southwest Monsoon
2012-07-21,44.6,85.7,29.1,5.5,0.87,31.5,47.0,Good,46.4,2012,7,Southwest Monsoon
2012-07-22,44.9,74.6,31.4,11.2,1.01,47.1,47.0,Good,46.1,2012,7,Southwest Monsoon
2012-07-23,41.7,69.7,30.9,8.7,1.03,41.9,44.0,Good,45.9,2012,7,Southwest Monsoon
2012-07-24,40.1,75.1,28.5,10.3,0.93,45.8,44.0,Good,45.0,2012,7,Southwest Monsoon
2012-07-25,64.8,122.6,33.4,8.1,0.87,45.0,67.0,Moderate,49.0,2012,7,Southwest Monsoon
2012-07-26,49.0,79.2,30.6,7.0,0.92,42.4,50.0,Good,49.6,2012,7,Southwest Monsoon
2012-07-27,45.6,90.6,31.3,8.2,1.23,45.5,51.0,Moderate,50.0,2012,7,Southwest Monsoon
2012-07-28,41.1,63.3,26.0,8.9,1.36,44.2,42.0,Good,49.3,2012,7,Southwest Monsoon
2012-07-29,39.5,60.7,31.3,9.4,1.33,42.5,41.0,Good,48.4,2012,7,Southwest Monsoon
2012-07-30,41.8,75.1,31.1,10.7,1.11,42.0,45.0,Good,48.6,2012,7,Southwest Monsoon
2012-07-31,44.7,83.3,28.5,6.7,1.16,37.4,47.0,Good,49.0,2012,7,Southwest Monsoon
2012-08-01,29.5,58.5,33.9,6.6,1.34,42.3,36.0,Good,44.6,2012,8,Southwest Monsoon
2012-08-02,31.7,54.0,23.4,5.5,1.29,32.1,34.0,Good,42.3,2012,8,Southwest Monsoon
2012-08-03,38.2,57.8,29.9,8.4,1.39,43.4,40.0,Good,40.7,2012,8,Southwest Monsoon
2012-08-04,44.1,79.5,33.0,7.1,1.0,45.6,48.0,Good,41.6,2012,8,Southwest Monsoon
2012-08-05,41.0,67.5,40.2,8.1,1.68,34.4,44.0,Good,42.0,2012,8,Southwest Monsoon
2012-08-06,53.0,91.1,26.3,8.8,1.4,40.2,53.0,Moderate,43.1,2012,8,Southwest Monsoon
2012-08-07,32.3,56.4,32.2,5.2,1.43,48.5,37.0,Good,41.7,2012,8,Southwest Monsoon
2012-08-08,37.4,57.4,34.0,7.7,0.98,52.2,41.0,Good,42.4,2012,8,Southwest Monsoon
2012-08-09,53.3,93.0,32.1,9.5,0.97,40.6,55.0,Moderate,45.4,2012,8,Southwest Monsoon
2012-08-10,43.6,74.7,26.9,8.9,1.07,41.3,45.0,Good,46.1,2012,8,Southwest Monsoon
2012-08-11,48.9,90.8,29.9,8.1,1.43,40.5,52.0,Moderate,46.7,2012,8,Southwest Monsoon
2012-08-12,57.1,104.0,22.0,8.7,0.96,41.4,57.0,Moderate,48.6,2012,8,Southwest Monsoon
2012-08-13,37.8,60.3,31.8,8.3,1.36,46.7,41.0,Good,46.9,2012,8,Southwest Monsoon
2012-08-14,42.0,67.3,26.1,6.8,1.61,40.4,43.0,Good,47.7,2012,8,Southwest Monsoon
2012-08-15,40.8,66.3,33.6,6.5,1.07,33.4,42.0,Good,47.9,2012,8,Southwest Monsoon
2012-08-16,29.0,46.1,29.2,14.2,1.01,41.4,33.0,Good,44.7,2012,8,Southwest Monsoon
2012-08-17,40.5,74.1,28.8,10.1,1.06,38.0,44.0,Good,44.6,2012,8,Southwest Monsoon
2012-08-18,48.9,97.6,32.5,11.0,1.2,34.2,53.0,Moderate,44.7,2012,8,Southwest Monsoon
2012-08-19,46.5,84.9,32.8,10.0,1.48,34.0,49.0,Good,43.6,2012,8,Southwest Monsoon
2012-08-20,47.0,84.8,35.3,11.6,1.5,38.9,50.0,Good,44.9,2012,8,Southwest Monsoon
2012-08-21,40.1,68.3,30.8,9.9,1.44,42.4,43.0,Good,44.9,2012,8,Southwest Monsoon
2012-08-22,38.1,63.1,31.4,4.6,0.76,42.0,41.0,Good,44.7,2012,8,Southwest Monsoon
2012-08-23,51.6,100.9,26.3,7.1,1.2,45.0,55.0,Moderate,47.9,2012,8,Southwest Monsoon
2012-08-24,39.2,77.8,37.6,9.3,1.02,35.1,45.0,Good,48.0,2012,8,Southwest Monsoon
2012-08-25,44.8,78.3,28.1,9.2,1.35,36.8,46.0,Good,47.0,2012,8,Southwest Monsoon
2012-08-26,43.8,72.1,34.7,9.1,1.47,41.7,46.0,Good,46.6,2012,8,Southwest Monsoon
2012-08-27,52.9,99.8,34.7,6.6,1.12,42.0,56.0,Moderate,47.4,2012,8,Southwest Monsoon
2012-08-28,49.5,77.5,33.4,7.7,1.73,35.6,49.0,Good,48.3,2012,8,Southwest Monsoon
2012-08-29,33.6,63.3,30.9,9.3,1.02,34.6,38.0,Good,47.9,2012,8,Southwest Monsoon
2012-08-30,34.4,65.7,30.3,8.9,1.38,40.3,39.0,Good,45.6,2012,8,Southwest Monsoon
2012-08-31,46.8,73.0,31.5,10.4,1.78,42.2,47.0,Good,45.9,2012,8,Southwest Monsoon
2012-09-01,42.2,84.0,24.2,6.7,1.47,36.4,46.0,Good,45.9,2012,9,Southwest Monsoon
2012-09-02,39.5,78.7,31.7,9.8,1.39,39.8,45.0,Good,45.7,2012,9,Southwest Monsoon
2012-09-03,49.8,98.0,37.7,7.7,1.2,37.3,54.0,Moderate,45.4,2012,9,Southwest Monsoon
2012-09-04,44.0,76.9,30.9,8.1,1.4,33.9,46.0,Good,45.0,2012,9,Southwest Monsoon
2012-09-05,43.1,69.9,31.7,8.7,1.11,40.7,45.0,Good,46.0,2012,9,Southwest Monsoon
2012-09-06,48.2,86.3,27.7,5.3,1.53,35.7,49.0,Good,47.4,2012,9,Southwest Monsoon
2012-09-07,40.1,68.5,32.5,9.1,1.06,29.1,42.0,Good,46.7,2012,9,Southwest Monsoon
2012-09-08,53.7,86.0,28.7,11.3,1.18,33.2,52.0,Moderate,47.6,2012,9,Southwest Monsoon
2012-09-09,37.2,63.7,35.2,6.4,1.04,25.1,39.0,Good,46.7,2012,9,Southwest Monsoon
2012-09-10,47.3,86.6,36.4,12.5,1.16,49.7,52.0,Moderate,46.4,2012,9,Southwest Monsoon
2012-09-11,52.7,81.0,37.2,7.5,1.13,42.6,53.0,Moderate,47.4,2012,9,Southwest Monsoon
2012-09-12,33.1,55.1,26.0,10.0,0.74,29.3,35.0,Good,46.0,2012,9,Southwest Monsoon
2012-09-13,40.3,60.8,34.7,6.2,1.25,32.8,41.0,Good,44.9,2012,9,Southwest Monsoon
2012-09-14,50.7,95.0,34.4,13.1,1.12,36.8,54.0,Moderate,46.6,2012,9,Southwest Monsoon
2012-09-15,50.8,92.5,30.1,6.7,0.92,43.5,53.0,Moderate,46.7,2012,9,Southwest Monsoon
2012-09-16,41.5,63.5,36.6,9.2,1.07,39.0,43.0,Good,47.3,2012,9,Southwest Monsoon
2012-09-17,37.6,74.5,33.5,7.7,1.34,36.3,43.0,Good,46.0,2012,9,Southwest Monsoon
2012-09-18,49.4,74.6,37.3,8.7,0.8,32.1,49.0,Good,45.4,2012,9,Southwest Monsoon
2012-09-19,51.0,91.5,26.7,9.0,1.2,37.3,52.0,Moderate,47.9,2012,9,Southwest Monsoon
2012-09-20,34.5,65.2,28.9,8.1,1.53,36.9,39.0,Good,47.6,2012,9,Southwest Monsoon
2012-09-21,34.3,64.9,32.2,7.4,1.14,34.8,39.0,Good,45.4,2012,9,Southwest Monsoon
2012-09-22,44.3,67.2,36.5,8.7,1.61,34.1,45.0,Good,44.3,2012,9,Southwest Monsoon
2012-09-23,47.1,92.0,33.6,8.7,1.51,32.1,51.0,Moderate,45.4,2012,9,Southwest Monsoon
2012-09-24,40.6,79.6,28.0,9.4,1.34,40.6,45.0,Good,45.7,2012,9,Southwest Monsoon
2012-09-25,47.5,84.5,38.9,9.8,1.24,25.6,50.0,Good,45.9,2012,9,Southwest Monsoon
2012-09-26,37.7,65.7,30.6,10.4,1.25,35.4,41.0,Good,44.3,2012,9,Southwest Monsoon
2012-09-27,27.9,42.5,28.1,9.9,1.37,33.8,31.0,Good,43.1,2012,9,Southwest Monsoon
2012-09-28,39.7,70.8,28.7,9.1,1.74,23.8,41.0,Good,43.4,2012,9,Southwest Monsoon
2012-09-29,43.1,73.5,26.5,8.3,1.37,31.6,44.0,Good,43.3,2012,9,Southwest Monsoon
2012-09-30,40.8,76.9,22.8,5.7,1.62,28.3,42.0,Good,42.0,2012,9,Southwest Monsoon
2012-10-01,38.2,65.0,34.0,9.9,1.06,28.1,40.0,Good,41.3,2012,10,Post-Monsoon
2012-10-02,33.6,61.9,28.3,11.7,1.21,29.2,37.0,Good,39.4,2012,10,Post-Monsoon
2012-10-03,42.7,66.2,35.8,8.0,1.35,39.2,44.0,Good,39.9,2012,10,Post-Monsoon
2012-10-04,52.6,82.4,38.4,8.2,1.69,32.5,52.0,Moderate,42.9,2012,10,Post-Monsoon
2012-10-05,55.1,86.5,36.0,12.2,0.9,36.4,54.0,Moderate,44.7,2012,10,Post-Monsoon
2012-10-06,54.6,83.2,34.7,12.8,2.1,26.6,52.0,Moderate,45.9,2012,10,Post-Monsoon
2012-10-07,40.6,71.9,28.3,7.9,1.35,29.4,42.0,Good,45.9,2012,10,Post-Monsoon
2012-10-08,38.2,72.5,37.9,14.7,1.64,30.2,43.0,Good,46.3,2012,10,Post-Monsoon
2012-10-09,49.8,89.9,42.3,10.4,1.35,33.0,53.0,Moderate,48.6,2012,10,Post-Monsoon
2012-10-10,50.7,90.7,40.1,11.4,1.15,34.8,54.0,Moderate,50.0,2012,10,Post-Monsoon
2012-10-11,49.1,90.4,29.2,8.8,1.78,33.3,51.0,Moderate,49.9,2012,10,Post-Monsoon
2012-10-12,32.2,53.8,34.2,10.1,1.3,27.8,35.0,Good,47.1,2012,10,Post-Monsoon
2012-10-13,40.2,67.6,33.4,10.4,1.17,35.5,43.0,Good,45.9,2012,10,Post-Monsoon
2012-10-14,46.1,76.4,32.9,7.8,1.45,28.6,47.0,Good,46.6,2012,10,Post-Monsoon
2012-10-15,49.7,92.3,34.6,12.9,1.5,32.9,52.0,Moderate,47.9,2012,10,Post-Monsoon
2012-10-16,51.7,81.7,43.2,9.5,1.43,24.6,52.0,Moderate,47.7,2012,10,Post-Monsoon
2012-10-17,47.3,71.3,34.9,8.5,1.45,30.0,47.0,Good,46.7,2012,10,Post-Monsoon
2012-10-18,48.6,87.4,32.7,7.2,1.45,33.8,50.0,Good,46.6,2012,10,Post-Monsoon
2012-10-19,46.9,92.4,35.7,10.7,1.66,31.6,51.0,Moderate,48.9,2012,10,Post-Monsoon
2012-10-20,51.1,92.2,29.2,10.1,1.36,26.9,52.0,Moderate,50.1,2012,10,Post-Monsoon
2012-10-21,48.5,91.7,31.6,7.6,1.19,33.6,51.0,Moderate,50.7,2012,10,Post-Monsoon
2012-10-22,46.8,85.9,38.4,9.8,1.53,26.9,50.0,Good,50.4,2012,10,Post-Monsoon
2012-10-23,44.4,77.7,35.3,10.5,0.73,22.0,46.0,Good,49.6,2012,10,Post-Monsoon
2012-10-24,46.9,87.1,42.9,8.8,1.5,35.8,51.0,Moderate,50.1,2012,10,Post-Monsoon
2012-10-25,49.7,95.0,35.6,10.3,1.73,25.5,52.0,Moderate,50.4,2012,10,Post-Monsoon
2012-10-26,48.2,77.7,29.5,9.6,1.54,34.4,48.0,Good,50.0,2012,10,Post-Monsoon
2012-10-27,49.0,81.7,28.2,9.1,0.95,29.2,48.0,Good,49.4,2012,10,Post-Monsoon
2012-10-28,55.7,89.8,38.5,7.6,1.71,33.5,55.0,Moderate,50.0,2012,10,Post-Monsoon
2012-10-29,48.2,83.1,30.3,9.9,1.21,26.3,48.0,Good,49.7,2012,10,Post-Monsoon
2012-10-30,41.8,81.1,30.0,5.4,1.4,34.4,45.0,Good,49.6,2012,10,Post-Monsoon
2012-10-31,52.5,87.8,32.4,12.4,1.67,27.4,52.0,Moderate,49.7,2012,10,Post-Monsoon
2012-11-01,36.7,62.0,38.5,11.9,1.2,28.6,40.0,Good,48.0,2012,11,Post-Monsoon
2012-11-02,38.7,74.8,33.0,7.5,1.38,19.2,42.0,Good,47.1,2012,11,Post-Monsoon
2012-11-03,48.7,85.5,31.1,6.7,1.02,21.8,49.0,Good,47.3,2012,11,Post-Monsoon
2012-11-04,49.9,88.2,39.4,11.9,1.3,33.6,52.0,Moderate,46.9,2012,11,Post-Monsoon
2012-11-05,37.6,72.6,38.7,9.2,1.06,26.4,42.0,Good,46.0,2012,11,Post-Monsoon
2012-11-06,43.6,76.1,41.2,9.7,1.47,19.9,46.0,Good,46.1,2012,11,Post-Monsoon
2012-11-07,42.1,77.4,39.9,9.6,0.99,26.5,46.0,Good,45.3,2012,11,Post-Monsoon
2012-11-08,42.9,66.2,38.7,6.9,1.33,32.3,44.0,Good,45.9,2012,11,Post-Monsoon
2012-11-09,52.9,84.1,31.5,11.1,1.21,23.5,51.0,Moderate,47.1,2012,11,Post-Monsoon
2012-11-10,51.2,87.2,37.1,10.4,1.17,34.6,53.0,Moderate,47.7,2012,11,Post-Monsoon
2012-11-11,46.2,80.7,39.4,9.6,1.63,26.7,48.0,Good,47.1,2012,11,Post-Monsoon
2012-11-12,42.5,84.2,41.9,5.0,1.08,27.4,47.0,Good,47.9,2012,11,Post-Monsoon
2012-11-13,36.9,73.2,35.2,10.6,1.21,25.5,41.0,Good,47.1,2012,11,Post-Monsoon
2012-11-14,56.2,108.3,32.5,10.3,1.4,19.9,57.0,Moderate,48.7,2012,11,Post-Monsoon
2012-11-15,50.4,83.6,31.0,9.4,1.51,27.7,50.0,Good,49.6,2012,11,Post-Monsoon
2012-11-16,41.4,82.0,38.4,11.5,0.9,28.7,46.0,Good,48.9,2012,11,Post-Monsoon
2012-11-17,51.3,94.7,31.8,11.8,1.31,31.0,53.0,Moderate,48.9,2012,11,Post-Monsoon
2012-11-18,45.8,77.7,34.9,10.2,1.54,25.2,47.0,Good,48.7,2012,11,Post-Monsoon
2012-11-19,44.3,82.0,31.0,6.5,1.77,20.9,46.0,Good,48.6,2012,11,Post-Monsoon
2012-11-20,49.3,74.4,33.9,7.0,1.36,37.6,49.0,Good,49.7,2012,11,Post-Monsoon
2012-11-21,41.1,64.7,36.3,8.2,1.0,29.9,42.0,Good,47.6,2012,11,Post-Monsoon
2012-11-22,43.9,84.0,35.6,9.1,1.35,28.6,47.0,Good,47.1,2012,11,Post-Monsoon
2012-11-23,47.2,85.9,37.5,11.2,1.23,34.2,50.0,Good,47.7,2012,11,Post-Monsoon
2012-11-24,42.8,72.0,29.0,10.2,1.44,24.0,43.0,Good,46.3,2012,11,Post-Monsoon
2012-11-25,51.0,89.2,34.0,9.2,1.81,23.2,51.0,Moderate,46.9,2012,11,Post-Monsoon
2012-11-26,59.4,116.0,32.6,10.8,1.06,32.0,62.0,Moderate,49.1,2012,11,Post-Monsoon
2012-11-27,41.0,74.5,30.6,8.0,1.62,37.9,44.0,Good,48.4,2012,11,Post-Monsoon
2012-11-28,34.6,58.9,31.5,10.8,1.58,21.8,37.0,Good,47.7,2012,11,Post-Monsoon
2012-11-29,32.3,50.4,30.9,10.0,1.51,28.7,34.0,Good,45.9,2012,11,Post-Monsoon
2012-11-30,45.2,74.5,35.9,10.6,1.42,30.5,46.0,Good,45.3,2012,11,Post-Monsoon
2012-12-01,46.5,92.4,39.7,12.2,2.01,31.0,51.0,Moderate,46.4,2012,12,Winter
2012-12-02,52.6,90.3,41.6,10.5,1.81,27.2,54.0,Moderate,46.9,2012,12,Winter
2012-12-03,52.0,90.3,39.4,6.6,1.34,24.2,53.0,Moderate,45.6,2012,12,Winter
2012-12-04,39.9,69.8,38.7,9.2,1.5,18.4,42.0,Good,45.3,2012,12,Winter
2012-12-05,38.4,74.6,38.4,12.1,1.22,38.8,44.0,Good,46.3,2012,12,Winter
2012-12-06,53.2,95.8,40.8,9.4,1.84,36.8,56.0,Moderate,49.4,2012,12,Winter
2012-12-07,52.0,96.1,29.7,9.2,1.5,25.5,53.0,Moderate,50.4,2012,12,Winter
2012-12-08,48.1,81.5,37.9,10.7,1.01,28.9,49.0,Good,50.1,2012,12,Winter
2012-12-09,39.5,59.8,39.4,12.7,0.88,25.8,41.0,Good,48.3,2012,12,Winter
2012-12-10,54.4,106.9,45.3,11.5,1.35,27.4,59.0,Moderate,49.1,2012,12,Winter
2012-12-11,60.0,118.5,33.7,14.0,1.28,28.2,62.0,Moderate,52.0,2012,12,Winter
2012-12-12,53.0,104.7,33.5,11.4,1.38,22.8,55.0,Moderate,53.6,2012,12,Winter
2012-12-13,45.2,89.1,29.0,11.3,1.44,28.6,48.0,Good,52.4,2012,12,Winter
2012-12-14,51.4,98.1,32.5,10.1,1.81,29.6,54.0,Moderate,52.6,2012,12,Winter
2012-12-15,41.5,76.5,37.5,7.4,1.85,20.8,44.0,Good,51.9,2012,12,Winter
2012-12-16,58.5,112.5,35.2,10.8,2.05,25.5,60.0,Moderate,54.6,2012,12,Winter
2012-12-17,51.7,93.0,35.1,10.6,1.92,22.1,52.0,Moderate,53.6,2012,12,Winter
2012-12-18,38.7,60.7,38.2,11.9,1.65,23.9,40.0,Good,50.4,2012,12,Winter
2012-12-19,49.0,83.1,40.4,11.2,1.14,28.0,51.0,Moderate,49.9,2012,12,Winter
2012-12-20,54.3,107.9,38.2,11.1,1.69,28.5,58.0,Moderate,51.3,2012,12,Winter
2012-12-21,48.8,81.7,38.2,12.8,1.1,28.6,50.0,Good,50.7,2012,12,Winter
2012-12-22,49.2,95.1,39.7,10.0,1.57,39.9,54.0,Moderate,52.1,2012,12,Winter
2012-12-23,42.5,65.8,30.8,12.2,1.12,31.0,43.0,Good,49.7,2012,12,Winter
2012-12-24,55.1,91.8,38.6,13.1,1.98,31.5,55.0,Moderate,50.1,2012,12,Winter
2012-12-25,46.6,78.0,37.8,9.4,1.59,30.2,48.0,Good,51.3,2012,12,Winter
2012-12-26,36.0,54.9,38.1,9.7,1.44,22.5,37.0,Good,49.3,2012,12,Winter
2012-12-27,48.5,75.6,35.8,9.0,1.38,29.2,48.0,Good,47.9,2012,12,Winter
2012-12-28,58.0,92.6,37.3,7.8,1.48,29.9,56.0,Moderate,48.7,2012,12,Winter
2012-12-29,48.4,92.9,39.7,14.2,1.31,33.6,53.0,Moderate,48.6,2012,12,Winter
2012-12-30,63.3,96.9,44.5,16.9,1.41,24.5,61.0,Moderate,51.1,2012,12,Winter
2012-12-31,54.1,89.2,31.3,11.0,0.99,27.3,53.0,Moderate,50.9,2012,12,Winter
2013-01-01,54.4,81.8,40.9,10.0,1.26,24.7,53.0,Moderate,51.6,2013,1,Winter
2013-01-02,51.1,94.4,43.5,14.2,1.2,26.8,54.0,Moderate,54.0,2013,1,Winter
2013-01-03,51.5,93.3,33.5,11.9,1.62,28.8,53.0,Moderate,54.7,2013,1,Winter
2013-01-04,50.2,91.4,37.9,9.2,1.5,24.4,52.0,Moderate,54.1,2013,1,Winter
2013-01-05,49.9,84.2,39.7,8.9,1.71,34.6,52.0,Moderate,54.0,2013,1,Winter
2013-01-06,55.7,89.4,46.6,12.3,1.38,25.6,56.0,Moderate,53.3,2013,1,Winter
2013-01-07,45.4,84.5,47.3,11.5,1.52,34.1,51.0,Moderate,53.0,2013,1,Winter
2013-01-08,44.5,84.7,33.5,12.9,0.98,28.5,48.0,Good,52.3,2013,1,Winter
2013-01-09,44.1,69.3,37.4,12.1,1.72,28.5,45.0,Good,51.0,2013,1,Winter
2013-01-10,66.3,115.6,39.4,8.3,1.81,35.2,66.0,Moderate,52.9,2013,1,Winter
2013-01-11,55.7,90.5,40.8,9.2,1.65,34.2,56.0,Moderate,53.4,2013,1,Winter
2013-01-12,54.1,85.7,39.4,8.9,1.27,33.5,54.0,Moderate,53.7,2013,1,Winter
2013-01-13,44.6,83.3,34.8,11.1,1.63,22.7,47.0,Good,52.4,2013,1,Winter
2013-01-14,56.4,99.7,34.6,10.5,1.53,37.5,58.0,Moderate,53.4,2013,1,Winter
2013-01-15,51.2,82.3,32.4,9.8,1.0,38.9,51.0,Moderate,53.9,2013,1,Winter
2013-01-16,53.5,88.5,30.5,10.1,1.8,30.3,53.0,Moderate,55.0,2013,1,Winter
2013-01-17,45.2,89.6,32.3,12.0,1.22,26.9,49.0,Good,52.6,2013,1,Winter
2013-01-18,53.1,102.2,43.2,10.3,1.63,25.8,57.0,Moderate,52.7,2013,1,Winter
2013-01-19,49.0,95.1,41.4,9.3,1.5,30.5,53.0,Moderate,52.6,2013,1,Winter
2013-01-20,46.6,80.7,40.8,8.1,1.83,26.6,49.0,Good,52.9,2013,1,Winter
2013-01-21,57.1,103.5,37.7,8.9,1.27,31.1,58.0,Moderate,52.9,2013,1,Winter
2013-01-22,41.2,69.6,38.4,12.8,1.36,29.6,44.0,Good,51.9,2013,1,Winter
2013-01-23,56.0,86.1,37.5,9.4,1.66,25.8,54.0,Moderate,52.0,2013,1,Winter
2013-01-24,56.8,96.6,32.3,14.3,1.34,29.2,56.0,Moderate,53.0,2013,1,Winter
2013-01-25,45.8,82.4,41.2,12.0,1.85,33.2,49.0,Good,51.9,2013,1,Winter
2013-01-26,46.3,76.0,42.0,9.1,1.3,28.3,48.0,Good,51.1,2013,1,Winter
2013-01-27,50.4,97.0,34.0,9.5,1.64,31.2,53.0,Moderate,51.7,2013,1,Winter
2013-01-28,54.0,85.0,34.0,6.5,1.49,37.6,53.0,Moderate,51.0,2013,1,Winter
2013-01-29,50.9,85.7,40.0,9.8,1.33,29.5,52.0,Moderate,52.1,2013,1,Winter
2013-01-30,55.0,86.0,40.0,14.6,1.82,28.7,54.0,Moderate,52.1,2013,1,Winter
2013-01-31,64.3,109.5,41.5,14.0,1.23,34.1,64.0,Moderate,53.3,2013,1,Winter
2013-02-01,48.4,73.6,44.3,13.9,1.62,39.5,50.0,Good,53.4,2013,2,Winter
2013-02-02,40.0,65.4,34.4,11.9,0.87,36.0,42.0,Good,52.6,2013,2,Winter
2013-02-03,57.8,98.2,38.3,10.3,1.57,30.6,58.0,Moderate,53.3,2013,2,Winter
2013-02-04,63.8,110.9,34.6,10.9,1.8,30.7,63.0,Moderate,54.7,2013,2,Winter
2013-02-05,54.7,97.0,34.9,11.8,1.45,31.8,56.0,Moderate,55.3,2013,2,Winter
2013-02-06,44.4,72.7,36.9,10.7,1.54,32.7,46.0,Good,54.1,2013,2,Winter
2013-02-07,51.1,90.1,44.4,9.1,1.92,47.0,55.0,Moderate,52.9,2013,2,Winter
2013-02-08,44.2,77.5,43.0,10.6,1.75,35.3,48.0,Good,52.6,2013,2,Winter
2013-02-09,56.5,93.7,38.3,8.0,0.93,43.9,58.0,Moderate,54.9,2013,2,Winter
2013-02-10,42.5,81.5,30.0,11.9,1.35,39.2,47.0,Good,53.3,2013,2,Winter
2013-02-11,49.9,88.5,40.2,8.9,1.42,22.6,51.0,Moderate,51.6,2013,2,Winter
2013-02-12,45.0,74.9,40.1,11.8,1.57,32.8,47.0,Good,50.3,2013,2,Winter
2013-02-13,52.9,104.4,34.9,8.5,1.47,35.2,56.0,Moderate,51.7,2013,2,Winter
2013-02-14,49.4,95.0,41.9,10.4,1.36,36.5,54.0,Moderate,51.6,2013,2,Winter
2013-02-15,53.2,106.0,34.8,11.2,1.34,36.2,57.0,Moderate,52.9,2013,2,Winter
2013-02-16,52.2,96.3,41.9,10.4,1.13,27.4,55.0,Moderate,52.4,2013,2,Winter
2013-02-17,45.1,76.2,39.6,12.0,1.24,27.3,47.0,Good,52.4,2013,2,Winter
2013-02-18,56.4,92.5,32.8,11.6,1.7,36.1,56.0,Moderate,53.1,2013,2,Winter
2013-02-19,51.7,94.6,37.2,9.9,1.23,34.4,54.0,Moderate,54.1,2013,2,Winter
2013-02-20,45.1,89.7,39.2,9.5,1.29,43.0,51.0,Moderate,53.4,2013,2,Winter
2013-02-21,67.7,122.7,39.8,9.4,1.13,36.8,69.0,Moderate,55.6,2013,2,Winter
2013-02-22,55.3,107.4,42.7,9.1,1.59,40.7,60.0,Moderate,56.0,2013,2,Winter
2013-02-23,50.9,84.8,43.2,14.9,1.73,40.3,54.0,Moderate,55.9,2013,2,Winter
2013-02-24,61.9,105.5,37.6,9.4,1.78,36.9,62.0,Moderate,58.0,2013,2,Winter
2013-02-25,64.9,126.7,40.8,12.9,1.39,42.9,69.0,Moderate,59.9,2013,2,Winter
2013-02-26,51.0,95.8,45.0,11.0,1.47,35.2,55.0,Moderate,60.0,2013,2,Winter
2013-02-27,54.4,108.4,34.5,10.0,1.5,37.4,58.0,Moderate,61.0,2013,2,Winter
2013-02-28,45.1,85.1,36.2,11.1,1.39,38.2,49.0,Good,58.1,2013,2,Winter
2013-03-01,46.2,79.6,28.4,10.2,1.43,33.8,47.0,Good,56.3,2013,3,Summer
2013-03-02,45.8,80.9,32.5,6.2,1.63,32.3,47.0,Good,55.3,2013,3,Summer
2013-03-03,48.5,94.6,35.8,9.5,1.6,31.9,52.0,Moderate,53.9,2013,3,Summer
2013-03-04,49.5,88.0,26.5,9.7,1.31,33.2,50.0,Good,51.1,2013,3,Summer
2013-03-05,51.1,83.2,36.7,9.0,1.22,37.9,52.0,Moderate,50.7,2013,3,Summer
2013-03-06,48.9,83.9,33.1,5.5,1.06,40.3,50.0,Good,49.6,2013,3,Summer
2013-03-07,38.7,68.1,34.7,9.0,0.92,32.6,42.0,Good,48.6,2013,3,Summer
2013-03-08,40.6,62.9,30.3,12.9,1.49,39.3,42.0,Good,47.9,2013,3,Summer
2013-03-09,43.4,81.2,34.6,10.8,1.35,38.0,47.0,Good,47.9,2013,3,Summer
2013-03-10,45.2,70.3,41.7,7.6,1.35,44.0,48.0,Good,47.3,2013,3,Summer
2013-03-11,54.6,92.9,33.4,11.5,1.96,37.0,55.0,Moderate,48.0,2013,3,Summer
2013-03-12,39.1,74.3,26.1,7.5,1.75,47.6,43.0,Good,46.7,2013,3,Summer
2013-03-13,44.7,77.5,39.9,10.2,1.36,43.7,49.0,Good,46.6,2013,3,Summer
2013-03-14,53.9,103.5,37.2,10.3,1.4,38.3,58.0,Moderate,48.9,2013,3,Summer
2013-03-15,45.1,75.4,35.4,9.0,1.07,37.4,47.0,Good,49.6,2013,3,Summer
2013-03-16,50.4,99.8,37.3,11.8,1.51,44.7,56.0,Moderate,50.9,2013,3,Summer
2013-03-17,46.2,74.2,35.3,11.2,1.41,38.8,48.0,Good,50.9,2013,3,Summer
2013-03-18,49.0,74.4,41.6,8.1,1.13,40.8,50.0,Good,50.1,2013,3,Summer
2013-03-19,45.6,88.3,38.0,9.1,1.41,38.2,50.0,Good,51.1,2013,3,Summer
2013-03-20,51.9,97.3,33.2,8.0,1.61,38.1,55.0,Moderate,52.0,2013,3,Summer
2013-03-21,36.4,58.8,41.0,8.6,1.87,34.9,40.0,Good,49.4,2013,3,Summer
2013-03-22,44.7,89.0,42.3,11.0,0.97,48.0,52.0,Moderate,50.1,2013,3,Summer
2013-03-23,49.3,86.3,38.6,9.7,1.06,39.4,52.0,Moderate,49.6,2013,3,Summer
2013-03-24,50.9,100.6,36.6,11.8,1.33,42.1,56.0,Moderate,50.7,2013,3,Summer
2013-03-25,57.7,101.0,31.6,6.5,1.41,44.1,59.0,Moderate,52.0,2013,3,Summer
2013-03-26,44.5,77.2,37.7,10.3,1.77,48.5,49.0,Good,51.9,2013,3,Summer
2013-03-27,57.6,99.3,36.6,11.4,1.66,39.1,59.0,Moderate,52.4,2013,3,Summer
2013-03-28,42.6,71.0,34.9,9.9,0.83,30.5,44.0,Good,53.0,2013,3,Summer
2013-03-29,56.5,99.8,37.8,7.0,1.24,42.6,58.0,Moderate,53.9,2013,3,Summer
2013-03-30,52.9,91.4,35.3,7.6,0.97,44.8,55.0,Moderate,54.3,2013,3,Summer
2013-03-31,40.8,62.0,37.2,11.5,1.02,39.7,43.0,Good,52.4,2013,3,Summer
2013-04-01,49.3,80.5,39.1,8.6,1.5,45.3,52.0,Moderate,51.4,2013,4,Summer
2013-04-02,46.8,75.3,29.7,8.1,1.39,42.7,48.0,Good,51.3,2013,4,Summer
2013-04-03,51.6,99.7,30.9,9.0,1.76,41.1,55.0,Moderate,50.7,2013,4,Summer
2013-04-04,45.6,82.1,31.4,9.2,1.0,49.6,49.0,Good,51.4,2013,4,Summer
2013-04-05,45.0,84.8,42.8,12.1,1.34,41.5,51.0,Moderate,50.4,2013,4,Summer
2013-04-06,56.8,112.3,37.5,6.2,1.21,51.5,62.0,Moderate,51.4,2013,4,Summer
2013-04-07,46.5,84.7,37.9,10.9,1.74,43.5,51.0,Moderate,52.6,2013,4,Summer
2013-04-08,53.0,105.5,39.5,12.6,1.13,39.3,58.0,Moderate,53.4,2013,4,Summer
2013-04-09,45.6,75.5,30.8,11.6,1.4,34.1,47.0,Good,53.3,2013,4,Summer
2013-04-10,58.9,93.8,26.8,14.3,1.0,49.7,58.0,Moderate,53.7,2013,4,Summer
2013-04-11,42.5,72.2,34.7,8.8,1.71,48.6,46.0,Good,53.3,2013,4,Summer
2013-04-12,42.9,74.5,38.6,11.5,1.81,47.9,47.0,Good,52.7,2013,4,Summer
2013-04-13,57.9,112.7,34.2,9.5,1.18,50.5,62.0,Moderate,52.7,2013,4,Summer
2013-04-14,44.1,78.5,29.5,8.7,1.15,53.2,48.0,Good,52.3,2013,4,Summer
2013-04-15,58.4,96.1,31.4,5.3,1.42,33.6,57.0,Moderate,52.1,2013,4,Summer
2013-04-16,53.4,100.0,30.3,8.8,1.15,35.6,55.0,Moderate,53.3,2013,4,Summer
2013-04-17,46.1,80.8,32.6,11.8,1.64,43.1,49.0,Good,52.0,2013,4,Summer
2013-04-18,34.5,54.6,30.4,6.3,1.46,49.5,38.0,Good,50.9,2013,4,Summer
2013-04-19,47.1,84.2,35.6,13.9,1.67,46.2,51.0,Moderate,51.4,2013,4,Summer
2013-04-20,47.9,93.7,32.8,10.5,1.08,46.3,53.0,Moderate,50.1,2013,4,Summer
2013-04-21,55.4,106.4,37.5,7.5,1.01,42.7,59.0,Moderate,51.7,2013,4,Summer
2013-04-22,58.3,104.6,31.1,10.2,1.44,40.8,59.0,Moderate,52.0,2013,4,Summer
2013-04-23,42.4,71.6,36.0,11.1,1.77,44.6,46.0,Good,50.7,2013,4,Summer
2013-04-24,52.8,81.5,34.8,8.7,1.12,43.9,53.0,Moderate,51.3,2013,4,Summer
2013-04-25,52.6,91.2,36.6,8.5,1.47,43.1,55.0,Moderate,53.7,2013,4,Summer
2013-04-26,54.7,102.6,37.1,13.6,1.18,48.5,59.0,Moderate,54.9,2013,4,Summer
2013-04-27,50.7,85.2,37.6,9.0,1.61,45.4,53.0,Moderate,54.9,2013,4,Summer
2013-04-28,33.6,54.4,38.3,9.4,1.13,47.8,39.0,Good,52.0,2013,4,Summer
2013-04-29,46.1,90.6,37.2,12.3,1.42,45.1,52.0,Moderate,51.0,2013,4,Summer
2013-04-30,39.1,74.7,36.2,9.6,1.63,49.2,45.0,Good,50.9,2013,4,Summer
2013-05-01,45.8,83.3,32.3,11.2,1.01,40.3,49.0,Good,50.3,2013,5,Summer
2013-05-02,54.1,84.8,38.4,8.8,1.5,38.8,54.0,Moderate,50.1,2013,5,Summer
2013-05-03,49.3,77.6,32.2,8.3,1.26,44.3,50.0,Good,48.9,2013,5,Summer
2013-05-04,55.2,85.7,33.8,10.5,1.56,49.9,55.0,Moderate,49.1,2013,5,Summer
2013-05-05,49.6,89.7,31.6,7.7,1.44,44.3,52.0,Moderate,51.0,2013,5,Summer
2013-05-06,38.1,59.4,31.5,10.5,1.25,56.3,42.0,Good,49.6,2013,5,Summer
2013-05-07,29.6,56.8,33.7,7.9,1.33,41.1,36.0,Good,48.3,2013,5,Summer
2013-05-08,48.2,96.3,34.1,10.5,0.89,45.3,54.0,Moderate,49.0,2013,5,Summer
2013-05-09,45.7,76.9,31.7,12.2,1.57,37.2,47.0,Good,48.0,2013,5,Summer
2013-05-10,40.4,69.7,35.1,5.7,1.82,53.8,45.0,Good,47.3,2013,5,Summer
2013-05-11,35.3,65.5,35.6,8.9,1.21,45.9,41.0,Good,45.3,2013,5,Summer
2013-05-12,42.1,82.8,32.8,5.8,1.34,34.7,46.0,Good,44.4,2013,5,Summer
2013-05-13,45.8,89.2,44.2,9.1,1.74,45.0,52.0,Moderate,45.9,2013,5,Summer
2013-05-14,51.9,79.3,36.3,10.4,0.9,33.7,51.0,Moderate,48.0,2013,5,Summer
2013-05-15,48.5,76.9,35.5,9.0,1.48,52.7,51.0,Moderate,47.6,2013,5,Summer
2013-05-16,58.5,109.7,32.3,5.4,1.77,42.1,61.0,Moderate,49.6,2013,5,Summer
2013-05-17,40.0,73.7,35.6,11.5,1.19,46.9,45.0,Good,49.6,2013,5,Summer
2013-05-18,53.4,83.6,36.0,6.8,1.21,43.1,53.0,Moderate,51.3,2013,5,Summer
2013-05-19,47.5,83.2,35.0,11.4,1.68,45.8,51.0,Moderate,52.0,2013,5,Summer
2013-05-20,52.1,98.4,40.7,8.2,1.08,50.8,57.0,Moderate,52.7,2013,5,Summer
2013-05-21,44.1,71.0,28.2,8.0,1.57,44.8,45.0,Good,51.9,2013,5,Summer
2013-05-22,54.7,105.9,33.5,9.7,1.44,49.7,59.0,Moderate,53.0,2013,5,Summer
2013-05-23,49.3,75.2,37.9,11.8,1.63,32.8,49.0,Good,51.3,2013,5,Summer
2013-05-24,42.4,80.3,31.4,13.6,1.32,40.6,47.0,Good,51.6,2013,5,Summer
2013-05-25,47.1,85.2,28.8,8.9,1.73,47.2,50.0,Good,51.1,2013,5,Summer
2013-05-26,45.5,75.5,32.9,7.1,1.25,43.4,47.0,Good,50.6,2013,5,Summer
2013-05-27,50.6,94.2,39.2,10.4,0.98,52.8,56.0,Moderate,50.4,2013,5,Summer
2013-05-28,38.9,73.6,31.5,7.0,0.96,51.2,44.0,Good,50.3,2013,5,Summer
2013-05-29,47.0,92.4,33.6,11.2,1.08,53.8,53.0,Moderate,49.4,2013,5,Summer
2013-05-30,50.0,84.1,36.7,10.6,1.52,47.5,53.0,Moderate,50.0,2013,5,Summer
2013-05-31,47.4,87.4,32.7,12.4,1.16,43.3,51.0,Moderate,50.6,2013,5,Summer
2013-06-01,53.0,95.5,30.5,11.1,1.24,50.1,56.0,Moderate,51.4,2013,6,Southwest Monsoon
2013-06-02,49.0,86.4,29.7,9.2,1.27,41.7,51.0,Moderate,52.0,2013,6,Southwest Monsoon
2013-06-03,43.5,84.7,30.0,9.0,1.05,45.5,48.0,Good,50.9,2013,6,Southwest Monsoon
2013-06-04,45.1,67.7,27.6,7.2,1.28,49.0,46.0,Good,51.1,2013,6,Southwest Monsoon
2013-06-05,45.7,74.9,31.3,7.1,1.48,43.4,47.0,Good,50.3,2013,6,Southwest Monsoon
2013-06-06,46.4,82.1,36.6,8.9,1.25,58.9,51.0,Moderate,50.0,2013,6,Southwest Monsoon
2013-06-07,30.8,49.0,38.6,6.8,1.47,50.5,36.0,Good,47.9,2013,6,Southwest Monsoon
2013-06-08,41.5,81.1,37.3,8.4,1.15,42.3,47.0,Good,46.6,2013,6,Southwest Monsoon
2013-06-09,33.2,60.6,32.9,8.0,1.31,51.7,39.0,Good,44.9,2013,6,Southwest Monsoon
2013-06-10,52.5,91.4,38.9,10.1,1.27,55.0,56.0,Moderate,46.0,2013,6,Southwest Monsoon
2013-06-11,43.2,82.3,41.5,8.9,1.51,39.3,49.0,Good,46.4,2013,6,Southwest Monsoon
2013-06-12,42.2,72.9,33.0,10.9,1.35,53.2,47.0,Good,46.4,2013,6,Southwest Monsoon
2013-06-13,49.9,88.7,28.3,8.3,1.08,40.5,51.0,Moderate,46.4,2013,6,Southwest Monsoon
2013-06-14,46.6,69.9,37.5,6.6,1.37,46.7,48.0,Good,48.1,2013,6,Southwest Monsoon
2013-06-15,35.7,60.1,27.5,10.0,1.01,47.6,39.0,Good,47.0,2013,6,Southwest Monsoon
2013-06-16,43.1,67.6,28.8,8.7,1.35,43.4,44.0,Good,47.7,2013,6,Southwest Monsoon
2013-06-17,41.3,76.1,24.0,8.4,1.24,43.3,44.0,Good,46.0,2013,6,Southwest Monsoon
2013-06-18,31.4,54.6,35.2,8.1,1.28,42.3,37.0,Good,44.3,2013,6,Southwest Monsoon
2013-06-19,38.8,64.0,23.0,8.9,1.23,43.8,40.0,Good,43.3,2013,6,Southwest Monsoon
2013-06-20,42.3,73.4,36.3,8.4,1.09,41.5,46.0,Good,42.6,2013,6,Southwest Monsoon
2013-06-21,42.8,68.7,39.5,10.0,1.06,52.0,47.0,Good,42.4,2013,6,Southwest Monsoon
2013-06-22,33.2,65.2,39.2,10.4,1.52,39.0,40.0,Good,42.6,2013,6,Southwest Monsoon
2013-06-23,51.7,78.9,27.2,8.2,1.72,55.3,52.0,Moderate,43.7,2013,6,Southwest Monsoon
2013-06-24,42.9,82.9,24.8,12.9,1.31,45.6,47.0,Good,44.1,2013,6,Southwest Monsoon
2013-06-25,43.9,77.0,29.7,7.8,1.25,35.7,46.0,Good,45.4,2013,6,Southwest Monsoon
2013-06-26,46.4,84.0,35.8,9.0,0.94,50.0,51.0,Moderate,47.0,2013,6,Southwest Monsoon
2013-06-27,38.1,62.9,37.1,5.7,0.81,44.1,42.0,Good,46.4,2013,6,Southwest Monsoon
2013-06-28,46.8,92.8,35.0,8.7,0.84,40.0,52.0,Moderate,47.1,2013,6,Southwest Monsoon
2013-06-29,41.0,67.3,34.4,8.5,1.38,44.2,44.0,Good,47.7,2013,6,Southwest Monsoon
2013-06-30,37.3,67.0,41.7,8.9,0.8,42.0,43.0,Good,46.4,2013,6,Southwest Monsoon
2013-07-01,47.6,95.1,30.4,10.9,1.41,52.2,53.0,Moderate,47.3,2013,7,Southwest Monsoon
2013-07-02,54.0,104.9,29.2,12.3,0.97,41.8,57.0,Moderate,48.9,2013,7,Southwest Monsoon
2013-07-03,48.7,86.1,27.5,11.2,1.28,39.0,50.0,Good,48.7,2013,7,Southwest Monsoon
2013-07-04,50.1,99.9,34.0,8.7,1.14,42.0,55.0,Moderate,50.6,2013,7,Southwest Monsoon
2013-07-05,40.0,73.9,31.6,9.3,0.98,40.5,44.0,Good,49.4,2013,7,Southwest Monsoon
2013-07-06,32.4,52.0,35.6,12.0,0.9,50.7,38.0,Good,48.6,2013,7,Southwest Monsoon
2013-07-07,54.0,92.0,30.5,6.9,0.81,46.3,55.0,Moderate,50.3,2013,7,Southwest Monsoon
2013-07-08,58.0,96.7,34.8,10.5,0.97,37.8,58.0,Moderate,51.0,2013,7,Southwest Monsoon
2013-07-09,54.4,91.0,30.8,7.2,1.8,39.8,54.0,Moderate,50.6,2013,7,Southwest Monsoon
2013-07-10,41.2,77.6,31.6,11.2,1.57,42.7,46.0,Good,50.0,2013,7,Southwest Monsoon
2013-07-11,35.5,63.7,32.0,8.7,1.29,35.7,39.0,Good,47.7,2013,7,Southwest Monsoon
2013-07-12,36.1,54.9,25.5,7.2,1.15,39.2,37.0,Good,46.7,2013,7,Southwest Monsoon
2013-07-13,31.8,61.7,31.7,7.6,1.1,46.3,38.0,Good,46.7,2013,7,Southwest Monsoon
2013-07-14,42.8,70.6,34.5,8.0,1.27,53.6,46.0,Good,45.4,2013,7,Southwest Monsoon
2013-07-15,54.8,109.6,28.3,10.9,1.1,35.3,58.0,Moderate,45.4,2013,7,Southwest Monsoon
2013-07-16,42.6,84.2,39.9,11.6,1.1,58.0,51.0,Moderate,45.0,2013,7,Southwest Monsoon
2013-07-17,45.7,90.1,32.3,8.1,1.37,46.1,51.0,Moderate,45.7,2013,7,Southwest Monsoon
2013-07-18,53.2,101.4,29.8,7.2,0.99,38.5,56.0,Moderate,48.1,2013,7,Southwest Monsoon
2013-07-19,40.8,65.7,29.7,13.0,0.62,51.6,44.0,Good,49.1,2013,7,Southwest Monsoon
2013-07-20,57.8,102.2,37.8,10.6,1.1,46.0,60.0,Moderate,52.3,2013,7,Southwest Monsoon
2013-07-21,57.5,92.8,29.0,7.4,1.61,48.0,57.0,Moderate,53.9,2013,7,Southwest Monsoon
2013-07-22,42.7,69.6,33.5,9.7,0.84,47.8,46.0,Good,52.1,2013,7,Southwest Monsoon
2013-07-23,39.6,71.4,35.8,8.1,0.94,48.9,45.0,Good,51.3,2013,7,Southwest Monsoon
2013-07-24,48.5,73.7,34.5,6.4,1.09,37.2,48.0,Good,50.9,2013,7,Southwest Monsoon
2013-07-25,41.2,81.7,30.0,8.3,0.85,47.3,47.0,Good,49.6,2013,7,Southwest Monsoon
2013-07-26,35.5,69.6,35.7,6.2,1.62,43.4,42.0,Good,49.3,2013,7,Southwest Monsoon
2013-07-27,52.6,88.9,32.9,8.0,1.27,45.9,54.0,Moderate,48.4,2013,7,Southwest Monsoon
2013-07-28,52.1,91.6,25.4,8.2,0.8,39.5,53.0,Moderate,47.9,2013,7,Southwest Monsoon
2013-07-29,44.7,77.4,37.2,7.9,1.21,39.5,48.0,Good,48.1,2013,7,Southwest Monsoon
2013-07-30,34.8,67.5,29.8,10.8,1.24,39.7,40.0,Good,47.4,2013,7,Southwest Monsoon
2013-07-31,35.0,64.5,31.6,9.8,1.18,46.2,40.0,Good,46.3,2013,7,Southwest Monsoon
2013-08-01,44.4,72.7,33.5,7.7,1.2,42.0,46.0,Good,46.1,2013,8,Southwest Monsoon
2013-08-02,40.1,69.1,30.2,9.6,1.21,39.5,43.0,Good,46.3,2013,8,Southwest Monsoon
2013-08-03,41.2,70.7,35.3,11.6,1.32,40.4,45.0,Good,45.0,2013,8,Southwest Monsoon
2013-08-04,50.8,100.5,27.9,7.3,1.34,48.2,55.0,Moderate,45.3,2013,8,Southwest Monsoon
2013-08-05,48.7,77.4,30.0,6.3,0.87,44.3,49.0,Good,45.4,2013,8,Southwest Monsoon
2013-08-06,53.2,82.3,37.2,6.8,1.26,44.0,53.0,Moderate,47.3,2013,8,Southwest Monsoon
2013-08-07,36.7,71.1,32.4,9.7,1.29,42.9,42.0,Good,47.6,2013,8,Southwest Monsoon
2013-08-08,41.2,80.3,28.1,11.9,1.09,46.8,46.0,Good,47.6,2013,8,Southwest Monsoon
2013-08-09,48.9,94.7,32.6,10.6,1.67,36.0,52.0,Moderate,48.9,2013,8,Southwest Monsoon
2013-08-10,46.7,82.0,33.9,11.5,1.22,45.5,50.0,Good,49.6,2013,8,Southwest Monsoon
2013-08-11,54.3,99.4,26.0,4.6,1.37,41.3,55.0,Moderate,49.6,2013,8,Southwest Monsoon
2013-08-12,46.5,82.9,38.9,7.3,1.13,36.2,50.0,Good,49.7,2013,8,Southwest Monsoon
2013-08-13,56.5,86.8,39.5,6.7,1.17,40.6,56.0,Moderate,50.1,2013,8,Southwest Monsoon
2013-08-14,47.4,85.2,32.8,10.1,1.33,39.1,50.0,Good,51.3,2013,8,Southwest Monsoon
2013-08-15,51.0,76.9,31.5,8.6,0.9,42.1,50.0,Good,51.9,2013,8,Southwest Monsoon
2013-08-16,41.3,68.7,32.4,3.0,1.43,44.7,44.0,Good,50.7,2013,8,Southwest Monsoon
2013-08-17,43.7,85.9,35.9,10.5,0.94,34.4,48.0,Good,50.4,2013,8,Southwest Monsoon
2013-08-18,50.0,82.6,34.1,11.3,1.47,48.5,52.0,Moderate,50.0,2013,8,Southwest Monsoon
2013-08-19,54.9,108.1,33.3,13.0,1.18,31.4,58.0,Moderate,51.1,2013,8,Southwest Monsoon
2013-08-20,48.7,79.1,37.8,9.3,1.76,35.9,50.0,Good,50.3,2013,8,Southwest Monsoon
2013-08-21,43.0,71.3,36.8,10.2,1.49,49.3,47.0,Good,49.9,2013,8,Southwest Monsoon
2013-08-22,53.2,96.6,28.5,6.7,1.49,31.9,54.0,Moderate,50.4,2013,8,Southwest Monsoon
2013-08-23,28.3,53.1,35.8,5.7,1.28,36.2,34.0,Good,49.0,2013,8,Southwest Monsoon
2013-08-24,33.6,58.9,36.9,11.4,1.5,35.1,38.0,Good,47.6,2013,8,Southwest Monsoon
2013-08-25,48.4,93.9,33.4,10.0,1.44,26.8,51.0,Moderate,47.4,2013,8,Southwest Monsoon
2013-08-26,43.7,66.4,34.7,11.4,0.76,38.1,45.0,Good,45.6,2013,8,Southwest Monsoon
2013-08-27,47.8,93.8,31.1,8.4,1.03,40.8,52.0,Moderate,45.9,2013,8,Southwest Monsoon
2013-08-28,44.1,70.4,27.5,13.7,1.01,40.6,45.0,Good,45.6,2013,8,Southwest Monsoon
2013-08-29,47.6,92.4,39.8,9.6,1.05,35.3,52.0,Moderate,45.3,2013,8,Southwest Monsoon
2013-08-30,37.9,64.4,26.9,7.4,1.18,28.2,39.0,Good,46.0,2013,8,Southwest Monsoon
2013-08-31,47.6,91.2,39.0,8.3,1.37,34.4,52.0,Moderate,48.0,2013,8,Southwest Monsoon
2013-09-01,50.6,92.8,32.0,5.7,1.54,33.2,52.0,Moderate,48.1,2013,9,Southwest Monsoon
2013-09-02,52.1,82.8,37.3,7.1,1.4,38.8,52.0,Moderate,49.1,2013,9,Southwest Monsoon
2013-09-03,57.7,113.0,32.4,8.2,1.56,34.6,60.0,Moderate,50.3,2013,9,Southwest Monsoon
2013-09-04,45.3,73.5,36.0,12.0,0.98,39.2,47.0,Good,50.6,2013,9,Southwest Monsoon
2013-09-05,45.5,73.8,34.1,8.8,1.12,27.4,46.0,Good,49.7,2013,9,Southwest Monsoon
2013-09-06,32.9,62.8,29.6,11.1,1.18,40.0,38.0,Good,49.6,2013,9,Southwest Monsoon
2013-09-07,39.9,61.9,32.8,8.8,1.08,39.3,42.0,Good,48.1,2013,9,Southwest Monsoon
2013-09-08,42.2,68.1,31.7,6.9,0.96,31.0,43.0,Good,46.9,2013,9,Southwest Monsoon
2013-09-09,51.0,89.3,34.9,10.0,1.34,32.8,52.0,Moderate,46.9,2013,9,Southwest Monsoon
2013-09-10,39.3,75.3,32.9,7.3,1.07,34.6,43.0,Good,44.4,2013,9,Southwest Monsoon
2013-09-11,49.2,77.4,33.4,8.2,1.45,41.5,50.0,Good,44.9,2013,9,Southwest Monsoon
2013-09-12,43.6,77.3,28.2,13.0,0.94,34.4,46.0,Good,44.9,2013,9,Southwest Monsoon
2013-09-13,42.4,78.6,27.2,10.2,1.46,37.4,45.0,Good,45.9,2013,9,Southwest Monsoon
2013-09-14,45.3,87.5,32.6,7.3,1.3,35.6,49.0,Good,46.9,2013,9,Southwest Monsoon
2013-09-15,40.9,80.4,33.0,10.4,1.3,40.0,46.0,Good,47.3,2013,9,Southwest Monsoon
2013-09-16,40.6,76.8,28.1,7.1,1.31,36.2,44.0,Good,46.1,2013,9,Southwest Monsoon
2013-09-17,31.7,57.8,34.6,5.4,1.22,29.0,36.0,Good,45.1,2013,9,Southwest Monsoon
2013-09-18,41.9,71.9,34.8,11.1,1.23,33.7,44.0,Good,44.3,2013,9,Southwest Monsoon
2013-09-19,40.2,62.6,32.9,9.5,1.18,39.9,42.0,Good,43.7,2013,9,Southwest Monsoon
2013-09-20,40.0,74.2,32.4,8.6,1.32,36.4,44.0,Good,43.6,2013,9,Southwest Monsoon
2013-09-21,46.5,92.9,27.2,5.6,1.38,28.5,49.0,Good,43.6,2013,9,Southwest Monsoon
2013-09-22,48.2,90.1,27.2,8.3,1.13,43.4,51.0,Moderate,44.3,2013,9,Southwest Monsoon
2013-09-23,45.2,68.2,33.9,9.3,1.59,31.3,45.0,Good,44.4,2013,9,Southwest Monsoon
2013-09-24,50.6,88.4,29.0,6.6,1.15,38.8,52.0,Moderate,46.7,2013,9,Southwest Monsoon
2013-09-25,47.6,86.1,29.3,9.0,1.07,41.1,50.0,Good,47.6,2013,9,Southwest Monsoon
2013-09-26,41.5,76.6,33.4,12.1,1.21,39.2,46.0,Good,48.1,2013,9,Southwest Monsoon
2013-09-27,40.4,75.1,40.5,9.4,1.05,29.4,45.0,Good,48.3,2013,9,Southwest Monsoon
2013-09-28,45.8,81.5,30.7,10.1,1.36,39.1,48.0,Good,48.1,2013,9,Southwest Monsoon
2013-09-29,47.6,76.7,40.5,8.1,1.21,34.8,49.0,Good,47.9,2013,9,Southwest Monsoon
2013-09-30,53.4,105.2,32.0,6.8,1.43,26.8,56.0,Moderate,49.4,2013,9,Southwest Monsoon
2013-10-01,55.5,102.7,37.3,8.6,1.33,32.9,58.0,Moderate,50.3,2013,10,Post-Monsoon
2013-10-02,43.4,70.3,38.8,11.8,1.33,28.2,45.0,Good,49.6,2013,10,Post-Monsoon
2013-10-03,46.5,77.2,39.1,9.5,1.25,35.0,49.0,Good,50.0,2013,10,Post-Monsoon
2013-10-04,51.9,101.8,36.4,9.3,1.56,36.9,56.0,Moderate,51.6,2013,10,Post-Monsoon
2013-10-05,54.7,106.3,34.1,8.7,1.29,38.4,58.0,Moderate,53.0,2013,10,Post-Monsoon
2013-10-06,53.8,91.6,38.3,7.2,1.42,32.3,55.0,Moderate,53.9,2013,10,Post-Monsoon
2013-10-07,46.8,71.0,36.7,12.4,1.61,28.0,47.0,Good,52.6,2013,10,Post-Monsoon
2013-10-08,38.4,58.6,33.3,9.3,1.33,26.4,39.0,Good,49.9,2013,10,Post-Monsoon
2013-10-09,40.2,66.0,40.6,8.6,1.33,35.7,43.0,Good,49.6,2013,10,Post-Monsoon
2013-10-10,49.1,89.1,36.8,9.9,1.29,37.1,52.0,Moderate,50.0,2013,10,Post-Monsoon
2013-10-11,49.6,88.9,32.0,8.6,1.4,34.8,51.0,Moderate,49.3,2013,10,Post-Monsoon
2013-10-12,39.5,71.8,31.5,10.3,1.55,27.7,42.0,Good,47.0,2013,10,Post-Monsoon
2013-10-13,47.5,88.3,42.8,8.3,1.54,28.7,51.0,Moderate,46.4,2013,10,Post-Monsoon
2013-10-14,51.6,77.9,33.0,9.9,1.47,28.9,50.0,Good,46.9,2013,10,Post-Monsoon
2013-10-15,39.1,60.8,38.0,9.6,1.65,24.1,40.0,Good,47.0,2013,10,Post-Monsoon
2013-10-16,54.9,92.3,36.5,13.4,1.37,34.1,55.0,Moderate,48.7,2013,10,Post-Monsoon
2013-10-17,44.6,70.3,37.9,13.5,1.7,30.7,46.0,Good,47.9,2013,10,Post-Monsoon
2013-10-18,56.0,86.1,42.6,11.3,1.61,38.5,56.0,Moderate,48.6,2013,10,Post-Monsoon
2013-10-19,43.5,79.1,39.0,9.5,1.19,26.4,47.0,Good,49.3,2013,10,Post-Monsoon
2013-10-20,40.0,76.3,38.3,11.3,1.55,30.4,45.0,Good,48.4,2013,10,Post-Monsoon
2013-10-21,44.0,82.5,34.2,11.2,0.89,24.8,47.0,Good,48.0,2013,10,Post-Monsoon
2013-10-22,46.5,88.8,32.3,8.8,1.65,29.0,49.0,Good,49.3,2013,10,Post-Monsoon
2013-10-23,44.5,81.5,44.7,6.4,1.33,34.8,49.0,Good,48.4,2013,10,Post-Monsoon
2013-10-24,45.7,85.3,34.8,5.9,1.16,31.0,49.0,Good,48.9,2013,10,Post-Monsoon
2013-10-25,49.5,81.0,34.6,9.5,0.91,25.8,49.0,Good,47.9,2013,10,Post-Monsoon
2013-10-26,46.0,91.8,36.2,8.7,1.32,23.1,50.0,Good,48.3,2013,10,Post-Monsoon
2013-10-27,46.7,74.4,35.8,8.6,1.65,28.8,47.0,Good,48.6,2013,10,Post-Monsoon
2013-10-28,35.2,56.6,41.4,8.1,1.41,31.4,39.0,Good,47.4,2013,10,Post-Monsoon
2013-10-29,49.9,82.1,37.2,8.0,1.25,34.4,51.0,Moderate,47.7,2013,10,Post-Monsoon
2013-10-30,46.6,92.6,29.8,11.0,1.3,26.5,49.0,Good,47.7,2013,10,Post-Monsoon
2013-10-31,58.5,116.6,32.4,3.6,1.68,26.3,60.0,Moderate,49.3,2013,10,Post-Monsoon
2013-11-01,40.6,77.1,35.0,10.9,1.52,40.7,46.0,Good,48.9,2013,11,Post-Monsoon
2013-11-02,34.5,62.7,39.1,9.1,1.34,29.9,39.0,Good,47.3,2013,11,Post-Monsoon
2013-11-03,51.5,90.7,28.9,12.6,1.58,34.7,52.0,Moderate,48.0,2013,11,Post-Monsoon
2013-11-04,49.6,98.5,37.0,10.2,1.55,23.5,53.0,Moderate,50.0,2013,11,Post-Monsoon
2013-11-05,40.1,74.2,37.9,6.2,1.13,31.4,44.0,Good,49.0,2013,11,Post-Monsoon
2013-11-06,36.5,72.0,38.5,6.0,1.26,33.4,42.0,Good,48.0,2013,11,Post-Monsoon
2013-11-07,58.0,96.1,34.7,7.4,1.7,30.0,57.0,Moderate,47.6,2013,11,Post-Monsoon
2013-11-08,57.1,95.2,39.2,10.2,1.52,20.9,56.0,Moderate,49.0,2013,11,Post-Monsoon
2013-11-09,29.8,57.4,31.7,6.3,1.79,25.0,34.0,Good,48.3,2013,11,Post-Monsoon
2013-11-10,44.0,69.3,38.8,9.9,1.5,31.4,45.0,Good,47.3,2013,11,Post-Monsoon
2013-11-11,58.8,116.1,34.8,11.1,1.17,21.5,61.0,Moderate,48.4,2013,11,Post-Monsoon
2013-11-12,43.9,76.9,35.2,8.6,1.34,42.1,47.0,Good,48.9,2013,11,Post-Monsoon
2013-11-13,43.8,85.9,35.1,7.9,1.55,35.1,48.0,Good,49.7,2013,11,Post-Monsoon
2013-11-14,45.2,75.4,37.6,5.4,1.35,21.8,46.0,Good,48.1,2013,11,Post-Monsoon
2013-11-15,39.4,73.1,30.6,12.7,1.37,30.6,43.0,Good,46.3,2013,11,Post-Monsoon
2013-11-16,35.3,61.4,38.5,13.4,1.86,29.6,39.0,Good,47.0,2013,11,Post-Monsoon
2013-11-17,54.6,99.0,38.5,12.1,1.29,34.7,57.0,Moderate,48.7,2013,11,Post-Monsoon
2013-11-18,34.3,60.1,33.8,9.1,1.43,16.7,36.0,Good,45.1,2013,11,Post-Monsoon
2013-11-19,48.9,97.1,35.0,9.6,1.42,30.0,53.0,Moderate,46.0,2013,11,Post-Monsoon
2013-11-20,53.4,98.6,31.6,11.1,1.58,23.1,54.0,Moderate,46.9,2013,11,Post-Monsoon
2013-11-21,37.0,60.2,30.4,10.0,1.42,31.3,39.0,Good,45.9,2013,11,Post-Monsoon
2013-11-22,40.7,79.6,35.8,3.5,1.38,23.6,44.0,Good,46.0,2013,11,Post-Monsoon
2013-11-23,55.7,91.7,35.8,11.5,1.85,35.9,56.0,Moderate,48.4,2013,11,Post-Monsoon
2013-11-24,50.9,85.9,33.7,12.1,1.32,30.6,51.0,Moderate,47.6,2013,11,Post-Monsoon
2013-11-25,42.9,66.5,30.0,11.8,1.53,20.0,42.0,Good,48.4,2013,11,Post-Monsoon
2013-11-26,55.6,108.4,36.8,10.6,1.03,16.3,57.0,Moderate,49.0,2013,11,Post-Monsoon
2013-11-27,55.6,91.4,33.6,11.6,1.35,31.5,55.0,Moderate,49.1,2013,11,Post-Monsoon
2013-11-28,49.1,80.0,32.0,6.9,1.33,25.5,48.0,Good,50.4,2013,11,Post-Monsoon
2013-11-29,40.9,80.2,40.1,9.5,1.33,31.9,46.0,Good,50.7,2013,11,Post-Monsoon
2013-11-30,44.3,84.3,31.1,8.4,0.92,25.7,47.0,Good,49.4,2013,11,Post-Monsoon
2013-12-01,54.0,84.8,40.8,13.6,1.4,35.0,54.0,Moderate,49.9,2013,12,Winter
2013-12-02,50.7,95.5,32.6,11.1,1.27,34.1,53.0,Moderate,51.4,2013,12,Winter
2013-12-03,58.6,114.6,32.9,10.4,1.76,31.2,61.0,Moderate,52.0,2013,12,Winter
2013-12-04,41.3,63.6,40.5,8.7,1.27,24.5,42.0,Good,50.1,2013,12,Winter
2013-12-05,41.5,79.5,37.3,8.6,1.65,26.1,45.0,Good,49.7,2013,12,Winter
2013-12-06,53.3,94.5,33.9,8.4,1.66,27.8,54.0,Moderate,50.9,2013,12,Winter
2013-12-07,48.6,89.1,42.4,12.2,1.34,23.8,51.0,Moderate,51.4,2013,12,Winter
2013-12-08,47.6,83.1,40.1,11.9,1.28,32.4,50.0,Good,50.9,2013,12,Winter
2013-12-09,39.6,73.3,30.1,11.2,1.42,27.5,42.0,Good,49.3,2013,12,Winter
2013-12-10,52.1,79.1,42.4,12.3,1.39,28.2,52.0,Moderate,48.0,2013,12,Winter
2013-12-11,51.6,97.1,34.3,9.1,1.24,26.6,54.0,Moderate,49.7,2013,12,Winter
2013-12-12,56.6,85.8,31.8,7.0,1.42,29.1,53.0,Moderate,50.9,2013,12,Winter
2013-12-13,52.5,90.7,35.3,12.1,1.57,30.1,53.0,Moderate,50.7,2013,12,Winter
2013-12-14,51.1,80.5,38.4,10.6,1.19,26.5,51.0,Moderate,50.7,2013,12,Winter
2013-12-15,60.2,115.2,38.9,12.4,1.44,28.1,62.0,Moderate,52.4,2013,12,Winter
2013-12-16,42.8,70.9,32.1,11.6,1.36,27.0,44.0,Good,52.7,2013,12,Winter
2013-12-17,55.8,96.3,32.9,10.6,1.51,27.1,55.0,Moderate,53.1,2013,12,Winter
2013-12-18,40.3,69.1,35.6,11.1,1.96,29.5,43.0,Good,51.6,2013,12,Winter
2013-12-19,46.1,87.0,35.8,13.5,1.11,16.7,48.0,Good,50.9,2013,12,Winter
2013-12-20,43.5,75.7,41.6,10.1,1.46,36.6,47.0,Good,50.0,2013,12,Winter
2013-12-21,57.5,108.9,36.9,12.2,1.56,33.4,60.0,Moderate,51.3,2013,12,Winter
2013-12-22,51.5,79.2,41.6,11.3,1.36,30.5,51.0,Moderate,49.7,2013,12,Winter
2013-12-23,51.9,82.8,43.0,7.4,1.58,33.9,53.0,Moderate,51.0,2013,12,Winter
2013-12-24,44.3,78.6,40.8,8.1,1.13,23.0,47.0,Good,49.9,2013,12,Winter
2013-12-25,49.9,98.5,26.3,10.6,1.4,21.1,51.0,Moderate,51.0,2013,12,Winter
2013-12-26,46.7,71.7,37.4,9.7,0.82,20.5,46.0,Good,50.7,2013,12,Winter
2013-12-27,54.7,83.2,37.9,8.8,1.43,32.1,53.0,Moderate,51.6,2013,12,Winter
2013-12-28,45.1,71.1,38.4,12.8,1.18,30.7,46.0,Good,49.6,2013,12,Winter
2013-12-29,61.3,111.6,30.3,7.7,1.57,31.9,61.0,Moderate,51.0,2013,12,Winter
2013-12-30,40.3,68.4,35.5,10.3,1.84,34.9,43.0,Good,49.6,2013,12,Winter
2013-12-31,46.4,88.7,33.2,9.0,1.56,18.4,48.0,Good,49.7,2013,12,Winter
2014-01-01,64.6,99.3,35.4,13.8,1.47,24.3,61.0,Moderate,51.1,2014,1,Winter
2014-01-02,49.9,79.7,38.1,15.9,1.36,27.2,50.0,Good,51.7,2014,1,Winter
2014-01-03,43.7,72.1,36.1,10.2,1.42,33.8,46.0,Good,50.7,2014,1,Winter
2014-01-04,54.4,98.7,35.7,12.5,1.42,31.4,56.0,Moderate,52.1,2014,1,Winter
2014-01-05,49.6,91.3,38.3,13.4,1.49,43.9,54.0,Moderate,51.1,2014,1,Winter
2014-01-06,47.0,73.5,37.1,12.6,1.61,25.3,47.0,Good,51.7,2014,1,Winter
2014-01-07,45.2,89.2,39.9,12.4,1.3,33.5,50.0,Good,52.0,2014,1,Winter
2014-01-08,72.3,120.7,37.4,7.3,1.78,35.7,70.0,Moderate,53.3,2014,1,Winter
2014-01-09,51.1,94.9,32.8,13.2,1.44,38.4,54.0,Moderate,53.9,2014,1,Winter
2014-01-10,39.4,69.5,35.0,11.6,1.49,30.1,42.0,Good,53.3,2014,1,Winter
2014-01-11,63.4,102.1,37.8,10.4,1.81,24.8,61.0,Moderate,54.0,2014,1,Winter
2014-01-12,57.2,110.0,37.3,10.7,0.96,34.7,60.0,Moderate,54.9,2014,1,Winter
2014-01-13,47.5,90.7,33.4,11.4,0.85,32.9,51.0,Moderate,55.4,2014,1,Winter
2014-01-14,46.4,78.7,41.8,10.3,1.59,34.5,49.0,Good,55.3,2014,1,Winter
2014-01-15,57.6,103.4,40.3,10.1,1.49,38.5,60.0,Moderate,53.9,2014,1,Winter
2014-01-16,51.2,83.4,36.7,8.9,1.86,30.6,51.0,Moderate,53.4,2014,1,Winter
2014-01-17,39.4,72.7,38.4,11.9,1.21,26.7,43.0,Good,53.6,2014,1,Winter
2014-01-18,65.4,108.2,34.8,10.5,1.61,34.9,64.0,Moderate,54.0,2014,1,Winter
2014-01-19,49.9,95.8,42.5,9.3,1.4,33.7,54.0,Moderate,53.1,2014,1,Winter
2014-01-20,63.4,101.9,47.4,11.0,1.73,30.7,63.0,Moderate,54.9,2014,1,Winter
2014-01-21,61.8,93.2,36.5,10.9,0.94,27.3,58.0,Moderate,56.1,2014,1,Winter
2014-01-22,45.9,75.0,44.0,11.9,1.42,34.2,49.0,Good,54.6,2014,1,Winter
2014-01-23,60.1,95.9,35.7,10.8,1.67,36.9,59.0,Moderate,55.7,2014,1,Winter
2014-01-24,48.3,84.8,37.0,12.1,1.29,24.8,50.0,Good,56.7,2014,1,Winter
2014-01-25,39.8,63.8,44.8,10.3,1.48,33.1,43.0,Good,53.7,2014,1,Winter
2014-01-26,49.9,93.9,38.6,10.4,1.5,36.0,54.0,Moderate,53.7,2014,1,Winter
2014-01-27,55.7,90.2,41.8,11.4,1.57,42.2,57.0,Moderate,52.9,2014,1,Winter
2014-01-28,49.7,92.0,38.0,11.6,1.22,33.6,53.0,Moderate,52.1,2014,1,Winter
2014-01-29,50.8,90.8,31.9,13.3,1.37,41.2,53.0,Moderate,52.7,2014,1,Winter
2014-01-30,60.9,121.4,48.4,12.9,1.61,37.7,66.0,Moderate,53.7,2014,1,Winter
2014-01-31,53.6,107.3,38.2,10.8,1.68,38.0,58.0,Moderate,54.9,2014,1,Winter
2014-02-01,47.0,90.9,39.7,8.0,1.53,29.8,51.0,Moderate,56.0,2014,2,Winter
2014-02-02,57.8,108.7,36.2,12.2,1.4,46.4,61.0,Moderate,57.0,2014,2,Winter
2014-02-03,54.3,91.9,42.2,11.9,1.51,34.4,56.0,Moderate,56.9,2014,2,Winter
2014-02-04,35.2,66.1,41.9,11.3,1.7,35.3,41.0,Good,55.1,2014,2,Winter
2014-02-05,55.9,110.6,32.9,12.4,1.54,34.5,59.0,Moderate,56.0,2014,2,Winter
2014-02-06,55.6,84.1,39.8,10.1,1.19,40.7,55.0,Moderate,54.4,2014,2,Winter
2014-02-07,53.0,93.8,42.6,7.7,1.21,44.5,57.0,Moderate,54.3,2014,2,Winter
2014-02-08,59.1,95.2,43.9,9.1,1.5,38.1,59.0,Moderate,55.4,2014,2,Winter
2014-02-09,48.2,85.7,41.7,5.1,1.08,33.0,51.0,Moderate,54.0,2014,2,Winter
2014-02-10,55.3,95.8,42.0,11.7,1.69,43.6,58.0,Moderate,54.3,2014,2,Winter
2014-02-11,41.9,75.0,36.9,10.7,1.26,28.9,45.0,Good,54.9,2014,2,Winter
2014-02-12,55.7,99.0,34.2,12.6,1.2,31.9,57.0,Moderate,54.6,2014,2,Winter
2014-02-13,66.6,131.8,37.9,12.4,1.91,28.6,69.0,Moderate,56.6,2014,2,Winter
2014-02-14,45.9,81.6,34.1,9.9,1.36,33.9,48.0,Good,55.3,2014,2,Winter
2014-02-15,47.6,91.5,36.1,9.2,1.56,40.9,52.0,Moderate,54.3,2014,2,Winter
2014-02-16,47.9,79.6,36.1,9.3,1.64,34.9,49.0,Good,54.0,2014,2,Winter
2014-02-17,53.8,92.5,35.3,14.7,1.85,36.4,55.0,Moderate,53.6,2014,2,Winter
2014-02-18,45.5,78.9,41.2,10.5,1.34,38.1,49.0,Good,54.1,2014,2,Winter
2014-02-19,55.8,91.6,35.0,10.3,1.53,35.3,56.0,Moderate,54.0,2014,2,Winter
2014-02-20,58.8,99.4,46.4,11.4,1.46,31.0,60.0,Moderate,52.7,2014,2,Winter
2014-02-21,56.6,101.9,43.1,7.7,2.09,28.5,58.0,Moderate,54.1,2014,2,Winter
2014-02-22,40.5,72.5,43.9,10.1,0.98,43.5,46.0,Good,53.3,2014,2,Winter
2014-02-23,59.9,108.8,36.3,9.1,1.45,33.9,61.0,Moderate,55.0,2014,2,Winter
2014-02-24,59.5,99.7,39.9,8.7,1.49,33.8,59.0,Moderate,55.6,2014,2,Winter
2014-02-25,58.7,97.3,34.9,10.3,1.46,29.9,58.0,Moderate,56.9,2014,2,Winter
2014-02-26,55.5,100.2,40.0,10.9,1.13,36.8,58.0,Moderate,57.1,2014,2,Winter
2014-02-27,54.4,85.3,32.0,8.3,1.03,40.4,54.0,Moderate,56.3,2014,2,Winter
2014-02-28,60.1,97.8,43.3,10.1,1.1,36.0,60.0,Moderate,56.6,2014,2,Winter
2014-03-01,61.6,93.6,32.9,10.0,1.57,39.8,59.0,Moderate,58.4,2014,3,Summer
2014-03-02,41.4,63.6,36.7,10.8,1.35,28.3,42.0,Good,55.7,2014,3,Summer
2014-03-03,55.6,90.2,37.5,9.3,0.91,39.2,56.0,Moderate,55.3,2014,3,Summer
2014-03-04,47.5,71.7,33.3,10.5,1.71,36.4,47.0,Good,53.7,2014,3,Summer
2014-03-05,47.2,76.6,32.3,9.1,1.84,31.4,47.0,Good,52.1,2014,3,Summer
2014-03-06,37.3,68.2,35.0,12.4,1.43,30.7,41.0,Good,50.3,2014,3,Summer
2014-03-07,46.1,70.6,38.7,10.9,1.46,34.6,47.0,Good,48.4,2014,3,Summer
2014-03-08,41.1,70.7,34.9,8.5,1.37,33.0,44.0,Good,46.3,2014,3,Summer
2014-03-09,44.9,87.8,37.9,8.9,1.19,41.0,50.0,Good,47.4,2014,3,Summer
2014-03-10,40.4,76.6,38.7,10.6,0.89,41.6,46.0,Good,46.0,2014,3,Summer
2014-03-11,45.0,74.3,34.7,8.8,1.08,40.4,47.0,Good,46.0,2014,3,Summer
2014-03-12,45.3,88.8,35.0,6.0,1.34,41.6,50.0,Good,46.4,2014,3,Summer
2014-03-13,48.8,81.2,36.1,10.4,1.49,32.0,50.0,Good,47.7,2014,3,Summer
2014-03-14,36.8,56.5,40.1,9.1,1.29,42.5,40.0,Good,46.7,2014,3,Summer
2014-03-15,38.0,75.8,34.1,11.2,1.33,43.5,44.0,Good,46.7,2014,3,Summer
2014-03-16,50.6,98.0,40.1,9.9,1.36,41.7,56.0,Moderate,47.6,2014,3,Summer
2014-03-17,42.5,73.7,36.5,11.1,1.38,40.0,46.0,Good,47.6,2014,3,Summer
2014-03-18,55.6,102.0,32.6,14.9,1.2,36.9,58.0,Moderate,49.1,2014,3,Summer
2014-03-19,49.7,91.2,35.3,12.4,1.45,42.4,53.0,Moderate,49.6,2014,3,Summer
2014-03-20,52.3,83.6,31.0,9.1,1.07,39.0,52.0,Moderate,49.9,2014,3,Summer
2014-03-21,58.0,92.8,30.1,10.7,1.43,45.7,57.0,Moderate,52.3,2014,3,Summer
2014-03-22,45.9,79.7,37.9,10.1,0.97,42.6,49.0,Good,53.0,2014,3,Summer
2014-03-23,44.1,86.2,38.7,10.4,1.05,40.5,50.0,Good,52.1,2014,3,Summer
2014-03-24,54.2,81.6,35.4,6.7,1.17,39.8,53.0,Moderate,53.1,2014,3,Summer
2014-03-25,51.7,97.7,35.7,12.0,1.4,40.8,55.0,Moderate,52.7,2014,3,Summer
2014-03-26,46.8,71.5,33.2,5.2,1.41,41.0,47.0,Good,51.9,2014,3,Summer
2014-03-27,57.8,100.6,36.2,9.8,1.14,41.5,59.0,Moderate,52.9,2014,3,Summer
2014-03-28,46.6,84.8,43.4,6.3,1.0,35.6,51.0,Moderate,52.0,2014,3,Summer
2014-03-29,48.3,89.1,39.5,8.4,1.65,43.4,53.0,Moderate,52.6,2014,3,Summer
2014-03-30,48.2,73.8,35.2,10.3,1.37,43.2,49.0,Good,52.4,2014,3,Summer
2014-03-31,41.6,71.0,34.8,11.6,1.32,36.6,44.0,Good,51.1,2014,3,Summer
2014-04-01,48.6,87.2,34.0,11.9,1.44,43.7,52.0,Moderate,50.7,2014,4,Summer
2014-04-02,57.9,88.7,29.9,9.5,1.11,42.7,56.0,Moderate,52.0,2014,4,Summer
2014-04-03,51.2,80.3,33.6,11.8,1.62,38.7,51.0,Moderate,50.9,2014,4,Summer
2014-04-04,48.3,88.5,38.2,9.7,1.49,46.0,53.0,Moderate,51.1,2014,4,Summer
2014-04-05,47.0,82.7,31.8,8.4,1.28,49.8,50.0,Good,50.7,2014,4,Summer
2014-04-06,50.4,79.7,34.4,10.6,1.33,40.4,51.0,Moderate,51.0,2014,4,Summer
2014-04-07,53.3,94.3,31.0,8.0,1.29,43.9,55.0,Moderate,52.6,2014,4,Summer
2014-04-08,52.4,102.4,38.6,9.6,1.68,49.7,58.0,Moderate,53.4,2014,4,Summer
2014-04-09,45.8,69.0,30.4,8.9,1.46,32.6,45.0,Good,51.9,2014,4,Summer
2014-04-10,50.4,91.7,37.9,6.7,1.49,53.2,55.0,Moderate,52.4,2014,4,Summer
2014-04-11,51.5,79.1,39.6,10.5,1.37,44.2,52.0,Moderate,52.3,2014,4,Summer
2014-04-12,41.0,61.7,34.2,10.1,1.35,47.7,43.0,Good,51.3,2014,4,Summer
2014-04-13,49.3,77.6,32.8,12.2,1.82,35.6,49.0,Good,51.0,2014,4,Summer
2014-04-14,33.0,56.4,37.4,6.1,1.26,37.4,37.0,Good,48.4,2014,4,Summer
2014-04-15,51.5,97.9,41.9,8.4,1.4,39.5,56.0,Moderate,48.1,2014,4,Summer
2014-04-16,52.7,86.5,40.9,12.1,1.87,39.1,54.0,Moderate,49.4,2014,4,Summer
2014-04-17,53.3,96.7,35.2,10.9,1.68,32.9,55.0,Moderate,49.4,2014,4,Summer
2014-04-18,45.3,77.3,32.0,11.3,1.44,38.7,47.0,Good,48.7,2014,4,Summer
2014-04-19,50.3,81.3,34.6,12.8,0.97,40.6,51.0,Moderate,49.9,2014,4,Summer
2014-04-20,58.1,102.0,28.7,8.3,1.89,37.7,58.0,Moderate,51.1,2014,4,Summer
2014-04-21,58.0,110.1,33.3,8.1,1.29,52.4,62.0,Moderate,54.7,2014,4,Summer
2014-04-22,47.9,91.8,37.3,11.6,1.37,48.2,53.0,Moderate,54.3,2014,4,Summer
2014-04-23,49.1,94.4,34.0,11.1,1.61,41.4,53.0,Moderate,54.1,2014,4,Summer
2014-04-24,55.9,93.3,33.1,9.6,1.3,48.1,57.0,Moderate,54.4,2014,4,Summer
2014-04-25,37.6,71.3,35.3,9.5,1.4,47.0,44.0,Good,54.0,2014,4,Summer
2014-04-26,45.8,73.6,34.4,7.9,1.37,36.8,47.0,Good,53.4,2014,4,Summer
2014-04-27,57.4,107.4,38.5,13.0,1.26,47.6,61.0,Moderate,53.9,2014,4,Summer
2014-04-28,54.9,108.4,30.2,13.9,1.44,43.5,59.0,Moderate,53.4,2014,4,Summer
2014-04-29,50.7,76.4,37.6,12.1,1.19,49.1,52.0,Moderate,53.3,2014,4,Summer
2014-04-30,37.6,64.6,35.3,11.2,1.07,40.3,42.0,Good,51.7,2014,4,Summer
2014-05-01,47.8,87.1,37.2,11.0,1.49,48.5,52.0,Moderate,51.0,2014,5,Summer
2014-05-02,44.0,81.4,29.9,10.5,1.66,51.1,48.0,Good,51.6,2014,5,Summer
2014-05-03,50.4,80.1,39.0,6.3,1.16,47.9,52.0,Moderate,52.3,2014,5,Summer
2014-05-04,42.4,84.3,37.7,8.9,1.22,37.1,48.0,Good,50.4,2014,5,Summer
2014-05-05,40.9,74.0,42.2,11.5,1.35,58.4,48.0,Good,48.9,2014,5,Summer
2014-05-06,33.6,53.2,32.2,8.2,1.35,49.1,38.0,Good,46.9,2014,5,Summer
2014-05-07,56.7,85.6,33.2,10.2,0.86,45.0,55.0,Moderate,48.7,2014,5,Summer
2014-05-08,45.3,85.7,28.4,12.2,1.24,49.4,50.0,Good,48.4,2014,5,Summer
2014-05-09,49.2,75.8,32.2,12.2,1.8,56.9,51.0,Moderate,48.9,2014,5,Summer
2014-05-10,48.1,75.5,41.2,11.7,1.7,39.3,50.0,Good,48.6,2014,5,Summer
2014-05-11,40.6,72.6,36.7,10.4,1.78,51.9,46.0,Good,48.3,2014,5,Summer
2014-05-12,39.3,70.8,32.6,11.4,1.5,45.7,44.0,Good,47.7,2014,5,Summer
2014-05-13,41.1,75.7,36.0,9.4,1.22,45.0,46.0,Good,48.9,2014,5,Summer
2014-05-14,43.0,73.0,35.3,13.3,1.41,45.3,47.0,Good,47.7,2014,5,Summer
2014-05-15,50.7,95.6,27.9,6.7,1.5,36.2,53.0,Moderate,48.1,2014,5,Summer
2014-05-16,42.5,84.5,28.6,10.0,1.27,49.1,48.0,Good,47.7,2014,5,Summer
2014-05-17,60.3,98.7,39.9,8.9,0.92,34.6,60.0,Moderate,49.1,2014,5,Summer
2014-05-18,55.3,102.4,38.4,11.2,1.58,44.2,59.0,Moderate,51.0,2014,5,Summer
2014-05-19,53.8,105.6,29.6,9.2,1.24,44.3,57.0,Moderate,52.9,2014,5,Summer
2014-05-20,47.3,87.1,35.0,14.7,1.51,44.9,52.0,Moderate,53.7,2014,5,Summer
2014-05-21,58.7,108.0,32.6,11.7,0.95,36.1,60.0,Moderate,55.6,2014,5,Summer
2014-05-22,46.6,75.1,39.9,7.9,1.19,51.3,50.0,Good,55.1,2014,5,Summer
2014-05-23,47.9,84.6,37.3,4.5,1.45,37.7,50.0,Good,55.4,2014,5,Summer
2014-05-24,49.3,87.8,31.1,7.6,1.51,42.3,51.0,Moderate,54.1,2014,5,Summer
2014-05-25,53.0,98.1,36.0,11.0,1.54,44.2,56.0,Moderate,53.7,2014,5,Summer
2014-05-26,52.6,105.0,35.3,9.3,1.33,45.4,58.0,Moderate,53.9,2014,5,Summer
2014-05-27,44.8,67.9,35.3,8.7,1.4,48.9,47.0,Good,53.1,2014,5,Summer
2014-05-28,44.4,68.0,33.5,8.4,1.45,47.1,46.0,Good,51.1,2014,5,Summer
2014-05-29,52.6,80.9,35.6,11.5,1.43,56.6,54.0,Moderate,51.7,2014,5,Summer
2014-05-30,53.1,99.4,32.1,9.2,1.49,48.7,57.0,Moderate,52.7,2014,5,Summer
2014-05-31,45.3,71.1,30.7,9.0,1.06,48.4,47.0,Good,52.1,2014,5,Summer
2014-06-01,33.4,60.5,27.8,11.1,1.71,44.1,38.0,Good,49.6,2014,6,Southwest Monsoon
2014-06-02,43.0,71.6,28.6,12.2,1.2,48.5,46.0,Good,47.9,2014,6,Southwest Monsoon
2014-06-03,48.9,84.5,34.5,6.9,1.22,44.5,51.0,Moderate,48.4,2014,6,Southwest Monsoon
2014-06-04,57.1,91.9,34.6,11.5,1.17,44.6,57.0,Moderate,50.0,2014,6,Southwest Monsoon
2014-06-05,36.1,69.8,38.6,8.9,1.3,62.8,45.0,Good,48.7,2014,6,Southwest Monsoon
2014-06-06,41.5,74.4,31.9,10.9,0.88,54.7,46.0,Good,47.1,2014,6,Southwest Monsoon
2014-06-07,41.8,82.4,35.6,10.4,1.12,42.6,47.0,Good,47.1,2014,6,Southwest Monsoon
2014-06-08,54.0,96.5,33.0,9.1,0.77,50.2,57.0,Moderate,49.9,2014,6,Southwest Monsoon
2014-06-09,44.3,69.1,34.0,9.2,1.13,48.2,46.0,Good,49.9,2014,6,Southwest Monsoon
2014-06-10,38.1,60.5,36.0,10.4,1.28,43.6,41.0,Good,48.4,2014,6,Southwest Monsoon
2014-06-11,48.4,96.6,35.1,6.9,1.39,57.3,55.0,Moderate,48.1,2014,6,Southwest Monsoon
2014-06-12,41.7,77.6,33.2,6.8,1.23,45.8,46.0,Good,48.3,2014,6,Southwest Monsoon
2014-06-13,35.9,54.8,30.3,13.3,1.32,53.7,40.0,Good,47.4,2014,6,Southwest Monsoon
2014-06-14,38.3,70.8,33.9,11.4,0.82,43.5,43.0,Good,46.9,2014,6,Southwest Monsoon
2014-06-15,56.6,96.6,38.3,11.1,1.28,52.2,59.0,Moderate,47.1,2014,6,Southwest Monsoon
2014-06-16,47.2,78.0,33.5,8.8,1.56,53.4,50.0,Good,47.7,2014,6,Southwest Monsoon
2014-06-17,45.3,71.4,31.2,5.8,1.36,41.8,46.0,Good,48.4,2014,6,Southwest Monsoon
2014-06-18,42.8,82.1,36.1,8.0,1.06,44.9,48.0,Good,47.4,2014,6,Southwest Monsoon
2014-06-19,46.5,71.3,27.3,9.9,1.29,46.1,47.0,Good,47.6,2014,6,Southwest Monsoon
2014-06-20,46.5,76.4,31.4,11.4,1.59,54.7,49.0,Good,48.9,2014,6,Southwest Monsoon
2014-06-21,46.5,76.9,28.9,10.0,1.39,54.2,49.0,Good,49.7,2014,6,Southwest Monsoon
2014-06-22,45.3,71.6,32.3,10.0,1.39,44.4,47.0,Good,48.0,2014,6,Southwest Monsoon
2014-06-23,50.6,88.7,37.8,8.8,1.05,44.4,54.0,Moderate,48.6,2014,6,Southwest Monsoon
2014-06-24,44.7,67.3,35.4,10.4,1.15,47.5,46.0,Good,48.6,2014,6,Southwest Monsoon
2014-06-25,37.7,62.1,25.3,7.3,1.23,38.3,39.0,Good,47.3,2014,6,Southwest Monsoon
2014-06-26,40.2,79.1,30.3,9.3,1.7,52.5,46.0,Good,47.1,2014,6,Southwest Monsoon
2014-06-27,30.6,50.7,26.8,8.6,1.02,41.7,34.0,Good,45.0,2014,6,Southwest Monsoon
2014-06-28,58.7,98.6,37.0,12.0,1.31,46.5,60.0,Moderate,46.6,2014,6,Southwest Monsoon
2014-06-29,50.5,87.8,30.5,3.4,1.41,52.9,53.0,Moderate,47.4,2014,6,Southwest Monsoon
2014-06-30,38.7,68.9,33.1,8.8,1.43,48.1,43.0,Good,45.9,2014,6,Southwest Monsoon
2014-07-01,42.5,81.0,33.3,9.6,1.18,43.8,47.0,Good,46.0,2014,7,Southwest Monsoon
2014-07-02,40.0,63.9,33.6,5.4,1.16,40.6,42.0,Good,46.4,2014,7,Southwest Monsoon
2014-07-03,55.3,107.0,21.2,10.6,1.73,45.3,57.0,Moderate,48.0,2014,7,Southwest Monsoon
2014-07-04,34.6,64.9,34.2,8.8,1.18,44.1,40.0,Good,48.9,2014,7,Southwest Monsoon
2014-07-05,45.3,84.3,30.6,7.2,1.14,58.6,50.0,Good,47.4,2014,7,Southwest Monsoon
2014-07-06,43.7,67.5,36.2,11.1,1.48,41.3,45.0,Good,46.3,2014,7,Southwest Monsoon
2014-07-07,50.3,76.0,33.6,7.6,1.28,42.6,50.0,Good,47.3,2014,7,Southwest Monsoon
2014-07-08,43.8,78.7,35.3,10.7,0.92,40.2,47.0,Good,47.3,2014,7,Southwest Monsoon
2014-07-09,32.2,62.2,29.9,9.5,1.49,43.8,38.0,Good,46.7,2014,7,Southwest Monsoon
2014-07-10,42.7,76.6,28.3,8.3,1.15,47.6,46.0,Good,45.1,2014,7,Southwest Monsoon
2014-07-11,37.7,60.6,36.4,7.1,1.14,40.1,41.0,Good,45.3,2014,7,Southwest Monsoon
2014-07-12,45.1,69.6,35.1,7.7,1.91,46.5,47.0,Good,44.9,2014,7,Southwest Monsoon
2014-07-13,54.5,100.9,33.7,10.9,1.19,38.6,57.0,Moderate,46.6,2014,7,Southwest Monsoon
2014-07-14,32.3,60.2,33.7,11.4,1.26,49.2,39.0,Good,45.0,2014,7,Southwest Monsoon
2014-07-15,38.9,61.7,34.5,10.5,1.47,42.2,42.0,Good,44.3,2014,7,Southwest Monsoon
2014-07-16,40.6,61.5,27.6,9.0,1.01,42.7,41.0,Good,44.7,2014,7,Southwest Monsoon
2014-07-17,41.8,71.3,37.1,10.5,1.38,51.3,46.0,Good,44.7,2014,7,Southwest Monsoon
2014-07-18,49.7,89.0,32.2,9.7,1.48,41.9,52.0,Moderate,46.3,2014,7,Southwest Monsoon
2014-07-19,43.3,80.2,32.3,7.9,1.58,46.0,48.0,Good,46.4,2014,7,Southwest Monsoon
2014-07-20,47.4,90.3,31.1,7.3,1.41,47.4,52.0,Moderate,45.7,2014,7,Southwest Monsoon
2014-07-21,40.1,72.4,22.9,8.5,0.97,50.3,43.0,Good,46.3,2014,7,Southwest Monsoon
2014-07-22,46.1,71.7,35.1,7.8,1.35,45.3,48.0,Good,47.1,2014,7,Southwest Monsoon
2014-07-23,49.9,92.0,28.8,9.4,0.91,42.0,52.0,Moderate,48.7,2014,7,Southwest Monsoon
2014-07-24,39.4,78.4,33.2,12.3,1.55,40.8,45.0,Good,48.6,2014,7,Southwest Monsoon
2014-07-25,50.0,97.6,29.5,9.7,1.51,44.9,54.0,Moderate,48.9,2014,7,Southwest Monsoon
2014-07-26,44.9,86.9,31.4,12.0,1.3,39.4,49.0,Good,49.0,2014,7,Southwest Monsoon
2014-07-27,51.8,85.6,31.2,9.1,1.29,45.7,53.0,Moderate,49.1,2014,7,Southwest Monsoon
2014-07-28,43.1,80.8,29.4,8.8,1.24,43.9,47.0,Good,49.7,2014,7,Southwest Monsoon
2014-07-29,47.2,90.8,31.9,6.1,1.24,36.9,51.0,Moderate,50.1,2014,7,Southwest Monsoon
2014-07-30,44.2,81.3,30.9,10.4,1.49,36.5,47.0,Good,49.4,2014,7,Southwest Monsoon
2014-07-31,43.8,71.2,28.6,7.8,1.17,42.9,45.0,Good,49.4,2014,7,Southwest Monsoon
2014-08-01,46.3,91.6,37.5,7.4,1.79,40.9,52.0,Moderate,49.1,2014,8,Southwest Monsoon
2014-08-02,48.3,83.3,29.6,7.1,1.29,46.3,50.0,Good,49.3,2014,8,Southwest Monsoon
2014-08-03,35.8,56.0,35.0,9.8,1.56,37.5,39.0,Good,47.3,2014,8,Southwest Monsoon
2014-08-04,54.5,84.8,35.5,7.9,0.83,45.6,55.0,Moderate,48.4,2014,8,Southwest Monsoon
2014-08-05,31.5,57.4,36.5,12.4,1.1,45.6,38.0,Good,46.6,2014,8,Southwest Monsoon
2014-08-06,39.7,68.2,30.6,11.3,1.47,35.8,42.0,Good,45.9,2014,8,Southwest Monsoon
2014-08-07,43.8,67.8,32.0,8.0,1.33,40.4,45.0,Good,45.9,2014,8,Southwest Monsoon
2014-08-08,47.4,88.6,32.1,4.4,1.25,48.2,51.0,Moderate,45.7,2014,8,Southwest Monsoon
2014-08-09,55.5,105.5,34.9,9.3,1.51,43.3,59.0,Moderate,47.0,2014,8,Southwest Monsoon
2014-08-10,31.5,58.7,31.8,8.5,1.78,40.6,37.0,Good,46.7,2014,8,Southwest Monsoon
2014-08-11,40.9,65.6,34.6,10.9,0.96,45.3,44.0,Good,45.1,2014,8,Southwest Monsoon
2014-08-12,29.6,54.6,31.8,9.1,1.5,38.4,35.0,Good,44.7,2014,8,Southwest Monsoon
2014-08-13,44.7,67.3,37.3,11.4,1.13,39.0,46.0,Good,45.3,2014,8,Southwest Monsoon
2014-08-14,46.4,76.7,32.8,10.1,1.46,41.4,48.0,Good,45.7,2014,8,Southwest Monsoon
2014-08-15,55.6,94.5,32.3,6.5,1.13,47.5,57.0,Moderate,46.6,2014,8,Southwest Monsoon
2014-08-16,45.3,87.0,34.2,7.6,1.38,35.6,49.0,Good,45.1,2014,8,Southwest Monsoon
2014-08-17,51.8,87.8,39.3,8.2,1.4,42.4,54.0,Moderate,47.6,2014,8,Southwest Monsoon
2014-08-18,48.6,73.2,30.4,8.8,1.07,37.9,48.0,Good,48.1,2014,8,Southwest Monsoon
2014-08-19,41.5,69.5,37.0,8.6,1.13,46.0,45.0,Good,49.6,2014,8,Southwest Monsoon
2014-08-20,34.6,60.6,29.5,10.5,1.2,43.4,39.0,Good,48.6,2014,8,Southwest Monsoon
2014-08-21,46.4,91.7,33.0,10.1,0.84,39.1,51.0,Moderate,49.0,2014,8,Southwest Monsoon
2014-08-22,34.1,67.1,29.6,8.3,1.36,42.3,40.0,Good,46.6,2014,8,Southwest Monsoon
2014-08-23,53.6,85.2,31.3,10.4,1.61,36.3,53.0,Moderate,47.1,2014,8,Southwest Monsoon
2014-08-24,43.4,69.1,30.1,6.8,0.93,35.8,44.0,Good,45.7,2014,8,Southwest Monsoon
2014-08-25,52.9,83.6,35.6,10.5,1.41,51.5,54.0,Moderate,46.6,2014,8,Southwest Monsoon
2014-08-26,41.1,77.9,30.8,10.8,1.33,36.8,45.0,Good,46.6,2014,8,Southwest Monsoon
2014-08-27,46.4,69.7,34.9,9.7,1.07,39.4,47.0,Good,47.7,2014,8,Southwest Monsoon
2014-08-28,46.0,71.9,30.7,10.2,1.76,36.4,46.0,Good,47.0,2014,8,Southwest Monsoon
2014-08-29,44.2,78.2,32.8,10.4,1.53,31.8,46.0,Good,47.9,2014,8,Southwest Monsoon
2014-08-30,41.5,67.3,38.6,11.2,1.55,33.0,44.0,Good,46.6,2014,8,Southwest Monsoon
2014-08-31,47.2,73.1,29.8,10.6,1.26,39.6,47.0,Good,47.0,2014,8,Southwest Monsoon
2014-09-01,38.0,63.9,29.9,11.5,0.87,30.7,40.0,Good,45.0,2014,9,Southwest Monsoon
2014-09-02,36.0,59.0,31.8,6.0,1.29,34.1,38.0,Good,44.0,2014,9,Southwest Monsoon
2014-09-03,53.2,93.4,32.7,9.4,1.21,40.7,55.0,Moderate,45.1,2014,9,Southwest Monsoon
2014-09-04,49.6,98.7,35.3,9.0,1.5,38.4,54.0,Moderate,46.3,2014,9,Southwest Monsoon
2014-09-05,45.0,70.2,33.0,9.4,1.1,35.1,45.0,Good,46.1,2014,9,Southwest Monsoon
2014-09-06,56.2,94.7,33.8,10.9,1.58,34.8,56.0,Moderate,47.9,2014,9,Southwest Monsoon
2014-09-07,42.6,83.8,28.2,9.4,1.09,31.7,46.0,Good,47.7,2014,9,Southwest Monsoon
2014-09-08,53.8,104.2,34.0,9.3,1.42,47.8,58.0,Moderate,50.3,2014,9,Southwest Monsoon
2014-09-09,45.7,77.6,34.1,10.0,1.06,31.6,47.0,Good,51.6,2014,9,Southwest Monsoon
2014-09-10,37.3,69.0,35.5,6.1,1.24,41.4,42.0,Good,49.7,2014,9,Southwest Monsoon
2014-09-11,57.4,88.7,31.5,12.2,0.91,25.2,54.0,Moderate,49.7,2014,9,Southwest Monsoon
2014-09-12,51.4,95.5,32.8,8.9,1.26,40.5,54.0,Moderate,51.0,2014,9,Southwest Monsoon
2014-09-13,43.7,86.7,35.6,12.1,0.99,40.8,49.0,Good,50.0,2014,9,Southwest Monsoon
2014-09-14,49.6,87.7,28.6,7.4,1.38,31.1,50.0,Good,50.6,2014,9,Southwest Monsoon
2014-09-15,41.7,72.9,25.6,7.3,1.42,32.5,43.0,Good,48.4,2014,9,Southwest Monsoon
2014-09-16,50.3,80.2,28.4,8.6,1.24,40.8,50.0,Good,48.9,2014,9,Southwest Monsoon
2014-09-17,27.8,50.4,30.2,9.2,1.08,29.6,32.0,Good,47.4,2014,9,Southwest Monsoon
2014-09-18,37.4,67.1,37.1,8.1,1.35,37.4,42.0,Good,45.7,2014,9,Southwest Monsoon
2014-09-19,51.4,93.8,40.9,7.5,1.48,31.6,54.0,Moderate,45.7,2014,9,Southwest Monsoon
2014-09-20,42.8,64.7,29.2,9.8,1.2,39.4,43.0,Good,44.9,2014,9,Southwest Monsoon
2014-09-21,46.0,81.5,32.5,12.0,1.14,44.1,49.0,Good,44.7,2014,9,Southwest Monsoon
2014-09-22,35.1,63.0,30.7,12.4,0.93,29.6,38.0,Good,44.0,2014,9,Southwest Monsoon
2014-09-23,57.4,92.1,34.7,8.5,1.3,37.4,57.0,Moderate,45.0,2014,9,Southwest Monsoon
2014-09-24,52.8,84.8,33.9,6.9,1.51,39.2,53.0,Moderate,48.0,2014,9,Southwest Monsoon
2014-09-25,43.1,70.6,29.3,8.6,1.6,24.2,43.0,Good,48.1,2014,9,Southwest Monsoon
2014-09-26,41.7,77.3,30.3,12.5,1.3,39.1,45.0,Good,46.9,2014,9,Southwest Monsoon
2014-09-27,51.7,93.2,32.2,11.2,0.89,35.6,53.0,Moderate,48.3,2014,9,Southwest Monsoon
2014-09-28,58.4,112.3,37.7,9.9,1.13,37.0,61.0,Moderate,50.0,2014,9,Southwest Monsoon
2014-09-29,51.2,84.3,30.2,8.2,1.54,24.5,50.0,Good,51.7,2014,9,Southwest Monsoon
2014-09-30,59.7,116.8,26.6,10.9,1.45,37.2,61.0,Moderate,52.3,2014,9,Southwest Monsoon
2014-10-01,41.6,78.0,40.7,14.4,1.09,32.4,46.0,Good,51.3,2014,10,Post-Monsoon
2014-10-02,42.4,71.9,37.5,9.6,1.84,27.5,44.0,Good,51.4,2014,10,Post-Monsoon
2014-10-03,39.8,61.6,30.8,5.9,1.08,36.6,41.0,Good,50.9,2014,10,Post-Monsoon
2014-10-04,51.2,83.4,36.7,7.8,1.25,37.0,52.0,Moderate,50.7,2014,10,Post-Monsoon
2014-10-05,49.3,97.6,38.7,10.0,1.48,32.5,54.0,Moderate,49.7,2014,10,Post-Monsoon
2014-10-06,47.0,77.9,35.9,9.5,1.33,34.5,48.0,Good,49.4,2014,10,Post-Monsoon
2014-10-07,53.8,89.5,41.0,12.6,1.27,31.8,55.0,Moderate,48.6,2014,10,Post-Monsoon
2014-10-08,56.7,90.5,37.7,8.7,1.35,25.6,55.0,Moderate,49.9,2014,10,Post-Monsoon
2014-10-09,37.4,71.2,36.7,9.5,1.61,31.6,42.0,Good,49.6,2014,10,Post-Monsoon
2014-10-10,43.9,71.9,36.3,8.6,1.83,38.2,46.0,Good,50.3,2014,10,Post-Monsoon
2014-10-11,53.8,89.7,36.0,11.4,1.43,38.2,55.0,Moderate,50.7,2014,10,Post-Monsoon
2014-10-12,44.8,76.5,39.0,8.1,1.19,27.9,47.0,Good,49.7,2014,10,Post-Monsoon
2014-10-13,42.5,73.0,34.9,9.4,1.38,33.1,45.0,Good,49.3,2014,10,Post-Monsoon
2014-10-14,55.2,94.2,39.3,6.8,1.84,32.1,56.0,Moderate,49.4,2014,10,Post-Monsoon
2014-10-15,39.1,68.5,36.7,8.8,1.55,34.1,43.0,Good,47.7,2014,10,Post-Monsoon
2014-10-16,46.0,87.7,35.9,13.2,1.68,31.8,50.0,Good,48.9,2014,10,Post-Monsoon
2014-10-17,50.4,96.2,34.3,13.4,1.56,35.0,54.0,Moderate,50.0,2014,10,Post-Monsoon
2014-10-18,44.1,83.7,34.3,11.2,1.59,29.3,47.0,Good,48.9,2014,10,Post-Monsoon
2014-10-19,53.6,83.1,36.8,10.7,1.36,36.7,53.0,Moderate,49.7,2014,10,Post-Monsoon
2014-10-20,44.1,83.8,39.6,8.6,1.71,28.5,48.0,Good,50.1,2014,10,Post-Monsoon
2014-10-21,58.0,90.4,37.5,10.2,0.64,32.0,56.0,Moderate,50.1,2014,10,Post-Monsoon
2014-10-22,47.2,73.8,32.6,10.2,1.49,34.3,47.0,Good,50.7,2014,10,Post-Monsoon
2014-10-23,52.8,104.2,29.1,9.9,1.47,31.9,55.0,Moderate,51.4,2014,10,Post-Monsoon
2014-10-24,53.3,101.8,38.5,11.5,1.13,19.0,55.0,Moderate,51.6,2014,10,Post-Monsoon
2014-10-25,43.7,77.6,46.2,8.0,1.44,32.1,48.0,Good,51.7,2014,10,Post-Monsoon
2014-10-26,33.7,65.3,34.4,15.0,1.5,34.0,39.0,Good,49.7,2014,10,Post-Monsoon
2014-10-27,50.6,101.0,33.6,13.1,0.92,32.0,54.0,Moderate,50.6,2014,10,Post-Monsoon
2014-10-28,48.6,87.7,38.8,8.2,1.44,35.1,52.0,Moderate,50.0,2014,10,Post-Monsoon
2014-10-29,52.0,93.9,32.1,10.1,1.67,36.2,54.0,Moderate,51.0,2014,10,Post-Monsoon
2014-10-30,46.5,87.3,41.5,8.7,1.77,26.8,50.0,Good,50.3,2014,10,Post-Monsoon
2014-10-31,45.1,72.9,37.1,11.1,1.51,21.6,45.0,Good,48.9,2014,10,Post-Monsoon
2014-11-01,62.2,98.4,35.4,9.7,1.33,24.1,59.0,Moderate,50.4,2014,11,Post-Monsoon
2014-11-02,37.8,71.0,32.4,6.1,1.59,30.4,41.0,Good,50.7,2014,11,Post-Monsoon
2014-11-03,53.2,89.0,39.0,8.0,1.14,33.0,54.0,Moderate,50.7,2014,11,Post-Monsoon
2014-11-04,44.1,69.1,33.7,12.5,1.55,29.2,44.0,Good,49.6,2014,11,Post-Monsoon
2014-11-05,45.7,75.8,38.3,9.4,1.34,22.9,47.0,Good,48.6,2014,11,Post-Monsoon
2014-11-06,45.9,77.0,37.1,9.4,1.65,31.2,48.0,Good,48.3,2014,11,Post-Monsoon
2014-11-07,42.5,84.2,40.7,11.2,1.23,29.7,48.0,Good,48.7,2014,11,Post-Monsoon
2014-11-08,52.1,96.3,36.1,11.7,1.78,30.4,54.0,Moderate,48.0,2014,11,Post-Monsoon
2014-11-09,57.8,102.1,48.0,9.7,1.66,38.6,61.0,Moderate,50.9,2014,11,Post-Monsoon
2014-11-10,51.4,102.0,37.7,5.5,1.44,33.6,55.0,Moderate,51.0,2014,11,Post-Monsoon
2014-11-11,48.8,95.3,36.1,8.2,1.42,28.8,52.0,Moderate,52.1,2014,11,Post-Monsoon
2014-11-12,41.2,72.3,33.9,5.6,1.78,22.8,43.0,Good,51.6,2014,11,Post-Monsoon
2014-11-13,51.7,101.0,39.0,7.1,1.89,36.1,56.0,Moderate,52.7,2014,11,Post-Monsoon
2014-11-14,63.2,107.6,34.0,10.0,1.27,20.5,61.0,Moderate,54.6,2014,11,Post-Monsoon
2014-11-15,45.4,73.4,32.4,9.9,1.28,27.9,46.0,Good,53.4,2014,11,Post-Monsoon
2014-11-16,45.5,73.5,33.6,12.4,1.68,23.3,45.0,Good,51.1,2014,11,Post-Monsoon
2014-11-17,44.2,80.9,34.7,9.8,0.77,27.2,47.0,Good,50.0,2014,11,Post-Monsoon
2014-11-18,44.7,78.2,44.5,8.1,0.72,28.7,48.0,Good,49.4,2014,11,Post-Monsoon
2014-11-19,28.9,52.8,36.7,12.3,1.17,22.6,33.0,Good,48.0,2014,11,Post-Monsoon
2014-11-20,50.9,93.9,32.9,13.4,1.44,16.9,52.0,Moderate,47.4,2014,11,Post-Monsoon
2014-11-21,42.2,63.7,39.9,11.7,1.08,24.3,43.0,Good,44.9,2014,11,Post-Monsoon
2014-11-22,36.8,56.2,36.3,9.7,1.05,22.3,38.0,Good,43.7,2014,11,Post-Monsoon
2014-11-23,53.4,94.3,40.7,9.2,1.24,24.3,55.0,Moderate,45.1,2014,11,Post-Monsoon
2014-11-24,40.5,64.7,43.1,7.5,1.7,27.6,43.0,Good,44.6,2014,11,Post-Monsoon
2014-11-25,45.7,83.1,29.5,8.3,1.26,36.6,48.0,Good,44.6,2014,11,Post-Monsoon
2014-11-26,58.4,103.7,26.0,9.0,1.64,26.0,57.0,Moderate,48.0,2014,11,Post-Monsoon
2014-11-27,38.2,68.6,43.5,7.2,1.39,26.4,42.0,Good,46.6,2014,11,Post-Monsoon
2014-11-28,37.4,61.7,32.8,9.2,1.75,28.5,39.0,Good,46.0,2014,11,Post-Monsoon
2014-11-29,50.0,91.0,28.7,9.3,1.3,32.3,51.0,Moderate,47.9,2014,11,Post-Monsoon
2014-11-30,56.1,107.5,33.4,12.4,1.47,31.8,58.0,Moderate,48.3,2014,11,Post-Monsoon
2014-12-01,41.9,83.7,35.2,7.6,1.56,19.4,45.0,Good,48.6,2014,12,Winter
2014-12-02,55.8,107.0,36.0,11.2,1.47,23.8,58.0,Moderate,50.0,2014,12,Winter
2014-12-03,57.0,101.3,42.5,8.1,1.7,34.6,59.0,Moderate,50.3,2014,12,Winter
2014-12-04,38.5,61.5,37.7,6.9,1.68,26.4,40.0,Good,50.0,2014,12,Winter
2014-12-05,58.5,107.7,32.6,9.9,1.56,33.9,60.0,Moderate,53.0,2014,12,Winter
2014-12-06,59.0,116.2,39.2,10.9,1.03,32.6,62.0,Moderate,54.6,2014,12,Winter
2014-12-07,50.7,81.4,35.7,13.4,1.21,17.9,49.0,Good,53.3,2014,12,Winter
2014-12-08,61.7,100.4,38.1,10.3,1.27,20.8,59.0,Moderate,55.3,2014,12,Winter
2014-12-09,60.9,95.8,38.3,9.8,1.56,27.4,59.0,Moderate,55.4,2014,12,Winter
2014-12-10,53.6,100.2,42.5,9.4,1.5,31.1,57.0,Moderate,55.1,2014,12,Winter
2014-12-11,49.7,84.7,37.1,9.8,1.32,27.8,51.0,Moderate,56.7,2014,12,Winter
2014-12-12,46.1,70.6,41.9,3.8,1.3,28.2,46.0,Good,54.7,2014,12,Winter
2014-12-13,52.6,102.0,32.7,9.2,1.68,29.4,55.0,Moderate,53.7,2014,12,Winter
2014-12-14,56.9,101.2,42.7,12.5,1.32,28.8,59.0,Moderate,55.1,2014,12,Winter
2014-12-15,50.6,84.3,44.3,5.9,0.89,29.1,52.0,Moderate,54.1,2014,12,Winter
2014-12-16,37.5,62.7,38.2,10.0,1.54,17.5,39.0,Good,51.3,2014,12,Winter
2014-12-17,61.8,101.6,35.8,10.3,1.37,27.8,60.0,Moderate,51.7,2014,12,Winter
2014-12-18,54.2,93.7,34.8,12.3,1.69,27.8,54.0,Moderate,52.1,2014,12,Winter
2014-12-19,50.2,83.8,39.0,11.1,1.32,24.2,51.0,Moderate,52.9,2014,12,Winter
2014-12-20,58.9,104.5,44.0,11.7,1.45,25.7,60.0,Moderate,53.6,2014,12,Winter
2014-12-21,63.6,119.9,37.4,9.4,1.57,21.3,64.0,Moderate,54.3,2014,12,Winter
2014-12-22,33.3,61.2,43.5,7.3,0.96,31.6,39.0,Good,52.4,2014,12,Winter
2014-12-23,55.9,92.1,34.5,9.8,1.35,23.9,54.0,Moderate,54.6,2014,12,Winter
2014-12-24,42.9,75.7,37.7,10.6,1.31,29.2,46.0,Good,52.6,2014,12,Winter
2014-12-25,56.4,108.3,38.9,13.2,1.38,27.4,59.0,Moderate,53.3,2014,12,Winter
2014-12-26,53.8,82.5,40.0,8.0,1.37,29.0,53.0,Moderate,53.6,2014,12,Winter
2014-12-27,57.4,88.3,37.8,15.0,1.5,34.5,56.0,Moderate,53.0,2014,12,Winter
2014-12-28,49.4,87.8,44.1,11.2,1.55,26.4,52.0,Moderate,51.3,2014,12,Winter
2014-12-29,39.8,72.4,44.1,9.3,1.66,29.6,44.0,Good,52.0,2014,12,Winter
2014-12-30,49.7,79.9,38.4,9.2,1.63,33.4,50.0,Good,51.4,2014,12,Winter
2014-12-31,55.7,104.4,37.0,10.5,1.8,31.0,58.0,Moderate,53.1,2014,12,Winter
2015-01-01,60.9,111.0,37.2,10.9,1.74,26.4,61.0,Moderate,53.4,2015,1,Winter
2015-01-02,45.6,89.4,43.7,11.0,1.85,22.7,50.0,Good,53.0,2015,1,Winter
2015-01-03,61.0,96.6,36.9,12.3,1.81,26.3,59.0,Moderate,53.4,2015,1,Winter
2015-01-04,49.3,92.4,33.8,9.7,1.37,31.5,52.0,Moderate,53.4,2015,1,Winter
2015-01-05,56.3,86.9,34.4,11.2,1.42,30.5,54.0,Moderate,54.9,2015,1,Winter
2015-01-06,50.2,89.5,42.3,10.3,1.44,34.0,53.0,Moderate,55.3,2015,1,Winter
2015-01-07,55.1,97.8,34.1,14.3,1.8,29.2,56.0,Moderate,55.0,2015,1,Winter
2015-01-08,60.0,101.7,38.0,7.4,1.44,27.1,59.0,Moderate,54.7,2015,1,Winter
2015-01-09,45.2,86.9,40.0,15.3,1.7,23.6,49.0,Good,54.6,2015,1,Winter
2015-01-10,49.0,73.7,32.9,9.2,1.03,25.1,47.0,Good,52.9,2015,1,Winter
2015-01-11,55.1,97.0,40.3,8.8,0.98,26.0,56.0,Moderate,53.4,2015,1,Winter
2015-01-12,70.6,113.6,38.3,10.4,1.83,37.9,68.0,Moderate,55.4,2015,1,Winter
2015-01-13,47.8,89.4,32.0,11.4,1.63,25.6,50.0,Good,55.0,2015,1,Winter
2015-01-14,68.1,103.6,40.4,10.3,1.81,25.7,64.0,Moderate,56.1,2015,1,Winter
2015-01-15,67.8,129.9,41.2,12.2,1.13,28.1,70.0,Moderate,57.7,2015,1,Winter
2015-01-16,53.1,101.9,40.3,10.1,1.55,37.0,57.0,Moderate,58.9,2015,1,Winter
2015-01-17,51.7,99.1,41.6,9.7,1.14,34.3,56.0,Moderate,60.1,2015,1,Winter
2015-01-18,49.0,77.2,40.6,9.2,1.74,30.8,50.0,Good,59.3,2015,1,Winter
2015-01-19,53.3,96.8,42.5,13.5,1.52,24.3,55.0,Moderate,57.4,2015,1,Winter
2015-01-20,44.0,66.2,35.8,11.8,1.48,31.6,44.0,Good,56.6,2015,1,Winter
2015-01-21,53.3,102.5,34.0,8.7,1.73,35.9,56.0,Moderate,55.4,2015,1,Winter
2015-01-22,64.3,119.7,35.0,10.1,1.49,38.7,66.0,Moderate,54.9,2015,1,Winter
2015-01-23,49.5,87.4,36.4,8.4,1.48,20.9,50.0,Good,53.9,2015,1,Winter
2015-01-24,52.1,97.2,47.7,16.5,1.15,28.1,56.0,Moderate,53.9,2015,1,Winter
2015-01-25,41.9,64.8,36.4,11.4,1.85,32.5,43.0,Good,52.9,2015,1,Winter
2015-01-26,56.4,99.5,37.5,7.0,1.54,38.4,58.0,Moderate,53.3,2015,1,Winter
2015-01-27,55.7,91.6,38.7,8.3,1.64,25.7,55.0,Moderate,54.9,2015,1,Winter
2015-01-28,54.2,107.7,38.2,8.5,1.17,26.9,58.0,Moderate,55.1,2015,1,Winter
2015-01-29,52.3,100.8,46.9,11.6,1.86,30.2,57.0,Moderate,53.9,2015,1,Winter
2015-01-30,51.8,96.6,32.7,7.6,1.55,25.7,53.0,Moderate,54.3,2015,1,Winter
2015-01-31,57.3,112.7,48.3,8.3,1.94,23.0,61.0,Moderate,55.0,2015,1,Winter
2015-02-01,53.6,89.7,40.2,10.5,1.76,43.5,56.0,Moderate,56.9,2015,2,Winter
2015-02-02,56.0,109.2,43.4,10.8,0.9,31.8,60.0,Moderate,57.1,2015,2,Winter
2015-02-03,55.3,92.0,39.7,9.9,1.7,30.0,55.0,Moderate,57.1,2015,2,Winter
2015-02-04,61.7,115.1,42.9,10.2,1.74,27.4,64.0,Moderate,58.0,2015,2,Winter
2015-02-05,58.5,109.4,35.8,8.1,1.67,33.3,60.0,Moderate,58.4,2015,2,Winter
2015-02-06,55.2,83.2,34.2,11.9,1.56,30.9,53.0,Moderate,58.4,2015,2,Winter
2015-02-07,64.4,108.3,50.0,7.0,1.46,37.7,65.0,Moderate,59.0,2015,2,Winter
2015-02-08,56.7,85.7,47.3,10.7,1.5,28.5,56.0,Moderate,59.0,2015,2,Winter
2015-02-09,62.9,125.8,35.4,14.6,1.86,34.0,66.0,Moderate,59.9,2015,2,Winter
2015-02-10,58.0,90.6,42.5,10.3,1.87,33.9,57.0,Moderate,60.1,2015,2,Winter
2015-02-11,40.9,72.5,44.2,8.2,1.46,37.0,46.0,Good,57.6,2015,2,Winter
2015-02-12,62.9,119.3,42.2,10.8,1.31,33.6,66.0,Moderate,58.4,2015,2,Winter
2015-02-13,54.7,87.6,38.8,10.4,1.82,37.5,55.0,Moderate,58.7,2015,2,Winter
2015-02-14,53.4,93.1,47.7,11.4,1.73,36.3,57.0,Moderate,57.6,2015,2,Winter
2015-02-15,55.8,100.6,42.4,11.3,1.55,39.2,59.0,Moderate,58.0,2015,2,Winter
2015-02-16,51.4,81.2,35.9,12.9,1.26,38.0,52.0,Moderate,56.0,2015,2,Winter
2015-02-17,55.4,104.6,38.1,10.0,1.08,34.3,58.0,Moderate,56.1,2015,2,Winter
2015-02-18,49.7,81.9,35.3,9.3,1.69,43.7,51.0,Moderate,56.9,2015,2,Winter
2015-02-19,62.7,100.7,39.2,9.4,1.36,33.0,61.0,Moderate,56.1,2015,2,Winter
2015-02-20,53.0,94.3,39.0,9.7,1.36,43.4,56.0,Moderate,56.3,2015,2,Winter
2015-02-21,51.1,87.2,42.6,11.6,1.61,41.3,54.0,Moderate,55.9,2015,2,Winter
2015-02-22,47.3,92.8,42.6,8.2,1.37,39.4,53.0,Moderate,55.0,2015,2,Winter
2015-02-23,55.7,108.0,41.2,9.1,1.38,36.2,60.0,Moderate,56.1,2015,2,Winter
2015-02-24,55.1,96.0,41.0,11.1,1.32,33.3,57.0,Moderate,56.0,2015,2,Winter
2015-02-25,56.5,94.9,43.8,13.4,1.67,37.9,58.0,Moderate,57.0,2015,2,Winter
2015-02-26,46.6,77.5,38.7,9.2,1.25,38.0,49.0,Good,55.3,2015,2,Winter
2015-02-27,42.6,69.6,30.0,11.7,1.12,36.8,44.0,Good,53.6,2015,2,Winter
2015-02-28,58.2,103.1,48.0,10.6,1.25,40.1,61.0,Moderate,54.6,2015,2,Winter
2015-03-01,59.4,113.0,32.4,11.0,1.71,42.1,62.0,Moderate,55.9,2015,3,Summer
2015-03-02,41.8,69.2,38.8,10.1,1.2,33.6,44.0,Good,53.6,2015,3,Summer
2015-03-03,60.1,95.9,34.6,10.1,1.47,34.6,58.0,Moderate,53.7,2015,3,Summer
2015-03-04,51.0,88.6,41.6,15.1,1.27,31.7,53.0,Moderate,53.0,2015,3,Summer
2015-03-05,49.0,75.1,32.2,15.9,1.3,40.1,49.0,Good,53.0,2015,3,Summer
2015-03-06,46.2,85.5,33.2,9.5,1.69,46.2,50.0,Good,53.9,2015,3,Summer
2015-03-07,39.3,69.2,34.0,8.2,1.38,31.9,42.0,Good,51.1,2015,3,Summer
2015-03-08,55.9,97.7,38.2,10.5,1.77,34.9,57.0,Moderate,50.4,2015,3,Summer
2015-03-09,43.6,71.9,36.9,11.2,1.83,32.0,45.0,Good,50.6,2015,3,Summer
2015-03-10,43.5,85.0,38.3,12.6,1.75,36.4,49.0,Good,49.3,2015,3,Summer
2015-03-11,55.9,86.4,36.5,5.5,1.22,28.8,54.0,Moderate,49.4,2015,3,Summer
2015-03-12,35.8,69.3,39.7,9.2,1.39,45.1,43.0,Good,48.6,2015,3,Summer
2015-03-13,38.3,64.7,39.8,9.0,1.72,43.2,43.0,Good,47.6,2015,3,Summer
2015-03-14,48.9,94.8,42.1,8.4,1.55,40.9,54.0,Moderate,49.3,2015,3,Summer
2015-03-15,51.1,95.2,37.4,7.0,1.64,44.6,55.0,Moderate,49.0,2015,3,Summer
2015-03-16,52.4,81.3,37.4,9.6,1.66,44.5,53.0,Moderate,50.1,2015,3,Summer
2015-03-17,46.9,89.8,43.1,11.4,1.68,40.1,52.0,Moderate,50.6,2015,3,Summer
2015-03-18,66.7,122.8,40.8,7.5,1.1,33.9,68.0,Moderate,52.6,2015,3,Summer
2015-03-19,47.4,71.9,38.1,10.2,1.34,37.0,48.0,Good,53.3,2015,3,Summer
2015-03-20,47.4,74.2,30.4,10.8,1.19,40.5,48.0,Good,54.0,2015,3,Summer
2015-03-21,43.4,78.9,29.3,13.3,1.32,37.2,46.0,Good,52.9,2015,3,Summer
2015-03-22,49.9,91.3,38.5,11.3,1.4,49.8,55.0,Moderate,52.9,2015,3,Summer
2015-03-23,53.3,99.9,38.6,9.8,1.38,42.1,57.0,Moderate,53.4,2015,3,Summer
2015-03-24,57.4,106.8,33.1,10.6,1.2,42.0,60.0,Moderate,54.6,2015,3,Summer
2015-03-25,38.6,70.6,37.4,11.5,1.03,46.3,44.0,Good,51.1,2015,3,Summer
2015-03-26,47.3,89.0,32.3,10.2,0.97,43.1,51.0,Moderate,51.6,2015,3,Summer
2015-03-27,52.1,93.2,38.3,11.6,1.81,40.6,55.0,Moderate,52.6,2015,3,Summer
2015-03-28,53.1,86.6,38.4,9.3,1.66,49.6,55.0,Moderate,53.9,2015,3,Summer
2015-03-29,49.0,95.9,38.4,12.4,1.44,44.3,55.0,Moderate,53.9,2015,3,Summer
2015-03-30,52.8,79.7,37.3,9.0,0.64,39.8,52.0,Moderate,53.1,2015,3,Summer
2015-03-31,43.3,72.9,34.8,8.6,1.15,43.3,46.0,Good,51.1,2015,3,Summer
2015-04-01,59.9,111.7,35.2,9.1,1.48,39.9,62.0,Moderate,53.7,2015,4,Summer
2015-04-02,55.9,95.9,40.6,8.1,1.56,38.6,58.0,Moderate,54.7,2015,4,Summer
2015-04-03,39.6,59.9,37.7,11.5,1.27,46.8,43.0,Good,53.0,2015,4,Summer
2015-04-04,41.5,63.6,38.0,6.9,1.49,40.5,44.0,Good,51.4,2015,4,Summer
2015-04-05,41.7,76.0,36.3,9.1,1.33,39.3,46.0,Good,50.1,2015,4,Summer
2015-04-06,53.7,106.5,38.6,10.6,1.63,44.1,59.0,Moderate,51.1,2015,4,Summer
2015-04-07,40.0,71.0,39.8,10.0,1.34,48.6,46.0,Good,51.1,2015,4,Summer
2015-04-08,46.7,81.9,33.5,9.9,1.33,33.0,49.0,Good,49.3,2015,4,Summer
2015-04-09,52.2,86.6,38.4,9.7,1.23,40.0,54.0,Moderate,48.7,2015,4,Summer
2015-04-10,48.5,79.0,35.1,10.3,1.54,32.5,49.0,Good,49.6,2015,4,Summer
2015-04-11,50.8,76.8,37.3,8.0,1.45,26.9,49.0,Good,50.3,2015,4,Summer
2015-04-12,41.5,68.0,39.3,9.0,1.06,44.2,45.0,Good,50.1,2015,4,Summer
2015-04-13,53.2,91.7,30.2,9.5,1.45,37.5,54.0,Moderate,49.4,2015,4,Summer
2015-04-14,44.7,71.5,31.7,10.9,1.4,48.0,47.0,Good,49.6,2015,4,Summer
2015-04-15,46.7,72.1,33.4,11.9,1.59,38.3,47.0,Good,49.3,2015,4,Summer
2015-04-16,50.7,94.2,33.1,9.7,1.33,47.3,54.0,Moderate,49.3,2015,4,Summer
2015-04-17,49.7,96.8,35.4,11.5,1.11,46.0,55.0,Moderate,50.1,2015,4,Summer
2015-04-18,49.2,96.8,42.8,10.2,1.24,39.9,55.0,Moderate,51.0,2015,4,Summer
2015-04-19,43.7,79.1,40.7,9.9,1.81,42.2,49.0,Good,51.6,2015,4,Summer
2015-04-20,46.9,71.6,33.7,11.6,1.3,45.7,48.0,Good,50.7,2015,4,Summer
2015-04-21,49.0,91.7,39.5,7.1,1.61,47.6,54.0,Moderate,51.7,2015,4,Summer
2015-04-22,39.4,61.2,35.8,10.9,1.01,51.8,43.0,Good,51.1,2015,4,Summer
2015-04-23,45.8,84.0,37.4,8.6,1.45,46.2,50.0,Good,50.6,2015,4,Summer
2015-04-24,51.7,97.7,32.1,12.1,0.97,45.0,55.0,Moderate,50.6,2015,4,Summer
2015-04-25,40.1,74.6,30.7,8.7,1.37,45.4,45.0,Good,49.1,2015,4,Summer
2015-04-26,57.1,112.8,38.9,9.4,1.16,44.1,62.0,Moderate,51.0,2015,4,Summer
2015-04-27,57.9,108.2,36.1,6.9,1.12,43.1,61.0,Moderate,52.9,2015,4,Summer
2015-04-28,40.3,74.4,38.1,10.7,1.09,40.9,45.0,Good,51.6,2015,4,Summer
2015-04-29,58.5,95.4,42.4,9.2,1.3,47.6,60.0,Moderate,54.0,2015,4,Summer
2015-04-30,48.0,94.2,35.0,8.9,0.87,41.5,53.0,Moderate,54.4,2015,4,Summer
2015-05-01,51.9,82.6,35.1,10.1,0.99,46.7,53.0,Moderate,54.1,2015,5,Summer
2015-05-02,45.5,88.9,43.1,6.7,1.37,45.7,52.0,Moderate,55.1,2015,5,Summer
2015-05-03,55.5,91.9,36.1,8.6,0.91,49.2,57.0,Moderate,54.4,2015,5,Summer
2015-05-04,51.8,81.1,32.8,9.6,0.97,47.2,52.0,Moderate,53.1,2015,5,Summer
2015-05-05,43.3,82.8,38.9,12.9,1.8,42.2,49.0,Good,53.7,2015,5,Summer
2015-05-06,40.8,61.3,35.0,10.4,1.74,40.6,43.0,Good,51.3,2015,5,Summer
2015-05-07,38.8,74.3,32.7,10.8,1.14,51.4,45.0,Good,50.1,2015,5,Summer
2015-05-08,50.3,82.1,36.4,10.1,1.43,44.2,52.0,Moderate,50.0,2015,5,Summer
2015-05-09,53.0,103.0,39.3,16.8,1.14,53.3,59.0,Moderate,51.0,2015,5,Summer
2015-05-10,53.6,98.9,31.4,11.8,1.15,33.3,55.0,Moderate,50.7,2015,5,Summer
2015-05-11,48.2,88.3,31.3,5.9,0.57,47.4,51.0,Moderate,50.6,2015,5,Summer
2015-05-12,40.9,68.8,35.7,10.4,1.73,50.8,45.0,Good,50.0,2015,5,Summer
2015-05-13,44.2,67.7,31.6,12.2,1.49,47.0,46.0,Good,50.4,2015,5,Summer
2015-05-14,57.1,109.3,30.9,7.1,1.54,47.7,60.0,Moderate,52.6,2015,5,Summer
2015-05-15,45.6,72.3,36.0,10.2,1.48,49.5,48.0,Good,52.0,2015,5,Summer
2015-05-16,50.0,84.3,40.4,8.9,1.3,50.8,53.0,Moderate,51.1,2015,5,Summer
2015-05-17,41.5,74.7,39.2,8.3,1.23,49.7,47.0,Good,50.0,2015,5,Summer
2015-05-18,51.4,89.4,35.6,12.7,1.34,52.9,55.0,Moderate,50.6,2015,5,Summer
2015-05-19,45.8,73.2,41.1,8.7,1.72,44.4,49.0,Good,51.1,2015,5,Summer
2015-05-20,56.3,88.5,42.9,8.7,1.36,55.2,58.0,Moderate,52.9,2015,5,Summer
2015-05-21,54.4,85.0,38.0,8.2,1.84,41.7,54.0,Moderate,52.0,2015,5,Summer
2015-05-22,45.5,87.9,34.5,7.8,1.16,51.7,51.0,Moderate,52.4,2015,5,Summer
2015-05-23,48.1,72.9,42.3,8.9,0.98,48.9,50.0,Good,52.0,2015,5,Summer
2015-05-24,45.1,89.8,42.1,8.8,1.12,58.1,53.0,Moderate,52.9,2015,5,Summer
2015-05-25,39.1,62.5,37.0,7.6,1.31,48.4,43.0,Good,51.1,2015,5,Summer
2015-05-26,43.0,66.9,40.9,9.9,1.7,50.4,47.0,Good,50.9,2015,5,Summer
2015-05-27,50.4,90.1,32.9,4.9,1.23,38.7,52.0,Moderate,50.0,2015,5,Summer
2015-05-28,51.3,79.0,27.7,10.2,0.99,51.3,51.0,Moderate,49.6,2015,5,Summer
2015-05-29,50.0,90.1,32.1,12.0,1.35,48.4,53.0,Moderate,49.9,2015,5,Summer
2015-05-30,46.9,90.3,36.8,8.9,1.66,50.7,53.0,Moderate,50.3,2015,5,Summer
2015-05-31,55.5,84.6,35.7,10.7,1.35,42.2,55.0,Moderate,50.6,2015,5,Summer
2015-06-01,45.8,87.1,37.1,8.7,1.3,44.5,51.0,Moderate,51.7,2015,6,Southwest Monsoon
2015-06-02,50.3,85.4,27.4,14.0,1.24,47.9,52.0,Moderate,52.4,2015,6,Southwest Monsoon
2015-06-03,33.0,52.1,27.4,11.2,1.19,46.6,36.0,Good,50.1,2015,6,Southwest Monsoon
2015-06-04,17.9,28.5,36.3,7.5,1.85,48.3,25.0,Good,46.4,2015,6,Southwest Monsoon
2015-06-05,47.4,92.8,27.6,11.8,1.57,47.8,52.0,Moderate,46.3,2015,6,Southwest Monsoon
2015-06-06,35.4,55.1,32.2,14.1,1.71,44.5,39.0,Good,44.3,2015,6,Southwest Monsoon
2015-06-07,43.9,84.9,33.4,8.8,1.97,45.7,49.0,Good,43.4,2015,6,Southwest Monsoon
2015-06-08,43.3,76.7,30.7,10.2,1.57,43.2,46.0,Good,42.7,2015,6,Southwest Monsoon
2015-06-09,56.5,85.9,35.6,11.3,1.13,60.7,57.0,Moderate,43.4,2015,6,Southwest Monsoon
2015-06-10,48.2,83.5,25.1,7.0,1.47,48.6,50.0,Good,45.4,2015,6,Southwest Monsoon
2015-06-11,46.6,88.9,40.6,5.6,1.72,55.6,53.0,Moderate,49.4,2015,6,Southwest Monsoon
2015-06-12,51.3,95.5,32.0,9.6,1.38,41.6,54.0,Moderate,49.7,2015,6,Southwest Monsoon
2015-06-13,48.0,83.7,32.6,7.6,1.16,46.3,51.0,Moderate,51.4,2015,6,Southwest Monsoon
2015-06-14,42.2,81.4,44.1,8.8,1.59,44.5,49.0,Good,51.4,2015,6,Southwest Monsoon
2015-06-15,52.9,82.5,27.9,11.3,0.93,48.7,53.0,Moderate,52.4,2015,6,Southwest Monsoon
2015-06-16,37.6,73.6,29.1,10.4,1.28,47.7,43.0,Good,50.4,2015,6,Southwest Monsoon
2015-06-17,47.7,91.7,38.9,10.4,1.43,40.9,53.0,Moderate,50.9,2015,6,Southwest Monsoon
2015-06-18,34.6,64.1,27.1,9.0,1.22,49.0,40.0,Good,49.0,2015,6,Southwest Monsoon
2015-06-19,46.8,89.4,35.3,8.0,1.4,47.9,52.0,Moderate,48.7,2015,6,Southwest Monsoon
2015-06-20,46.8,82.8,30.9,7.8,1.41,48.0,50.0,Good,48.6,2015,6,Southwest Monsoon
2015-06-21,57.1,105.0,26.8,12.7,1.39,52.2,59.0,Moderate,50.0,2015,6,Southwest Monsoon
2015-06-22,34.4,61.3,35.4,13.8,1.2,51.1,41.0,Good,48.3,2015,6,Southwest Monsoon
2015-06-23,41.2,69.1,35.5,11.4,1.14,54.4,46.0,Good,48.7,2015,6,Southwest Monsoon
2015-06-24,51.2,91.3,33.3,8.7,1.22,48.0,54.0,Moderate,48.9,2015,6,Southwest Monsoon
2015-06-25,47.7,77.8,41.6,7.0,0.9,50.8,51.0,Moderate,50.4,2015,6,Southwest Monsoon
2015-06-26,46.7,80.3,30.2,14.7,1.59,45.2,49.0,Good,50.0,2015,6,Southwest Monsoon
2015-06-27,38.7,63.5,36.8,10.2,1.38,47.0,43.0,Good,49.0,2015,6,Southwest Monsoon
2015-06-28,41.3,64.4,34.6,10.1,1.29,48.9,44.0,Good,46.9,2015,6,Southwest Monsoon
2015-06-29,54.1,89.9,37.2,8.1,1.08,43.4,55.0,Moderate,48.9,2015,6,Southwest Monsoon
2015-06-30,45.0,86.7,31.3,10.6,1.28,46.2,50.0,Good,49.4,2015,6,Southwest Monsoon
2015-07-01,48.0,81.2,27.8,8.8,1.27,39.4,49.0,Good,48.7,2015,7,Southwest Monsoon
2015-07-02,44.6,83.6,30.6,7.1,1.14,51.9,49.0,Good,48.4,2015,7,Southwest Monsoon
2015-07-03,37.1,58.9,33.0,8.6,1.51,51.9,41.0,Good,47.3,2015,7,Southwest Monsoon
2015-07-04,51.9,88.9,36.0,10.1,0.96,39.5,54.0,Moderate,48.9,2015,7,Southwest Monsoon
2015-07-05,48.9,76.2,33.4,12.3,1.02,51.2,50.0,Good,49.7,2015,7,Southwest Monsoon
2015-07-06,61.5,96.6,34.2,6.1,1.52,50.2,61.0,Moderate,50.6,2015,7,Southwest Monsoon
2015-07-07,38.3,69.3,40.2,6.8,1.62,46.9,44.0,Good,49.7,2015,7,Southwest Monsoon
2015-07-08,51.2,92.3,33.2,8.4,1.31,46.8,54.0,Moderate,50.4,2015,7,Southwest Monsoon
2015-07-09,36.2,58.2,31.2,7.4,1.0,47.9,40.0,Good,49.1,2015,7,Southwest Monsoon
2015-07-10,46.5,80.8,35.1,9.3,1.58,38.4,49.0,Good,50.3,2015,7,Southwest Monsoon
2015-07-11,52.2,100.9,26.4,8.3,1.3,56.4,56.0,Moderate,50.6,2015,7,Southwest Monsoon
2015-07-12,30.9,49.0,26.4,9.5,1.28,33.9,33.0,Good,48.1,2015,7,Southwest Monsoon
2015-07-13,44.0,66.4,32.8,9.6,1.63,37.4,44.0,Good,45.7,2015,7,Southwest Monsoon
2015-07-14,41.5,75.7,29.6,6.5,1.45,49.9,46.0,Good,46.0,2015,7,Southwest Monsoon
2015-07-15,40.5,61.8,30.9,8.8,1.15,49.0,43.0,Good,44.4,2015,7,Southwest Monsoon
2015-07-16,48.1,95.7,37.0,7.7,0.85,52.9,54.0,Moderate,46.4,2015,7,Southwest Monsoon
2015-07-17,53.2,96.1,35.4,11.5,1.17,44.8,56.0,Moderate,47.4,2015,7,Southwest Monsoon
2015-07-18,44.5,77.2,33.0,7.9,1.36,39.5,47.0,Good,46.1,2015,7,Southwest Monsoon
2015-07-19,46.8,80.3,33.6,8.3,1.4,44.3,49.0,Good,48.4,2015,7,Southwest Monsoon
2015-07-20,46.2,82.5,31.6,7.4,0.94,48.2,50.0,Good,49.3,2015,7,Southwest Monsoon
2015-07-21,45.4,70.2,36.7,9.2,1.08,40.3,47.0,Good,49.4,2015,7,Southwest Monsoon
2015-07-22,37.8,74.2,36.5,8.9,0.51,38.3,43.0,Good,49.4,2015,7,Southwest Monsoon
2015-07-23,53.2,96.4,37.3,12.2,1.33,43.7,56.0,Moderate,49.7,2015,7,Southwest Monsoon
2015-07-24,47.5,75.6,37.1,9.2,0.82,39.8,49.0,Good,48.7,2015,7,Southwest Monsoon
2015-07-25,48.2,85.8,33.5,11.9,1.13,42.4,51.0,Moderate,49.3,2015,7,Southwest Monsoon
2015-07-26,39.8,62.3,30.5,12.3,1.02,40.1,42.0,Good,48.3,2015,7,Southwest Monsoon
2015-07-27,42.2,63.6,32.6,8.5,1.41,45.9,44.0,Good,47.4,2015,7,Southwest Monsoon
2015-07-28,44.2,80.2,33.8,8.9,1.34,40.7,48.0,Good,47.6,2015,7,Southwest Monsoon
2015-07-29,34.7,63.2,30.6,8.1,1.06,40.2,39.0,Good,47.0,2015,7,Southwest Monsoon
2015-07-30,33.6,60.2,39.8,6.8,1.28,46.2,40.0,Good,44.7,2015,7,Southwest Monsoon
2015-07-31,41.2,65.6,39.8,14.0,1.41,37.0,44.0,Good,44.0,2015,7,Southwest Monsoon
2015-08-01,49.1,88.4,32.8,8.1,1.32,37.8,51.0,Moderate,44.0,2015,8,Southwest Monsoon
2015-08-02,40.8,62.4,37.4,7.4,0.4,43.9,43.0,Good,44.1,2015,8,Southwest Monsoon
2015-08-03,38.3,69.1,35.5,7.1,1.82,37.7,42.0,Good,43.9,2015,8,Southwest Monsoon
2015-08-04,39.7,70.5,31.3,8.0,1.38,48.5,44.0,Good,43.3,2015,8,Southwest Monsoon
2015-08-05,42.2,77.1,34.9,8.6,1.53,36.6,46.0,Good,44.3,2015,8,Southwest Monsoon
2015-08-06,42.9,83.6,30.2,11.7,1.06,41.1,47.0,Good,45.3,2015,8,Southwest Monsoon
2015-08-07,60.6,116.6,29.8,12.9,1.01,37.2,62.0,Moderate,47.9,2015,8,Southwest Monsoon
2015-08-08,52.8,105.1,35.2,5.1,1.11,48.7,58.0,Moderate,48.9,2015,8,Southwest Monsoon
2015-08-09,52.6,104.5,35.3,12.4,1.75,36.0,57.0,Moderate,50.9,2015,8,Southwest Monsoon
2015-08-10,53.6,101.1,44.1,12.6,1.17,50.7,59.0,Moderate,53.3,2015,8,Southwest Monsoon
2015-08-11,38.4,76.0,32.7,8.0,1.23,41.4,44.0,Good,53.3,2015,8,Southwest Monsoon
2015-08-12,36.8,71.2,31.2,7.4,1.71,39.9,42.0,Good,52.7,2015,8,Southwest Monsoon
2015-08-13,37.7,70.2,37.0,10.3,1.15,30.2,42.0,Good,52.0,2015,8,Southwest Monsoon
2015-08-14,54.7,84.2,33.2,8.0,1.25,48.9,54.0,Moderate,50.9,2015,8,Southwest Monsoon
2015-08-15,41.6,63.4,30.7,12.2,0.91,42.9,43.0,Good,48.7,2015,8,Southwest Monsoon
2015-08-16,36.6,70.3,31.0,10.2,1.73,34.1,41.0,Good,46.4,2015,8,Southwest Monsoon
2015-08-17,42.4,74.0,32.6,7.7,1.06,37.5,45.0,Good,44.4,2015,8,Southwest Monsoon
2015-08-18,43.7,83.4,37.5,9.8,1.2,31.7,48.0,Good,45.0,2015,8,Southwest Monsoon
2015-08-19,47.3,78.3,35.0,9.4,0.41,35.9,49.0,Good,46.0,2015,8,Southwest Monsoon
2015-08-20,47.2,80.1,30.0,5.4,1.2,39.0,48.0,Good,46.9,2015,8,Southwest Monsoon
2015-08-21,39.6,73.3,40.6,7.3,1.23,47.6,46.0,Good,45.7,2015,8,Southwest Monsoon
2015-08-22,50.2,98.3,29.7,7.9,1.14,51.8,55.0,Moderate,47.4,2015,8,Southwest Monsoon
2015-08-23,40.9,63.2,30.4,10.0,0.81,41.8,42.0,Good,47.6,2015,8,Southwest Monsoon
2015-08-24,44.3,85.5,38.0,10.4,1.38,31.2,49.0,Good,48.1,2015,8,Southwest Monsoon
2015-08-25,50.2,95.2,39.3,11.7,0.77,50.5,56.0,Moderate,49.3,2015,8,Southwest Monsoon
2015-08-26,40.9,67.8,34.7,7.8,0.83,29.8,43.0,Good,48.4,2015,8,Southwest Monsoon
2015-08-27,41.4,69.5,28.1,6.3,1.18,42.8,43.0,Good,47.7,2015,8,Southwest Monsoon
2015-08-28,49.5,75.5,33.7,7.6,1.55,38.7,49.0,Good,48.1,2015,8,Southwest Monsoon
2015-08-29,39.4,59.4,27.8,7.8,1.23,44.4,41.0,Good,46.1,2015,8,Southwest Monsoon
2015-08-30,42.7,74.2,43.2,7.6,1.32,34.3,47.0,Good,46.9,2015,8,Southwest Monsoon
2015-08-31,49.3,76.3,34.4,9.2,1.08,43.1,50.0,Good,47.0,2015,8,Southwest Monsoon
2015-09-01,59.8,95.5,36.5,10.6,1.08,45.0,59.0,Moderate,47.4,2015,9,Southwest Monsoon
2015-09-02,49.6,95.5,31.8,8.4,1.47,39.7,53.0,Moderate,48.9,2015,9,Southwest Monsoon
2015-09-03,48.7,87.0,40.5,10.3,1.55,37.5,52.0,Moderate,50.1,2015,9,Southwest Monsoon
2015-09-04,49.1,89.2,31.3,11.2,1.52,42.4,52.0,Moderate,50.6,2015,9,Southwest Monsoon
2015-09-05,37.9,60.4,29.9,9.2,1.4,43.9,40.0,Good,50.4,2015,9,Southwest Monsoon
2015-09-06,46.2,88.5,34.5,7.0,1.33,34.7,50.0,Good,50.9,2015,9,Southwest Monsoon
2015-09-07,45.2,87.4,36.8,8.7,0.89,33.7,49.0,Good,50.7,2015,9,Southwest Monsoon
2015-09-08,47.7,83.9,41.8,11.3,1.1,33.5,51.0,Moderate,49.6,2015,9,Southwest Monsoon
2015-09-09,46.2,90.4,39.8,10.5,1.07,25.3,50.0,Good,49.1,2015,9,Southwest Monsoon
2015-09-10,48.1,92.4,38.1,7.1,1.26,41.0,53.0,Moderate,49.3,2015,9,Southwest Monsoon
2015-09-11,43.2,80.6,30.6,11.6,1.44,36.2,47.0,Good,48.6,2015,9,Southwest Monsoon
2015-09-12,45.8,85.5,30.5,8.6,1.16,34.7,48.0,Good,49.7,2015,9,Southwest Monsoon
2015-09-13,36.8,57.1,29.8,7.1,0.62,33.7,38.0,Good,48.0,2015,9,Southwest Monsoon
2015-09-14,43.2,70.6,32.7,9.2,1.56,38.0,45.0,Good,47.4,2015,9,Southwest Monsoon
2015-09-15,55.1,84.5,25.6,6.2,1.02,32.3,52.0,Moderate,47.6,2015,9,Southwest Monsoon
2015-09-16,47.6,71.7,38.8,10.6,1.03,40.0,48.0,Good,47.3,2015,9,Southwest Monsoon
2015-09-17,45.3,71.5,29.2,11.5,1.41,33.4,45.0,Good,46.1,2015,9,Southwest Monsoon
2015-09-18,58.7,113.8,28.7,7.2,1.12,29.4,60.0,Moderate,48.0,2015,9,Southwest Monsoon
2015-09-19,35.9,58.1,31.7,8.9,1.25,38.1,39.0,Good,46.7,2015,9,Southwest Monsoon
2015-09-20,37.6,74.7,27.9,11.0,1.33,30.5,42.0,Good,47.3,2015,9,Southwest Monsoon
2015-09-21,57.4,103.2,35.9,6.6,1.28,34.4,58.0,Moderate,49.1,2015,9,Southwest Monsoon
2015-09-22,45.7,74.0,29.4,6.8,1.18,39.3,46.0,Good,48.3,2015,9,Southwest Monsoon
2015-09-23,43.7,76.4,35.3,8.8,1.28,34.7,46.0,Good,48.0,2015,9,Southwest Monsoon
2015-09-24,37.0,59.6,37.0,8.7,1.83,34.9,40.0,Good,47.3,2015,9,Southwest Monsoon
2015-09-25,48.5,96.7,31.1,9.3,1.57,32.0,52.0,Moderate,46.1,2015,9,Southwest Monsoon
2015-09-26,49.2,94.7,30.4,9.0,1.49,34.9,52.0,Moderate,48.0,2015,9,Southwest Monsoon
2015-09-27,37.7,57.1,30.1,6.6,1.37,30.8,38.0,Good,47.4,2015,9,Southwest Monsoon
2015-09-28,44.4,87.7,29.0,6.0,1.67,36.4,48.0,Good,46.0,2015,9,Southwest Monsoon
2015-09-29,43.1,80.1,31.6,6.6,1.49,31.9,46.0,Good,46.0,2015,9,Southwest Monsoon
2015-09-30,47.2,72.7,33.6,10.3,1.59,32.5,47.0,Good,46.1,2015,9,Southwest Monsoon
2015-10-01,41.2,75.6,30.5,11.9,1.71,28.3,44.0,Good,46.7,2015,10,Post-Monsoon
2015-10-02,57.8,105.3,33.4,9.8,1.54,35.8,59.0,Moderate,47.7,2015,10,Post-Monsoon
2015-10-03,55.4,89.2,36.6,11.4,1.51,30.4,55.0,Moderate,48.1,2015,10,Post-Monsoon
2015-10-04,46.5,87.3,36.1,8.8,1.29,27.5,49.0,Good,49.7,2015,10,Post-Monsoon
2015-10-05,47.5,73.3,25.3,9.3,1.86,30.2,46.0,Good,49.4,2015,10,Post-Monsoon
2015-10-06,48.0,83.8,38.5,11.8,1.36,36.8,51.0,Moderate,50.1,2015,10,Post-Monsoon
2015-10-07,43.6,65.5,41.0,10.9,1.09,35.5,45.0,Good,49.9,2015,10,Post-Monsoon
2015-10-08,45.9,91.1,33.7,10.4,1.46,21.3,49.0,Good,50.6,2015,10,Post-Monsoon
2015-10-09,47.1,88.4,29.1,9.7,1.32,28.9,49.0,Good,49.1,2015,10,Post-Monsoon
2015-10-10,60.3,95.2,32.9,7.7,1.12,39.4,58.0,Moderate,49.6,2015,10,Post-Monsoon
2015-10-11,55.6,92.9,32.8,10.2,1.13,38.4,56.0,Moderate,50.6,2015,10,Post-Monsoon
2015-10-12,55.5,87.8,40.8,10.6,1.38,25.7,55.0,Moderate,51.9,2015,10,Post-Monsoon
2015-10-13,51.6,97.2,31.6,14.4,1.39,36.4,54.0,Moderate,52.3,2015,10,Post-Monsoon
2015-10-14,41.2,63.0,34.6,9.8,1.01,24.6,41.0,Good,51.7,2015,10,Post-Monsoon
2015-10-15,48.7,93.5,42.7,9.3,1.26,27.5,53.0,Moderate,52.3,2015,10,Post-Monsoon
2015-10-16,55.8,110.0,36.6,10.6,1.6,26.2,59.0,Moderate,53.7,2015,10,Post-Monsoon
2015-10-17,40.2,73.9,36.8,12.9,0.71,35.1,45.0,Good,51.9,2015,10,Post-Monsoon
2015-10-18,53.5,85.9,35.6,10.7,1.29,31.5,53.0,Moderate,51.4,2015,10,Post-Monsoon
2015-10-19,65.3,109.6,39.9,9.6,1.36,33.8,64.0,Moderate,52.7,2015,10,Post-Monsoon
2015-10-20,56.4,98.1,37.6,8.4,1.52,21.3,56.0,Moderate,53.0,2015,10,Post-Monsoon
2015-10-21,58.9,106.2,43.4,8.3,1.3,35.4,61.0,Moderate,55.9,2015,10,Post-Monsoon
2015-10-22,50.5,92.7,43.9,11.6,1.25,39.1,55.0,Moderate,56.1,2015,10,Post-Monsoon
2015-10-23,55.8,99.1,37.3,9.4,1.5,32.0,57.0,Moderate,55.9,2015,10,Post-Monsoon
2015-10-24,44.0,73.7,35.9,14.0,1.34,40.7,47.0,Good,56.1,2015,10,Post-Monsoon
2015-10-25,54.6,106.2,36.7,10.2,1.79,35.0,58.0,Moderate,56.9,2015,10,Post-Monsoon
2015-10-26,53.6,82.6,33.7,11.0,1.51,39.6,53.0,Moderate,55.3,2015,10,Post-Monsoon
2015-10-27,51.0,88.4,36.5,8.9,1.55,29.3,52.0,Moderate,54.7,2015,10,Post-Monsoon
2015-10-28,58.2,109.9,30.2,8.4,1.37,32.0,59.0,Moderate,54.4,2015,10,Post-Monsoon
2015-10-29,45.2,69.2,33.2,11.5,1.82,26.9,45.0,Good,53.0,2015,10,Post-Monsoon
2015-10-30,47.7,88.4,39.1,12.4,1.21,23.0,50.0,Good,52.0,2015,10,Post-Monsoon
2015-10-31,49.7,94.9,38.2,8.0,1.06,26.1,53.0,Moderate,52.9,2015,10,Post-Monsoon
2015-11-01,41.8,76.5,35.5,8.5,1.33,31.5,45.0,Good,51.0,2015,11,Post-Monsoon
2015-11-02,50.6,76.2,37.7,8.7,1.28,23.7,49.0,Good,50.4,2015,11,Post-Monsoon
2015-11-03,37.0,58.8,42.0,11.4,1.32,30.5,40.0,Good,48.7,2015,11,Post-Monsoon
2015-11-04,56.3,94.1,34.5,10.7,1.84,19.0,55.0,Moderate,48.1,2015,11,Post-Monsoon
2015-11-05,49.3,79.8,30.3,9.8,1.15,28.2,48.0,Good,48.6,2015,11,Post-Monsoon
2015-11-06,45.4,89.9,38.5,8.4,1.33,31.0,50.0,Good,48.6,2015,11,Post-Monsoon
2015-11-07,43.2,78.8,38.1,13.2,0.94,26.2,46.0,Good,47.6,2015,11,Post-Monsoon
2015-11-08,47.4,78.1,39.0,12.0,1.82,28.1,49.0,Good,48.1,2015,11,Post-Monsoon
2015-11-09,53.8,105.7,31.2,6.0,0.77,29.5,56.0,Moderate,49.1,2015,11,Post-Monsoon
2015-11-10,52.8,98.8,30.0,11.7,1.39,27.6,54.0,Moderate,51.1,2015,11,Post-Monsoon
2015-11-11,44.1,72.4,37.1,9.4,1.01,30.9,46.0,Good,49.9,2015,11,Post-Monsoon
2015-11-12,43.1,72.8,36.8,8.8,1.0,21.0,44.0,Good,49.3,2015,11,Post-Monsoon
2015-11-13,53.6,85.7,34.6,11.5,1.13,23.4,52.0,Moderate,49.6,2015,11,Post-Monsoon
2015-11-14,43.9,87.3,41.8,10.7,1.07,24.2,49.0,Good,50.0,2015,11,Post-Monsoon
2015-11-15,49.4,86.9,36.0,10.2,1.42,28.2,51.0,Moderate,50.3,2015,11,Post-Monsoon
2015-11-16,49.9,97.1,40.9,8.2,1.03,38.3,55.0,Moderate,50.1,2015,11,Post-Monsoon
2015-11-17,51.2,85.6,39.5,12.0,1.61,32.1,52.0,Moderate,49.9,2015,11,Post-Monsoon
2015-11-18,55.0,106.2,31.6,7.5,1.68,20.6,56.0,Moderate,51.3,2015,11,Post-Monsoon
2015-11-19,40.2,61.3,32.5,11.5,1.76,30.2,41.0,Good,50.9,2015,11,Post-Monsoon
2015-11-20,35.6,70.9,30.9,10.2,0.97,26.4,40.0,Good,49.1,2015,11,Post-Monsoon
2015-11-21,45.0,88.1,37.7,9.9,1.15,26.8,49.0,Good,49.1,2015,11,Post-Monsoon
2015-11-22,61.6,103.6,36.4,8.9,1.23,25.4,60.0,Moderate,50.4,2015,11,Post-Monsoon
2015-11-23,63.2,119.2,41.4,10.3,1.21,27.7,65.0,Moderate,51.9,2015,11,Post-Monsoon
2015-11-24,61.8,116.0,38.4,7.2,1.55,20.1,62.0,Moderate,53.3,2015,11,Post-Monsoon
2015-11-25,47.6,92.9,30.8,12.5,1.43,28.4,51.0,Moderate,52.6,2015,11,Post-Monsoon
2015-11-26,36.5,60.4,34.2,9.2,1.12,30.6,39.0,Good,52.3,2015,11,Post-Monsoon
2015-11-27,32.6,56.5,27.6,8.6,1.28,25.0,35.0,Good,51.6,2015,11,Post-Monsoon
2015-11-28,44.7,86.4,37.2,9.6,1.34,26.4,48.0,Good,51.4,2015,11,Post-Monsoon
2015-11-29,47.6,90.0,47.2,9.3,1.31,23.0,52.0,Moderate,50.3,2015,11,Post-Monsoon
2015-11-30,58.1,98.6,36.5,12.5,1.17,27.0,58.0,Moderate,49.3,2015,11,Post-Monsoon
2015-12-01,59.9,115.1,40.4,7.5,1.21,29.4,62.0,Moderate,49.3,2015,12,Winter
2015-12-02,55.4,84.4,39.5,10.9,1.68,28.1,54.0,Moderate,49.7,2015,12,Winter
2015-12-03,47.6,90.0,41.0,14.2,1.19,32.3,52.0,Moderate,51.6,2015,12,Winter
2015-12-04,47.1,75.5,39.0,11.1,1.67,33.8,48.0,Good,53.4,2015,12,Winter
2015-12-05,55.6,91.3,42.1,11.4,1.55,26.1,56.0,Moderate,54.6,2015,12,Winter
2015-12-06,58.7,102.5,36.5,10.9,1.28,27.9,59.0,Moderate,55.6,2015,12,Winter
2015-12-07,56.5,97.5,36.7,9.7,1.62,23.5,56.0,Moderate,55.3,2015,12,Winter
2015-12-08,46.6,82.0,34.4,12.1,1.31,26.7,48.0,Good,53.3,2015,12,Winter
2015-12-09,58.4,103.4,39.5,10.6,1.63,29.4,59.0,Moderate,54.0,2015,12,Winter
2015-12-10,56.8,94.6,35.2,11.3,1.29,32.9,56.0,Moderate,54.6,2015,12,Winter
2015-12-11,46.3,73.5,45.4,12.1,1.52,28.7,48.0,Good,54.6,2015,12,Winter
2015-12-12,48.3,91.0,37.9,11.9,1.48,30.7,52.0,Moderate,54.0,2015,12,Winter
2015-12-13,58.6,99.7,31.7,11.2,1.34,22.5,57.0,Moderate,53.7,2015,12,Winter
2015-12-14,52.2,91.4,35.1,12.8,1.41,30.5,53.0,Moderate,53.3,2015,12,Winter
2015-12-15,64.9,118.3,40.1,13.0,1.33,25.0,65.0,Moderate,55.7,2015,12,Winter
2015-12-16,57.3,112.0,42.2,12.6,1.78,37.2,62.0,Moderate,56.1,2015,12,Winter
2015-12-17,50.4,93.4,41.0,13.1,1.31,38.5,55.0,Moderate,56.0,2015,12,Winter
2015-12-18,53.7,81.8,36.3,13.7,1.47,37.2,53.0,Moderate,56.7,2015,12,Winter
2015-12-19,54.2,104.1,37.3,8.6,0.97,24.9,56.0,Moderate,57.3,2015,12,Winter
2015-12-20,48.7,97.1,36.8,16.5,1.32,32.8,53.0,Moderate,56.7,2015,12,Winter
2015-12-21,47.4,82.3,41.9,11.3,1.65,17.1,49.0,Good,56.1,2015,12,Winter
2015-12-22,58.7,116.5,40.1,10.5,1.61,35.0,63.0,Moderate,55.9,2015,12,Winter
2015-12-23,59.7,105.9,37.8,11.3,1.6,29.5,60.0,Moderate,55.6,2015,12,Winter
2015-12-24,58.0,100.4,37.0,8.0,1.48,20.7,57.0,Moderate,55.9,2015,12,Winter
2015-12-25,64.4,107.3,37.5,11.5,1.55,32.8,63.0,Moderate,57.3,2015,12,Winter
2015-12-26,50.0,91.5,39.6,9.4,1.85,28.2,53.0,Moderate,56.9,2015,12,Winter
2015-12-27,65.5,105.8,45.0,11.1,1.26,28.2,64.0,Moderate,58.4,2015,12,Winter
2015-12-28,47.5,73.7,40.3,11.3,1.8,32.7,48.0,Good,58.3,2015,12,Winter
2015-12-29,46.7,70.7,38.3,9.8,1.27,35.1,47.0,Good,56.0,2015,12,Winter
2015-12-30,41.5,68.3,37.9,7.4,1.57,31.5,44.0,Good,53.7,2015,12,Winter
2015-12-31,50.7,86.0,46.4,11.5,1.28,18.8,52.0,Moderate,53.0,2015,12,Winter
2016-01-01,51.2,90.9,43.4,11.1,1.7,31.7,54.0,Moderate,51.7,2016,1,Winter
2016-01-02,58.4,96.1,44.0,11.5,1.17,25.2,58.0,Moderate,52.4,2016,1,Winter
2016-01-03,56.4,112.4,43.1,10.3,1.24,32.9,61.0,Moderate,52.0,2016,1,Winter
2016-01-04,46.3,76.3,39.9,9.8,1.46,32.2,48.0,Good,52.0,2016,1,Winter
2016-01-05,52.0,89.4,44.9,10.7,1.29,29.1,54.0,Moderate,53.0,2016,1,Winter
2016-01-06,52.1,80.8,34.2,11.4,1.31,30.0,51.0,Moderate,54.0,2016,1,Winter
2016-01-07,42.3,68.9,46.3,12.5,1.46,21.6,45.0,Good,53.0,2016,1,Winter
2016-01-08,47.8,72.9,43.1,9.5,1.18,38.7,49.0,Good,52.3,2016,1,Winter
2016-01-09,49.3,87.7,42.0,12.7,1.52,32.3,52.0,Moderate,51.4,2016,1,Winter
2016-01-10,64.7,121.4,37.1,12.5,1.58,32.1,66.0,Moderate,52.1,2016,1,Winter
2016-01-11,56.0,89.5,43.8,12.2,1.1,32.4,56.0,Moderate,53.3,2016,1,Winter
2016-01-12,59.3,99.9,44.7,14.8,1.55,22.0,59.0,Moderate,54.0,2016,1,Winter
2016-01-13,44.2,66.7,37.3,7.6,1.54,36.0,45.0,Good,53.1,2016,1,Winter
2016-01-14,63.1,121.1,37.4,15.1,1.6,29.1,65.0,Moderate,56.0,2016,1,Winter
2016-01-15,63.8,120.6,36.0,9.8,1.52,31.8,65.0,Moderate,58.3,2016,1,Winter
2016-01-16,40.7,62.4,42.3,11.6,1.58,28.4,43.0,Good,57.0,2016,1,Winter
2016-01-17,49.8,83.7,39.7,11.2,1.58,25.4,51.0,Moderate,54.9,2016,1,Winter
2016-01-18,58.2,115.0,48.6,8.5,1.55,28.9,63.0,Moderate,55.9,2016,1,Winter
2016-01-19,59.2,100.4,34.0,12.2,1.58,30.7,58.0,Moderate,55.7,2016,1,Winter
2016-01-20,50.0,88.1,36.6,12.9,1.88,31.8,52.0,Moderate,56.7,2016,1,Winter
2016-01-21,52.6,88.2,40.1,12.0,1.82,29.4,53.0,Moderate,55.0,2016,1,Winter
2016-01-22,50.5,90.8,42.8,8.2,1.46,31.5,53.0,Moderate,53.3,2016,1,Winter
2016-01-23,55.5,110.3,42.6,8.7,1.33,30.7,60.0,Moderate,55.7,2016,1,Winter
2016-01-24,63.1,126.1,40.4,9.8,1.81,25.4,66.0,Moderate,57.9,2016,1,Winter
2016-01-25,49.3,93.1,41.5,13.7,2.06,32.3,53.0,Moderate,56.4,2016,1,Winter
2016-01-26,61.7,105.0,40.6,11.3,1.48,32.4,62.0,Moderate,57.0,2016,1,Winter
2016-01-27,49.2,86.0,44.3,7.1,1.61,29.2,52.0,Moderate,57.0,2016,1,Winter
2016-01-28,48.8,81.8,37.9,15.3,1.41,37.5,51.0,Moderate,56.7,2016,1,Winter
2016-01-29,60.4,120.4,38.3,14.2,1.62,32.9,64.0,Moderate,58.3,2016,1,Winter
2016-01-30,61.2,113.4,42.9,9.0,0.99,35.0,64.0,Moderate,58.9,2016,1,Winter
2016-01-31,60.7,104.6,46.4,10.3,1.36,28.9,62.0,Moderate,58.3,2016,1,Winter
2016-02-01,45.5,68.5,37.6,10.6,1.67,30.0,46.0,Good,57.3,2016,2,Winter
2016-02-02,51.4,90.5,41.1,12.2,1.27,32.1,54.0,Moderate,56.1,2016,2,Winter
2016-02-03,60.5,120.4,38.6,11.5,1.63,27.6,63.0,Moderate,57.7,2016,2,Winter
2016-02-04,55.0,96.9,42.3,9.8,1.62,24.6,56.0,Moderate,58.4,2016,2,Winter
2016-02-05,47.2,75.1,33.5,13.8,1.63,40.8,48.0,Good,56.1,2016,2,Winter
2016-02-06,57.9,87.5,38.7,14.6,1.36,31.3,56.0,Moderate,55.0,2016,2,Winter
2016-02-07,49.7,83.4,37.8,11.1,1.68,33.6,51.0,Moderate,53.4,2016,2,Winter
2016-02-08,67.3,131.8,38.7,10.0,1.95,35.9,70.0,Moderate,56.9,2016,2,Winter
2016-02-09,65.5,130.9,29.9,14.3,1.37,33.5,68.0,Moderate,58.9,2016,2,Winter
2016-02-10,58.9,116.2,48.2,6.8,1.32,29.1,63.0,Moderate,58.9,2016,2,Winter
2016-02-11,64.2,119.8,30.1,9.4,1.45,40.1,65.0,Moderate,60.1,2016,2,Winter
2016-02-12,55.2,98.1,42.0,13.1,1.56,32.7,57.0,Moderate,61.4,2016,2,Winter
2016-02-13,60.1,107.8,34.9,13.9,1.23,38.4,61.0,Moderate,62.1,2016,2,Winter
2016-02-14,65.0,115.1,35.1,10.5,1.38,42.7,66.0,Moderate,64.3,2016,2,Winter
2016-02-15,56.4,104.6,40.7,15.7,1.85,29.3,59.0,Moderate,62.7,2016,2,Winter
2016-02-16,52.9,90.5,42.9,6.3,1.77,40.0,55.0,Moderate,60.9,2016,2,Winter
2016-02-17,42.8,78.5,35.8,13.3,1.24,36.6,47.0,Good,58.6,2016,2,Winter
2016-02-18,54.1,84.5,35.7,11.3,1.96,31.7,53.0,Moderate,56.9,2016,2,Winter
2016-02-19,60.5,98.7,34.9,10.2,1.38,38.6,60.0,Moderate,57.3,2016,2,Winter
2016-02-20,61.3,117.6,41.0,12.9,1.57,37.1,65.0,Moderate,57.9,2016,2,Winter
2016-02-21,58.2,113.7,35.9,10.4,1.5,33.7,61.0,Moderate,57.1,2016,2,Winter
2016-02-22,50.9,90.1,45.3,9.0,1.72,46.4,55.0,Moderate,56.6,2016,2,Winter
2016-02-23,40.9,61.9,35.5,11.4,1.2,39.0,43.0,Good,54.9,2016,2,Winter
2016-02-24,51.2,100.6,42.3,11.0,1.36,31.8,56.0,Moderate,56.1,2016,2,Winter
2016-02-25,52.6,97.3,46.3,9.6,1.26,39.0,57.0,Moderate,56.7,2016,2,Winter
2016-02-26,52.5,89.6,40.4,10.0,1.23,36.6,54.0,Moderate,55.9,2016,2,Winter
2016-02-27,59.0,106.2,32.9,10.3,1.3,32.0,59.0,Moderate,55.0,2016,2,Winter
2016-02-28,68.6,117.6,41.7,7.9,1.28,36.7,68.0,Moderate,56.0,2016,2,Winter
2016-02-29,55.6,96.3,39.1,7.8,1.65,39.9,57.0,Moderate,56.3,2016,2,Winter
2016-03-01,48.4,94.0,36.3,12.0,1.25,33.5,52.0,Moderate,57.6,2016,3,Summer
2016-03-02,48.1,76.0,42.8,7.3,1.29,31.3,49.0,Good,56.6,2016,3,Summer
2016-03-03,50.8,78.8,36.7,10.1,0.89,31.6,50.0,Good,55.6,2016,3,Summer
2016-03-04,44.1,66.2,38.6,6.4,1.6,32.0,45.0,Good,54.3,2016,3,Summer
2016-03-05,50.7,84.1,33.9,13.2,0.92,41.4,52.0,Moderate,53.3,2016,3,Summer
2016-03-06,53.1,83.5,35.4,9.6,1.37,41.0,53.0,Moderate,51.1,2016,3,Summer
2016-03-07,51.4,82.7,41.0,12.4,1.68,34.5,52.0,Moderate,50.4,2016,3,Summer
2016-03-08,53.1,80.0,37.0,14.4,1.73,38.2,53.0,Moderate,50.6,2016,3,Summer
2016-03-09,52.9,85.4,37.6,7.6,1.0,32.8,53.0,Moderate,51.1,2016,3,Summer
2016-03-10,37.5,62.5,40.5,8.8,1.31,36.3,41.0,Good,49.9,2016,3,Summer
2016-03-11,54.4,82.4,43.0,11.9,1.54,36.4,54.0,Moderate,51.1,2016,3,Summer
2016-03-12,45.2,81.5,31.9,8.9,1.25,41.3,48.0,Good,50.6,2016,3,Summer
2016-03-13,42.2,75.4,34.5,10.7,1.62,45.9,46.0,Good,49.6,2016,3,Summer
2016-03-14,42.2,65.3,42.3,10.4,0.84,34.7,44.0,Good,48.4,2016,3,Summer
2016-03-15,52.9,95.2,44.5,5.5,1.39,36.2,56.0,Moderate,48.9,2016,3,Summer
2016-03-16,48.3,96.7,35.5,12.0,1.46,41.8,54.0,Moderate,49.0,2016,3,Summer
2016-03-17,38.1,75.2,37.6,9.9,1.06,33.4,44.0,Good,49.4,2016,3,Summer
2016-03-18,53.2,79.9,37.9,7.8,1.55,36.2,52.0,Moderate,49.1,2016,3,Summer
2016-03-19,39.8,75.6,37.4,13.2,1.09,45.2,46.0,Good,48.9,2016,3,Summer
2016-03-20,50.9,85.3,37.5,8.7,1.76,47.2,53.0,Moderate,49.9,2016,3,Summer
2016-03-21,51.6,79.0,42.0,8.6,1.27,36.5,52.0,Moderate,51.0,2016,3,Summer
2016-03-22,56.1,92.5,29.3,6.5,1.31,37.2,55.0,Moderate,50.9,2016,3,Summer
2016-03-23,62.4,103.6,33.9,11.3,1.09,44.8,62.0,Moderate,52.0,2016,3,Summer
2016-03-24,40.3,71.1,39.1,10.2,1.26,46.4,45.0,Good,52.1,2016,3,Summer
2016-03-25,49.5,90.7,34.5,6.7,1.17,40.2,52.0,Moderate,52.1,2016,3,Summer
2016-03-26,48.0,89.9,37.6,10.6,1.43,38.4,52.0,Moderate,53.0,2016,3,Summer
2016-03-27,52.9,85.9,40.8,11.8,1.41,44.5,55.0,Moderate,53.3,2016,3,Summer
2016-03-28,51.4,85.4,42.9,11.1,1.33,43.8,54.0,Moderate,53.6,2016,3,Summer
2016-03-29,47.4,78.5,37.6,12.8,1.39,41.9,50.0,Good,52.9,2016,3,Summer
2016-03-30,46.8,78.7,42.5,8.9,1.08,51.4,51.0,Moderate,51.3,2016,3,Summer
2016-03-31,42.1,84.2,37.1,13.7,1.09,43.6,48.0,Good,51.7,2016,3,Summer
2016-04-01,56.8,107.3,35.3,10.2,1.65,36.8,59.0,Moderate,52.7,2016,4,Summer
2016-04-02,53.1,105.6,30.3,11.8,1.16,44.7,57.0,Moderate,53.4,2016,4,Summer
2016-04-03,56.3,104.0,32.5,12.7,1.42,39.4,58.0,Moderate,53.9,2016,4,Summer
2016-04-04,47.7,81.3,36.5,15.4,0.77,42.1,51.0,Moderate,53.4,2016,4,Summer
2016-04-05,45.3,76.8,36.6,8.0,1.46,46.9,49.0,Good,53.3,2016,4,Summer
2016-04-06,42.4,73.9,37.4,8.7,1.64,47.5,47.0,Good,52.7,2016,4,Summer
2016-04-07,52.4,89.5,43.8,10.5,1.38,28.5,54.0,Moderate,53.6,2016,4,Summer
2016-04-08,42.6,81.6,39.5,9.4,1.39,40.6,48.0,Good,52.0,2016,4,Summer
2016-04-09,62.8,108.9,39.7,8.5,1.74,41.0,64.0,Moderate,53.0,2016,4,Summer
2016-04-10,40.7,67.1,43.8,7.1,1.42,43.6,45.0,Good,51.1,2016,4,Summer
2016-04-11,51.8,97.8,35.1,10.4,1.18,39.4,55.0,Moderate,51.7,2016,4,Summer
2016-04-12,60.9,117.3,34.5,11.7,1.24,42.4,64.0,Moderate,53.9,2016,4,Summer
2016-04-13,54.1,92.5,41.4,10.9,1.2,43.6,57.0,Moderate,55.3,2016,4,Summer
2016-04-14,51.1,93.8,38.4,6.9,1.59,35.7,54.0,Moderate,55.3,2016,4,Summer
2016-04-15,43.1,65.9,36.3,6.9,1.67,43.4,45.0,Good,54.9,2016,4,Summer
2016-04-16,40.2,71.0,36.3,10.3,1.62,49.2,45.0,Good,52.1,2016,4,Summer
2016-04-17,55.3,84.2,35.8,9.7,1.17,38.3,54.0,Moderate,53.4,2016,4,Summer
2016-04-18,60.4,91.5,36.1,9.5,1.37,45.3,59.0,Moderate,54.0,2016,4,Summer
2016-04-19,46.8,84.6,36.5,9.6,1.53,45.1,51.0,Moderate,52.1,2016,4,Summer
2016-04-20,41.9,69.2,35.3,9.2,1.06,35.7,44.0,Good,50.3,2016,4,Summer
2016-04-21,32.7,61.2,38.7,10.4,1.58,43.1,39.0,Good,48.1,2016,4,Summer
2016-04-22,43.0,83.8,39.5,12.4,1.56,44.6,49.0,Good,48.7,2016,4,Summer
2016-04-23,49.1,77.1,34.2,8.3,1.5,51.4,51.0,Moderate,49.6,2016,4,Summer
2016-04-24,61.1,113.8,40.1,11.1,1.56,43.4,64.0,Moderate,51.0,2016,4,Summer
2016-04-25,54.6,96.0,31.4,10.3,1.33,47.2,56.0,Moderate,50.6,2016,4,Summer
2016-04-26,52.0,81.0,38.5,6.6,1.14,41.9,53.0,Moderate,50.9,2016,4,Summer
2016-04-27,47.1,86.0,38.7,8.8,1.64,47.0,52.0,Moderate,52.0,2016,4,Summer
2016-04-28,45.8,82.7,36.2,10.2,1.36,49.9,50.0,Good,53.6,2016,4,Summer
2016-04-29,59.7,105.0,36.7,14.5,1.22,37.4,61.0,Moderate,55.3,2016,4,Summer
2016-04-30,51.3,100.7,35.6,8.7,1.38,46.4,56.0,Moderate,56.0,2016,4,Summer
2016-05-01,35.2,61.9,34.5,8.9,1.38,48.5,40.0,Good,52.6,2016,5,Summer
2016-05-02,45.2,90.2,36.5,11.0,1.23,45.2,51.0,Moderate,51.9,2016,5,Summer
2016-05-03,43.9,77.0,34.3,9.9,1.49,47.2,48.0,Good,51.1,2016,5,Summer
2016-05-04,46.1,71.8,41.1,7.6,1.83,49.8,49.0,Good,50.7,2016,5,Summer
2016-05-05,53.8,93.4,28.1,6.7,1.04,39.3,54.0,Moderate,51.3,2016,5,Summer
2016-05-06,49.1,78.2,36.0,6.4,1.05,48.1,51.0,Moderate,49.9,2016,5,Summer
2016-05-07,49.4,88.8,28.9,11.9,1.66,52.2,53.0,Moderate,49.4,2016,5,Summer
2016-05-08,59.1,109.1,32.2,8.1,1.55,44.2,61.0,Moderate,52.4,2016,5,Summer
2016-05-09,45.0,78.1,34.2,14.9,1.77,43.2,48.0,Good,52.0,2016,5,Summer
2016-05-10,62.9,97.5,41.9,9.1,1.82,43.2,62.0,Moderate,54.0,2016,5,Summer
2016-05-11,45.2,78.4,41.1,11.7,1.54,48.0,50.0,Good,54.1,2016,5,Summer
2016-05-12,50.5,77.8,36.8,7.8,1.06,53.6,52.0,Moderate,53.9,2016,5,Summer
2016-05-13,47.9,88.2,36.8,10.5,1.44,57.0,53.0,Moderate,54.1,2016,5,Summer
2016-05-14,50.8,96.2,40.6,13.0,1.26,54.5,57.0,Moderate,54.7,2016,5,Summer
2016-05-15,53.0,105.0,41.0,9.5,1.48,45.0,59.0,Moderate,54.4,2016,5,Summer
2016-05-16,52.9,83.3,34.2,8.0,1.17,42.4,53.0,Moderate,55.1,2016,5,Summer
2016-05-17,44.6,78.8,39.2,9.4,1.49,39.1,48.0,Good,53.1,2016,5,Summer
2016-05-18,42.0,75.0,32.7,9.7,1.53,49.0,46.0,Good,52.6,2016,5,Summer
2016-05-19,67.4,132.2,34.9,8.2,1.42,61.5,72.0,Moderate,55.4,2016,5,Summer
2016-05-20,46.5,84.4,38.9,13.5,1.46,47.9,51.0,Moderate,55.1,2016,5,Summer
2016-05-21,54.8,86.2,33.9,10.2,1.54,48.6,55.0,Moderate,54.9,2016,5,Summer
2016-05-22,38.6,66.4,35.1,12.7,1.17,46.7,43.0,Good,52.6,2016,5,Summer
2016-05-23,47.9,87.6,29.9,12.3,1.43,49.7,52.0,Moderate,52.4,2016,5,Summer
2016-05-24,49.0,90.7,38.3,13.6,1.33,43.8,53.0,Moderate,53.1,2016,5,Summer
2016-05-25,53.2,102.8,33.0,7.6,1.63,48.6,57.0,Moderate,54.7,2016,5,Summer
2016-05-26,30.8,49.0,33.2,11.4,1.55,45.5,35.0,Good,49.4,2016,5,Summer
2016-05-27,51.1,100.9,41.9,9.1,1.21,49.4,57.0,Moderate,50.3,2016,5,Summer
2016-05-28,41.9,64.0,33.8,9.9,1.53,46.9,44.0,Good,48.7,2016,5,Summer
2016-05-29,52.2,103.9,39.5,8.0,1.7,49.6,58.0,Moderate,50.9,2016,5,Summer
2016-05-30,42.6,82.3,40.9,14.8,1.46,42.4,49.0,Good,50.4,2016,5,Summer
2016-05-31,43.9,80.4,40.2,8.7,1.27,52.4,50.0,Good,50.0,2016,5,Summer
2016-06-01,44.4,82.9,32.8,10.7,0.98,51.9,49.0,Good,48.9,2016,6,Southwest Monsoon
2016-06-02,38.9,59.8,32.1,6.8,0.75,45.5,41.0,Good,49.7,2016,6,Southwest Monsoon
2016-06-03,43.0,65.3,30.1,8.9,1.52,44.2,44.0,Good,47.9,2016,6,Southwest Monsoon
2016-06-04,37.9,58.9,26.8,11.5,0.91,40.7,39.0,Good,47.1,2016,6,Southwest Monsoon
2016-06-05,33.5,51.7,36.9,10.1,0.99,41.1,37.0,Good,44.1,2016,6,Southwest Monsoon
2016-06-06,53.4,94.8,36.5,7.5,1.27,45.0,56.0,Moderate,45.1,2016,6,Southwest Monsoon
2016-06-07,37.2,59.9,35.7,8.0,1.32,47.7,41.0,Good,43.9,2016,6,Southwest Monsoon
2016-06-08,45.0,86.9,22.4,9.7,1.61,47.9,49.0,Good,43.9,2016,6,Southwest Monsoon
2016-06-09,51.6,88.8,33.1,9.4,1.34,55.6,55.0,Moderate,45.9,2016,6,Southwest Monsoon
2016-06-10,42.0,77.6,36.3,6.8,1.18,44.3,47.0,Good,46.3,2016,6,Southwest Monsoon
2016-06-11,40.5,74.0,38.9,8.6,1.18,43.8,46.0,Good,47.3,2016,6,Southwest Monsoon
2016-06-12,47.9,79.5,35.0,9.1,0.87,46.3,50.0,Good,49.1,2016,6,Southwest Monsoon
2016-06-13,54.1,87.8,34.6,10.5,1.61,42.2,55.0,Moderate,49.0,2016,6,Southwest Monsoon
2016-06-14,38.1,63.7,31.1,11.4,1.47,54.4,42.0,Good,49.1,2016,6,Southwest Monsoon
2016-06-15,45.2,85.9,35.3,10.7,1.31,55.6,51.0,Moderate,49.4,2016,6,Southwest Monsoon
2016-06-16,34.2,61.3,32.9,10.1,1.6,50.6,40.0,Good,47.3,2016,6,Southwest Monsoon
2016-06-17,43.5,70.8,30.9,10.1,1.51,51.2,46.0,Good,47.1,2016,6,Southwest Monsoon
2016-06-18,46.5,88.8,29.2,10.4,1.38,45.7,51.0,Moderate,47.9,2016,6,Southwest Monsoon
2016-06-19,40.3,61.6,30.0,11.3,1.24,49.8,43.0,Good,46.9,2016,6,Southwest Monsoon
2016-06-20,43.1,79.7,35.1,12.8,1.25,52.7,49.0,Good,46.0,2016,6,Southwest Monsoon
2016-06-21,36.4,62.7,28.2,7.5,0.88,44.8,40.0,Good,45.7,2016,6,Southwest Monsoon
2016-06-22,46.8,87.4,32.6,8.5,1.51,53.5,52.0,Moderate,45.9,2016,6,Southwest Monsoon
2016-06-23,53.7,105.4,39.0,11.4,1.2,46.1,59.0,Moderate,48.6,2016,6,Southwest Monsoon
2016-06-24,38.6,72.4,28.1,7.4,1.51,45.7,43.0,Good,48.1,2016,6,Southwest Monsoon
2016-06-25,41.9,72.2,35.6,6.8,1.43,41.7,45.0,Good,47.3,2016,6,Southwest Monsoon
2016-06-26,49.8,78.5,36.0,8.1,1.27,47.2,51.0,Moderate,48.4,2016,6,Southwest Monsoon
2016-06-27,54.8,104.3,32.6,9.5,1.46,51.6,59.0,Moderate,49.9,2016,6,Southwest Monsoon
2016-06-28,35.8,62.0,36.3,8.4,1.05,34.6,40.0,Good,49.9,2016,6,Southwest Monsoon
2016-06-29,45.1,69.4,33.0,10.1,0.88,47.6,47.0,Good,49.1,2016,6,Southwest Monsoon
2016-06-30,48.3,89.8,37.0,8.8,1.21,49.4,53.0,Moderate,48.3,2016,6,Southwest Monsoon
2016-07-01,45.6,75.0,29.5,8.7,1.35,46.3,47.0,Good,48.9,2016,7,Southwest Monsoon
2016-07-02,29.0,44.2,41.4,6.1,1.46,35.8,33.0,Good,47.1,2016,7,Southwest Monsoon
2016-07-03,49.8,97.2,39.5,10.6,1.27,38.7,55.0,Moderate,47.7,2016,7,Southwest Monsoon
2016-07-04,56.9,99.2,24.9,10.6,1.02,45.0,57.0,Moderate,47.4,2016,7,Southwest Monsoon
2016-07-05,47.1,77.3,38.5,9.0,1.57,37.0,49.0,Good,48.7,2016,7,Southwest Monsoon
2016-07-06,39.1,72.6,31.5,9.7,1.16,58.7,45.0,Good,48.4,2016,7,Southwest Monsoon
2016-07-07,42.7,83.0,39.5,9.7,1.34,51.7,50.0,Good,48.0,2016,7,Southwest Monsoon
2016-07-08,58.7,88.0,37.8,11.5,1.37,39.9,57.0,Moderate,49.4,2016,7,Southwest Monsoon
2016-07-09,52.7,97.1,29.5,9.8,1.26,49.3,56.0,Moderate,52.7,2016,7,Southwest Monsoon
2016-07-10,50.8,95.6,36.1,6.7,0.76,48.2,55.0,Moderate,52.7,2016,7,Southwest Monsoon
2016-07-11,48.8,78.3,31.0,13.2,1.08,43.0,50.0,Good,51.7,2016,7,Southwest Monsoon
2016-07-12,41.7,72.7,36.0,12.0,1.36,49.6,46.0,Good,51.3,2016,7,Southwest Monsoon
2016-07-13,44.9,69.3,34.0,9.5,1.64,34.1,45.0,Good,51.3,2016,7,Southwest Monsoon
2016-07-14,45.8,85.7,30.9,9.7,1.41,42.7,49.0,Good,51.1,2016,7,Southwest Monsoon
2016-07-15,50.1,96.5,28.5,10.0,1.37,41.7,53.0,Moderate,50.6,2016,7,Southwest Monsoon
2016-07-16,56.9,88.4,34.7,7.9,0.75,53.2,57.0,Moderate,50.7,2016,7,Southwest Monsoon
2016-07-17,54.1,103.3,35.7,11.6,1.51,39.3,58.0,Moderate,51.1,2016,7,Southwest Monsoon
2016-07-18,36.4,68.6,33.2,11.4,1.48,47.4,42.0,Good,50.0,2016,7,Southwest Monsoon
2016-07-19,47.9,80.1,30.7,9.2,1.39,40.5,49.0,Good,50.4,2016,7,Southwest Monsoon
2016-07-20,51.5,94.9,31.9,10.7,1.31,49.1,55.0,Moderate,51.9,2016,7,Southwest Monsoon
2016-07-21,50.6,75.9,29.4,11.5,1.37,41.5,50.0,Good,52.0,2016,7,Southwest Monsoon
2016-07-22,41.9,82.4,36.7,9.9,1.55,37.5,47.0,Good,51.1,2016,7,Southwest Monsoon
2016-07-23,66.7,118.4,25.2,7.3,1.23,43.3,65.0,Moderate,52.3,2016,7,Southwest Monsoon
2016-07-24,37.4,67.6,37.6,10.8,1.34,47.5,43.0,Good,50.1,2016,7,Southwest Monsoon
2016-07-25,38.7,70.9,33.5,9.5,1.17,45.8,44.0,Good,50.4,2016,7,Southwest Monsoon
2016-07-26,47.9,85.4,35.9,7.2,1.25,35.6,50.0,Good,50.6,2016,7,Southwest Monsoon
2016-07-27,61.1,117.9,36.3,11.5,1.27,34.9,64.0,Moderate,51.9,2016,7,Southwest Monsoon
2016-07-28,40.4,73.0,34.3,9.9,1.4,39.6,44.0,Good,51.0,2016,7,Southwest Monsoon
2016-07-29,44.4,86.8,32.2,8.9,1.12,37.7,49.0,Good,51.3,2016,7,Southwest Monsoon
2016-07-30,53.8,96.4,38.2,13.5,1.22,38.0,56.0,Moderate,50.0,2016,7,Southwest Monsoon
2016-07-31,46.2,73.2,26.9,8.3,1.33,40.1,46.0,Good,50.4,2016,7,Southwest Monsoon
2016-08-01,44.0,86.0,39.0,7.5,1.21,45.2,50.0,Good,51.3,2016,8,Southwest Monsoon
2016-08-02,50.3,92.5,29.3,9.7,1.28,40.7,53.0,Moderate,51.7,2016,8,Southwest Monsoon
2016-08-03,48.2,89.2,32.5,9.1,0.95,36.0,51.0,Moderate,49.9,2016,8,Southwest Monsoon
2016-08-04,53.5,106.6,39.5,8.3,1.38,37.2,58.0,Moderate,51.9,2016,8,Southwest Monsoon
2016-08-05,55.3,85.1,42.7,12.2,1.09,43.9,56.0,Moderate,52.9,2016,8,Southwest Monsoon
2016-08-06,48.4,83.1,34.5,7.2,0.9,41.0,50.0,Good,52.0,2016,8,Southwest Monsoon
2016-08-07,48.3,78.3,28.4,10.0,1.32,37.8,48.0,Good,52.3,2016,8,Southwest Monsoon
2016-08-08,47.8,86.8,37.2,9.6,1.33,44.4,52.0,Moderate,52.6,2016,8,Southwest Monsoon
2016-08-09,49.7,94.6,33.6,9.4,1.35,45.1,54.0,Moderate,52.7,2016,8,Southwest Monsoon
2016-08-10,46.7,92.6,29.6,11.7,1.36,44.8,51.0,Moderate,52.7,2016,8,Southwest Monsoon
2016-08-11,46.3,80.0,34.7,13.5,1.35,40.3,49.0,Good,51.4,2016,8,Southwest Monsoon
2016-08-12,54.7,103.5,28.6,9.4,1.61,36.2,56.0,Moderate,51.4,2016,8,Southwest Monsoon
2016-08-13,56.9,111.5,34.6,11.2,1.45,39.4,60.0,Moderate,52.9,2016,8,Southwest Monsoon
2016-08-14,35.7,65.8,30.1,9.5,1.48,36.8,40.0,Good,51.7,2016,8,Southwest Monsoon
2016-08-15,46.4,75.2,25.9,9.6,1.39,27.1,45.0,Good,50.7,2016,8,Southwest Monsoon
2016-08-16,41.5,74.8,27.2,10.3,1.46,38.9,44.0,Good,49.3,2016,8,Southwest Monsoon
2016-08-17,44.1,87.6,31.4,9.7,1.14,29.2,48.0,Good,48.9,2016,8,Southwest Monsoon
2016-08-18,49.1,97.9,35.8,7.6,1.41,36.1,54.0,Moderate,49.6,2016,8,Southwest Monsoon
2016-08-19,51.0,92.9,38.8,12.1,1.54,36.7,54.0,Moderate,49.3,2016,8,Southwest Monsoon
2016-08-20,45.5,88.5,39.5,10.3,1.19,47.2,52.0,Moderate,48.1,2016,8,Southwest Monsoon
2016-08-21,32.9,52.7,27.8,9.3,1.59,33.4,35.0,Good,47.4,2016,8,Southwest Monsoon
2016-08-22,39.5,64.2,32.9,8.1,1.16,40.3,42.0,Good,47.0,2016,8,Southwest Monsoon
2016-08-23,52.6,103.9,31.4,10.0,1.36,37.4,56.0,Moderate,48.7,2016,8,Southwest Monsoon
2016-08-24,27.1,42.5,33.4,8.9,0.99,41.2,32.0,Good,46.4,2016,8,Southwest Monsoon
2016-08-25,54.6,87.1,39.4,9.8,1.45,35.4,55.0,Moderate,46.6,2016,8,Southwest Monsoon
2016-08-26,49.9,85.4,34.4,9.0,1.55,30.6,51.0,Moderate,46.1,2016,8,Southwest Monsoon
2016-08-27,55.5,99.6,37.3,7.7,1.24,38.9,58.0,Moderate,47.0,2016,8,Southwest Monsoon
2016-08-28,44.9,80.9,42.6,12.6,0.91,38.3,49.0,Good,49.0,2016,8,Southwest Monsoon
2016-08-29,31.9,52.5,27.5,7.5,1.25,39.0,35.0,Good,48.0,2016,8,Southwest Monsoon
2016-08-30,49.3,96.7,31.9,7.8,1.02,36.4,53.0,Moderate,47.6,2016,8,Southwest Monsoon
2016-08-31,55.2,108.1,36.1,10.8,1.27,36.0,59.0,Moderate,51.4,2016,8,Southwest Monsoon
2016-09-01,52.8,89.5,34.9,10.0,1.45,41.6,54.0,Moderate,51.3,2016,9,Southwest Monsoon
2016-09-02,41.7,71.5,38.0,10.7,1.36,41.0,45.0,Good,50.4,2016,9,Southwest Monsoon
2016-09-03,46.9,86.8,32.3,10.4,0.86,33.3,50.0,Good,49.3,2016,9,Southwest Monsoon
2016-09-04,42.6,78.0,34.6,7.9,1.16,36.4,46.0,Good,48.9,2016,9,Southwest Monsoon
2016-09-05,40.6,68.6,30.8,10.7,1.3,31.0,42.0,Good,49.9,2016,9,Southwest Monsoon
2016-09-06,53.0,90.5,38.1,8.1,1.59,39.7,55.0,Moderate,50.1,2016,9,Southwest Monsoon
2016-09-07,37.9,63.5,34.0,11.5,1.21,39.0,41.0,Good,47.6,2016,9,Southwest Monsoon
2016-09-08,40.0,64.8,39.4,7.4,1.37,43.6,44.0,Good,46.1,2016,9,Southwest Monsoon
2016-09-09,38.6,66.7,39.4,7.8,1.29,40.1,43.0,Good,45.9,2016,9,Southwest Monsoon
2016-09-10,35.9,66.1,28.7,7.9,1.1,37.1,40.0,Good,44.4,2016,9,Southwest Monsoon
2016-09-11,47.3,88.5,40.1,10.0,1.13,49.0,53.0,Moderate,45.4,2016,9,Southwest Monsoon
2016-09-12,54.4,102.8,37.5,9.3,1.2,37.7,58.0,Moderate,47.7,2016,9,Southwest Monsoon
2016-09-13,45.0,75.9,33.2,9.6,1.56,38.6,47.0,Good,46.6,2016,9,Southwest Monsoon
2016-09-14,35.8,67.3,37.2,9.2,1.05,26.6,40.0,Good,46.4,2016,9,Southwest Monsoon
2016-09-15,52.2,78.4,31.8,9.3,1.2,39.5,51.0,Moderate,47.4,2016,9,Southwest Monsoon
2016-09-16,58.1,101.0,39.2,8.4,1.1,47.4,60.0,Moderate,49.9,2016,9,Southwest Monsoon
2016-09-17,41.8,79.2,34.2,6.4,1.57,36.6,46.0,Good,50.7,2016,9,Southwest Monsoon
2016-09-18,43.0,78.0,37.4,6.6,1.34,39.0,47.0,Good,49.9,2016,9,Southwest Monsoon
2016-09-19,49.9,86.7,31.3,7.8,1.59,40.4,51.0,Moderate,48.9,2016,9,Southwest Monsoon
2016-09-20,57.7,105.1,34.9,8.8,0.58,43.8,60.0,Moderate,50.7,2016,9,Southwest Monsoon
2016-09-21,42.7,83.3,37.3,12.3,1.48,37.6,48.0,Good,51.9,2016,9,Southwest Monsoon
2016-09-22,37.0,65.9,35.0,7.4,1.02,26.5,40.0,Good,50.3,2016,9,Southwest Monsoon
2016-09-23,50.7,96.4,36.0,7.2,1.1,35.5,54.0,Moderate,49.4,2016,9,Southwest Monsoon
2016-09-24,51.9,103.3,30.8,5.8,1.2,38.1,55.0,Moderate,50.7,2016,9,Southwest Monsoon
2016-09-25,46.3,85.9,35.0,10.4,1.24,37.5,50.0,Good,51.1,2016,9,Southwest Monsoon
2016-09-26,42.4,75.7,30.8,9.0,1.24,33.1,45.0,Good,50.3,2016,9,Southwest Monsoon
2016-09-27,53.3,80.9,33.7,6.8,1.07,31.9,51.0,Moderate,49.0,2016,9,Southwest Monsoon
2016-09-28,50.0,84.4,31.8,9.3,1.22,31.8,50.0,Good,49.3,2016,9,Southwest Monsoon
2016-09-29,40.9,73.0,33.0,8.2,1.22,32.7,44.0,Good,49.9,2016,9,Southwest Monsoon
2016-09-30,46.6,88.6,26.8,12.0,0.83,34.0,49.0,Good,49.1,2016,9,Southwest Monsoon
2016-10-01,40.4,69.5,36.6,8.8,1.44,35.9,44.0,Good,47.6,2016,10,Post-Monsoon
2016-10-02,54.7,108.3,36.1,13.5,1.35,35.0,59.0,Moderate,48.9,2016,10,Post-Monsoon
2016-10-03,48.1,78.6,30.4,10.5,1.4,30.8,48.0,Good,49.3,2016,10,Post-Monsoon
2016-10-04,46.9,87.7,37.9,9.4,1.23,26.9,50.0,Good,49.1,2016,10,Post-Monsoon
2016-10-05,49.7,84.9,39.8,9.6,1.36,34.6,52.0,Moderate,49.4,2016,10,Post-Monsoon
2016-10-06,50.2,87.5,37.8,10.7,0.81,31.1,52.0,Moderate,50.6,2016,10,Post-Monsoon
2016-10-07,56.2,106.8,39.6,9.6,1.22,40.5,60.0,Moderate,52.1,2016,10,Post-Monsoon
2016-10-08,54.0,89.1,34.4,8.3,1.24,36.9,54.0,Moderate,53.6,2016,10,Post-Monsoon
2016-10-09,48.8,75.6,35.6,11.4,1.34,33.9,49.0,Good,52.1,2016,10,Post-Monsoon
2016-10-10,55.2,97.2,36.8,12.1,1.34,28.3,56.0,Moderate,53.3,2016,10,Post-Monsoon
2016-10-11,52.7,93.0,37.1,12.2,1.59,25.2,54.0,Moderate,53.9,2016,10,Post-Monsoon
2016-10-12,46.9,89.1,27.1,9.8,1.07,31.9,49.0,Good,53.4,2016,10,Post-Monsoon
2016-10-13,49.0,97.3,32.8,12.3,1.53,32.5,53.0,Moderate,53.6,2016,10,Post-Monsoon
2016-10-14,48.9,74.6,40.5,10.8,1.85,23.0,48.0,Good,51.9,2016,10,Post-Monsoon
2016-10-15,53.4,96.0,33.4,9.6,1.23,33.9,55.0,Moderate,52.0,2016,10,Post-Monsoon
2016-10-16,47.3,87.1,35.5,9.0,1.53,31.7,50.0,Good,52.1,2016,10,Post-Monsoon
2016-10-17,47.2,94.0,36.3,12.0,1.71,18.0,50.0,Good,51.3,2016,10,Post-Monsoon
2016-10-18,63.7,125.5,31.1,6.8,1.7,26.9,65.0,Moderate,52.9,2016,10,Post-Monsoon
2016-10-19,56.5,104.8,42.8,12.9,1.28,27.2,59.0,Moderate,54.3,2016,10,Post-Monsoon
2016-10-20,44.6,78.5,36.4,10.4,1.62,24.9,46.0,Good,53.3,2016,10,Post-Monsoon
2016-10-21,53.9,85.2,33.1,9.0,1.56,32.9,53.0,Moderate,54.0,2016,10,Post-Monsoon
2016-10-22,50.7,85.8,39.1,8.7,1.65,39.8,53.0,Moderate,53.7,2016,10,Post-Monsoon
2016-10-23,52.6,94.4,35.3,9.3,1.52,33.1,54.0,Moderate,54.3,2016,10,Post-Monsoon
2016-10-24,50.9,94.7,36.7,11.6,1.64,33.8,54.0,Moderate,54.9,2016,10,Post-Monsoon
2016-10-25,58.2,105.8,42.1,10.8,1.29,26.7,60.0,Moderate,54.1,2016,10,Post-Monsoon
2016-10-26,52.3,97.2,34.3,9.2,1.24,33.0,55.0,Moderate,53.6,2016,10,Post-Monsoon
2016-10-27,49.5,84.8,41.1,9.1,0.8,29.5,51.0,Moderate,54.3,2016,10,Post-Monsoon
2016-10-28,57.2,106.6,35.1,10.8,1.24,30.3,59.0,Moderate,55.1,2016,10,Post-Monsoon
2016-10-29,51.5,81.0,36.8,15.6,1.27,27.2,51.0,Moderate,54.9,2016,10,Post-Monsoon
2016-10-30,50.8,80.3,37.7,15.6,0.9,22.3,50.0,Good,54.3,2016,10,Post-Monsoon
2016-10-31,52.1,82.4,35.1,12.3,1.36,34.7,52.0,Moderate,54.0,2016,10,Post-Monsoon
2016-11-01,49.2,95.8,32.4,8.6,1.62,30.8,52.0,Moderate,52.9,2016,11,Post-Monsoon
2016-11-02,50.0,76.8,38.3,11.7,1.12,28.8,50.0,Good,52.1,2016,11,Post-Monsoon
2016-11-03,45.8,87.0,41.0,8.7,1.82,39.0,51.0,Moderate,52.1,2016,11,Post-Monsoon
2016-11-04,44.6,72.2,39.0,9.7,1.44,24.8,46.0,Good,50.3,2016,11,Post-Monsoon
2016-11-05,42.9,74.4,38.9,12.9,1.56,32.9,46.0,Good,49.6,2016,11,Post-Monsoon
2016-11-06,40.2,78.6,34.7,9.7,1.34,39.9,45.0,Good,48.9,2016,11,Post-Monsoon
2016-11-07,43.7,78.4,39.3,9.6,1.13,31.7,47.0,Good,48.1,2016,11,Post-Monsoon
2016-11-08,48.7,78.1,37.9,9.1,1.49,23.8,48.0,Good,47.6,2016,11,Post-Monsoon
2016-11-09,50.6,83.1,40.0,8.5,1.54,34.4,52.0,Moderate,47.9,2016,11,Post-Monsoon
2016-11-10,48.0,94.1,36.9,9.6,1.31,26.7,52.0,Moderate,48.0,2016,11,Post-Monsoon
2016-11-11,33.4,57.3,38.9,11.6,1.41,26.3,37.0,Good,46.7,2016,11,Post-Monsoon
2016-11-12,60.9,109.3,34.6,11.5,1.35,24.9,61.0,Moderate,48.9,2016,11,Post-Monsoon
2016-11-13,57.5,99.5,39.3,10.7,1.19,37.5,59.0,Moderate,50.9,2016,11,Post-Monsoon
2016-11-14,53.0,89.6,31.5,12.5,1.43,27.3,52.0,Moderate,51.6,2016,11,Post-Monsoon
2016-11-15,63.3,101.9,35.2,6.7,1.17,24.7,60.0,Moderate,53.3,2016,11,Post-Monsoon
2016-11-16,43.1,79.4,33.7,10.3,1.54,35.4,47.0,Good,52.6,2016,11,Post-Monsoon
2016-11-17,63.1,117.3,50.5,8.7,1.93,21.2,65.0,Moderate,54.4,2016,11,Post-Monsoon
2016-11-18,43.1,70.6,39.1,14.1,1.62,29.5,45.0,Good,55.6,2016,11,Post-Monsoon
2016-11-19,51.6,97.7,32.2,9.6,1.3,25.7,53.0,Moderate,54.4,2016,11,Post-Monsoon
2016-11-20,41.0,79.0,31.0,11.6,1.44,32.1,45.0,Good,52.4,2016,11,Post-Monsoon
2016-11-21,50.0,98.0,29.5,12.1,1.63,27.0,52.0,Moderate,52.4,2016,11,Post-Monsoon
2016-11-22,52.6,83.1,31.9,9.4,1.33,22.0,50.0,Good,51.0,2016,11,Post-Monsoon
2016-11-23,48.8,80.6,33.1,12.0,1.49,29.8,49.0,Good,51.3,2016,11,Post-Monsoon
2016-11-24,54.9,106.0,32.6,12.2,1.53,26.7,57.0,Moderate,50.1,2016,11,Post-Monsoon
2016-11-25,50.6,80.9,34.6,11.7,1.42,33.2,51.0,Moderate,51.0,2016,11,Post-Monsoon
2016-11-26,46.2,69.4,39.8,9.1,1.4,29.3,46.0,Good,50.0,2016,11,Post-Monsoon
2016-11-27,45.9,88.9,35.7,7.3,1.61,39.7,50.0,Good,50.7,2016,11,Post-Monsoon
2016-11-28,55.6,92.4,39.4,14.4,1.78,26.2,56.0,Moderate,51.3,2016,11,Post-Monsoon
2016-11-29,45.3,77.4,32.2,9.6,1.33,34.9,47.0,Good,50.9,2016,11,Post-Monsoon
2016-11-30,56.3,97.0,35.0,12.2,1.66,27.3,56.0,Moderate,51.9,2016,11,Post-Monsoon
2016-12-01,63.3,121.7,36.3,10.2,1.12,28.4,65.0,Moderate,53.0,2016,12,Winter
2016-12-02,43.0,71.8,41.9,15.3,1.61,32.8,46.0,Good,52.3,2016,12,Winter
2016-12-03,62.6,121.9,39.4,10.2,0.94,24.3,65.0,Moderate,55.0,2016,12,Winter
2016-12-04,69.1,125.0,47.2,11.4,1.3,35.0,71.0,Moderate,58.0,2016,12,Winter
2016-12-05,56.5,99.6,37.4,15.8,1.23,32.5,58.0,Moderate,58.3,2016,12,Winter
2016-12-06,58.9,97.9,35.9,8.0,1.9,33.0,58.0,Moderate,59.9,2016,12,Winter
2016-12-07,62.0,100.5,41.3,13.6,1.42,33.8,61.0,Moderate,60.6,2016,12,Winter
2016-12-08,52.8,95.6,39.4,11.1,1.48,32.0,55.0,Moderate,59.1,2016,12,Winter
2016-12-09,56.0,96.5,42.1,12.6,1.43,32.5,57.0,Moderate,60.7,2016,12,Winter
2016-12-10,45.5,89.0,39.9,10.5,1.13,35.8,51.0,Moderate,58.7,2016,12,Winter
2016-12-11,55.7,97.2,39.5,14.4,1.56,29.2,57.0,Moderate,56.7,2016,12,Winter
2016-12-12,58.2,102.2,37.4,9.5,1.51,28.3,58.0,Moderate,56.7,2016,12,Winter
2016-12-13,58.3,99.6,39.0,11.2,1.29,31.7,59.0,Moderate,56.9,2016,12,Winter
2016-12-14,62.2,117.8,34.0,13.0,1.83,29.8,63.0,Moderate,57.1,2016,12,Winter
2016-12-15,49.3,84.4,44.9,9.5,1.83,34.0,52.0,Moderate,56.7,2016,12,Winter
2016-12-16,51.0,83.3,45.2,11.4,1.18,38.7,53.0,Moderate,56.1,2016,12,Winter
2016-12-17,68.0,131.2,43.9,9.1,1.32,24.7,70.0,Moderate,58.9,2016,12,Winter
2016-12-18,53.6,96.5,38.3,10.3,1.61,30.0,55.0,Moderate,58.6,2016,12,Winter
2016-12-19,56.1,100.7,37.6,16.4,1.37,24.2,57.0,Moderate,58.4,2016,12,Winter
2016-12-20,54.2,97.9,42.1,13.8,1.44,28.5,57.0,Moderate,58.1,2016,12,Winter
2016-12-21,48.9,91.0,36.3,12.5,1.24,28.9,52.0,Moderate,56.6,2016,12,Winter
2016-12-22,66.1,109.4,44.6,11.9,1.24,27.8,65.0,Moderate,58.4,2016,12,Winter
2016-12-23,51.0,77.4,30.6,8.0,1.36,34.3,49.0,Good,57.9,2016,12,Winter
2016-12-24,46.8,89.2,38.3,10.8,1.52,31.6,51.0,Moderate,55.1,2016,12,Winter
2016-12-25,51.5,80.6,35.8,13.0,1.54,26.9,51.0,Moderate,54.6,2016,12,Winter
2016-12-26,40.7,75.7,45.1,10.3,1.29,34.5,46.0,Good,53.0,2016,12,Winter
2016-12-27,50.1,77.3,44.4,11.9,1.2,29.5,51.0,Moderate,52.1,2016,12,Winter
2016-12-28,47.9,80.9,42.4,9.1,1.18,27.5,50.0,Good,51.9,2016,12,Winter
2016-12-29,59.0,90.4,47.8,9.0,1.74,25.1,58.0,Moderate,50.9,2016,12,Winter
2016-12-30,50.0,88.0,40.1,15.7,2.02,22.9,52.0,Moderate,51.3,2016,12,Winter
2016-12-31,60.9,111.3,42.6,15.4,1.6,28.0,63.0,Moderate,53.0,2016,12,Winter
2017-01-01,65.4,103.7,34.2,11.1,0.85,30.6,62.0,Moderate,54.6,2017,1,Winter
2017-01-02,61.1,102.9,39.3,9.7,1.63,35.1,61.0,Moderate,56.7,2017,1,Winter
2017-01-03,54.1,106.3,41.0,9.4,1.79,20.3,57.0,Moderate,57.6,2017,1,Winter
2017-01-04,56.6,97.4,36.9,12.1,1.33,39.9,58.0,Moderate,58.7,2017,1,Winter
2017-01-05,44.9,85.4,41.6,15.2,1.71,26.8,49.0,Good,57.4,2017,1,Winter
2017-01-06,54.7,107.3,32.7,9.9,1.76,28.9,57.0,Moderate,58.1,2017,1,Winter
2017-01-07,49.6,98.5,42.6,11.7,1.81,29.1,54.0,Moderate,56.9,2017,1,Winter
2017-01-08,60.5,117.8,38.9,11.6,1.34,27.8,63.0,Moderate,57.0,2017,1,Winter
2017-01-09,73.6,122.1,37.5,14.6,1.51,29.6,71.0,Moderate,58.4,2017,1,Winter
2017-01-10,59.1,117.1,43.6,11.9,1.54,30.0,63.0,Moderate,59.3,2017,1,Winter
2017-01-11,41.7,79.4,46.5,8.5,1.82,30.5,47.0,Good,57.7,2017,1,Winter
2017-01-12,53.1,101.8,44.2,12.8,1.39,39.3,58.0,Moderate,59.0,2017,1,Winter
2017-01-13,56.5,85.1,37.4,11.6,1.73,27.8,54.0,Moderate,58.6,2017,1,Winter
2017-01-14,56.2,111.1,43.3,9.6,1.56,40.8,61.0,Moderate,59.6,2017,1,Winter
2017-01-15,50.5,95.4,39.6,13.4,1.73,34.4,54.0,Moderate,58.3,2017,1,Winter
2017-01-16,57.3,108.0,45.1,10.7,1.68,24.1,60.0,Moderate,56.7,2017,1,Winter
2017-01-17,46.9,72.3,41.5,12.0,1.33,27.8,48.0,Good,54.6,2017,1,Winter
2017-01-18,49.0,79.2,34.7,11.6,1.56,27.3,49.0,Good,54.9,2017,1,Winter
2017-01-19,60.1,119.1,39.6,10.7,1.32,32.1,64.0,Moderate,55.7,2017,1,Winter
2017-01-20,48.5,84.9,37.3,9.7,1.48,38.9,51.0,Moderate,55.3,2017,1,Winter
2017-01-21,59.4,100.9,37.5,12.4,1.93,36.5,60.0,Moderate,55.1,2017,1,Winter
2017-01-22,46.0,88.3,39.3,8.9,1.38,27.4,50.0,Good,54.6,2017,1,Winter
2017-01-23,68.0,104.9,41.7,13.2,1.34,38.7,66.0,Moderate,55.4,2017,1,Winter
2017-01-24,50.2,85.7,44.2,9.6,1.44,27.6,52.0,Moderate,56.0,2017,1,Winter
2017-01-25,54.0,91.2,38.5,9.0,1.66,28.4,54.0,Moderate,56.7,2017,1,Winter
2017-01-26,57.9,97.0,45.5,14.1,1.66,38.3,60.0,Moderate,56.1,2017,1,Winter
2017-01-27,51.6,85.4,33.8,11.5,1.58,38.3,52.0,Moderate,56.3,2017,1,Winter
2017-01-28,56.6,90.9,37.2,7.5,1.29,37.4,56.0,Moderate,55.7,2017,1,Winter
2017-01-29,59.6,94.6,48.8,11.3,1.43,33.5,60.0,Moderate,57.1,2017,1,Winter
2017-01-30,62.3,113.4,36.0,12.5,1.84,33.2,63.0,Moderate,56.7,2017,1,Winter
2017-01-31,61.1,119.8,45.6,12.6,1.11,27.8,65.0,Moderate,58.6,2017,1,Winter
2017-02-01,54.4,95.4,40.5,9.8,1.55,33.8,56.0,Moderate,58.9,2017,2,Winter
2017-02-02,54.6,90.0,40.3,10.0,1.44,30.6,55.0,Moderate,58.1,2017,2,Winter
2017-02-03,72.0,113.8,44.3,11.6,1.61,33.2,69.0,Moderate,60.6,2017,2,Winter
2017-02-04,62.2,119.2,43.8,13.4,1.52,45.7,67.0,Moderate,62.1,2017,2,Winter
2017-02-05,49.1,97.6,45.9,8.7,1.11,36.0,55.0,Moderate,61.4,2017,2,Winter
2017-02-06,56.3,94.3,39.6,8.8,1.64,29.0,56.0,Moderate,60.4,2017,2,Winter
2017-02-07,53.3,87.6,41.2,14.0,1.25,40.9,55.0,Moderate,59.0,2017,2,Winter
2017-02-08,54.7,98.4,39.6,13.7,1.19,41.5,58.0,Moderate,59.3,2017,2,Winter
2017-02-09,47.0,88.7,36.2,9.4,1.5,42.1,51.0,Moderate,58.7,2017,2,Winter
2017-02-10,52.7,91.1,41.3,10.5,1.39,32.7,55.0,Moderate,56.7,2017,2,Winter
2017-02-11,68.3,123.9,39.9,15.5,1.29,34.7,69.0,Moderate,57.0,2017,2,Winter
2017-02-12,59.7,110.9,33.1,13.1,1.39,29.1,61.0,Moderate,57.9,2017,2,Winter
2017-02-13,38.2,75.6,45.0,11.2,1.31,43.3,46.0,Good,56.4,2017,2,Winter
2017-02-14,64.1,101.5,41.2,13.6,1.88,36.3,63.0,Moderate,57.6,2017,2,Winter
2017-02-15,63.2,126.4,37.8,10.3,1.57,29.0,66.0,Moderate,58.7,2017,2,Winter
2017-02-16,53.1,90.0,41.9,11.6,1.45,44.3,56.0,Moderate,59.4,2017,2,Winter
2017-02-17,60.6,112.9,38.5,10.7,1.68,32.8,62.0,Moderate,60.4,2017,2,Winter
2017-02-18,49.6,88.6,41.4,12.7,1.44,34.3,53.0,Moderate,58.1,2017,2,Winter
2017-02-19,52.3,91.2,46.1,12.7,1.43,31.2,55.0,Moderate,57.3,2017,2,Winter
2017-02-20,66.1,122.2,42.2,11.7,1.72,30.6,67.0,Moderate,60.3,2017,2,Winter
2017-02-21,53.7,91.2,38.7,12.3,1.32,38.7,55.0,Moderate,59.1,2017,2,Winter
2017-02-22,42.5,66.4,36.5,13.6,1.23,33.4,44.0,Good,56.0,2017,2,Winter
2017-02-23,55.2,96.2,37.7,12.2,1.65,29.4,56.0,Moderate,56.0,2017,2,Winter
2017-02-24,55.0,96.9,43.8,11.8,1.53,42.2,58.0,Moderate,55.4,2017,2,Winter
2017-02-25,64.0,102.4,40.4,12.2,1.53,39.9,63.0,Moderate,56.9,2017,2,Winter
2017-02-26,55.7,109.6,42.8,13.7,1.4,46.5,62.0,Moderate,57.9,2017,2,Winter
2017-02-27,52.6,85.0,39.5,9.5,1.64,35.8,53.0,Moderate,55.9,2017,2,Winter
2017-02-28,62.9,107.2,36.9,12.1,1.15,38.0,63.0,Moderate,57.0,2017,2,Winter
2017-03-01,51.6,81.5,39.4,6.5,0.87,39.1,52.0,Moderate,58.1,2017,3,Summer
2017-03-02,45.5,80.5,33.8,9.7,1.25,38.9,48.0,Good,57.0,2017,3,Summer
2017-03-03,58.9,97.4,35.4,14.1,1.51,39.6,59.0,Moderate,57.1,2017,3,Summer
2017-03-04,52.2,91.0,32.1,8.7,1.66,36.9,53.0,Moderate,55.7,2017,3,Summer
2017-03-05,50.8,81.9,33.3,7.0,1.49,29.6,50.0,Good,54.0,2017,3,Summer
2017-03-06,52.0,79.5,40.6,8.4,1.12,40.2,52.0,Moderate,53.9,2017,3,Summer
2017-03-07,43.3,81.8,41.2,11.7,1.12,41.8,49.0,Good,51.9,2017,3,Summer
2017-03-08,47.1,85.8,41.4,10.0,1.65,37.4,51.0,Moderate,51.7,2017,3,Summer
2017-03-09,50.8,84.9,41.4,8.3,1.58,51.7,54.0,Moderate,52.6,2017,3,Summer
2017-03-10,49.4,75.3,35.6,12.7,1.49,37.0,49.0,Good,51.1,2017,3,Summer
2017-03-11,59.7,115.4,39.7,11.2,1.58,36.4,63.0,Moderate,52.6,2017,3,Summer
2017-03-12,52.3,82.9,41.2,8.0,1.39,41.9,54.0,Moderate,53.1,2017,3,Summer
2017-03-13,56.8,111.6,33.5,9.9,1.3,41.0,60.0,Moderate,54.3,2017,3,Summer
2017-03-14,50.9,88.5,37.8,14.6,1.31,32.1,53.0,Moderate,54.9,2017,3,Summer
2017-03-15,58.2,97.2,36.5,9.7,1.51,44.1,59.0,Moderate,56.0,2017,3,Summer
2017-03-16,53.6,100.2,29.5,6.9,1.41,38.0,55.0,Moderate,56.1,2017,3,Summer
2017-03-17,50.9,98.7,38.3,11.2,0.86,46.6,56.0,Moderate,57.1,2017,3,Summer
2017-03-18,50.7,85.5,34.1,11.1,1.57,42.6,52.0,Moderate,55.6,2017,3,Summer
2017-03-19,44.1,75.2,41.2,13.0,1.5,39.6,48.0,Good,54.7,2017,3,Summer
2017-03-20,54.3,93.3,34.0,9.5,1.43,47.3,56.0,Moderate,54.1,2017,3,Summer
2017-03-21,50.5,99.1,38.3,11.2,1.7,38.3,55.0,Moderate,54.4,2017,3,Summer
2017-03-22,47.3,87.3,37.4,10.8,1.15,34.5,51.0,Moderate,53.3,2017,3,Summer
2017-03-23,58.5,95.1,30.1,10.3,1.08,34.5,57.0,Moderate,53.6,2017,3,Summer
2017-03-24,42.0,67.0,35.7,10.9,1.48,42.7,45.0,Good,52.0,2017,3,Summer
2017-03-25,47.8,77.3,38.4,11.5,1.16,50.7,51.0,Moderate,51.9,2017,3,Summer
2017-03-26,58.0,94.6,41.1,11.4,1.77,41.0,59.0,Moderate,53.4,2017,3,Summer
2017-03-27,53.0,85.6,37.1,12.1,1.18,45.7,54.0,Moderate,53.1,2017,3,Summer
2017-03-28,50.5,92.3,40.6,5.7,1.17,43.6,54.0,Moderate,53.0,2017,3,Summer
2017-03-29,52.6,81.9,39.1,7.3,1.25,40.1,53.0,Moderate,53.3,2017,3,Summer
2017-03-30,52.1,88.2,39.3,10.7,1.28,34.0,53.0,Moderate,52.7,2017,3,Summer
2017-03-31,40.2,72.8,39.5,10.5,1.26,43.3,45.0,Good,52.7,2017,3,Summer
2017-04-01,48.4,79.6,35.9,8.3,1.28,46.6,51.0,Moderate,52.7,2017,4,Summer
2017-04-02,62.1,95.2,33.0,9.6,1.26,45.0,60.0,Moderate,52.9,2017,4,Summer
2017-04-03,46.2,71.2,43.3,8.6,0.96,41.1,48.0,Good,52.0,2017,4,Summer
2017-04-04,48.6,75.9,40.1,11.5,1.48,40.3,50.0,Good,51.4,2017,4,Summer
2017-04-05,47.0,90.2,36.7,8.5,1.24,39.9,51.0,Moderate,51.1,2017,4,Summer
2017-04-06,50.2,91.8,39.5,10.7,1.31,39.9,54.0,Moderate,51.3,2017,4,Summer
2017-04-07,46.7,71.6,38.6,12.4,1.05,43.6,48.0,Good,51.7,2017,4,Summer
2017-04-08,54.2,91.9,33.6,8.6,0.97,42.7,55.0,Moderate,52.3,2017,4,Summer
2017-04-09,52.2,85.5,35.6,7.6,1.33,46.1,54.0,Moderate,51.4,2017,4,Summer
2017-04-10,56.2,100.6,42.3,8.8,1.74,38.9,59.0,Moderate,53.0,2017,4,Summer
2017-04-11,43.4,76.5,37.0,8.6,1.73,43.7,47.0,Good,52.6,2017,4,Summer
2017-04-12,48.4,84.3,38.5,10.4,1.12,43.8,52.0,Moderate,52.7,2017,4,Summer
2017-04-13,49.2,81.6,42.0,6.9,1.16,41.5,52.0,Moderate,52.4,2017,4,Summer
2017-04-14,54.0,84.7,37.0,13.5,1.39,45.7,55.0,Moderate,53.4,2017,4,Summer
2017-04-15,45.2,84.7,33.3,7.8,0.68,39.8,49.0,Good,52.6,2017,4,Summer
2017-04-16,57.2,111.0,37.5,7.6,1.2,50.4,62.0,Moderate,53.7,2017,4,Summer
2017-04-17,59.1,116.6,34.8,10.4,1.41,46.6,63.0,Moderate,54.3,2017,4,Summer
2017-04-18,43.9,67.1,31.4,10.1,1.29,47.3,45.0,Good,54.0,2017,4,Summer
2017-04-19,47.4,88.6,40.2,13.0,0.88,44.4,53.0,Moderate,54.1,2017,4,Summer
2017-04-20,47.1,87.7,36.0,9.8,0.89,43.2,51.0,Moderate,54.0,2017,4,Summer
2017-04-21,69.2,136.6,25.1,9.7,0.99,41.3,70.0,Moderate,56.1,2017,4,Summer
2017-04-22,47.8,77.7,38.0,11.6,1.33,40.9,50.0,Good,56.3,2017,4,Summer
2017-04-23,62.5,117.0,38.1,12.2,1.14,37.5,65.0,Moderate,56.7,2017,4,Summer
2017-04-24,41.9,64.0,44.8,6.4,1.74,45.7,45.0,Good,54.1,2017,4,Summer
2017-04-25,43.9,79.7,37.0,10.4,1.02,48.8,49.0,Good,54.7,2017,4,Summer
2017-04-26,46.0,77.1,41.3,14.6,1.66,39.3,49.0,Good,54.1,2017,4,Summer
2017-04-27,44.9,84.6,39.6,9.1,1.05,52.1,51.0,Moderate,54.1,2017,4,Summer
2017-04-28,48.9,94.5,34.6,10.6,1.98,37.7,53.0,Moderate,51.7,2017,4,Summer
2017-04-29,45.8,77.1,38.4,12.3,1.52,49.9,50.0,Good,51.7,2017,4,Summer
2017-04-30,45.1,79.4,36.3,11.3,0.8,41.5,49.0,Good,49.4,2017,4,Summer
2017-05-01,58.9,91.8,34.2,8.2,1.65,51.2,58.0,Moderate,51.3,2017,5,Summer
2017-05-02,59.4,101.4,34.9,10.2,1.23,49.7,61.0,Moderate,53.0,2017,5,Summer
2017-05-03,57.4,96.5,34.4,7.8,1.58,59.2,59.0,Moderate,54.4,2017,5,Summer
2017-05-04,54.5,86.7,37.0,8.2,1.35,42.9,55.0,Moderate,55.0,2017,5,Summer
2017-05-05,51.4,100.2,37.0,12.5,1.26,34.9,55.0,Moderate,55.3,2017,5,Summer
2017-05-06,47.3,74.5,34.8,12.0,1.29,36.7,48.0,Good,55.0,2017,5,Summer
2017-05-07,44.1,80.2,36.2,13.9,1.06,45.2,49.0,Good,55.0,2017,5,Summer
2017-05-08,53.3,103.8,29.5,12.1,1.24,47.1,57.0,Moderate,54.9,2017,5,Summer
2017-05-09,42.6,83.3,33.0,10.0,1.03,42.8,48.0,Good,53.0,2017,5,Summer
2017-05-10,43.8,83.2,35.8,8.3,1.23,48.2,49.0,Good,51.6,2017,5,Summer
2017-05-11,58.9,93.5,43.7,13.1,1.4,50.9,60.0,Moderate,52.3,2017,5,Summer
2017-05-12,64.1,122.4,39.5,11.6,1.61,49.4,68.0,Moderate,54.1,2017,5,Summer
2017-05-13,53.6,87.7,33.1,11.9,1.72,46.4,55.0,Moderate,55.1,2017,5,Summer
2017-05-14,58.5,114.8,43.5,11.4,1.35,42.4,64.0,Moderate,57.3,2017,5,Summer
2017-05-15,49.1,91.0,37.0,12.7,1.07,50.8,54.0,Moderate,56.9,2017,5,Summer
2017-05-16,41.4,78.4,32.5,7.3,1.34,53.6,47.0,Good,56.7,2017,5,Summer
2017-05-17,55.1,85.0,36.7,7.9,1.31,43.7,55.0,Moderate,57.6,2017,5,Summer
2017-05-18,54.8,98.1,40.9,8.6,1.68,40.9,58.0,Moderate,57.3,2017,5,Summer
2017-05-19,51.3,98.0,32.5,11.0,1.57,52.6,56.0,Moderate,55.6,2017,5,Summer
2017-05-20,49.1,94.8,32.9,9.4,1.41,48.4,54.0,Moderate,55.4,2017,5,Summer
2017-05-21,57.5,87.1,44.2,12.6,1.73,48.4,58.0,Moderate,54.6,2017,5,Summer
2017-05-22,43.9,86.5,38.2,10.3,1.22,55.5,51.0,Moderate,54.1,2017,5,Summer
2017-05-23,45.4,69.1,35.1,14.9,1.51,37.9,46.0,Good,54.0,2017,5,Summer
2017-05-24,43.7,79.1,36.6,13.7,1.22,45.9,48.0,Good,53.0,2017,5,Summer
2017-05-25,51.4,94.9,38.1,10.6,1.23,48.8,56.0,Moderate,52.7,2017,5,Summer
2017-05-26,43.2,67.1,36.2,7.6,0.83,57.0,47.0,Good,51.4,2017,5,Summer
2017-05-27,46.0,70.1,42.4,11.7,1.38,46.7,49.0,Good,50.7,2017,5,Summer
2017-05-28,45.9,86.8,37.4,8.1,1.38,44.6,51.0,Moderate,49.7,2017,5,Summer
2017-05-29,49.0,82.9,39.7,8.4,1.32,48.1,52.0,Moderate,49.9,2017,5,Summer
2017-05-30,40.4,62.7,37.3,9.5,1.46,50.7,44.0,Good,49.6,2017,5,Summer
2017-05-31,51.4,96.7,36.9,9.5,1.6,53.0,56.0,Moderate,50.7,2017,5,Summer
2017-06-01,55.9,107.6,37.9,10.7,1.24,54.4,61.0,Moderate,51.4,2017,6,Southwest Monsoon
2017-06-02,48.1,86.4,38.0,10.2,1.4,37.4,51.0,Moderate,52.0,2017,6,Southwest Monsoon
2017-06-03,58.0,91.7,27.8,7.5,1.34,43.2,56.0,Moderate,53.0,2017,6,Southwest Monsoon
2017-06-04,56.5,85.2,34.2,9.0,1.51,51.3,56.0,Moderate,53.7,2017,6,Southwest Monsoon
2017-06-05,52.6,97.4,42.5,6.8,1.38,48.3,57.0,Moderate,54.4,2017,6,Southwest Monsoon
2017-06-06,47.7,84.7,32.5,10.4,1.7,49.1,51.0,Moderate,55.4,2017,6,Southwest Monsoon
2017-06-07,47.4,86.4,36.1,5.8,1.31,43.8,51.0,Moderate,54.7,2017,6,Southwest Monsoon
2017-06-08,52.5,100.2,39.3,9.1,1.01,48.1,57.0,Moderate,54.1,2017,6,Southwest Monsoon
2017-06-09,44.5,76.3,29.9,8.3,1.56,45.7,47.0,Good,53.6,2017,6,Southwest Monsoon
2017-06-10,34.0,53.2,32.8,10.6,1.41,49.2,38.0,Good,51.0,2017,6,Southwest Monsoon
2017-06-11,50.6,99.8,28.0,7.9,1.36,49.4,55.0,Moderate,50.9,2017,6,Southwest Monsoon
2017-06-12,39.3,69.6,34.7,7.9,0.86,48.4,44.0,Good,49.0,2017,6,Southwest Monsoon
2017-06-13,40.5,73.1,35.8,10.3,1.62,48.2,46.0,Good,48.3,2017,6,Southwest Monsoon
2017-06-14,47.2,92.8,36.9,10.4,1.5,45.9,53.0,Moderate,48.6,2017,6,Southwest Monsoon
2017-06-15,46.5,91.5,40.6,7.5,1.32,54.7,53.0,Moderate,48.0,2017,6,Southwest Monsoon
2017-06-16,37.3,66.6,34.6,10.7,0.53,52.3,43.0,Good,47.4,2017,6,Southwest Monsoon
2017-06-17,48.4,79.7,29.7,14.5,1.16,46.9,50.0,Good,49.1,2017,6,Southwest Monsoon
2017-06-18,54.0,107.8,30.8,8.6,1.72,50.9,59.0,Moderate,49.7,2017,6,Southwest Monsoon
2017-06-19,39.3,72.3,31.3,7.1,1.36,56.7,45.0,Good,49.9,2017,6,Southwest Monsoon
2017-06-20,56.1,95.6,35.1,9.7,0.94,42.0,57.0,Moderate,51.4,2017,6,Southwest Monsoon
2017-06-21,36.3,64.6,43.7,6.8,1.11,42.9,42.0,Good,49.9,2017,6,Southwest Monsoon
2017-06-22,62.0,105.9,34.0,9.0,1.15,46.8,62.0,Moderate,51.1,2017,6,Southwest Monsoon
2017-06-23,44.3,86.2,39.8,8.5,1.53,47.9,51.0,Moderate,52.3,2017,6,Southwest Monsoon
2017-06-24,48.2,84.0,33.8,10.9,0.87,43.6,51.0,Moderate,52.4,2017,6,Southwest Monsoon
2017-06-25,34.0,64.9,29.7,6.0,1.51,49.7,40.0,Good,49.7,2017,6,Southwest Monsoon
2017-06-26,46.8,89.8,31.0,6.4,1.44,45.7,51.0,Moderate,50.6,2017,6,Southwest Monsoon
2017-06-27,48.8,93.3,31.4,10.3,1.81,51.5,53.0,Moderate,50.0,2017,6,Southwest Monsoon
2017-06-28,46.6,86.7,33.8,10.6,1.38,42.7,51.0,Moderate,51.3,2017,6,Southwest Monsoon
2017-06-29,43.3,83.4,35.9,5.3,0.94,41.6,48.0,Good,49.3,2017,6,Southwest Monsoon
2017-06-30,40.6,68.7,31.7,12.6,1.23,44.9,44.0,Good,48.3,2017,6,Southwest Monsoon
2017-07-01,55.1,85.8,37.5,11.3,1.0,45.0,55.0,Moderate,48.9,2017,7,Southwest Monsoon
2017-07-02,47.4,91.1,38.5,8.2,1.34,41.2,52.0,Moderate,50.6,2017,7,Southwest Monsoon
2017-07-03,58.0,101.4,33.2,9.7,1.68,46.1,59.0,Moderate,51.7,2017,7,Southwest Monsoon
2017-07-04,43.5,68.0,38.0,5.6,1.03,42.2,46.0,Good,50.7,2017,7,Southwest Monsoon
2017-07-05,44.2,68.8,26.5,11.0,1.48,54.9,46.0,Good,50.0,2017,7,Southwest Monsoon
2017-07-06,52.9,83.6,24.9,7.9,1.09,45.1,52.0,Moderate,50.6,2017,7,Southwest Monsoon
2017-07-07,35.8,67.2,37.6,8.8,0.86,47.1,42.0,Good,50.3,2017,7,Southwest Monsoon
2017-07-08,38.7,71.8,32.6,9.3,1.64,38.9,43.0,Good,48.6,2017,7,Southwest Monsoon
2017-07-09,54.9,87.9,43.1,12.0,1.3,47.8,57.0,Moderate,49.3,2017,7,Southwest Monsoon
2017-07-10,39.0,75.0,33.9,10.5,1.37,40.9,44.0,Good,47.1,2017,7,Southwest Monsoon
2017-07-11,34.5,56.5,30.3,8.8,1.46,49.4,38.0,Good,46.0,2017,7,Southwest Monsoon
2017-07-12,60.3,114.3,41.0,8.4,0.82,37.1,63.0,Moderate,48.4,2017,7,Southwest Monsoon
2017-07-13,37.4,65.3,36.9,10.0,1.18,44.5,42.0,Good,47.0,2017,7,Southwest Monsoon
2017-07-14,48.5,90.5,40.5,9.4,0.83,49.7,54.0,Moderate,48.7,2017,7,Southwest Monsoon
2017-07-15,47.7,80.6,32.0,9.1,1.11,45.3,50.0,Good,49.7,2017,7,Southwest Monsoon
2017-07-16,27.5,46.1,35.8,9.6,1.53,43.7,33.0,Good,46.3,2017,7,Southwest Monsoon
2017-07-17,45.3,87.1,30.8,9.0,1.36,50.9,50.0,Good,47.1,2017,7,Southwest Monsoon
2017-07-18,50.3,76.4,27.3,6.4,1.09,40.0,49.0,Good,48.7,2017,7,Southwest Monsoon
2017-07-19,49.7,98.7,37.3,9.4,1.25,38.2,54.0,Moderate,47.4,2017,7,Southwest Monsoon
2017-07-20,53.5,97.6,32.5,9.5,1.21,38.7,56.0,Moderate,49.4,2017,7,Southwest Monsoon
2017-07-21,44.5,76.4,30.3,9.8,1.32,38.7,46.0,Good,48.3,2017,7,Southwest Monsoon
2017-07-22,52.2,94.7,28.7,7.5,1.09,45.7,54.0,Moderate,48.9,2017,7,Southwest Monsoon
2017-07-23,42.4,66.2,35.0,8.0,1.21,42.0,44.0,Good,50.4,2017,7,Southwest Monsoon
2017-07-24,37.3,65.6,34.6,12.8,1.28,48.3,42.0,Good,49.3,2017,7,Southwest Monsoon
2017-07-25,38.1,75.9,32.4,8.1,1.35,45.6,44.0,Good,48.6,2017,7,Southwest Monsoon
2017-07-26,37.0,59.8,31.6,10.6,1.3,45.0,40.0,Good,46.6,2017,7,Southwest Monsoon
2017-07-27,54.3,101.0,37.4,8.0,0.84,34.4,57.0,Moderate,46.7,2017,7,Southwest Monsoon
2017-07-28,36.6,62.9,24.4,5.8,0.93,45.8,39.0,Good,45.7,2017,7,Southwest Monsoon
2017-07-29,49.1,89.7,36.8,9.3,1.4,49.0,53.0,Moderate,45.6,2017,7,Southwest Monsoon
2017-07-30,45.3,72.7,36.2,10.8,1.18,43.2,47.0,Good,46.0,2017,7,Southwest Monsoon
2017-07-31,46.5,80.7,29.4,8.9,1.13,37.7,48.0,Good,46.9,2017,7,Southwest Monsoon
2017-08-01,56.7,112.9,26.6,5.6,1.18,34.6,59.0,Moderate,49.0,2017,8,Southwest Monsoon
2017-08-02,44.1,70.5,36.7,5.1,1.18,47.2,47.0,Good,50.0,2017,8,Southwest Monsoon
2017-08-03,51.5,93.6,29.6,11.9,0.8,42.6,54.0,Moderate,49.6,2017,8,Southwest Monsoon
2017-08-04,47.5,84.9,40.6,9.5,1.68,35.2,51.0,Moderate,51.3,2017,8,Southwest Monsoon
2017-08-05,46.1,82.2,42.8,10.8,1.22,43.7,51.0,Moderate,51.0,2017,8,Southwest Monsoon
2017-08-06,63.3,114.4,36.0,10.0,1.25,41.6,65.0,Moderate,53.6,2017,8,Southwest Monsoon
2017-08-07,37.1,65.0,33.9,7.2,1.26,49.5,42.0,Good,52.7,2017,8,Southwest Monsoon
2017-08-08,56.2,84.8,33.4,9.0,1.49,37.4,54.0,Moderate,52.0,2017,8,Southwest Monsoon
2017-08-09,51.8,101.0,27.5,6.2,1.42,43.1,55.0,Moderate,53.1,2017,8,Southwest Monsoon
2017-08-10,43.8,83.9,33.2,11.4,1.23,47.0,49.0,Good,52.4,2017,8,Southwest Monsoon
2017-08-11,58.6,93.0,32.5,10.2,1.03,43.3,58.0,Moderate,53.4,2017,8,Southwest Monsoon
2017-08-12,34.3,58.5,31.8,11.0,1.55,40.0,38.0,Good,51.6,2017,8,Southwest Monsoon
2017-08-13,43.5,82.1,35.9,12.1,1.26,39.0,48.0,Good,49.1,2017,8,Southwest Monsoon
2017-08-14,38.7,77.1,34.8,8.8,1.39,39.0,44.0,Good,49.4,2017,8,Southwest Monsoon
2017-08-15,50.1,98.9,37.4,8.1,0.97,37.8,55.0,Moderate,49.6,2017,8,Southwest Monsoon
2017-08-16,39.4,76.8,32.5,9.3,1.41,36.7,44.0,Good,48.0,2017,8,Southwest Monsoon
2017-08-17,50.2,79.3,36.7,12.1,0.89,45.8,52.0,Moderate,48.4,2017,8,Southwest Monsoon
2017-08-18,45.9,89.8,34.3,6.4,1.15,45.2,51.0,Moderate,47.4,2017,8,Southwest Monsoon
2017-08-19,43.8,85.0,36.7,9.6,1.28,43.4,49.0,Good,49.0,2017,8,Southwest Monsoon
2017-08-20,49.9,84.3,34.0,11.2,1.68,40.7,52.0,Moderate,49.6,2017,8,Southwest Monsoon
2017-08-21,45.3,76.9,41.4,10.2,1.41,40.4,49.0,Good,50.3,2017,8,Southwest Monsoon
2017-08-22,39.6,68.5,24.5,11.7,1.6,31.5,41.0,Good,48.3,2017,8,Southwest Monsoon
2017-08-23,66.8,122.1,36.8,6.5,1.36,42.6,68.0,Moderate,51.7,2017,8,Southwest Monsoon
2017-08-24,43.8,71.4,37.7,11.7,0.97,39.1,46.0,Good,50.9,2017,8,Southwest Monsoon
2017-08-25,31.7,47.9,29.2,8.3,0.97,32.9,34.0,Good,48.4,2017,8,Southwest Monsoon
2017-08-26,41.3,64.9,41.6,5.4,1.44,43.9,45.0,Good,47.9,2017,8,Southwest Monsoon
2017-08-27,38.3,65.9,34.4,8.9,0.99,37.7,42.0,Good,46.4,2017,8,Southwest Monsoon
2017-08-28,53.0,86.9,33.8,7.9,0.86,42.1,54.0,Moderate,47.1,2017,8,Southwest Monsoon
2017-08-29,49.5,93.1,35.8,9.2,1.0,40.4,53.0,Moderate,48.9,2017,8,Southwest Monsoon
2017-08-30,50.0,77.7,37.9,6.5,1.31,33.5,50.0,Good,46.3,2017,8,Southwest Monsoon
2017-08-31,44.6,87.4,34.8,9.3,1.05,41.7,50.0,Good,46.9,2017,8,Southwest Monsoon
2017-09-01,45.2,88.1,34.7,8.4,1.56,34.4,49.0,Good,49.0,2017,9,Southwest Monsoon
2017-09-02,44.6,87.2,37.7,13.5,1.35,29.3,49.0,Good,49.6,2017,9,Southwest Monsoon
2017-09-03,46.6,87.2,38.2,9.9,1.29,41.2,51.0,Moderate,50.9,2017,9,Southwest Monsoon
2017-09-04,53.0,82.4,35.6,10.0,1.34,38.3,53.0,Moderate,50.7,2017,9,Southwest Monsoon
2017-09-05,49.6,85.2,28.1,9.1,1.4,37.7,50.0,Good,50.3,2017,9,Southwest Monsoon
2017-09-06,50.7,79.4,30.2,12.0,1.4,40.8,50.0,Good,50.3,2017,9,Southwest Monsoon
2017-09-07,50.7,101.1,38.6,10.5,1.04,31.1,55.0,Moderate,51.0,2017,9,Southwest Monsoon
2017-09-08,53.4,89.0,33.2,12.6,1.56,31.9,53.0,Moderate,51.6,2017,9,Southwest Monsoon
2017-09-09,49.2,88.2,31.9,11.7,1.4,31.0,51.0,Moderate,51.9,2017,9,Southwest Monsoon
2017-09-10,49.7,93.9,36.1,8.8,1.15,34.0,53.0,Moderate,52.1,2017,9,Southwest Monsoon
2017-09-11,55.5,108.8,35.6,11.0,1.44,37.9,59.0,Moderate,53.0,2017,9,Southwest Monsoon
2017-09-12,42.5,79.9,33.4,11.2,0.91,46.3,47.0,Good,52.6,2017,9,Southwest Monsoon
2017-09-13,41.2,75.7,37.3,11.4,1.46,34.7,45.0,Good,51.9,2017,9,Southwest Monsoon
2017-09-14,38.9,67.4,29.2,10.4,1.32,36.6,41.0,Good,49.9,2017,9,Southwest Monsoon
2017-09-15,48.5,87.4,27.4,6.9,0.71,28.5,49.0,Good,49.3,2017,9,Southwest Monsoon
2017-09-16,34.2,52.9,40.3,9.5,1.74,32.7,37.0,Good,47.3,2017,9,Southwest Monsoon
2017-09-17,50.4,97.9,29.8,9.8,0.92,25.0,52.0,Moderate,47.1,2017,9,Southwest Monsoon
2017-09-18,46.4,82.3,28.4,9.7,1.39,46.6,49.0,Good,45.7,2017,9,Southwest Monsoon
2017-09-19,55.1,83.8,33.0,11.8,1.6,25.6,52.0,Moderate,46.4,2017,9,Southwest Monsoon
2017-09-20,42.5,83.3,34.2,8.3,0.59,32.3,47.0,Good,46.7,2017,9,Southwest Monsoon
2017-09-21,45.8,79.9,32.4,9.8,1.3,34.0,48.0,Good,47.7,2017,9,Southwest Monsoon
2017-09-22,55.1,106.5,33.4,9.4,1.47,43.4,59.0,Moderate,49.1,2017,9,Southwest Monsoon
2017-09-23,56.9,109.7,28.6,10.9,1.52,35.6,59.0,Moderate,52.3,2017,9,Southwest Monsoon
2017-09-24,42.4,81.0,37.2,13.2,1.55,27.3,46.0,Good,51.4,2017,9,Southwest Monsoon
2017-09-25,48.5,74.2,28.2,10.8,1.48,32.7,47.0,Good,51.1,2017,9,Southwest Monsoon
2017-09-26,49.3,80.0,34.4,10.7,1.16,34.3,50.0,Good,50.9,2017,9,Southwest Monsoon
2017-09-27,49.8,96.5,35.2,7.5,1.36,30.7,53.0,Moderate,51.7,2017,9,Southwest Monsoon
2017-09-28,45.4,88.4,36.9,6.5,1.75,30.0,49.0,Good,51.9,2017,9,Southwest Monsoon
2017-09-29,56.2,97.1,35.2,10.1,1.56,29.5,56.0,Moderate,51.4,2017,9,Southwest Monsoon
2017-09-30,34.0,58.4,29.9,9.2,1.08,29.6,37.0,Good,48.3,2017,9,Southwest Monsoon
2017-10-01,47.9,76.0,35.4,11.2,1.62,28.7,48.0,Good,48.6,2017,10,Post-Monsoon
2017-10-02,53.9,107.0,34.2,9.1,1.69,28.7,57.0,Moderate,50.0,2017,10,Post-Monsoon
2017-10-03,54.0,86.8,30.7,13.1,1.13,31.4,53.0,Moderate,50.4,2017,10,Post-Monsoon
2017-10-04,60.3,96.2,38.7,7.9,1.34,36.6,59.0,Moderate,51.3,2017,10,Post-Monsoon
2017-10-05,59.2,108.3,34.0,9.9,1.28,26.4,59.0,Moderate,52.7,2017,10,Post-Monsoon
2017-10-06,48.8,79.1,37.6,9.5,1.58,28.6,49.0,Good,51.7,2017,10,Post-Monsoon
2017-10-07,59.9,118.0,36.6,12.5,1.25,32.8,63.0,Moderate,55.4,2017,10,Post-Monsoon
2017-10-08,45.8,69.0,32.5,9.8,1.19,35.0,46.0,Good,55.1,2017,10,Post-Monsoon
2017-10-09,57.3,86.1,32.2,9.1,1.62,39.7,55.0,Moderate,54.9,2017,10,Post-Monsoon
2017-10-10,63.5,111.2,35.7,10.5,1.05,35.7,63.0,Moderate,56.3,2017,10,Post-Monsoon
2017-10-11,59.3,103.4,31.7,8.7,1.4,32.8,59.0,Moderate,56.3,2017,10,Post-Monsoon
2017-10-12,51.5,81.5,41.0,10.3,1.17,31.7,52.0,Moderate,55.3,2017,10,Post-Monsoon
2017-10-13,48.5,84.7,42.4,10.0,1.62,31.2,51.0,Moderate,55.6,2017,10,Post-Monsoon
2017-10-14,40.1,68.4,40.1,16.1,1.2,25.8,43.0,Good,52.7,2017,10,Post-Monsoon
2017-10-15,53.0,103.0,38.4,9.4,1.36,33.5,57.0,Moderate,54.3,2017,10,Post-Monsoon
2017-10-16,43.0,64.7,37.2,10.1,0.75,29.3,43.0,Good,52.6,2017,10,Post-Monsoon
2017-10-17,45.2,90.0,32.8,10.7,1.35,32.1,49.0,Good,50.6,2017,10,Post-Monsoon
2017-10-18,42.5,77.0,40.3,10.8,1.31,26.6,46.0,Good,48.7,2017,10,Post-Monsoon
2017-10-19,47.6,75.0,42.5,12.4,1.37,30.7,49.0,Good,48.3,2017,10,Post-Monsoon
2017-10-20,50.6,77.1,35.6,14.1,1.68,26.4,49.0,Good,48.0,2017,10,Post-Monsoon
2017-10-21,52.7,93.3,36.9,8.7,1.5,33.6,54.0,Moderate,49.6,2017,10,Post-Monsoon
2017-10-22,46.6,75.4,33.8,11.2,1.45,29.5,47.0,Good,48.1,2017,10,Post-Monsoon
2017-10-23,58.3,96.2,35.7,10.0,1.17,31.6,57.0,Moderate,50.1,2017,10,Post-Monsoon
2017-10-24,49.3,80.1,32.0,11.0,1.88,28.4,49.0,Good,50.1,2017,10,Post-Monsoon
2017-10-25,45.3,82.7,35.8,12.5,0.89,34.0,49.0,Good,50.6,2017,10,Post-Monsoon
2017-10-26,52.4,93.1,38.7,13.6,1.05,32.2,55.0,Moderate,51.4,2017,10,Post-Monsoon
2017-10-27,64.5,99.3,38.3,12.0,1.16,26.2,61.0,Moderate,53.1,2017,10,Post-Monsoon
2017-10-28,53.1,93.7,38.0,10.9,1.4,25.7,54.0,Moderate,53.1,2017,10,Post-Monsoon
2017-10-29,48.3,91.5,27.2,12.4,1.36,34.5,51.0,Moderate,53.7,2017,10,Post-Monsoon
2017-10-30,40.1,61.8,37.2,8.6,1.16,18.7,40.0,Good,51.3,2017,10,Post-Monsoon
2017-10-31,49.3,95.8,39.5,8.8,1.39,36.9,54.0,Moderate,52.0,2017,10,Post-Monsoon
2017-11-01,52.4,93.8,37.0,10.6,1.64,26.3,54.0,Moderate,52.7,2017,11,Post-Monsoon
2017-11-02,48.1,95.0,41.5,12.6,1.36,33.1,53.0,Moderate,52.4,2017,11,Post-Monsoon
2017-11-03,39.1,61.6,36.6,9.7,1.04,31.7,41.0,Good,49.6,2017,11,Post-Monsoon
2017-11-04,44.8,89.5,38.6,9.9,1.32,27.9,49.0,Good,48.9,2017,11,Post-Monsoon
2017-11-05,61.0,111.1,33.0,6.3,1.15,31.2,61.0,Moderate,50.3,2017,11,Post-Monsoon
2017-11-06,60.8,108.5,39.3,15.1,1.0,29.9,62.0,Moderate,53.4,2017,11,Post-Monsoon
2017-11-07,44.6,78.4,40.1,9.8,1.36,33.4,48.0,Good,52.6,2017,11,Post-Monsoon
2017-11-08,55.5,83.9,34.1,4.8,1.12,25.6,52.0,Moderate,52.3,2017,11,Post-Monsoon
2017-11-09,42.5,83.8,31.3,10.6,1.27,32.8,47.0,Good,51.4,2017,11,Post-Monsoon
2017-11-10,60.6,110.5,35.2,11.2,1.46,19.7,60.0,Moderate,54.1,2017,11,Post-Monsoon
2017-11-11,52.5,81.2,33.0,9.8,1.43,32.3,51.0,Moderate,54.4,2017,11,Post-Monsoon
2017-11-12,57.4,86.8,39.4,8.5,1.65,29.3,55.0,Moderate,53.6,2017,11,Post-Monsoon
2017-11-13,38.8,59.2,35.0,12.1,0.92,31.6,40.0,Good,50.4,2017,11,Post-Monsoon
2017-11-14,55.5,100.2,39.9,11.9,1.3,32.2,58.0,Moderate,51.9,2017,11,Post-Monsoon
2017-11-15,50.7,91.7,30.7,11.4,1.6,36.4,53.0,Moderate,52.0,2017,11,Post-Monsoon
2017-11-16,56.8,99.3,33.7,8.8,0.93,29.7,57.0,Moderate,53.4,2017,11,Post-Monsoon
2017-11-17,57.2,94.6,33.9,9.1,1.31,24.7,56.0,Moderate,52.9,2017,11,Post-Monsoon
2017-11-18,51.3,90.5,38.1,9.6,1.4,38.1,54.0,Moderate,53.3,2017,11,Post-Monsoon
2017-11-19,46.6,81.9,28.7,9.5,1.08,30.8,48.0,Good,52.3,2017,11,Post-Monsoon
2017-11-20,56.3,84.9,35.9,11.6,1.18,33.3,54.0,Moderate,54.3,2017,11,Post-Monsoon
2017-11-21,50.4,82.7,35.5,9.5,1.05,27.0,50.0,Good,53.1,2017,11,Post-Monsoon
2017-11-22,44.7,68.2,38.4,8.4,1.42,27.0,45.0,Good,52.0,2017,11,Post-Monsoon
2017-11-23,44.4,86.5,37.2,11.1,0.73,29.6,49.0,Good,50.9,2017,11,Post-Monsoon
2017-11-24,40.5,75.4,33.2,15.1,1.16,31.7,44.0,Good,49.1,2017,11,Post-Monsoon
2017-11-25,47.2,94.4,28.0,8.7,1.17,30.4,50.0,Good,48.6,2017,11,Post-Monsoon
2017-11-26,58.5,96.6,33.9,8.9,1.58,24.0,57.0,Moderate,49.9,2017,11,Post-Monsoon
2017-11-27,52.0,100.9,31.9,10.1,0.96,36.6,55.0,Moderate,50.0,2017,11,Post-Monsoon
2017-11-28,47.1,84.8,32.2,11.8,1.67,23.0,48.0,Good,49.7,2017,11,Post-Monsoon
2017-11-29,56.4,97.4,34.1,11.4,1.54,30.6,56.0,Moderate,51.3,2017,11,Post-Monsoon
2017-11-30,45.0,72.5,40.3,10.1,1.61,29.1,46.0,Good,50.9,2017,11,Post-Monsoon
2017-12-01,56.3,105.2,35.5,10.4,1.38,41.6,59.0,Moderate,53.0,2017,12,Winter
2017-12-02,54.3,106.1,33.2,15.5,1.39,26.8,57.0,Moderate,54.0,2017,12,Winter
2017-12-03,61.1,98.8,38.3,13.6,1.29,22.9,59.0,Moderate,54.3,2017,12,Winter
2017-12-04,44.6,70.7,39.5,14.8,1.64,32.3,46.0,Good,53.0,2017,12,Winter
2017-12-05,49.6,91.8,39.2,12.7,1.4,26.5,52.0,Moderate,53.6,2017,12,Winter
2017-12-06,44.1,87.8,38.0,11.1,1.29,34.4,49.0,Good,52.6,2017,12,Winter
2017-12-07,53.8,100.8,39.6,12.1,1.4,33.4,57.0,Moderate,54.1,2017,12,Winter
2017-12-08,64.1,105.2,41.5,14.9,1.58,32.6,63.0,Moderate,54.7,2017,12,Winter
2017-12-09,52.1,89.0,37.1,12.3,1.17,25.2,53.0,Moderate,54.1,2017,12,Winter
2017-12-10,52.0,88.0,44.6,7.9,1.25,33.5,54.0,Moderate,53.4,2017,12,Winter
2017-12-11,61.7,118.8,39.9,14.1,1.83,40.7,65.0,Moderate,56.1,2017,12,Winter
2017-12-12,63.1,118.9,44.5,14.3,1.26,27.3,65.0,Moderate,58.0,2017,12,Winter
2017-12-13,55.0,98.7,41.7,13.8,1.85,28.3,57.0,Moderate,59.1,2017,12,Winter
2017-12-14,60.4,98.9,35.6,8.6,1.36,28.6,59.0,Moderate,59.4,2017,12,Winter
2017-12-15,48.1,94.6,32.8,12.1,1.15,27.8,51.0,Moderate,57.7,2017,12,Winter
2017-12-16,65.2,119.2,44.9,13.4,1.83,30.0,67.0,Moderate,59.7,2017,12,Winter
2017-12-17,70.6,140.2,37.0,11.3,1.93,29.5,72.0,Moderate,62.3,2017,12,Winter
2017-12-18,59.2,106.1,40.2,12.1,1.34,29.1,60.0,Moderate,61.6,2017,12,Winter
2017-12-19,41.0,78.4,38.2,12.4,1.76,25.1,45.0,Good,58.7,2017,12,Winter
2017-12-20,51.7,98.6,46.0,9.6,1.52,35.5,56.0,Moderate,58.6,2017,12,Winter
2017-12-21,59.9,99.9,40.3,12.2,1.53,31.5,60.0,Moderate,58.7,2017,12,Winter
2017-12-22,52.6,104.4,35.1,9.3,1.57,34.5,56.0,Moderate,59.4,2017,12,Winter
2017-12-23,64.5,97.5,39.5,11.1,1.5,32.7,62.0,Moderate,58.7,2017,12,Winter
2017-12-24,59.7,112.5,45.1,10.1,1.52,16.5,61.0,Moderate,57.1,2017,12,Winter
2017-12-25,50.7,100.4,37.1,13.1,1.49,34.4,55.0,Moderate,56.4,2017,12,Winter
2017-12-26,55.8,93.2,34.4,12.6,1.35,34.0,56.0,Moderate,58.0,2017,12,Winter
2017-12-27,49.3,90.0,43.5,12.4,1.31,31.2,53.0,Moderate,57.6,2017,12,Winter
2017-12-28,54.3,96.8,36.7,11.9,1.2,40.9,57.0,Moderate,57.1,2017,12,Winter
2017-12-29,51.7,97.3,33.8,12.2,1.02,35.3,55.0,Moderate,57.0,2017,12,Winter
2017-12-30,63.8,123.4,36.8,15.3,1.47,35.2,66.0,Moderate,57.6,2017,12,Winter
2017-12-31,70.4,126.8,41.5,13.9,1.28,21.8,70.0,Moderate,58.9,2017,12,Winter
2018-01-01,46.5,88.7,42.6,9.5,1.08,37.1,52.0,Moderate,58.4,2018,1,Winter
2018-01-02,43.0,71.3,42.5,10.4,1.28,33.8,46.0,Good,57.0,2018,1,Winter
2018-01-03,54.8,88.4,36.8,11.0,1.36,23.8,54.0,Moderate,57.1,2018,1,Winter
2018-01-04,45.9,78.7,44.5,11.0,1.35,32.2,49.0,Good,56.0,2018,1,Winter
2018-01-05,56.8,104.5,43.8,9.8,1.84,22.3,59.0,Moderate,56.6,2018,1,Winter
2018-01-06,61.7,98.4,42.8,12.6,1.34,34.2,61.0,Moderate,55.9,2018,1,Winter
2018-01-07,67.0,123.2,36.7,11.3,1.85,31.8,67.0,Moderate,55.4,2018,1,Winter
2018-01-08,57.9,98.3,38.5,11.9,1.3,28.0,58.0,Moderate,56.3,2018,1,Winter
2018-01-09,55.1,104.7,42.2,8.0,1.61,34.6,59.0,Moderate,58.1,2018,1,Winter
2018-01-10,42.7,64.8,43.3,8.3,1.24,27.4,44.0,Good,56.7,2018,1,Winter
2018-01-11,56.7,104.0,36.9,10.4,1.92,31.9,58.0,Moderate,58.0,2018,1,Winter
2018-01-12,57.0,104.0,48.0,12.7,1.8,36.9,61.0,Moderate,58.3,2018,1,Winter
2018-01-13,61.0,120.1,40.4,12.4,1.68,29.8,64.0,Moderate,58.7,2018,1,Winter
2018-01-14,51.5,95.7,44.8,13.5,1.98,26.8,55.0,Moderate,57.0,2018,1,Winter
2018-01-15,53.5,101.5,36.0,10.0,1.71,37.2,57.0,Moderate,56.9,2018,1,Winter
2018-01-16,46.2,90.1,41.8,12.8,1.6,32.4,51.0,Moderate,55.7,2018,1,Winter
2018-01-17,40.5,74.3,35.9,14.5,1.15,42.0,45.0,Good,55.9,2018,1,Winter
2018-01-18,48.7,80.2,41.6,13.3,0.9,34.6,51.0,Moderate,54.9,2018,1,Winter
2018-01-19,45.5,88.1,42.8,8.9,1.17,36.0,51.0,Moderate,53.4,2018,1,Winter
2018-01-20,58.9,110.3,43.1,13.7,1.07,34.1,62.0,Moderate,53.1,2018,1,Winter
2018-01-21,52.9,90.5,38.0,12.1,1.29,35.2,54.0,Moderate,53.0,2018,1,Winter
2018-01-22,52.7,97.8,33.7,12.4,1.76,35.6,55.0,Moderate,52.7,2018,1,Winter
2018-01-23,49.6,95.9,42.3,16.4,1.22,36.0,55.0,Moderate,53.3,2018,1,Winter
2018-01-24,33.9,67.3,39.4,11.9,1.37,27.2,40.0,Good,52.6,2018,1,Winter
2018-01-25,67.1,132.5,39.4,12.7,1.5,28.6,69.0,Moderate,55.1,2018,1,Winter
2018-01-26,49.5,82.3,37.3,11.6,1.51,36.3,51.0,Moderate,55.1,2018,1,Winter
2018-01-27,53.6,91.7,40.8,11.0,1.34,33.6,55.0,Moderate,54.1,2018,1,Winter
2018-01-28,46.3,72.0,41.0,12.2,1.79,29.5,47.0,Good,53.1,2018,1,Winter
2018-01-29,63.3,102.8,45.2,10.6,1.5,34.9,63.0,Moderate,54.3,2018,1,Winter
2018-01-30,57.5,111.6,32.9,11.7,1.53,41.6,61.0,Moderate,55.1,2018,1,Winter
2018-01-31,50.7,85.2,35.7,10.8,2.11,34.6,52.0,Moderate,56.9,2018,1,Winter
2018-02-01,53.8,97.3,42.8,7.3,1.92,35.9,57.0,Moderate,55.1,2018,2,Winter
2018-02-02,68.2,125.1,32.2,10.5,1.49,36.2,68.0,Moderate,57.6,2018,2,Winter
2018-02-03,56.0,105.9,38.1,13.4,1.63,31.1,59.0,Moderate,58.1,2018,2,Winter
2018-02-04,55.2,87.9,50.5,12.5,1.26,34.0,57.0,Moderate,59.6,2018,2,Winter
2018-02-05,49.9,82.5,39.9,11.0,0.97,23.9,50.0,Good,57.7,2018,2,Winter
2018-02-06,43.2,74.5,43.8,11.6,1.66,29.8,47.0,Good,55.7,2018,2,Winter
2018-02-07,55.4,93.2,34.3,9.8,1.23,34.3,55.0,Moderate,56.1,2018,2,Winter
2018-02-08,58.8,117.1,43.8,10.1,1.63,28.9,63.0,Moderate,57.0,2018,2,Winter
2018-02-09,64.2,123.1,39.5,11.5,2.03,34.9,67.0,Moderate,56.9,2018,2,Winter
2018-02-10,40.8,70.9,42.1,11.0,1.02,33.6,45.0,Good,54.9,2018,2,Winter
2018-02-11,48.6,94.3,43.2,9.9,0.92,41.9,54.0,Moderate,54.4,2018,2,Winter
2018-02-12,52.4,87.8,38.9,11.3,1.26,45.5,55.0,Moderate,55.1,2018,2,Winter
2018-02-13,56.5,106.9,42.9,9.2,1.69,35.3,60.0,Moderate,57.0,2018,2,Winter
2018-02-14,55.5,89.4,36.5,14.6,1.8,37.6,56.0,Moderate,57.1,2018,2,Winter
2018-02-15,55.6,105.0,41.2,13.2,1.69,41.9,60.0,Moderate,56.7,2018,2,Winter
2018-02-16,59.4,102.6,43.1,7.1,1.56,36.0,61.0,Moderate,55.9,2018,2,Winter
2018-02-17,50.2,78.0,38.8,13.1,1.49,38.3,51.0,Moderate,56.7,2018,2,Winter
2018-02-18,63.0,103.2,37.1,10.7,1.52,29.3,61.0,Moderate,57.7,2018,2,Winter
2018-02-19,59.5,101.3,39.2,10.4,1.79,39.0,60.0,Moderate,58.4,2018,2,Winter
2018-02-20,54.3,101.7,45.3,13.0,1.33,43.0,59.0,Moderate,58.3,2018,2,Winter
2018-02-21,67.7,104.0,44.7,11.2,1.5,31.2,65.0,Moderate,59.6,2018,2,Winter
2018-02-22,67.4,123.3,44.0,10.7,1.2,28.6,68.0,Moderate,60.7,2018,2,Winter
2018-02-23,63.0,117.1,47.1,8.8,1.58,43.5,67.0,Moderate,61.6,2018,2,Winter
2018-02-24,35.4,64.6,41.1,13.3,1.49,35.6,41.0,Good,60.1,2018,2,Winter
2018-02-25,67.6,127.0,41.8,13.5,2.14,33.5,69.0,Moderate,61.3,2018,2,Winter
2018-02-26,62.1,98.6,33.1,11.8,1.12,38.0,60.0,Moderate,61.3,2018,2,Winter
2018-02-27,70.5,126.5,37.5,9.1,1.72,35.0,70.0,Moderate,62.9,2018,2,Winter
2018-02-28,65.2,128.4,43.1,12.1,1.36,32.7,69.0,Moderate,63.4,2018,2,Winter
2018-03-01,62.7,113.3,41.0,11.7,1.56,30.4,64.0,Moderate,62.9,2018,3,Summer
2018-03-02,57.9,104.5,32.3,10.4,1.54,47.2,60.0,Moderate,61.9,2018,3,Summer
2018-03-03,61.1,114.2,37.1,12.2,1.28,46.6,64.0,Moderate,65.1,2018,3,Summer
2018-03-04,65.7,109.4,46.1,10.8,1.09,37.2,66.0,Moderate,64.7,2018,3,Summer
2018-03-05,53.2,98.5,37.1,11.1,1.09,51.7,58.0,Moderate,64.4,2018,3,Summer
2018-03-06,40.7,79.7,43.3,13.4,1.38,45.4,48.0,Good,61.3,2018,3,Summer
2018-03-07,49.5,74.6,38.9,9.5,1.17,38.7,50.0,Good,58.6,2018,3,Summer
2018-03-08,54.4,105.3,39.7,7.3,1.29,50.4,60.0,Moderate,58.0,2018,3,Summer
2018-03-09,52.2,84.0,33.9,10.1,1.04,29.0,51.0,Moderate,56.7,2018,3,Summer
2018-03-10,43.0,74.3,31.1,9.3,1.48,38.3,45.0,Good,54.0,2018,3,Summer
2018-03-11,40.3,77.6,40.4,7.6,1.13,48.3,47.0,Good,51.3,2018,3,Summer
2018-03-12,46.5,88.9,38.7,11.7,1.25,38.0,51.0,Moderate,50.3,2018,3,Summer
2018-03-13,57.4,111.6,37.7,10.5,1.68,45.7,62.0,Moderate,52.3,2018,3,Summer
2018-03-14,62.8,123.7,32.2,6.8,1.39,35.1,65.0,Moderate,54.4,2018,3,Summer
2018-03-15,58.1,100.2,36.1,13.5,1.54,36.8,59.0,Moderate,54.3,2018,3,Summer
2018-03-16,59.1,108.0,35.0,9.0,1.11,42.2,61.0,Moderate,55.7,2018,3,Summer
2018-03-17,51.1,86.7,35.4,9.2,1.42,43.8,53.0,Moderate,56.9,2018,3,Summer
2018-03-18,39.5,66.2,38.4,12.3,1.46,41.6,44.0,Good,56.4,2018,3,Summer
2018-03-19,48.5,83.2,40.3,11.3,1.11,38.7,51.0,Moderate,56.4,2018,3,Summer
2018-03-20,49.9,93.4,38.6,12.6,1.37,36.2,54.0,Moderate,55.3,2018,3,Summer
2018-03-21,48.2,84.4,38.3,6.1,1.24,52.9,52.0,Moderate,53.4,2018,3,Summer
2018-03-22,52.1,99.3,38.0,9.9,1.42,42.9,56.0,Moderate,53.0,2018,3,Summer
2018-03-23,54.8,102.6,36.8,10.7,1.02,46.9,59.0,Moderate,52.7,2018,3,Summer
2018-03-24,57.7,87.1,34.2,13.1,1.09,46.4,57.0,Moderate,53.3,2018,3,Summer
2018-03-25,49.8,90.3,37.7,8.8,1.0,39.3,53.0,Moderate,54.6,2018,3,Summer
2018-03-26,38.4,65.9,40.5,9.8,1.06,42.0,43.0,Good,53.4,2018,3,Summer
2018-03-27,48.3,83.5,37.0,10.7,1.19,38.1,51.0,Moderate,53.0,2018,3,Summer
2018-03-28,52.0,99.3,33.8,12.0,1.48,45.9,56.0,Moderate,53.6,2018,3,Summer
2018-03-29,60.3,106.9,32.7,8.2,1.37,41.4,61.0,Moderate,54.3,2018,3,Summer
2018-03-30,47.7,92.7,33.7,12.1,1.37,50.5,53.0,Moderate,53.4,2018,3,Summer
2018-03-31,55.3,102.6,32.9,9.3,1.11,34.4,57.0,Moderate,53.4,2018,3,Summer
2018-04-01,53.7,95.4,49.1,11.2,1.34,45.1,58.0,Moderate,54.1,2018,4,Summer
2018-04-02,52.0,97.6,34.0,10.1,1.66,55.4,57.0,Moderate,56.1,2018,4,Summer
2018-04-03,58.2,88.4,37.3,11.0,1.42,39.2,57.0,Moderate,57.0,2018,4,Summer
2018-04-04,47.1,71.2,37.2,10.9,1.55,43.8,48.0,Good,55.9,2018,4,Summer
2018-04-05,47.7,73.5,43.2,13.0,1.22,41.4,50.0,Good,54.3,2018,4,Summer
2018-04-06,51.6,88.7,39.2,10.0,1.23,47.7,55.0,Moderate,54.6,2018,4,Summer
2018-04-07,47.2,76.4,39.2,9.8,1.48,33.3,49.0,Good,53.4,2018,4,Summer
2018-04-08,55.3,110.1,38.2,12.6,1.12,37.5,60.0,Moderate,53.7,2018,4,Summer
2018-04-09,46.7,82.7,38.6,13.3,1.32,38.6,50.0,Good,52.7,2018,4,Summer
2018-04-10,53.3,97.6,38.8,9.7,1.4,48.1,57.0,Moderate,52.7,2018,4,Summer
2018-04-11,51.0,83.6,35.0,11.8,1.25,42.9,52.0,Moderate,53.3,2018,4,Summer
2018-04-12,53.2,88.4,33.8,8.7,1.14,40.8,54.0,Moderate,53.9,2018,4,Summer
2018-04-13,48.5,80.9,37.7,11.8,1.19,46.1,51.0,Moderate,53.3,2018,4,Summer
2018-04-14,49.3,91.2,35.4,12.3,1.01,45.3,53.0,Moderate,53.9,2018,4,Summer
2018-04-15,52.4,91.0,38.2,9.9,1.42,43.3,55.0,Moderate,53.1,2018,4,Summer
2018-04-16,53.1,93.4,33.2,12.7,1.56,41.9,55.0,Moderate,53.9,2018,4,Summer
2018-04-17,51.7,92.8,31.6,9.9,1.22,40.0,54.0,Moderate,53.4,2018,4,Summer
2018-04-18,63.6,119.9,32.4,10.5,2.03,51.8,66.0,Moderate,55.4,2018,4,Summer
2018-04-19,44.8,69.2,37.2,11.2,1.16,52.2,48.0,Good,54.6,2018,4,Summer
2018-04-20,51.3,96.8,31.0,8.5,1.16,38.3,54.0,Moderate,55.0,2018,4,Summer
2018-04-21,40.7,72.5,45.3,7.7,1.54,43.0,46.0,Good,54.0,2018,4,Summer
2018-04-22,54.3,99.6,45.3,11.0,1.51,47.3,59.0,Moderate,54.6,2018,4,Summer
2018-04-23,43.9,73.0,41.0,9.0,1.52,40.6,47.0,Good,53.4,2018,4,Summer
2018-04-24,49.8,84.8,36.0,8.0,1.62,48.9,53.0,Moderate,53.3,2018,4,Summer
2018-04-25,49.1,79.3,35.6,12.0,1.12,46.4,51.0,Moderate,51.1,2018,4,Summer
2018-04-26,53.7,106.8,38.7,13.5,1.44,49.6,60.0,Moderate,52.9,2018,4,Summer
2018-04-27,47.8,83.6,39.9,12.2,1.0,57.1,53.0,Moderate,52.7,2018,4,Summer
2018-04-28,47.5,95.0,38.7,8.1,1.62,37.2,53.0,Moderate,53.7,2018,4,Summer
2018-04-29,61.8,107.7,32.3,10.8,1.6,53.0,63.0,Moderate,54.3,2018,4,Summer
2018-04-30,53.7,86.4,36.7,9.8,1.61,43.1,54.0,Moderate,55.3,2018,4,Summer
2018-05-01,47.8,83.8,39.6,8.7,1.34,49.3,52.0,Moderate,55.1,2018,5,Summer
2018-05-02,49.9,75.9,28.1,10.6,1.61,48.7,50.0,Good,55.0,2018,5,Summer
2018-05-03,63.2,123.4,33.1,10.3,1.39,53.0,67.0,Moderate,56.0,2018,5,Summer
2018-05-04,50.1,95.6,39.6,10.0,1.7,46.6,55.0,Moderate,56.3,2018,5,Summer
2018-05-05,46.9,87.3,36.3,12.4,1.27,42.2,51.0,Moderate,56.0,2018,5,Summer
2018-05-06,46.9,84.7,36.3,13.0,1.27,47.6,51.0,Moderate,54.3,2018,5,Summer
2018-05-07,47.9,85.7,41.9,9.8,1.46,54.9,53.0,Moderate,54.1,2018,5,Summer
2018-05-08,47.5,95.0,37.3,10.1,1.03,48.3,54.0,Moderate,54.4,2018,5,Summer
2018-05-09,42.7,70.1,35.6,10.0,1.29,43.7,46.0,Good,53.9,2018,5,Summer
2018-05-10,43.8,82.8,36.3,11.5,1.34,45.9,49.0,Good,51.3,2018,5,Summer
2018-05-11,45.9,82.2,36.4,11.1,1.02,48.0,50.0,Good,50.6,2018,5,Summer
2018-05-12,55.8,111.0,34.2,9.0,1.37,47.3,60.0,Moderate,51.9,2018,5,Summer
2018-05-13,49.0,93.8,36.6,10.2,1.47,46.7,54.0,Moderate,52.3,2018,5,Summer
2018-05-14,50.2,100.5,32.9,7.5,1.56,51.8,56.0,Moderate,52.7,2018,5,Summer
2018-05-15,60.6,108.7,36.2,7.3,0.98,57.0,64.0,Moderate,54.1,2018,5,Summer
2018-05-16,60.8,97.4,35.4,8.1,1.6,51.7,61.0,Moderate,56.3,2018,5,Summer
2018-05-17,49.7,87.1,38.4,9.9,0.83,50.1,54.0,Moderate,57.0,2018,5,Summer
2018-05-18,47.3,87.7,43.6,11.7,1.12,52.2,54.0,Moderate,57.6,2018,5,Summer
2018-05-19,45.6,86.1,38.5,8.9,1.86,50.3,51.0,Moderate,56.3,2018,5,Summer
2018-05-20,56.5,84.8,37.9,10.2,1.39,47.8,56.0,Moderate,56.6,2018,5,Summer
2018-05-21,50.3,88.1,38.4,10.9,1.09,44.2,53.0,Moderate,56.1,2018,5,Summer
2018-05-22,49.0,79.3,34.0,13.5,1.01,44.2,51.0,Moderate,54.3,2018,5,Summer
2018-05-23,46.0,89.1,40.3,10.6,1.03,47.1,52.0,Moderate,53.0,2018,5,Summer
2018-05-24,46.3,73.0,39.1,10.7,1.11,48.6,49.0,Good,52.3,2018,5,Summer
2018-05-25,53.9,98.9,37.3,9.2,1.59,52.9,58.0,Moderate,52.9,2018,5,Summer
2018-05-26,42.5,69.4,38.9,14.1,1.49,46.7,46.0,Good,52.1,2018,5,Summer
2018-05-27,58.7,98.5,38.8,12.0,1.62,45.5,60.0,Moderate,52.7,2018,5,Summer
2018-05-28,48.0,94.5,38.8,8.2,1.09,48.6,54.0,Moderate,52.9,2018,5,Summer
2018-05-29,50.7,82.1,41.5,13.4,0.85,49.4,54.0,Moderate,53.3,2018,5,Summer
2018-05-30,42.3,65.5,34.5,11.9,1.51,44.3,44.0,Good,52.1,2018,5,Summer
2018-05-31,51.6,79.2,42.7,10.9,1.33,43.7,53.0,Moderate,52.7,2018,5,Summer
2018-06-01,45.8,80.3,28.4,11.0,1.05,50.5,49.0,Good,51.4,2018,6,Southwest Monsoon
2018-06-02,47.7,86.9,37.4,12.0,1.49,46.6,52.0,Moderate,52.3,2018,6,Southwest Monsoon
2018-06-03,58.4,97.2,35.5,8.2,1.57,53.1,60.0,Moderate,52.3,2018,6,Southwest Monsoon
2018-06-04,49.3,91.0,30.9,8.9,1.68,48.6,53.0,Moderate,52.1,2018,6,Southwest Monsoon
2018-06-05,42.5,65.1,38.9,9.6,0.99,46.9,45.0,Good,50.9,2018,6,Southwest Monsoon
2018-06-06,43.1,83.2,27.5,7.2,1.55,41.3,47.0,Good,51.3,2018,6,Southwest Monsoon
2018-06-07,52.3,99.7,41.3,11.2,1.34,47.2,58.0,Moderate,52.0,2018,6,Southwest Monsoon
2018-06-08,57.2,114.0,43.8,9.1,1.09,42.3,63.0,Moderate,54.0,2018,6,Southwest Monsoon
2018-06-09,50.1,98.6,34.1,8.9,1.55,40.7,54.0,Moderate,54.3,2018,6,Southwest Monsoon
2018-06-10,52.9,88.8,30.7,8.4,1.02,54.7,55.0,Moderate,53.6,2018,6,Southwest Monsoon
2018-06-11,52.4,89.0,32.5,9.6,1.09,44.7,54.0,Moderate,53.7,2018,6,Southwest Monsoon
2018-06-12,58.0,108.7,38.7,10.0,1.47,51.5,62.0,Moderate,56.1,2018,6,Southwest Monsoon
2018-06-13,34.5,54.0,33.5,11.7,1.09,41.5,38.0,Good,54.9,2018,6,Southwest Monsoon
2018-06-14,52.8,87.4,23.1,11.7,1.35,43.4,52.0,Moderate,54.0,2018,6,Southwest Monsoon
2018-06-15,55.0,85.7,36.3,7.4,1.12,43.0,55.0,Moderate,52.9,2018,6,Southwest Monsoon
2018-06-16,38.7,66.9,38.4,10.6,1.29,50.4,44.0,Good,51.4,2018,6,Southwest Monsoon
2018-06-17,41.9,74.4,36.9,12.2,1.31,49.1,47.0,Good,50.3,2018,6,Southwest Monsoon
2018-06-18,42.1,67.7,37.5,9.3,1.01,40.2,45.0,Good,49.0,2018,6,Southwest Monsoon
2018-06-19,43.0,65.1,41.2,9.4,1.3,39.7,45.0,Good,46.6,2018,6,Southwest Monsoon
2018-06-20,44.7,83.2,34.0,8.9,1.11,49.1,49.0,Good,48.1,2018,6,Southwest Monsoon
2018-06-21,49.8,75.2,41.7,10.8,1.01,53.2,52.0,Moderate,48.1,2018,6,Southwest Monsoon
2018-06-22,54.2,107.6,34.2,10.3,0.97,52.9,60.0,Moderate,48.9,2018,6,Southwest Monsoon
2018-06-23,55.7,89.7,39.3,11.7,0.97,42.7,57.0,Moderate,50.7,2018,6,Southwest Monsoon
2018-06-24,42.2,77.4,34.2,9.5,1.09,44.3,47.0,Good,50.7,2018,6,Southwest Monsoon
2018-06-25,42.2,72.5,43.0,12.2,1.39,48.8,48.0,Good,51.1,2018,6,Southwest Monsoon
2018-06-26,57.3,87.7,37.4,10.9,0.9,49.1,57.0,Moderate,52.9,2018,6,Southwest Monsoon
2018-06-27,52.6,91.4,34.4,12.1,1.27,47.3,55.0,Moderate,53.7,2018,6,Southwest Monsoon
2018-06-28,48.7,85.6,30.0,8.5,1.34,44.2,51.0,Moderate,53.6,2018,6,Southwest Monsoon
2018-06-29,51.4,99.1,35.6,12.8,1.5,48.3,56.0,Moderate,53.0,2018,6,Southwest Monsoon
2018-06-30,47.9,89.4,31.5,8.6,1.11,46.7,52.0,Moderate,52.3,2018,6,Southwest Monsoon
2018-07-01,51.8,79.7,36.6,8.7,1.29,46.8,52.0,Moderate,53.0,2018,7,Southwest Monsoon
2018-07-02,45.7,73.4,37.4,8.9,0.96,50.2,49.0,Good,53.1,2018,7,Southwest Monsoon
2018-07-03,50.0,82.8,39.0,8.7,0.92,51.2,53.0,Moderate,52.6,2018,7,Southwest Monsoon
2018-07-04,37.5,58.5,37.0,13.5,1.34,47.3,41.0,Good,50.6,2018,7,Southwest Monsoon
2018-07-05,43.3,74.8,35.1,10.7,1.76,46.9,47.0,Good,50.0,2018,7,Southwest Monsoon
2018-07-06,43.4,86.4,40.1,10.7,1.41,44.6,50.0,Good,49.1,2018,7,Southwest Monsoon
2018-07-07,45.5,79.9,40.6,5.9,0.94,45.9,50.0,Good,48.9,2018,7,Southwest Monsoon
2018-07-08,41.6,77.9,30.6,12.3,0.96,49.0,46.0,Good,48.0,2018,7,Southwest Monsoon
2018-07-09,44.4,81.7,41.8,7.6,1.4,47.5,50.0,Good,48.1,2018,7,Southwest Monsoon
2018-07-10,37.5,72.2,39.7,9.6,1.43,42.3,44.0,Good,46.9,2018,7,Southwest Monsoon
2018-07-11,51.9,83.5,31.4,8.3,1.26,41.9,52.0,Moderate,48.4,2018,7,Southwest Monsoon
2018-07-12,47.5,89.2,27.3,10.2,1.19,41.6,50.0,Good,48.9,2018,7,Southwest Monsoon
2018-07-13,36.2,70.2,39.6,12.8,1.38,50.4,44.0,Good,48.0,2018,7,Southwest Monsoon
2018-07-14,42.3,67.0,35.6,7.8,0.99,36.3,44.0,Good,47.1,2018,7,Southwest Monsoon
2018-07-15,50.5,84.4,33.0,8.3,1.5,37.7,51.0,Moderate,47.9,2018,7,Southwest Monsoon
2018-07-16,44.3,87.9,36.1,10.0,1.33,41.3,50.0,Good,47.9,2018,7,Southwest Monsoon
2018-07-17,43.2,81.7,39.5,12.8,1.04,48.0,49.0,Good,48.6,2018,7,Southwest Monsoon
2018-07-18,47.6,78.1,26.7,8.9,1.22,42.8,48.0,Good,48.0,2018,7,Southwest Monsoon
2018-07-19,50.5,90.0,35.3,8.3,2.11,39.9,53.0,Moderate,48.4,2018,7,Southwest Monsoon
2018-07-20,38.0,64.8,35.0,10.0,1.17,45.7,42.0,Good,48.1,2018,7,Southwest Monsoon
2018-07-21,52.0,90.7,40.8,9.7,1.39,45.8,55.0,Moderate,49.7,2018,7,Southwest Monsoon
2018-07-22,42.5,71.3,38.1,7.7,1.45,47.6,46.0,Good,49.0,2018,7,Southwest Monsoon
2018-07-23,48.0,78.7,38.1,8.9,1.29,50.4,51.0,Moderate,49.1,2018,7,Southwest Monsoon
2018-07-24,47.9,87.9,33.0,5.8,1.14,49.6,52.0,Moderate,49.6,2018,7,Southwest Monsoon
2018-07-25,44.4,83.9,37.5,9.6,1.06,46.1,50.0,Good,49.9,2018,7,Southwest Monsoon
2018-07-26,40.9,79.3,32.9,7.2,1.2,42.7,46.0,Good,48.9,2018,7,Southwest Monsoon
2018-07-27,46.1,72.7,34.4,14.6,1.21,45.2,48.0,Good,49.7,2018,7,Southwest Monsoon
2018-07-28,59.5,113.7,37.1,10.8,1.56,40.9,63.0,Moderate,50.9,2018,7,Southwest Monsoon
2018-07-29,38.6,62.8,35.1,10.2,1.65,47.2,42.0,Good,50.3,2018,7,Southwest Monsoon
2018-07-30,59.9,102.7,36.1,10.8,1.7,40.2,60.0,Moderate,51.6,2018,7,Southwest Monsoon
2018-07-31,46.3,90.3,40.1,8.7,1.16,38.7,52.0,Moderate,51.6,2018,7,Southwest Monsoon
2018-08-01,48.3,83.5,33.3,9.4,1.51,47.1,51.0,Moderate,51.7,2018,8,Southwest Monsoon
2018-08-02,40.5,64.7,30.6,10.7,1.31,35.0,42.0,Good,51.1,2018,8,Southwest Monsoon
2018-08-03,42.7,67.5,31.2,7.7,0.98,39.1,44.0,Good,50.6,2018,8,Southwest Monsoon
2018-08-04,44.6,77.4,30.3,11.1,0.87,45.0,47.0,Good,48.3,2018,8,Southwest Monsoon
2018-08-05,40.8,76.7,41.2,13.9,1.16,41.4,47.0,Good,49.0,2018,8,Southwest Monsoon
2018-08-06,46.6,93.2,37.4,6.7,1.21,41.0,52.0,Moderate,47.9,2018,8,Southwest Monsoon
2018-08-07,45.3,85.7,39.1,10.8,1.02,36.3,50.0,Good,47.6,2018,8,Southwest Monsoon
2018-08-08,61.1,118.4,38.4,8.1,1.55,36.5,64.0,Moderate,49.4,2018,8,Southwest Monsoon
2018-08-09,39.9,74.8,34.0,11.1,1.62,40.3,45.0,Good,49.9,2018,8,Southwest Monsoon
2018-08-10,48.8,95.1,41.3,10.4,1.2,33.6,54.0,Moderate,51.3,2018,8,Southwest Monsoon
2018-08-11,49.8,76.7,32.0,13.5,1.63,40.9,50.0,Good,51.7,2018,8,Southwest Monsoon
2018-08-12,40.6,79.8,42.8,13.1,1.35,46.5,48.0,Good,51.9,2018,8,Southwest Monsoon
2018-08-13,52.9,89.8,35.3,6.8,0.75,45.9,55.0,Moderate,52.3,2018,8,Southwest Monsoon
2018-08-14,45.3,88.8,42.0,11.2,0.74,43.2,52.0,Moderate,52.6,2018,8,Southwest Monsoon
2018-08-15,30.7,47.1,30.6,11.2,1.33,41.3,34.0,Good,48.3,2018,8,Southwest Monsoon
2018-08-16,52.7,97.9,33.1,12.1,1.21,39.8,55.0,Moderate,49.7,2018,8,Southwest Monsoon
2018-08-17,40.3,75.2,28.4,10.6,1.01,40.4,44.0,Good,48.3,2018,8,Southwest Monsoon
2018-08-18,40.8,81.5,39.0,10.9,1.35,35.7,47.0,Good,47.9,2018,8,Southwest Monsoon
2018-08-19,52.9,99.7,35.8,7.6,1.79,36.9,56.0,Moderate,49.0,2018,8,Southwest Monsoon
2018-08-20,45.7,77.2,42.9,10.5,1.26,32.1,48.0,Good,48.0,2018,8,Southwest Monsoon
2018-08-21,54.5,97.0,32.9,9.3,1.14,43.7,56.0,Moderate,48.6,2018,8,Southwest Monsoon
2018-08-22,56.6,95.2,40.1,11.1,1.07,38.8,58.0,Moderate,52.0,2018,8,Southwest Monsoon
2018-08-23,43.6,69.7,35.1,9.5,0.95,48.2,46.0,Good,50.7,2018,8,Southwest Monsoon
2018-08-24,53.7,87.1,34.4,10.6,1.45,36.3,54.0,Moderate,52.1,2018,8,Southwest Monsoon
2018-08-25,42.8,69.0,33.6,10.9,1.14,38.8,45.0,Good,51.9,2018,8,Southwest Monsoon
2018-08-26,63.7,113.1,31.4,11.0,1.21,41.9,64.0,Moderate,53.0,2018,8,Southwest Monsoon
2018-08-27,43.2,84.5,36.3,8.2,1.14,40.4,48.0,Good,53.0,2018,8,Southwest Monsoon
2018-08-28,55.3,108.2,35.6,14.5,1.65,38.0,59.0,Moderate,53.4,2018,8,Southwest Monsoon
2018-08-29,54.0,82.5,28.5,10.2,0.89,46.2,53.0,Moderate,52.7,2018,8,Southwest Monsoon
2018-08-30,50.3,77.5,24.8,11.0,1.42,33.9,48.0,Good,53.0,2018,8,Southwest Monsoon
2018-08-31,43.4,70.4,33.5,9.8,1.46,40.8,45.0,Good,51.7,2018,8,Southwest Monsoon
2018-09-01,47.0,76.6,39.4,7.5,1.06,35.8,49.0,Good,52.3,2018,9,Southwest Monsoon
2018-09-02,33.0,51.1,35.7,11.3,1.4,37.0,36.0,Good,48.3,2018,9,Southwest Monsoon
2018-09-03,49.7,84.2,29.6,10.2,1.2,38.6,50.0,Good,48.6,2018,9,Southwest Monsoon
2018-09-04,50.5,90.7,27.7,11.5,1.45,36.7,52.0,Moderate,47.6,2018,9,Southwest Monsoon
2018-09-05,49.0,87.7,39.4,8.4,1.0,36.4,52.0,Moderate,47.4,2018,9,Southwest Monsoon
2018-09-06,27.3,48.3,28.2,9.0,1.31,30.1,31.0,Good,45.0,2018,9,Southwest Monsoon
2018-09-07,39.2,65.5,37.8,10.2,1.26,40.9,43.0,Good,44.7,2018,9,Southwest Monsoon
2018-09-08,42.9,79.4,37.1,9.8,1.38,29.7,46.0,Good,44.3,2018,9,Southwest Monsoon
2018-09-09,50.1,95.9,41.3,9.1,0.65,43.0,55.0,Moderate,47.0,2018,9,Southwest Monsoon
2018-09-10,50.1,83.9,32.3,10.2,1.07,35.9,51.0,Moderate,47.1,2018,9,Southwest Monsoon
2018-09-11,46.9,72.4,38.6,12.6,1.39,40.4,48.0,Good,46.6,2018,9,Southwest Monsoon
2018-09-12,52.5,86.6,40.4,10.6,1.68,25.2,53.0,Moderate,46.7,2018,9,Southwest Monsoon
2018-09-13,40.9,64.2,29.5,12.0,1.51,35.8,42.0,Good,48.3,2018,9,Southwest Monsoon
2018-09-14,52.4,90.8,35.3,9.4,1.35,35.7,54.0,Moderate,49.9,2018,9,Southwest Monsoon
2018-09-15,51.4,81.1,34.6,9.8,1.03,31.7,51.0,Moderate,50.6,2018,9,Southwest Monsoon
2018-09-16,50.7,87.9,30.5,10.2,1.32,39.3,52.0,Moderate,50.1,2018,9,Southwest Monsoon
2018-09-17,46.8,75.4,35.9,8.8,1.39,32.5,48.0,Good,49.7,2018,9,Southwest Monsoon
2018-09-18,60.9,113.9,30.1,10.2,1.69,31.2,61.0,Moderate,51.6,2018,9,Southwest Monsoon
2018-09-19,51.6,78.0,36.3,12.8,1.02,33.4,51.0,Moderate,51.3,2018,9,Southwest Monsoon
2018-09-20,41.3,73.4,43.5,13.2,1.15,39.2,46.0,Good,51.9,2018,9,Southwest Monsoon
2018-09-21,49.8,79.0,34.0,12.5,1.75,36.0,50.0,Good,51.3,2018,9,Southwest Monsoon
2018-09-22,53.4,80.1,34.4,10.3,1.2,36.4,52.0,Moderate,51.4,2018,9,Southwest Monsoon
2018-09-23,44.0,85.1,40.5,8.3,1.37,37.9,49.0,Good,51.0,2018,9,Southwest Monsoon
2018-09-24,55.7,102.3,39.8,14.6,0.98,33.4,58.0,Moderate,52.4,2018,9,Southwest Monsoon
2018-09-25,50.8,78.7,32.3,8.7,1.16,38.8,50.0,Good,50.9,2018,9,Southwest Monsoon
2018-09-26,31.7,58.1,37.6,12.7,1.33,35.7,37.0,Good,48.9,2018,9,Southwest Monsoon
2018-09-27,50.2,90.6,23.0,10.4,1.15,37.6,51.0,Moderate,49.6,2018,9,Southwest Monsoon
2018-09-28,45.3,78.6,30.8,7.6,1.29,30.3,46.0,Good,49.0,2018,9,Southwest Monsoon
2018-09-29,51.9,88.7,39.1,6.7,1.31,34.1,53.0,Moderate,49.1,2018,9,Southwest Monsoon
2018-09-30,54.7,106.3,32.8,12.5,1.26,37.8,58.0,Moderate,50.4,2018,9,Southwest Monsoon
2018-10-01,53.1,86.1,36.7,9.3,1.16,41.6,54.0,Moderate,49.9,2018,10,Post-Monsoon
2018-10-02,63.4,107.7,33.8,7.9,1.56,38.0,62.0,Moderate,51.6,2018,10,Post-Monsoon
2018-10-03,50.4,84.0,33.2,9.9,1.4,38.0,51.0,Moderate,53.6,2018,10,Post-Monsoon
2018-10-04,56.1,105.7,27.5,10.4,1.18,26.0,56.0,Moderate,54.3,2018,10,Post-Monsoon
2018-10-05,57.3,112.3,36.0,11.2,1.15,31.5,60.0,Moderate,56.3,2018,10,Post-Monsoon
2018-10-06,51.0,98.2,39.4,11.1,1.09,35.5,55.0,Moderate,56.6,2018,10,Post-Monsoon
2018-10-07,57.2,108.5,38.5,9.0,1.65,26.4,59.0,Moderate,56.7,2018,10,Post-Monsoon
2018-10-08,47.5,94.8,34.2,10.5,1.17,34.5,52.0,Moderate,56.4,2018,10,Post-Monsoon
2018-10-09,48.7,90.1,31.8,13.9,1.12,30.7,51.0,Moderate,54.9,2018,10,Post-Monsoon
2018-10-10,42.5,79.7,36.0,8.3,1.1,30.8,46.0,Good,54.1,2018,10,Post-Monsoon
2018-10-11,53.4,106.3,32.2,11.4,0.85,32.4,57.0,Moderate,54.3,2018,10,Post-Monsoon
2018-10-12,54.0,81.2,34.4,8.3,1.9,33.8,52.0,Moderate,53.1,2018,10,Post-Monsoon
2018-10-13,60.0,108.9,38.0,9.6,1.37,35.5,62.0,Moderate,54.1,2018,10,Post-Monsoon
2018-10-14,57.2,107.0,34.0,12.7,1.13,26.4,58.0,Moderate,54.0,2018,10,Post-Monsoon
2018-10-15,49.7,97.4,42.6,6.4,1.26,36.4,55.0,Moderate,54.4,2018,10,Post-Monsoon
2018-10-16,43.5,84.4,33.3,14.6,1.04,34.7,48.0,Good,54.0,2018,10,Post-Monsoon
2018-10-17,54.7,105.1,35.1,7.9,1.4,30.2,57.0,Moderate,55.6,2018,10,Post-Monsoon
2018-10-18,59.5,117.3,40.9,6.4,1.31,36.1,63.0,Moderate,56.4,2018,10,Post-Monsoon
2018-10-19,57.0,100.8,40.3,10.5,1.63,22.9,58.0,Moderate,57.3,2018,10,Post-Monsoon
2018-10-20,59.3,89.1,39.6,9.6,1.18,32.0,57.0,Moderate,56.6,2018,10,Post-Monsoon
2018-10-21,50.2,75.6,34.9,9.2,1.44,28.2,49.0,Good,55.3,2018,10,Post-Monsoon
2018-10-22,48.4,85.8,39.8,11.7,1.35,25.7,51.0,Moderate,54.7,2018,10,Post-Monsoon
2018-10-23,46.5,79.9,40.7,8.6,1.14,23.4,48.0,Good,54.7,2018,10,Post-Monsoon
2018-10-24,51.3,88.5,39.3,11.6,1.44,33.9,53.0,Moderate,54.1,2018,10,Post-Monsoon
2018-10-25,51.1,87.0,37.4,12.1,1.33,33.2,52.0,Moderate,52.6,2018,10,Post-Monsoon
2018-10-26,53.1,104.1,39.8,7.7,1.6,36.6,57.0,Moderate,52.4,2018,10,Post-Monsoon
2018-10-27,50.8,85.3,37.2,12.5,1.45,33.8,52.0,Moderate,51.7,2018,10,Post-Monsoon
2018-10-28,50.8,97.9,39.1,12.0,1.23,28.9,54.0,Moderate,52.4,2018,10,Post-Monsoon
2018-10-29,46.3,90.3,37.8,13.6,1.57,43.9,52.0,Moderate,52.6,2018,10,Post-Monsoon
2018-10-30,58.3,102.0,31.5,10.5,1.42,35.3,58.0,Moderate,54.0,2018,10,Post-Monsoon
2018-10-31,52.2,90.0,35.2,8.8,1.22,24.4,52.0,Moderate,53.9,2018,10,Post-Monsoon
2018-11-01,50.5,94.9,45.8,13.0,1.59,29.4,55.0,Moderate,54.3,2018,11,Post-Monsoon
2018-11-02,46.5,86.2,29.8,10.5,1.57,31.1,49.0,Good,53.1,2018,11,Post-Monsoon
2018-11-03,42.4,70.5,43.7,14.1,1.12,28.6,45.0,Good,52.1,2018,11,Post-Monsoon
2018-11-04,60.9,94.4,40.0,11.9,1.17,40.1,60.0,Moderate,53.0,2018,11,Post-Monsoon
2018-11-05,55.6,90.7,37.6,10.4,1.38,28.4,55.0,Moderate,53.4,2018,11,Post-Monsoon
2018-11-06,40.3,63.1,30.8,8.7,1.26,27.8,41.0,Good,51.0,2018,11,Post-Monsoon
2018-11-07,57.0,94.0,37.5,10.2,1.27,33.4,57.0,Moderate,51.7,2018,11,Post-Monsoon
2018-11-08,58.2,94.8,34.5,12.3,1.15,30.2,57.0,Moderate,52.0,2018,11,Post-Monsoon
2018-11-09,52.6,95.6,42.3,7.4,1.39,28.5,55.0,Moderate,52.9,2018,11,Post-Monsoon
2018-11-10,62.9,124.3,34.8,9.6,1.41,40.3,66.0,Moderate,55.9,2018,11,Post-Monsoon
2018-11-11,53.2,98.1,36.4,7.2,0.99,37.1,56.0,Moderate,55.3,2018,11,Post-Monsoon
2018-11-12,41.8,82.0,38.5,8.4,1.25,22.4,46.0,Good,54.0,2018,11,Post-Monsoon
2018-11-13,54.3,102.7,34.9,9.2,1.21,38.7,57.0,Moderate,56.3,2018,11,Post-Monsoon
2018-11-14,53.4,99.6,41.3,9.9,1.42,28.4,56.0,Moderate,56.1,2018,11,Post-Monsoon
2018-11-15,47.5,81.0,36.3,11.2,1.49,35.0,49.0,Good,55.0,2018,11,Post-Monsoon
2018-11-16,55.7,92.6,30.0,11.9,1.53,39.2,55.0,Moderate,55.0,2018,11,Post-Monsoon
2018-11-17,40.0,77.0,38.1,13.2,1.26,33.3,45.0,Good,52.0,2018,11,Post-Monsoon
2018-11-18,58.6,114.5,40.7,13.7,1.48,40.6,63.0,Moderate,53.0,2018,11,Post-Monsoon
2018-11-19,45.6,78.6,43.3,12.8,0.97,33.4,49.0,Good,53.4,2018,11,Post-Monsoon
2018-11-20,44.8,67.4,39.7,9.7,1.68,32.3,46.0,Good,51.9,2018,11,Post-Monsoon
2018-11-21,50.9,96.5,42.1,10.9,1.18,34.1,55.0,Moderate,51.7,2018,11,Post-Monsoon
2018-11-22,54.7,89.9,39.5,9.3,1.01,22.9,54.0,Moderate,52.4,2018,11,Post-Monsoon
2018-11-23,52.8,79.5,33.7,11.0,1.18,28.0,51.0,Moderate,51.9,2018,11,Post-Monsoon
2018-11-24,46.5,88.5,34.4,10.1,1.71,23.7,49.0,Good,52.4,2018,11,Post-Monsoon
2018-11-25,48.2,84.7,28.3,8.2,1.51,28.1,48.0,Good,50.3,2018,11,Post-Monsoon
2018-11-26,43.8,80.6,36.6,13.4,1.8,31.3,47.0,Good,50.0,2018,11,Post-Monsoon
2018-11-27,50.1,98.1,40.1,13.9,1.43,28.3,54.0,Moderate,51.1,2018,11,Post-Monsoon
2018-11-28,59.2,104.9,31.2,8.9,1.69,28.3,59.0,Moderate,51.7,2018,11,Post-Monsoon
2018-11-29,51.7,90.5,42.7,11.5,1.26,22.2,53.0,Moderate,51.6,2018,11,Post-Monsoon
2018-11-30,57.7,95.0,37.1,9.0,1.02,26.4,57.0,Moderate,52.4,2018,11,Post-Monsoon
2018-12-01,66.7,110.2,37.5,11.3,1.58,37.3,65.0,Moderate,54.7,2018,12,Winter
2018-12-02,52.4,99.4,34.8,10.4,1.51,26.2,54.0,Moderate,55.6,2018,12,Winter
2018-12-03,55.2,95.2,47.7,10.2,1.62,27.3,57.0,Moderate,57.0,2018,12,Winter
2018-12-04,71.7,113.4,45.8,11.8,1.7,30.2,69.0,Moderate,59.1,2018,12,Winter
2018-12-05,66.6,103.1,39.5,7.8,1.59,30.9,63.0,Moderate,59.7,2018,12,Winter
2018-12-06,44.8,77.8,44.8,10.4,1.47,28.4,48.0,Good,59.0,2018,12,Winter
2018-12-07,59.2,102.6,40.3,9.4,1.48,22.1,59.0,Moderate,59.3,2018,12,Winter
2018-12-08,56.5,103.2,38.7,8.4,1.61,31.8,58.0,Moderate,58.3,2018,12,Winter
2018-12-09,62.3,108.1,38.5,10.7,1.12,38.7,63.0,Moderate,59.6,2018,12,Winter
2018-12-10,51.3,80.6,40.2,12.0,1.31,38.3,52.0,Moderate,58.9,2018,12,Winter
2018-12-11,50.6,88.8,39.5,11.1,2.01,25.6,52.0,Moderate,56.4,2018,12,Winter
2018-12-12,51.8,101.1,41.3,9.9,1.37,31.2,56.0,Moderate,55.4,2018,12,Winter
2018-12-13,52.5,82.9,47.5,13.4,1.66,41.9,55.0,Moderate,56.4,2018,12,Winter
2018-12-14,62.2,114.8,50.2,11.7,1.39,29.3,65.0,Moderate,57.3,2018,12,Winter
2018-12-15,48.2,86.7,36.3,10.2,1.44,30.6,50.0,Good,56.1,2018,12,Winter
2018-12-16,52.1,97.7,42.9,13.2,0.95,21.9,55.0,Moderate,55.0,2018,12,Winter
2018-12-17,44.0,69.3,41.9,10.4,1.65,34.6,46.0,Good,54.1,2018,12,Winter
2018-12-18,63.5,125.2,43.2,9.7,1.36,30.8,67.0,Moderate,56.3,2018,12,Winter
2018-12-19,65.4,118.4,39.3,12.6,0.98,25.0,65.0,Moderate,57.6,2018,12,Winter
2018-12-20,54.2,104.3,43.3,8.8,1.14,33.0,58.0,Moderate,58.0,2018,12,Winter
2018-12-21,54.4,88.3,35.6,15.0,1.52,34.5,54.0,Moderate,56.4,2018,12,Winter
2018-12-22,59.7,111.6,54.6,14.5,1.32,26.2,64.0,Moderate,58.4,2018,12,Winter
2018-12-23,66.8,126.3,42.3,12.5,1.29,21.4,68.0,Moderate,60.3,2018,12,Winter
2018-12-24,59.4,100.8,44.0,10.3,1.38,30.5,60.0,Moderate,62.3,2018,12,Winter
2018-12-25,51.6,87.3,36.6,9.3,0.71,33.3,53.0,Moderate,60.3,2018,12,Winter
2018-12-26,45.2,82.6,38.3,6.3,1.09,31.2,48.0,Good,57.9,2018,12,Winter
2018-12-27,48.7,75.3,35.2,14.7,1.65,35.8,49.0,Good,56.6,2018,12,Winter
2018-12-28,57.0,106.5,46.9,9.5,1.62,21.5,59.0,Moderate,57.3,2018,12,Winter
2018-12-29,51.9,79.0,36.7,12.2,1.63,25.0,50.0,Good,55.3,2018,12,Winter
2018-12-30,57.9,92.3,40.3,11.8,1.64,31.3,57.0,Moderate,53.7,2018,12,Winter
2018-12-31,52.6,96.4,40.5,8.1,1.6,22.5,54.0,Moderate,52.9,2018,12,Winter
2019-01-01,50.0,77.4,43.5,10.4,1.85,26.6,50.0,Good,52.4,2019,1,Winter
2019-01-02,49.2,97.6,36.4,9.3,1.64,27.8,53.0,Moderate,53.1,2019,1,Winter
2019-01-03,68.3,132.2,45.0,13.2,1.5,35.6,72.0,Moderate,56.4,2019,1,Winter
2019-01-04,63.6,115.4,46.6,13.3,1.88,37.1,66.0,Moderate,57.4,2019,1,Winter
2019-01-05,69.5,132.7,39.0,11.1,1.62,34.3,71.0,Moderate,60.4,2019,1,Winter
2019-01-06,61.2,118.9,41.5,9.9,1.63,40.2,65.0,Moderate,61.6,2019,1,Winter
2019-01-07,54.4,88.6,44.1,12.0,1.36,37.9,56.0,Moderate,61.9,2019,1,Winter
2019-01-08,66.7,128.3,42.6,13.8,1.5,34.9,70.0,Moderate,64.7,2019,1,Winter
2019-01-09,57.2,91.3,37.6,8.6,1.2,34.9,56.0,Moderate,65.1,2019,1,Winter
2019-01-10,58.9,100.6,44.4,15.8,1.11,28.2,60.0,Moderate,63.4,2019,1,Winter
2019-01-11,57.1,101.6,47.7,11.1,1.06,24.3,59.0,Moderate,62.4,2019,1,Winter
2019-01-12,36.8,68.3,47.6,11.4,1.43,27.8,43.0,Good,58.4,2019,1,Winter
2019-01-13,68.6,104.0,43.9,14.8,1.83,35.7,66.0,Moderate,58.6,2019,1,Winter
2019-01-14,60.8,100.1,44.7,11.5,1.6,30.0,61.0,Moderate,59.3,2019,1,Winter
2019-01-15,59.7,107.7,40.0,11.4,1.71,34.8,61.0,Moderate,58.0,2019,1,Winter
2019-01-16,57.0,95.6,37.9,9.8,1.27,22.7,56.0,Moderate,58.0,2019,1,Winter
2019-01-17,58.5,110.5,41.3,10.4,1.57,34.6,62.0,Moderate,58.3,2019,1,Winter
2019-01-18,53.2,97.2,50.7,10.2,2.0,27.8,57.0,Moderate,58.0,2019,1,Winter
2019-01-19,61.7,99.8,39.5,8.1,1.69,28.5,60.0,Moderate,60.4,2019,1,Winter
2019-01-20,48.3,75.9,43.3,7.4,1.4,40.6,50.0,Good,58.1,2019,1,Winter
2019-01-21,58.7,106.5,43.1,11.1,1.07,43.2,62.0,Moderate,58.3,2019,1,Winter
2019-01-22,61.3,105.8,40.1,8.8,1.16,27.2,61.0,Moderate,58.3,2019,1,Winter
2019-01-23,56.0,88.7,47.5,12.9,1.65,31.5,57.0,Moderate,58.4,2019,1,Winter
2019-01-24,60.0,99.8,48.0,11.2,1.55,32.2,61.0,Moderate,58.3,2019,1,Winter
2019-01-25,50.5,83.3,52.3,8.4,1.94,36.6,54.0,Moderate,57.9,2019,1,Winter
2019-01-26,50.6,78.7,38.4,14.6,1.51,30.7,51.0,Moderate,56.6,2019,1,Winter
2019-01-27,59.1,104.7,43.2,10.7,1.12,29.1,60.0,Moderate,58.0,2019,1,Winter
2019-01-28,62.1,117.0,42.0,12.6,1.43,34.8,65.0,Moderate,58.4,2019,1,Winter
2019-01-29,44.3,79.2,38.9,14.9,1.5,33.8,48.0,Good,56.6,2019,1,Winter
2019-01-30,61.1,116.8,38.9,11.5,1.39,37.9,64.0,Moderate,57.6,2019,1,Winter
2019-01-31,53.6,83.8,42.3,11.6,1.49,30.3,54.0,Moderate,56.6,2019,1,Winter
2019-02-01,56.1,96.3,39.7,14.5,1.58,32.8,57.0,Moderate,57.0,2019,2,Winter
2019-02-02,48.0,86.7,37.7,11.0,0.98,37.9,51.0,Moderate,57.0,2019,2,Winter
2019-02-03,51.4,94.5,42.1,13.7,1.32,33.8,55.0,Moderate,56.3,2019,2,Winter
2019-02-04,64.2,118.6,37.2,11.5,1.81,25.9,65.0,Moderate,56.3,2019,2,Winter
2019-02-05,57.6,107.5,39.7,11.9,1.89,42.5,61.0,Moderate,58.1,2019,2,Winter
2019-02-06,54.7,99.9,43.0,11.9,1.17,34.1,58.0,Moderate,57.3,2019,2,Winter
2019-02-07,56.6,87.5,41.1,10.9,1.17,34.3,56.0,Moderate,57.6,2019,2,Winter
2019-02-08,60.8,112.4,40.6,10.5,1.68,47.5,64.0,Moderate,58.6,2019,2,Winter
2019-02-09,60.5,112.6,48.8,10.3,2.0,45.5,65.0,Moderate,60.6,2019,2,Winter
2019-02-10,56.9,113.6,47.2,9.0,1.54,39.9,63.0,Moderate,61.7,2019,2,Winter
2019-02-11,65.1,120.1,41.9,10.7,1.52,29.8,66.0,Moderate,61.9,2019,2,Winter
2019-02-12,64.2,118.3,37.5,11.1,1.31,42.3,66.0,Moderate,62.6,2019,2,Winter
2019-02-13,60.3,106.0,44.8,12.4,1.74,26.7,61.0,Moderate,63.0,2019,2,Winter
2019-02-14,57.8,111.7,51.7,11.4,1.41,36.4,63.0,Moderate,64.0,2019,2,Winter
2019-02-15,62.0,123.9,47.1,13.8,1.88,33.5,67.0,Moderate,64.4,2019,2,Winter
2019-02-16,59.6,112.6,36.4,13.7,1.58,32.5,62.0,Moderate,64.0,2019,2,Winter
2019-02-17,64.8,117.1,40.8,14.3,1.55,37.3,66.0,Moderate,64.4,2019,2,Winter
2019-02-18,63.7,98.1,38.7,11.2,1.28,39.4,62.0,Moderate,63.9,2019,2,Winter
2019-02-19,50.3,93.7,37.9,10.6,1.29,40.4,54.0,Moderate,62.1,2019,2,Winter
2019-02-20,49.8,92.3,46.1,8.9,1.34,36.2,54.0,Moderate,61.1,2019,2,Winter
2019-02-21,52.5,99.1,46.1,14.2,1.47,35.7,57.0,Moderate,60.3,2019,2,Winter
2019-02-22,64.2,100.3,48.7,9.3,1.77,41.2,64.0,Moderate,59.9,2019,2,Winter
2019-02-23,46.4,84.7,44.3,9.8,1.7,41.5,51.0,Moderate,58.3,2019,2,Winter
2019-02-24,60.2,99.1,41.4,12.1,1.37,37.9,61.0,Moderate,57.6,2019,2,Winter
2019-02-25,59.9,112.7,42.4,11.0,0.97,33.1,63.0,Moderate,57.7,2019,2,Winter
2019-02-26,65.5,106.2,38.0,14.5,1.31,29.1,63.0,Moderate,59.0,2019,2,Winter
2019-02-27,58.7,108.1,47.1,10.1,1.53,41.0,63.0,Moderate,60.3,2019,2,Winter
2019-02-28,48.0,79.1,38.6,11.7,1.55,42.7,50.0,Good,59.3,2019,2,Winter
2019-03-01,45.9,69.0,36.4,6.9,1.81,37.0,46.0,Good,56.7,2019,3,Summer
2019-03-02,44.3,80.5,36.8,13.1,1.71,40.0,48.0,Good,56.3,2019,3,Summer
2019-03-03,48.8,76.0,25.7,7.2,1.55,44.9,48.0,Good,54.4,2019,3,Summer
2019-03-04,51.3,93.9,41.5,15.6,1.19,48.5,56.0,Moderate,53.4,2019,3,Summer
2019-03-05,44.4,87.2,34.2,10.4,1.42,36.6,49.0,Good,51.4,2019,3,Summer
2019-03-06,62.9,124.8,40.8,10.0,1.48,38.3,67.0,Moderate,52.0,2019,3,Summer
2019-03-07,43.3,70.1,36.2,10.5,1.68,41.2,46.0,Good,51.4,2019,3,Summer
2019-03-08,62.0,118.1,36.2,8.5,1.1,33.0,64.0,Moderate,54.0,2019,3,Summer
2019-03-09,60.9,102.1,33.6,11.9,1.57,28.5,59.0,Moderate,55.6,2019,3,Summer
2019-03-10,58.9,114.8,43.6,9.8,1.5,32.7,63.0,Moderate,57.7,2019,3,Summer
2019-03-11,47.7,90.4,44.4,10.0,1.22,38.2,53.0,Moderate,57.3,2019,3,Summer
2019-03-12,55.0,84.5,42.0,13.2,1.68,36.1,55.0,Moderate,58.1,2019,3,Summer
2019-03-13,43.7,74.4,39.1,7.2,0.88,35.8,46.0,Good,55.1,2019,3,Summer
2019-03-14,59.0,98.4,38.5,10.2,1.89,40.3,59.0,Moderate,57.0,2019,3,Summer
2019-03-15,52.1,98.6,42.3,10.4,1.68,40.1,57.0,Moderate,56.0,2019,3,Summer
2019-03-16,49.7,84.8,37.5,10.9,1.3,36.5,52.0,Moderate,55.0,2019,3,Summer
2019-03-17,44.0,81.1,43.3,9.5,1.24,32.4,48.0,Good,52.9,2019,3,Summer
2019-03-18,35.3,63.5,34.1,10.0,1.34,42.6,40.0,Good,51.0,2019,3,Summer
2019-03-19,45.3,90.1,41.9,14.3,1.16,46.0,52.0,Moderate,50.6,2019,3,Summer
2019-03-20,60.4,118.9,43.1,11.6,1.29,37.8,65.0,Moderate,53.3,2019,3,Summer
2019-03-21,49.8,85.3,33.6,9.0,1.56,39.1,51.0,Moderate,52.1,2019,3,Summer
2019-03-22,51.4,95.7,34.6,11.9,1.17,45.2,55.0,Moderate,51.9,2019,3,Summer
2019-03-23,57.2,109.5,37.8,10.7,1.59,46.6,61.0,Moderate,53.1,2019,3,Summer
2019-03-24,65.2,127.2,39.7,12.1,1.29,39.2,69.0,Moderate,56.1,2019,3,Summer
2019-03-25,61.9,94.9,35.5,10.2,1.62,41.1,60.0,Moderate,59.0,2019,3,Summer
2019-03-26,45.8,75.6,38.4,9.0,1.69,49.1,49.0,Good,58.6,2019,3,Summer
2019-03-27,39.0,64.7,29.7,7.3,1.1,46.3,42.0,Good,55.3,2019,3,Summer
2019-03-28,69.1,118.7,41.1,12.9,0.82,36.3,69.0,Moderate,57.9,2019,3,Summer
2019-03-29,68.5,108.5,41.2,12.0,1.39,33.6,66.0,Moderate,59.4,2019,3,Summer
2019-03-30,53.9,94.3,44.1,11.3,1.41,40.9,57.0,Moderate,58.9,2019,3,Summer
2019-03-31,43.7,80.1,40.3,11.9,1.04,37.6,48.0,Good,55.9,2019,3,Summer
2019-04-01,59.3,103.8,36.5,13.1,1.77,44.9,61.0,Moderate,56.0,2019,4,Summer
2019-04-02,51.8,95.0,33.9,7.2,1.26,46.3,55.0,Moderate,56.9,2019,4,Summer
2019-04-03,51.8,79.4,34.7,10.8,1.51,44.1,52.0,Moderate,58.3,2019,4,Summer
2019-04-04,58.9,114.1,37.6,7.0,1.17,38.9,62.0,Moderate,57.3,2019,4,Summer
2019-04-05,54.9,108.2,34.6,9.8,0.98,36.7,58.0,Moderate,56.1,2019,4,Summer
2019-04-06,44.3,80.1,34.9,11.3,1.64,46.5,49.0,Good,55.0,2019,4,Summer
2019-04-07,50.3,97.7,37.8,9.9,1.12,47.5,56.0,Moderate,56.1,2019,4,Summer
2019-04-08,57.2,89.6,31.6,14.1,1.55,49.0,57.0,Moderate,55.6,2019,4,Summer
2019-04-09,56.2,106.7,34.0,10.0,1.14,42.1,59.0,Moderate,56.1,2019,4,Summer
2019-04-10,54.4,84.9,38.9,9.1,1.3,43.3,55.0,Moderate,56.6,2019,4,Summer
2019-04-11,59.1,100.8,39.1,10.7,1.31,47.9,61.0,Moderate,56.4,2019,4,Summer
2019-04-12,50.1,83.2,41.5,8.5,1.34,44.0,53.0,Moderate,55.7,2019,4,Summer
2019-04-13,53.9,96.5,38.6,8.8,1.19,41.2,57.0,Moderate,56.9,2019,4,Summer
2019-04-14,29.0,47.8,38.1,12.5,1.53,40.0,34.0,Good,53.7,2019,4,Summer
2019-04-15,49.5,89.9,40.5,12.6,1.59,47.9,54.0,Moderate,53.3,2019,4,Summer
2019-04-16,57.9,97.6,38.8,10.9,1.66,42.9,59.0,Moderate,53.3,2019,4,Summer
2019-04-17,49.9,96.3,34.1,11.8,1.24,41.8,54.0,Moderate,53.1,2019,4,Summer
2019-04-18,49.3,89.6,34.8,14.8,1.07,46.9,53.0,Moderate,52.0,2019,4,Summer
2019-04-19,45.3,72.8,44.7,10.5,1.4,41.2,49.0,Good,51.4,2019,4,Summer
2019-04-20,59.6,99.5,50.9,8.9,1.44,41.9,62.0,Moderate,52.1,2019,4,Summer
2019-04-21,56.4,108.6,40.9,11.7,1.44,45.1,61.0,Moderate,56.0,2019,4,Summer
2019-04-22,58.4,98.8,34.0,12.3,1.73,42.7,59.0,Moderate,56.7,2019,4,Summer
2019-04-23,40.5,71.6,45.6,12.5,1.38,52.2,47.0,Good,55.0,2019,4,Summer
2019-04-24,51.5,93.9,36.3,12.9,1.87,47.9,55.0,Moderate,55.1,2019,4,Summer
2019-04-25,50.6,84.8,39.7,12.6,1.57,45.9,53.0,Moderate,55.1,2019,4,Summer
2019-04-26,50.6,83.4,37.9,11.6,1.58,52.4,54.0,Moderate,55.9,2019,4,Summer
2019-04-27,48.3,83.9,38.7,11.9,1.37,45.9,52.0,Moderate,54.4,2019,4,Summer
2019-04-28,50.2,80.7,36.2,11.4,1.27,51.0,52.0,Moderate,53.1,2019,4,Summer
2019-04-29,58.5,96.1,43.2,7.4,1.2,40.7,59.0,Moderate,53.1,2019,4,Summer
2019-04-30,39.2,60.0,37.3,7.2,1.4,42.6,42.0,Good,52.4,2019,4,Summer
2019-05-01,65.0,107.4,40.5,8.5,1.57,41.0,65.0,Moderate,53.9,2019,5,Summer
2019-05-02,56.0,93.0,40.4,12.2,1.3,48.4,58.0,Moderate,54.6,2019,5,Summer
2019-05-03,52.3,103.6,37.6,9.7,1.26,38.2,57.0,Moderate,55.0,2019,5,Summer
2019-05-04,58.9,105.8,32.0,10.9,1.09,47.6,61.0,Moderate,56.3,2019,5,Summer
2019-05-05,42.4,80.4,34.7,13.7,1.48,43.6,48.0,Good,55.7,2019,5,Summer
2019-05-06,47.9,73.0,40.8,12.8,1.08,46.8,50.0,Good,54.4,2019,5,Summer
2019-05-07,51.8,80.4,39.2,6.3,1.45,46.1,53.0,Moderate,56.0,2019,5,Summer
2019-05-08,62.2,118.6,34.7,12.1,1.42,49.1,66.0,Moderate,56.1,2019,5,Summer
2019-05-09,52.3,94.7,38.2,10.7,1.32,57.5,57.0,Moderate,56.0,2019,5,Summer
2019-05-10,55.8,88.9,38.8,9.3,1.65,56.5,58.0,Moderate,56.1,2019,5,Summer
2019-05-11,48.5,82.5,40.3,9.9,1.75,50.5,52.0,Moderate,54.9,2019,5,Summer
2019-05-12,56.0,99.1,45.3,10.0,0.82,44.8,60.0,Moderate,56.6,2019,5,Summer
2019-05-13,64.3,123.7,28.9,8.0,0.98,47.5,66.0,Moderate,58.9,2019,5,Summer
2019-05-14,59.6,91.2,42.8,11.1,1.5,44.6,59.0,Moderate,59.7,2019,5,Summer
2019-05-15,52.0,93.6,38.9,15.0,1.77,43.0,56.0,Moderate,58.3,2019,5,Summer
2019-05-16,57.3,106.5,33.9,12.6,1.01,36.9,59.0,Moderate,58.6,2019,5,Summer
2019-05-17,56.6,112.7,38.7,6.5,1.46,45.6,62.0,Moderate,59.1,2019,5,Summer
2019-05-18,56.1,106.9,43.8,11.2,0.91,48.1,61.0,Moderate,60.4,2019,5,Summer
2019-05-19,60.4,98.9,45.0,11.2,0.89,49.9,62.0,Moderate,60.7,2019,5,Summer
2019-05-20,60.3,111.9,33.9,8.6,1.87,47.4,63.0,Moderate,60.3,2019,5,Summer
2019-05-21,51.7,97.3,34.6,8.2,1.45,43.4,55.0,Moderate,59.7,2019,5,Summer
2019-05-22,57.1,106.5,32.8,12.4,0.97,44.4,60.0,Moderate,60.3,2019,5,Summer
2019-05-23,49.9,95.3,38.9,10.8,1.3,51.5,56.0,Moderate,59.9,2019,5,Summer
2019-05-24,46.1,90.1,39.1,9.6,1.15,38.4,51.0,Moderate,58.3,2019,5,Summer
2019-05-25,50.7,78.6,41.9,11.8,1.24,44.4,52.0,Moderate,57.0,2019,5,Summer
2019-05-26,52.1,80.8,39.8,14.8,1.27,47.1,54.0,Moderate,55.9,2019,5,Summer
2019-05-27,41.0,77.8,41.6,11.1,1.4,44.9,47.0,Good,53.6,2019,5,Summer
2019-05-28,58.6,95.3,32.5,11.2,1.46,39.4,58.0,Moderate,54.0,2019,5,Summer
2019-05-29,33.2,50.8,45.0,10.6,1.18,51.7,39.0,Good,51.0,2019,5,Summer
2019-05-30,71.6,121.8,43.2,9.8,1.17,52.8,72.0,Moderate,53.3,2019,5,Summer
2019-05-31,63.1,120.5,35.9,12.2,1.45,42.1,66.0,Moderate,55.4,2019,5,Summer
2019-06-01,47.2,73.7,32.2,9.5,1.08,31.0,47.0,Good,54.7,2019,6,Southwest Monsoon
2019-06-02,49.1,90.1,38.3,10.8,1.08,57.0,55.0,Moderate,54.9,2019,6,Southwest Monsoon
2019-06-03,51.1,76.8,29.1,12.9,1.27,44.9,50.0,Good,55.3,2019,6,Southwest Monsoon
2019-06-04,44.9,69.8,32.4,11.3,1.25,42.1,46.0,Good,53.6,2019,6,Southwest Monsoon
2019-06-05,50.3,84.4,31.2,7.3,1.13,46.4,52.0,Moderate,55.4,2019,6,Southwest Monsoon
2019-06-06,48.0,74.0,34.9,7.2,1.51,48.6,49.0,Good,52.1,2019,6,Southwest Monsoon
2019-06-07,48.3,93.0,33.5,12.4,1.37,43.8,53.0,Moderate,50.3,2019,6,Southwest Monsoon
2019-06-08,50.3,97.1,32.2,9.6,1.75,47.6,55.0,Moderate,51.4,2019,6,Southwest Monsoon
2019-06-09,39.8,74.7,31.8,10.4,1.18,46.3,45.0,Good,50.0,2019,6,Southwest Monsoon
2019-06-10,49.3,79.9,32.7,8.3,1.42,43.4,50.0,Good,50.0,2019,6,Southwest Monsoon
2019-06-11,50.1,88.3,30.5,11.1,1.61,38.7,52.0,Moderate,50.9,2019,6,Southwest Monsoon
2019-06-12,49.9,79.4,37.5,13.6,1.02,53.5,52.0,Moderate,50.9,2019,6,Southwest Monsoon
2019-06-13,47.5,77.9,39.8,10.2,1.16,49.6,51.0,Moderate,51.1,2019,6,Southwest Monsoon
2019-06-14,57.0,100.1,36.9,11.1,1.55,42.9,59.0,Moderate,52.0,2019,6,Southwest Monsoon
2019-06-15,46.5,86.9,40.8,12.3,1.41,48.7,52.0,Moderate,51.6,2019,6,Southwest Monsoon
2019-06-16,50.6,78.3,31.9,13.2,1.24,42.3,51.0,Moderate,52.4,2019,6,Southwest Monsoon
2019-06-17,58.1,95.7,32.3,8.5,0.9,46.4,58.0,Moderate,53.6,2019,6,Southwest Monsoon
2019-06-18,48.4,95.1,37.1,10.7,0.92,49.6,54.0,Moderate,53.9,2019,6,Southwest Monsoon
2019-06-19,50.5,86.6,37.6,12.4,1.13,48.9,54.0,Moderate,54.1,2019,6,Southwest Monsoon
2019-06-20,48.3,95.2,35.4,13.0,1.04,44.5,54.0,Moderate,54.6,2019,6,Southwest Monsoon
2019-06-21,57.7,115.1,35.2,9.0,1.05,50.5,63.0,Moderate,55.1,2019,6,Southwest Monsoon
2019-06-22,47.2,83.2,31.0,8.5,0.79,46.4,50.0,Good,54.9,2019,6,Southwest Monsoon
2019-06-23,58.0,95.3,24.7,9.5,0.91,43.7,57.0,Moderate,55.7,2019,6,Southwest Monsoon
2019-06-24,48.3,91.5,37.5,9.2,1.02,54.6,54.0,Moderate,55.1,2019,6,Southwest Monsoon
2019-06-25,43.0,67.9,39.2,9.3,1.27,40.6,45.0,Good,53.9,2019,6,Southwest Monsoon
2019-06-26,53.8,87.4,33.6,10.7,1.16,48.1,55.0,Moderate,54.0,2019,6,Southwest Monsoon
2019-06-27,46.9,88.7,33.1,8.8,1.26,53.1,52.0,Moderate,53.7,2019,6,Southwest Monsoon
2019-06-28,53.3,91.6,32.7,13.0,1.25,37.5,54.0,Moderate,52.4,2019,6,Southwest Monsoon
2019-06-29,29.9,47.9,33.8,9.0,0.82,54.1,35.0,Good,50.3,2019,6,Southwest Monsoon
2019-06-30,49.0,89.5,39.3,8.6,1.51,54.3,54.0,Moderate,49.9,2019,6,Southwest Monsoon
2019-07-01,45.8,85.4,31.6,7.5,1.43,43.4,49.0,Good,49.1,2019,7,Southwest Monsoon
2019-07-02,41.6,64.9,37.9,12.4,1.26,47.1,45.0,Good,49.1,2019,7,Southwest Monsoon
2019-07-03,45.1,73.9,33.3,7.3,1.11,41.9,47.0,Good,48.0,2019,7,Southwest Monsoon
2019-07-04,45.0,72.5,27.3,10.8,1.59,41.4,46.0,Good,47.1,2019,7,Southwest Monsoon
2019-07-05,48.7,82.2,33.9,11.2,0.99,39.8,50.0,Good,46.6,2019,7,Southwest Monsoon
2019-07-06,39.4,74.2,41.9,4.0,1.49,53.8,46.0,Good,48.1,2019,7,Southwest Monsoon
2019-07-07,51.2,95.1,32.6,7.2,1.03,44.1,54.0,Moderate,48.1,2019,7,Southwest Monsoon
2019-07-08,58.6,107.2,34.4,9.1,1.57,38.2,60.0,Moderate,49.7,2019,7,Southwest Monsoon
2019-07-09,51.0,76.6,35.3,13.6,1.36,50.3,52.0,Moderate,50.7,2019,7,Southwest Monsoon
2019-07-10,54.7,85.9,36.1,9.1,1.47,48.3,55.0,Moderate,51.9,2019,7,Southwest Monsoon
2019-07-11,56.7,91.3,41.5,8.8,1.3,46.8,58.0,Moderate,53.6,2019,7,Southwest Monsoon
2019-07-12,57.7,94.3,32.1,8.4,1.36,41.5,57.0,Moderate,54.6,2019,7,Southwest Monsoon
2019-07-13,62.1,97.7,35.3,8.3,1.25,42.7,61.0,Moderate,56.7,2019,7,Southwest Monsoon
2019-07-14,45.5,77.6,38.3,8.6,0.99,54.9,50.0,Good,56.1,2019,7,Southwest Monsoon
2019-07-15,44.0,67.6,32.4,8.5,1.52,46.4,45.0,Good,54.0,2019,7,Southwest Monsoon
2019-07-16,54.5,102.2,35.6,8.4,1.18,41.7,58.0,Moderate,54.9,2019,7,Southwest Monsoon
2019-07-17,54.0,102.2,39.2,8.4,1.27,48.0,59.0,Moderate,55.4,2019,7,Southwest Monsoon
2019-07-18,54.4,97.3,33.2,9.1,0.85,48.3,57.0,Moderate,55.3,2019,7,Southwest Monsoon
2019-07-19,62.2,96.1,34.6,11.8,1.2,53.1,61.0,Moderate,55.9,2019,7,Southwest Monsoon
2019-07-20,49.1,95.5,30.7,7.6,1.34,44.2,53.0,Moderate,54.7,2019,7,Southwest Monsoon
2019-07-21,52.0,103.1,39.1,8.6,1.68,47.4,58.0,Moderate,55.9,2019,7,Southwest Monsoon
2019-07-22,42.1,67.5,35.9,8.8,1.23,46.3,45.0,Good,55.9,2019,7,Southwest Monsoon
2019-07-23,63.9,118.5,33.6,9.8,1.16,40.0,65.0,Moderate,56.9,2019,7,Southwest Monsoon
2019-07-24,46.6,89.6,34.1,8.3,1.08,36.6,50.0,Good,55.6,2019,7,Southwest Monsoon
2019-07-25,46.8,82.9,35.3,14.0,1.09,46.4,51.0,Moderate,54.7,2019,7,Southwest Monsoon
2019-07-26,46.6,77.4,36.6,11.0,1.69,46.6,49.0,Good,53.0,2019,7,Southwest Monsoon
2019-07-27,44.5,77.4,32.7,11.8,0.98,30.9,46.0,Good,52.0,2019,7,Southwest Monsoon
2019-07-28,43.9,77.1,33.0,10.3,1.14,45.6,47.0,Good,50.4,2019,7,Southwest Monsoon
2019-07-29,45.3,77.1,34.2,12.7,1.6,42.4,48.0,Good,50.9,2019,7,Southwest Monsoon
2019-07-30,39.4,77.5,35.9,7.6,1.53,44.8,45.0,Good,48.0,2019,7,Southwest Monsoon
2019-07-31,43.5,81.4,41.7,8.7,1.82,40.1,49.0,Good,47.9,2019,7,Southwest Monsoon
2019-08-01,62.6,101.5,32.1,8.2,1.51,49.6,62.0,Moderate,49.4,2019,8,Southwest Monsoon
2019-08-02,54.1,97.1,28.7,9.5,1.31,47.4,56.0,Moderate,50.4,2019,8,Southwest Monsoon
2019-08-03,55.5,102.3,40.9,13.0,1.4,35.2,59.0,Moderate,52.3,2019,8,Southwest Monsoon
2019-08-04,57.2,89.9,31.8,14.2,0.99,37.1,56.0,Moderate,53.6,2019,8,Southwest Monsoon
2019-08-05,61.8,103.8,41.2,11.8,1.22,42.1,63.0,Moderate,55.7,2019,8,Southwest Monsoon
2019-08-06,36.6,71.5,40.3,9.7,1.0,38.6,43.0,Good,55.4,2019,8,Southwest Monsoon
2019-08-07,40.4,72.0,37.5,12.1,1.6,46.9,46.0,Good,55.0,2019,8,Southwest Monsoon
2019-08-08,43.4,69.8,40.2,12.8,0.88,36.3,46.0,Good,52.7,2019,8,Southwest Monsoon
2019-08-09,45.7,71.4,28.0,12.2,1.18,46.6,47.0,Good,51.4,2019,8,Southwest Monsoon
2019-08-10,46.9,82.5,29.9,9.6,0.98,29.0,48.0,Good,49.9,2019,8,Southwest Monsoon
2019-08-11,45.9,81.4,36.4,9.6,1.5,38.9,49.0,Good,48.9,2019,8,Southwest Monsoon
2019-08-12,50.5,84.3,33.8,8.5,1.29,47.8,52.0,Moderate,47.3,2019,8,Southwest Monsoon
2019-08-13,49.2,89.4,32.2,9.4,1.24,40.4,52.0,Moderate,48.6,2019,8,Southwest Monsoon
2019-08-14,43.9,67.4,38.5,8.3,0.95,40.7,46.0,Good,48.6,2019,8,Southwest Monsoon
2019-08-15,33.8,53.1,36.3,9.7,1.6,44.3,38.0,Good,47.4,2019,8,Southwest Monsoon
2019-08-16,42.0,74.6,39.5,9.8,1.01,42.9,47.0,Good,47.4,2019,8,Southwest Monsoon
2019-08-17,45.2,69.1,33.8,8.1,1.14,39.5,46.0,Good,47.1,2019,8,Southwest Monsoon
2019-08-18,47.3,91.7,35.2,15.2,1.24,46.5,53.0,Moderate,47.7,2019,8,Southwest Monsoon
2019-08-19,41.1,64.6,41.5,10.4,1.38,40.4,44.0,Good,46.6,2019,8,Southwest Monsoon
2019-08-20,45.6,83.7,30.2,12.4,1.17,42.3,49.0,Good,46.1,2019,8,Southwest Monsoon
2019-08-21,41.1,69.7,35.0,12.3,1.6,44.2,45.0,Good,46.0,2019,8,Southwest Monsoon
2019-08-22,48.1,81.8,31.8,13.7,1.26,27.2,49.0,Good,47.6,2019,8,Southwest Monsoon
2019-08-23,41.5,78.1,42.1,8.0,1.66,35.6,47.0,Good,47.6,2019,8,Southwest Monsoon
2019-08-24,43.1,75.3,44.9,8.8,1.02,36.1,47.0,Good,47.7,2019,8,Southwest Monsoon
2019-08-25,39.8,74.2,36.1,6.2,1.38,42.1,45.0,Good,46.6,2019,8,Southwest Monsoon
2019-08-26,47.9,84.0,37.3,6.6,1.06,47.4,51.0,Moderate,47.6,2019,8,Southwest Monsoon
2019-08-27,42.9,77.1,34.9,7.8,1.21,29.2,45.0,Good,47.0,2019,8,Southwest Monsoon
2019-08-28,55.3,104.1,34.7,9.5,0.91,36.3,58.0,Moderate,48.9,2019,8,Southwest Monsoon
2019-08-29,51.8,93.5,35.6,9.7,1.59,43.7,55.0,Moderate,49.7,2019,8,Southwest Monsoon
2019-08-30,48.5,87.7,29.9,16.2,1.59,29.4,50.0,Good,50.1,2019,8,Southwest Monsoon
2019-08-31,43.4,82.3,37.9,10.9,1.55,39.8,48.0,Good,50.3,2019,8,Southwest Monsoon
2019-09-01,51.7,102.0,31.4,11.8,1.49,40.0,56.0,Moderate,51.9,2019,9,Southwest Monsoon
2019-09-02,53.8,90.9,33.9,10.1,1.93,40.3,55.0,Moderate,52.4,2019,9,Southwest Monsoon
2019-09-03,50.0,89.4,35.4,7.2,1.3,31.8,52.0,Moderate,53.4,2019,9,Southwest Monsoon
2019-09-04,60.2,92.9,32.3,10.4,1.67,37.1,58.0,Moderate,53.4,2019,9,Southwest Monsoon
2019-09-05,52.2,87.7,37.7,6.6,1.24,31.1,53.0,Moderate,53.1,2019,9,Southwest Monsoon
2019-09-06,55.4,94.5,33.4,9.5,1.4,42.5,56.0,Moderate,54.0,2019,9,Southwest Monsoon
2019-09-07,49.9,95.8,39.6,11.1,1.45,31.5,54.0,Moderate,54.9,2019,9,Southwest Monsoon
2019-09-08,53.7,94.4,31.8,8.7,0.79,36.9,55.0,Moderate,54.7,2019,9,Southwest Monsoon
2019-09-09,43.4,81.0,34.6,10.2,1.22,47.0,48.0,Good,53.7,2019,9,Southwest Monsoon
2019-09-10,45.8,69.1,31.0,8.6,1.19,42.0,46.0,Good,52.9,2019,9,Southwest Monsoon
2019-09-11,51.4,89.1,39.2,7.6,1.24,27.4,53.0,Moderate,52.1,2019,9,Southwest Monsoon
2019-09-12,51.4,100.3,34.1,10.8,1.07,34.6,55.0,Moderate,52.4,2019,9,Southwest Monsoon
2019-09-13,52.6,84.7,33.1,11.9,1.29,36.3,52.0,Moderate,51.9,2019,9,Southwest Monsoon
2019-09-14,56.7,85.9,34.5,11.9,1.33,34.8,55.0,Moderate,52.0,2019,9,Southwest Monsoon
2019-09-15,39.0,67.0,34.9,9.4,0.99,37.6,42.0,Good,50.1,2019,9,Southwest Monsoon
2019-09-16,42.2,78.1,36.9,5.5,1.25,38.6,46.0,Good,49.9,2019,9,Southwest Monsoon
2019-09-17,50.6,87.4,37.5,10.0,1.18,44.5,53.0,Moderate,50.9,2019,9,Southwest Monsoon
2019-09-18,43.9,76.0,34.7,12.4,1.55,32.8,46.0,Good,49.9,2019,9,Southwest Monsoon
2019-09-19,72.6,133.3,35.1,7.2,1.39,38.8,72.0,Moderate,52.3,2019,9,Southwest Monsoon
2019-09-20,52.6,85.6,22.9,13.4,1.05,34.0,51.0,Moderate,52.1,2019,9,Southwest Monsoon
2019-09-21,48.5,90.9,33.5,5.7,1.49,42.6,52.0,Moderate,51.7,2019,9,Southwest Monsoon
2019-09-22,45.4,71.6,41.0,10.6,1.23,36.6,47.0,Good,52.4,2019,9,Southwest Monsoon
2019-09-23,45.6,77.5,37.1,11.5,1.26,34.7,48.0,Good,52.7,2019,9,Southwest Monsoon
2019-09-24,49.2,90.0,31.0,12.8,1.01,33.0,51.0,Moderate,52.4,2019,9,Southwest Monsoon
2019-09-25,49.8,95.3,33.7,10.8,1.3,29.8,53.0,Moderate,53.4,2019,9,Southwest Monsoon
2019-09-26,45.8,86.8,32.9,9.2,1.48,38.4,50.0,Good,50.3,2019,9,Southwest Monsoon
2019-09-27,47.1,87.6,39.6,10.2,1.18,29.8,50.0,Good,50.1,2019,9,Southwest Monsoon
2019-09-28,58.4,98.1,39.2,8.5,1.64,24.4,58.0,Moderate,51.0,2019,9,Southwest Monsoon
2019-09-29,58.7,91.6,32.2,5.9,1.47,28.8,56.0,Moderate,52.3,2019,9,Southwest Monsoon
2019-09-30,50.8,81.7,35.3,9.4,1.04,34.3,51.0,Moderate,52.7,2019,9,Southwest Monsoon
2019-10-01,43.2,83.5,33.5,11.6,1.42,27.2,47.0,Good,52.1,2019,10,Post-Monsoon
2019-10-02,56.4,108.7,35.5,12.7,1.01,29.2,59.0,Moderate,53.0,2019,10,Post-Monsoon
2019-10-03,63.5,125.4,35.6,9.6,1.11,23.6,65.0,Moderate,55.1,2019,10,Post-Monsoon
2019-10-04,62.2,95.6,35.2,13.6,0.91,28.8,59.0,Moderate,56.4,2019,10,Post-Monsoon
2019-10-05,57.7,102.1,39.5,10.3,0.95,41.4,60.0,Moderate,56.7,2019,10,Post-Monsoon
2019-10-06,62.6,114.1,43.4,11.6,1.28,29.5,64.0,Moderate,57.9,2019,10,Post-Monsoon
2019-10-07,53.0,98.3,37.8,12.1,1.3,32.0,56.0,Moderate,58.6,2019,10,Post-Monsoon
2019-10-08,57.0,103.8,33.8,10.7,1.41,43.7,59.0,Moderate,60.3,2019,10,Post-Monsoon
2019-10-09,47.8,90.2,38.8,10.4,1.13,34.0,52.0,Moderate,59.3,2019,10,Post-Monsoon
2019-10-10,54.6,91.8,38.8,13.7,1.56,33.7,56.0,Moderate,58.0,2019,10,Post-Monsoon
2019-10-11,61.9,98.4,37.2,7.2,1.3,27.3,59.0,Moderate,58.0,2019,10,Post-Monsoon
2019-10-12,48.5,77.7,45.4,10.7,1.43,33.1,50.0,Good,56.6,2019,10,Post-Monsoon
2019-10-13,46.6,70.1,39.0,6.9,0.54,40.5,48.0,Good,54.3,2019,10,Post-Monsoon
2019-10-14,53.3,89.3,40.3,7.0,1.35,25.7,53.0,Moderate,53.9,2019,10,Post-Monsoon
2019-10-15,51.0,78.9,29.0,10.5,1.55,30.7,49.0,Good,52.4,2019,10,Post-Monsoon
2019-10-16,57.1,94.9,34.1,9.5,0.78,25.7,56.0,Moderate,53.0,2019,10,Post-Monsoon
2019-10-17,49.4,89.7,40.1,14.8,1.36,39.5,53.0,Moderate,52.6,2019,10,Post-Monsoon
2019-10-18,64.6,125.8,39.1,10.1,1.15,25.4,66.0,Moderate,53.6,2019,10,Post-Monsoon
2019-10-19,43.6,83.7,36.5,12.9,1.74,27.7,47.0,Good,53.1,2019,10,Post-Monsoon
2019-10-20,61.4,99.8,39.8,10.7,1.03,25.3,60.0,Moderate,54.9,2019,10,Post-Monsoon
2019-10-21,47.2,74.0,41.7,8.2,1.89,24.1,48.0,Good,54.1,2019,10,Post-Monsoon
2019-10-22,40.0,63.9,36.1,7.1,1.67,31.4,42.0,Good,53.1,2019,10,Post-Monsoon
2019-10-23,54.3,107.7,35.5,7.9,1.38,29.1,57.0,Moderate,53.3,2019,10,Post-Monsoon
2019-10-24,50.8,90.2,37.0,11.3,0.99,32.5,53.0,Moderate,53.3,2019,10,Post-Monsoon
2019-10-25,44.8,71.3,40.0,13.8,1.24,33.8,47.0,Good,50.6,2019,10,Post-Monsoon
2019-10-26,40.8,78.4,35.7,8.8,1.52,22.2,44.0,Good,50.1,2019,10,Post-Monsoon
2019-10-27,52.5,89.2,41.4,12.3,1.38,32.0,54.0,Moderate,49.3,2019,10,Post-Monsoon
2019-10-28,59.4,115.9,36.1,10.2,1.08,25.8,61.0,Moderate,51.1,2019,10,Post-Monsoon
2019-10-29,56.7,92.4,35.8,8.5,1.63,31.0,56.0,Moderate,53.1,2019,10,Post-Monsoon
2019-10-30,53.0,89.9,47.4,11.3,1.33,31.9,55.0,Moderate,52.9,2019,10,Post-Monsoon
2019-10-31,56.0,98.1,33.1,13.8,1.42,28.9,56.0,Moderate,53.3,2019,10,Post-Monsoon
2019-11-01,52.4,102.0,41.1,10.4,1.6,36.7,57.0,Moderate,54.7,2019,11,Post-Monsoon
2019-11-02,42.6,82.4,30.8,12.3,1.57,22.8,45.0,Good,54.9,2019,11,Post-Monsoon
2019-11-03,42.7,76.2,40.6,11.2,1.62,24.3,46.0,Good,53.7,2019,11,Post-Monsoon
2019-11-04,51.2,82.4,48.8,11.2,1.52,31.1,53.0,Moderate,52.6,2019,11,Post-Monsoon
2019-11-05,51.5,87.6,42.2,9.0,1.18,40.4,54.0,Moderate,52.3,2019,11,Post-Monsoon
2019-11-06,58.6,116.4,43.4,11.6,1.34,25.0,62.0,Moderate,53.3,2019,11,Post-Monsoon
2019-11-07,57.9,104.4,37.6,7.7,1.69,29.4,59.0,Moderate,53.7,2019,11,Post-Monsoon
2019-11-08,56.8,107.5,41.8,11.3,1.01,35.6,60.0,Moderate,54.1,2019,11,Post-Monsoon
2019-11-09,50.6,87.3,39.0,13.3,1.07,34.1,53.0,Moderate,55.3,2019,11,Post-Monsoon
2019-11-10,42.9,75.8,46.1,14.2,1.49,32.6,48.0,Good,55.6,2019,11,Post-Monsoon
2019-11-11,55.5,95.1,33.6,8.5,1.33,25.9,55.0,Moderate,55.9,2019,11,Post-Monsoon
2019-11-12,56.3,104.2,42.7,11.5,0.93,29.3,59.0,Moderate,56.6,2019,11,Post-Monsoon
2019-11-13,35.9,69.1,39.7,9.2,1.52,29.5,41.0,Good,53.6,2019,11,Post-Monsoon
2019-11-14,46.8,82.0,34.3,10.9,1.46,34.5,49.0,Good,52.1,2019,11,Post-Monsoon
2019-11-15,47.8,83.1,36.9,14.4,2.01,28.6,50.0,Good,50.7,2019,11,Post-Monsoon
2019-11-16,53.4,89.2,31.6,12.4,1.4,36.0,54.0,Moderate,50.9,2019,11,Post-Monsoon
2019-11-17,47.0,74.6,24.9,9.3,1.88,28.9,46.0,Good,50.6,2019,11,Post-Monsoon
2019-11-18,52.3,103.1,33.2,9.2,1.6,29.9,55.0,Moderate,50.6,2019,11,Post-Monsoon
2019-11-19,51.1,84.8,36.4,10.6,0.88,28.5,51.0,Moderate,49.4,2019,11,Post-Monsoon
2019-11-20,51.5,97.8,38.3,10.8,1.36,28.2,54.0,Moderate,51.3,2019,11,Post-Monsoon
2019-11-21,47.6,88.4,32.8,10.9,1.33,28.7,50.0,Good,51.4,2019,11,Post-Monsoon
2019-11-22,48.1,91.2,36.7,7.6,1.33,29.3,51.0,Moderate,51.6,2019,11,Post-Monsoon
2019-11-23,45.0,88.7,38.9,14.6,1.13,21.0,49.0,Good,50.9,2019,11,Post-Monsoon
2019-11-24,55.3,100.1,35.7,14.8,1.55,27.6,57.0,Moderate,52.4,2019,11,Post-Monsoon
2019-11-25,56.6,110.3,33.7,11.6,1.26,37.5,60.0,Moderate,53.1,2019,11,Post-Monsoon
2019-11-26,47.2,74.8,35.1,8.9,1.64,20.0,46.0,Good,52.4,2019,11,Post-Monsoon
2019-11-27,63.2,114.7,43.3,9.3,1.61,27.8,64.0,Moderate,53.9,2019,11,Post-Monsoon
2019-11-28,50.4,95.1,31.1,8.7,1.29,26.2,52.0,Moderate,54.1,2019,11,Post-Monsoon
2019-11-29,63.3,103.6,42.6,8.5,1.2,30.6,62.0,Moderate,55.7,2019,11,Post-Monsoon
2019-11-30,48.1,90.0,43.5,9.3,1.21,31.6,52.0,Moderate,56.1,2019,11,Post-Monsoon
2019-12-01,43.2,81.6,40.2,12.4,1.5,29.7,48.0,Good,54.9,2019,12,Winter
2019-12-02,60.2,115.3,43.4,11.9,1.57,18.9,62.0,Moderate,55.1,2019,12,Winter
2019-12-03,59.1,98.0,38.5,14.6,1.38,18.9,58.0,Moderate,56.9,2019,12,Winter
2019-12-04,57.6,106.1,42.7,8.6,1.39,15.7,58.0,Moderate,56.0,2019,12,Winter
2019-12-05,52.9,87.4,50.5,9.8,1.56,28.4,55.0,Moderate,56.4,2019,12,Winter
2019-12-06,57.2,106.9,46.7,7.6,1.75,20.8,59.0,Moderate,56.0,2019,12,Winter
2019-12-07,53.8,93.2,39.6,11.9,1.55,17.3,54.0,Moderate,56.3,2019,12,Winter
2019-12-08,55.3,99.4,36.3,14.8,1.48,24.5,56.0,Moderate,57.4,2019,12,Winter
2019-12-09,63.3,108.1,40.4,10.7,1.55,25.7,62.0,Moderate,57.4,2019,12,Winter
2019-12-10,58.7,92.8,42.7,14.3,1.04,28.7,58.0,Moderate,57.4,2019,12,Winter
2019-12-11,61.7,98.0,44.5,13.0,1.43,29.2,61.0,Moderate,57.9,2019,12,Winter
2019-12-12,55.8,85.8,41.2,13.3,1.18,29.5,55.0,Moderate,57.9,2019,12,Winter
2019-12-13,55.0,99.5,48.7,12.8,1.35,33.3,59.0,Moderate,57.9,2019,12,Winter
2019-12-14,49.3,94.9,41.7,15.2,1.26,27.8,53.0,Moderate,57.7,2019,12,Winter
2019-12-15,54.8,82.8,39.7,11.2,1.26,33.1,54.0,Moderate,57.4,2019,12,Winter
2019-12-16,34.2,52.4,43.7,13.0,1.24,27.6,38.0,Good,54.0,2019,12,Winter
2019-12-17,53.3,92.1,44.4,15.3,2.07,27.4,55.0,Moderate,53.6,2019,12,Winter
2019-12-18,56.8,106.2,38.5,9.6,1.48,26.6,59.0,Moderate,53.3,2019,12,Winter
2019-12-19,61.3,96.9,37.8,11.2,1.79,29.3,59.0,Moderate,53.9,2019,12,Winter
2019-12-20,55.5,90.8,35.0,12.7,1.68,32.8,55.0,Moderate,53.3,2019,12,Winter
2019-12-21,59.8,96.7,40.4,9.9,1.66,32.8,59.0,Moderate,54.1,2019,12,Winter
2019-12-22,42.1,71.6,46.5,9.8,1.63,32.7,46.0,Good,53.0,2019,12,Winter
2019-12-23,57.0,91.9,44.3,15.7,2.01,31.3,57.0,Moderate,55.7,2019,12,Winter
2019-12-24,45.6,76.5,46.1,10.0,1.6,24.0,48.0,Good,54.7,2019,12,Winter
2019-12-25,48.9,91.2,39.0,10.9,1.04,43.6,53.0,Moderate,53.9,2019,12,Winter
2019-12-26,56.1,101.3,40.9,12.0,1.45,23.2,57.0,Moderate,53.6,2019,12,Winter
2019-12-27,66.3,102.2,34.0,12.5,1.23,30.6,62.0,Moderate,54.6,2019,12,Winter
2019-12-28,60.0,109.1,45.6,10.5,1.14,45.0,64.0,Moderate,55.3,2019,12,Winter
2019-12-29,57.5,100.0,47.0,11.2,1.6,34.5,60.0,Moderate,57.3,2019,12,Winter
2019-12-30,57.3,112.7,37.3,9.6,0.97,26.7,60.0,Moderate,57.7,2019,12,Winter
2019-12-31,52.4,86.2,48.1,10.5,1.52,36.4,55.0,Moderate,58.7,2019,12,Winter
2020-01-01,54.5,101.5,41.2,13.1,1.08,31.3,58.0,Moderate,59.4,2020,1,Winter
2020-01-02,61.3,114.3,37.8,13.6,1.45,26.4,62.0,Moderate,60.1,2020,1,Winter
2020-01-03,48.6,78.3,40.8,13.8,1.68,31.6,50.0,Good,58.4,2020,1,Winter
2020-01-04,62.5,121.9,44.6,11.7,1.33,28.8,66.0,Moderate,58.7,2020,1,Winter
2020-01-05,55.6,97.0,41.9,11.4,1.19,29.6,57.0,Moderate,58.3,2020,1,Winter
2020-01-06,64.1,117.9,39.8,9.1,1.4,31.0,65.0,Moderate,59.0,2020,1,Winter
2020-01-07,65.0,102.3,44.5,11.0,1.64,34.4,64.0,Moderate,60.3,2020,1,Winter
2020-01-08,46.6,75.9,44.8,12.1,1.57,35.5,49.0,Good,59.0,2020,1,Winter
2020-01-09,54.2,97.2,41.4,13.9,1.47,27.4,56.0,Moderate,58.1,2020,1,Winter
2020-01-10,52.3,86.8,40.7,7.9,1.28,33.0,53.0,Moderate,58.6,2020,1,Winter
2020-01-11,45.6,79.8,39.9,11.1,1.39,29.9,48.0,Good,56.0,2020,1,Winter
2020-01-12,51.1,86.2,44.0,7.2,1.66,35.2,53.0,Moderate,55.4,2020,1,Winter
2020-01-13,75.4,137.2,35.7,8.5,1.46,26.4,74.0,Moderate,56.7,2020,1,Winter
2020-01-14,62.6,109.1,39.0,14.4,1.55,31.5,63.0,Moderate,56.6,2020,1,Winter
2020-01-15,71.7,107.7,41.5,9.1,1.4,22.6,66.0,Moderate,59.0,2020,1,Winter
2020-01-16,64.1,117.0,38.9,12.0,1.21,35.3,65.0,Moderate,60.3,2020,1,Winter
2020-01-17,53.1,90.9,43.1,13.8,1.99,40.9,56.0,Moderate,60.7,2020,1,Winter
2020-01-18,55.6,92.9,42.8,10.8,1.69,39.8,57.0,Moderate,62.0,2020,1,Winter
2020-01-19,62.4,96.6,52.0,9.3,1.56,36.4,62.0,Moderate,63.3,2020,1,Winter
2020-01-20,61.4,98.8,39.1,12.0,1.45,35.2,60.0,Moderate,61.3,2020,1,Winter
2020-01-21,54.3,87.5,42.1,14.9,1.85,42.7,56.0,Moderate,60.3,2020,1,Winter
2020-01-22,47.7,93.9,38.3,13.7,1.29,29.7,52.0,Moderate,58.3,2020,1,Winter
2020-01-23,81.3,139.6,49.9,11.3,1.66,31.4,80.0,Moderate,60.4,2020,1,Winter
2020-01-24,57.3,87.2,48.9,10.6,1.5,39.8,58.0,Moderate,60.7,2020,1,Winter
2020-01-25,56.0,87.9,35.8,14.1,1.42,32.2,55.0,Moderate,60.4,2020,1,Winter
2020-01-26,59.1,91.0,41.4,8.8,1.42,28.4,57.0,Moderate,59.7,2020,1,Winter
2020-01-27,56.6,101.6,42.2,13.6,1.82,25.6,58.0,Moderate,59.4,2020,1,Winter
2020-01-28,59.2,94.3,40.7,10.7,1.02,29.1,58.0,Moderate,59.7,2020,1,Winter
2020-01-29,67.3,117.7,40.2,8.8,1.91,42.2,68.0,Moderate,62.0,2020,1,Winter
2020-01-30,57.4,96.8,45.2,8.2,1.75,33.0,59.0,Moderate,59.0,2020,1,Winter
2020-01-31,50.2,95.4,49.3,15.0,1.5,29.9,55.0,Moderate,58.6,2020,1,Winter
2020-02-01,57.2,94.9,45.3,11.3,1.43,33.4,58.0,Moderate,59.0,2020,2,Winter
2020-02-02,55.0,95.2,45.6,10.0,1.49,35.6,57.0,Moderate,59.0,2020,2,Winter
2020-02-03,68.3,127.0,40.7,11.7,1.61,24.8,69.0,Moderate,60.6,2020,2,Winter
2020-02-04,66.5,114.2,46.2,10.6,1.8,29.8,67.0,Moderate,61.9,2020,2,Winter
2020-02-05,59.1,112.0,46.2,10.7,1.61,26.9,62.0,Moderate,61.0,2020,2,Winter
2020-02-06,49.3,90.3,40.2,10.8,1.56,41.8,53.0,Moderate,60.1,2020,2,Winter
2020-02-07,49.7,84.8,41.2,11.8,1.5,34.1,52.0,Moderate,59.7,2020,2,Winter
2020-02-08,58.4,102.3,35.8,13.3,1.03,33.9,59.0,Moderate,59.9,2020,2,Winter
2020-02-09,60.7,120.3,36.7,8.7,1.07,34.1,64.0,Moderate,60.9,2020,2,Winter
2020-02-10,55.7,101.9,40.4,14.5,1.77,29.5,58.0,Moderate,59.3,2020,2,Winter
2020-02-11,54.9,107.3,37.8,9.9,1.61,37.8,59.0,Moderate,58.1,2020,2,Winter
2020-02-12,54.2,86.1,45.3,12.3,1.7,44.6,56.0,Moderate,57.3,2020,2,Winter
2020-02-13,58.1,101.3,41.5,11.6,1.69,32.5,59.0,Moderate,58.1,2020,2,Winter
2020-02-14,41.6,81.3,44.2,10.1,1.64,40.1,48.0,Good,57.6,2020,2,Winter
2020-02-15,50.6,84.0,37.2,14.0,1.71,35.3,52.0,Moderate,56.6,2020,2,Winter
2020-02-16,53.9,106.9,47.3,10.2,1.28,32.2,59.0,Moderate,55.9,2020,2,Winter
2020-02-17,66.8,103.4,44.1,14.6,1.63,40.7,65.0,Moderate,56.9,2020,2,Winter
2020-02-18,52.6,102.6,43.7,13.1,1.6,28.2,57.0,Moderate,56.6,2020,2,Winter
2020-02-19,59.6,102.6,45.9,10.3,1.82,29.3,61.0,Moderate,57.3,2020,2,Winter
2020-02-20,59.9,92.0,43.4,9.4,0.59,45.4,60.0,Moderate,57.4,2020,2,Winter
2020-02-21,67.4,130.7,38.0,13.9,2.09,34.7,70.0,Moderate,60.6,2020,2,Winter
2020-02-22,67.1,109.2,44.6,9.5,1.7,42.9,67.0,Moderate,62.7,2020,2,Winter
2020-02-23,57.9,87.5,39.0,11.5,1.55,36.5,57.0,Moderate,62.4,2020,2,Winter
2020-02-24,55.0,86.2,42.9,13.1,1.25,24.5,54.0,Moderate,60.9,2020,2,Winter
2020-02-25,53.7,98.2,39.0,12.7,1.42,40.8,57.0,Moderate,60.9,2020,2,Winter
2020-02-26,56.6,112.6,48.7,11.3,1.58,39.4,63.0,Moderate,61.1,2020,2,Winter
2020-02-27,55.3,86.0,44.8,10.3,1.91,34.0,55.0,Moderate,60.4,2020,2,Winter
2020-02-28,62.2,107.6,46.1,13.2,1.87,43.3,65.0,Moderate,59.7,2020,2,Winter
2020-02-29,61.2,97.4,39.1,8.0,1.64,42.7,61.0,Moderate,58.9,2020,2,Winter
2020-03-01,57.6,107.9,39.7,11.3,1.53,34.4,60.0,Moderate,59.3,2020,3,Summer
2020-03-02,62.3,97.2,39.3,8.2,1.4,43.7,61.0,Moderate,60.3,2020,3,Summer
2020-03-03,66.5,107.8,38.9,9.0,1.1,39.6,65.0,Moderate,61.4,2020,3,Summer
2020-03-04,54.4,86.9,30.8,11.5,1.15,39.0,54.0,Moderate,60.1,2020,3,Summer
2020-03-05,61.2,108.7,46.4,9.3,1.59,35.1,63.0,Moderate,61.3,2020,3,Summer
2020-03-06,51.0,98.8,38.3,13.1,1.53,34.3,55.0,Moderate,59.9,2020,3,Summer
2020-03-07,61.8,108.5,40.5,12.2,1.2,46.2,64.0,Moderate,60.3,2020,3,Summer
2020-03-08,60.9,93.2,33.2,9.4,1.16,41.2,59.0,Moderate,60.1,2020,3,Summer
2020-03-09,60.6,107.9,44.4,10.3,1.51,44.1,63.0,Moderate,60.4,2020,3,Summer
2020-03-10,54.2,102.8,44.0,8.5,1.27,37.1,58.0,Moderate,59.4,2020,3,Summer
2020-03-11,48.8,76.5,41.9,11.7,1.15,42.2,51.0,Moderate,59.0,2020,3,Summer
2020-03-12,43.7,67.2,39.6,13.9,1.44,38.1,46.0,Good,56.6,2020,3,Summer
2020-03-13,53.2,84.8,47.8,8.4,1.52,43.3,56.0,Moderate,56.7,2020,3,Summer
2020-03-14,64.2,120.3,42.4,11.1,1.07,33.1,66.0,Moderate,57.0,2020,3,Summer
2020-03-15,51.3,92.2,33.0,11.4,1.27,33.4,53.0,Moderate,56.1,2020,3,Summer
2020-03-16,59.0,104.4,39.4,8.2,1.53,34.9,60.0,Moderate,55.7,2020,3,Summer
2020-03-17,59.4,96.5,40.8,8.7,1.74,40.5,60.0,Moderate,56.0,2020,3,Summer
2020-03-18,51.5,85.8,38.9,7.1,1.42,29.6,52.0,Moderate,56.1,2020,3,Summer
2020-03-19,62.7,124.4,40.8,11.9,1.22,43.2,67.0,Moderate,59.1,2020,3,Summer
2020-03-20,33.1,53.7,44.3,10.0,1.14,44.1,39.0,Good,56.7,2020,3,Summer
2020-03-21,44.9,87.7,37.7,9.3,1.35,32.4,49.0,Good,54.3,2020,3,Summer
2020-03-22,47.1,84.3,37.0,14.9,1.34,39.3,51.0,Moderate,54.0,2020,3,Summer
2020-03-23,47.8,74.6,34.2,7.1,0.81,50.8,49.0,Good,52.4,2020,3,Summer
2020-03-24,55.9,96.8,31.0,13.3,0.93,39.4,57.0,Moderate,52.0,2020,3,Summer
2020-03-25,55.5,109.6,37.3,6.4,0.78,36.7,59.0,Moderate,53.0,2020,3,Summer
2020-03-26,56.3,96.2,35.8,9.7,1.35,40.0,57.0,Moderate,51.6,2020,3,Summer
2020-03-27,57.7,111.4,37.7,7.4,1.61,47.9,62.0,Moderate,54.9,2020,3,Summer
2020-03-28,46.8,76.3,36.2,9.1,1.58,36.4,48.0,Good,54.7,2020,3,Summer
2020-03-29,45.0,80.3,34.2,9.7,1.03,45.1,49.0,Good,54.4,2020,3,Summer
2020-03-30,56.3,108.2,36.3,9.3,1.12,44.6,60.0,Moderate,56.0,2020,3,Summer
2020-03-31,49.1,96.2,40.6,11.3,1.02,42.5,55.0,Moderate,55.7,2020,3,Summer
2020-04-01,42.5,74.1,36.4,12.5,1.37,40.8,46.0,Good,53.9,2020,4,Summer
2020-04-02,60.3,109.7,37.7,10.5,1.58,47.5,63.0,Moderate,54.7,2020,4,Summer
2020-04-03,63.3,95.0,46.9,11.4,1.63,37.3,62.0,Moderate,54.7,2020,4,Summer
2020-04-04,64.4,104.8,42.8,13.9,1.18,45.1,65.0,Moderate,57.1,2020,4,Summer
2020-04-05,54.8,89.9,39.4,9.4,1.38,35.5,55.0,Moderate,58.0,2020,4,Summer
2020-04-06,57.9,89.5,39.5,12.6,1.16,48.2,58.0,Moderate,57.7,2020,4,Summer
2020-04-07,63.1,103.5,35.7,15.8,1.36,47.3,63.0,Moderate,58.9,2020,4,Summer
2020-04-08,49.0,81.4,36.8,14.4,1.19,41.5,51.0,Moderate,59.6,2020,4,Summer
2020-04-09,61.3,121.6,37.4,14.0,1.21,42.6,66.0,Moderate,60.0,2020,4,Summer
2020-04-10,55.4,101.7,38.9,12.2,1.02,46.2,59.0,Moderate,59.6,2020,4,Summer
2020-04-11,59.9,102.6,38.3,13.1,0.6,37.2,61.0,Moderate,59.0,2020,4,Summer
2020-04-12,54.8,109.3,34.0,9.8,1.25,42.6,59.0,Moderate,59.6,2020,4,Summer
2020-04-13,62.6,98.7,40.9,10.6,1.43,44.2,62.0,Moderate,60.1,2020,4,Summer
2020-04-14,55.1,95.7,36.2,10.4,1.4,35.8,56.0,Moderate,59.1,2020,4,Summer
2020-04-15,43.1,78.6,46.2,9.4,0.98,48.9,50.0,Good,59.0,2020,4,Summer
2020-04-16,63.7,97.3,43.5,11.0,0.79,54.9,64.0,Moderate,58.7,2020,4,Summer
2020-04-17,46.9,87.1,31.9,9.7,1.33,56.6,52.0,Moderate,57.7,2020,4,Summer
2020-04-18,62.3,96.5,37.5,10.9,1.06,35.0,60.0,Moderate,57.6,2020,4,Summer
2020-04-19,52.9,83.0,44.9,8.0,1.24,50.6,55.0,Moderate,57.0,2020,4,Summer
2020-04-20,61.7,97.5,41.2,9.7,1.06,41.8,61.0,Moderate,56.9,2020,4,Summer
2020-04-21,61.4,120.7,38.9,13.4,0.96,44.5,66.0,Moderate,58.3,2020,4,Summer
2020-04-22,56.5,104.1,29.2,11.1,1.64,40.2,58.0,Moderate,59.4,2020,4,Summer
2020-04-23,57.1,104.3,37.6,13.4,1.46,48.2,61.0,Moderate,59.0,2020,4,Summer
2020-04-24,56.5,100.4,39.3,9.5,1.34,32.8,58.0,Moderate,59.9,2020,4,Summer
2020-04-25,39.4,64.9,30.3,10.3,1.57,39.4,42.0,Good,57.3,2020,4,Summer
2020-04-26,54.3,98.4,41.0,11.2,1.35,34.2,57.0,Moderate,57.6,2020,4,Summer
2020-04-27,45.7,77.9,35.7,10.4,1.26,42.7,49.0,Good,55.9,2020,4,Summer
2020-04-28,54.7,86.0,39.7,8.0,1.76,44.1,55.0,Moderate,54.3,2020,4,Summer
2020-04-29,45.5,83.9,39.0,11.9,1.78,37.9,50.0,Good,53.1,2020,4,Summer
2020-04-30,45.2,70.7,37.5,8.8,1.1,48.4,48.0,Good,51.3,2020,4,Summer
2020-05-01,64.7,103.3,41.7,10.7,1.42,48.0,65.0,Moderate,52.3,2020,5,Summer
2020-05-02,61.0,116.4,39.6,6.5,1.39,50.3,65.0,Moderate,55.6,2020,5,Summer
2020-05-03,53.5,97.9,49.4,9.5,1.57,53.1,59.0,Moderate,55.9,2020,5,Summer
2020-05-04,54.8,99.5,45.6,10.5,1.09,44.8,59.0,Moderate,57.3,2020,5,Summer
2020-05-05,51.8,88.5,34.5,11.9,1.67,47.3,54.0,Moderate,57.1,2020,5,Summer
2020-05-06,57.5,97.6,43.2,8.3,1.12,41.1,59.0,Moderate,58.4,2020,5,Summer
2020-05-07,48.8,90.0,35.6,9.0,1.32,46.6,53.0,Moderate,59.1,2020,5,Summer
2020-05-08,60.5,113.1,33.8,14.3,1.07,46.9,63.0,Moderate,58.9,2020,5,Summer
2020-05-09,51.7,90.8,32.6,14.7,1.22,54.0,55.0,Moderate,57.4,2020,5,Summer
2020-05-10,50.6,100.3,37.1,11.8,1.09,49.1,56.0,Moderate,57.0,2020,5,Summer
2020-05-11,53.7,106.1,42.5,13.3,1.11,49.3,60.0,Moderate,57.1,2020,5,Summer
2020-05-12,49.4,84.2,39.1,10.0,1.54,45.0,52.0,Moderate,56.9,2020,5,Summer
2020-05-13,55.8,106.6,40.5,12.1,1.34,30.3,59.0,Moderate,56.9,2020,5,Summer
2020-05-14,49.7,88.1,25.6,12.0,1.85,46.8,52.0,Moderate,56.7,2020,5,Summer
2020-05-15,56.8,99.7,37.6,8.9,1.3,44.3,59.0,Moderate,56.1,2020,5,Summer
2020-05-16,62.0,94.7,34.3,11.1,1.15,41.2,60.0,Moderate,56.9,2020,5,Summer
2020-05-17,48.5,86.6,32.2,10.2,1.22,50.5,52.0,Moderate,56.3,2020,5,Summer
2020-05-18,52.6,102.6,33.7,11.5,1.31,51.7,58.0,Moderate,56.0,2020,5,Summer
2020-05-19,56.7,107.2,38.8,9.7,1.43,41.8,60.0,Moderate,57.1,2020,5,Summer
2020-05-20,50.4,95.5,41.1,7.8,1.25,47.1,56.0,Moderate,56.7,2020,5,Summer
2020-05-21,56.8,89.7,34.9,10.8,1.03,46.3,57.0,Moderate,57.4,2020,5,Summer
2020-05-22,57.4,96.4,40.9,12.4,1.58,52.6,60.0,Moderate,57.6,2020,5,Summer
2020-05-23,61.1,98.7,41.8,12.4,1.65,49.1,62.0,Moderate,57.9,2020,5,Summer
2020-05-24,49.3,81.7,39.8,7.2,1.24,50.5,52.0,Moderate,57.9,2020,5,Summer
2020-05-25,46.9,83.9,35.1,11.1,1.72,45.1,51.0,Moderate,56.9,2020,5,Summer
2020-05-26,51.3,86.4,36.5,12.1,1.22,49.0,54.0,Moderate,56.0,2020,5,Summer
2020-05-27,46.7,83.2,39.8,11.0,1.61,51.3,52.0,Moderate,55.4,2020,5,Summer
2020-05-28,57.5,98.8,35.6,12.5,1.11,58.6,60.0,Moderate,55.9,2020,5,Summer
2020-05-29,45.4,74.6,41.1,7.9,1.94,44.3,49.0,Good,54.3,2020,5,Summer
2020-05-30,69.8,108.1,34.1,8.5,0.91,45.2,67.0,Moderate,55.0,2020,5,Summer
2020-05-31,62.6,121.8,40.0,11.9,1.07,43.3,67.0,Moderate,57.1,2020,5,Summer
2020-06-01,50.0,75.3,39.4,9.3,1.79,44.8,51.0,Moderate,57.1,2020,6,Southwest Monsoon
2020-06-02,56.0,84.0,36.6,12.3,0.82,53.9,56.0,Moderate,57.4,2020,6,Southwest Monsoon
2020-06-03,38.4,73.6,31.8,10.6,1.18,42.8,44.0,Good,56.3,2020,6,Southwest Monsoon
2020-06-04,67.6,135.0,29.3,8.2,1.11,48.9,70.0,Moderate,57.7,2020,6,Southwest Monsoon
2020-06-05,45.8,85.3,31.4,8.1,1.25,51.9,50.0,Good,57.9,2020,6,Southwest Monsoon
2020-06-06,49.1,74.0,37.7,6.2,1.31,52.9,51.0,Moderate,55.6,2020,6,Southwest Monsoon
2020-06-07,36.9,59.5,35.0,11.4,1.19,54.2,42.0,Good,52.0,2020,6,Southwest Monsoon
2020-06-08,53.3,105.9,33.4,9.8,1.43,49.3,58.0,Moderate,53.0,2020,6,Southwest Monsoon
2020-06-09,42.2,80.3,37.4,11.8,1.6,48.7,48.0,Good,51.9,2020,6,Southwest Monsoon
2020-06-10,50.6,90.3,27.9,10.5,1.1,44.0,52.0,Moderate,53.0,2020,6,Southwest Monsoon
2020-06-11,46.1,74.6,34.8,10.2,0.8,37.0,47.0,Good,49.7,2020,6,Southwest Monsoon
2020-06-12,42.4,63.8,31.4,11.6,1.08,43.8,44.0,Good,48.9,2020,6,Southwest Monsoon
2020-06-13,44.3,66.9,30.4,9.8,1.32,47.5,45.0,Good,48.0,2020,6,Southwest Monsoon
2020-06-14,51.5,93.0,33.7,9.3,1.29,51.8,55.0,Moderate,49.9,2020,6,Southwest Monsoon
2020-06-15,40.9,61.8,45.7,10.0,1.47,54.2,46.0,Good,48.1,2020,6,Southwest Monsoon
2020-06-16,44.7,89.2,38.3,11.7,1.71,46.7,51.0,Moderate,48.6,2020,6,Southwest Monsoon
2020-06-17,54.5,86.8,31.3,8.1,1.3,52.2,55.0,Moderate,49.0,2020,6,Southwest Monsoon
2020-06-18,68.1,126.4,40.6,11.8,1.14,47.4,71.0,Moderate,52.4,2020,6,Southwest Monsoon
2020-06-19,53.2,84.0,30.6,10.1,1.06,47.5,53.0,Moderate,53.7,2020,6,Southwest Monsoon
2020-06-20,43.5,77.0,41.9,9.2,1.2,44.9,48.0,Good,54.1,2020,6,Southwest Monsoon
2020-06-21,47.3,72.9,32.3,10.4,1.46,44.0,48.0,Good,53.1,2020,6,Southwest Monsoon
2020-06-22,50.1,94.4,36.2,12.4,1.09,43.4,54.0,Moderate,54.3,2020,6,Southwest Monsoon
2020-06-23,47.5,85.1,44.1,12.3,1.39,43.5,52.0,Moderate,54.4,2020,6,Southwest Monsoon
2020-06-24,56.2,86.8,34.4,10.8,0.97,42.8,55.0,Moderate,54.4,2020,6,Southwest Monsoon
2020-06-25,51.4,99.0,43.2,11.3,1.24,50.4,58.0,Moderate,52.6,2020,6,Southwest Monsoon
2020-06-26,56.3,99.8,35.5,10.1,0.86,52.4,59.0,Moderate,53.4,2020,6,Southwest Monsoon
2020-06-27,47.7,93.5,35.5,8.8,1.1,42.2,53.0,Moderate,54.1,2020,6,Southwest Monsoon
2020-06-28,59.2,115.9,32.3,10.9,1.61,41.5,62.0,Moderate,56.1,2020,6,Southwest Monsoon
2020-06-29,48.7,95.5,41.4,9.1,1.31,44.9,55.0,Moderate,56.3,2020,6,Southwest Monsoon
2020-06-30,43.1,66.3,33.8,7.9,1.21,41.4,44.0,Good,55.1,2020,6,Southwest Monsoon
2020-07-01,65.1,101.7,43.4,9.2,1.31,40.6,64.0,Moderate,56.4,2020,7,Southwest Monsoon
2020-07-02,37.1,74.0,33.3,6.7,1.37,43.9,43.0,Good,54.3,2020,7,Southwest Monsoon
2020-07-03,44.7,78.0,34.0,7.5,1.33,46.7,48.0,Good,52.7,2020,7,Southwest Monsoon
2020-07-04,45.5,73.7,39.8,14.1,1.3,46.6,49.0,Good,52.1,2020,7,Southwest Monsoon
2020-07-05,67.5,127.1,35.4,12.3,1.0,43.8,69.0,Moderate,53.1,2020,7,Southwest Monsoon
2020-07-06,62.5,102.1,37.0,9.5,0.88,42.6,62.0,Moderate,54.1,2020,7,Southwest Monsoon
2020-07-07,60.4,112.5,30.6,11.0,1.43,48.2,63.0,Moderate,56.9,2020,7,Southwest Monsoon
2020-07-08,47.6,91.3,36.2,8.1,0.92,47.0,53.0,Moderate,55.3,2020,7,Southwest Monsoon
2020-07-09,66.9,126.6,37.3,11.3,1.34,45.8,69.0,Moderate,59.0,2020,7,Southwest Monsoon
2020-07-10,52.5,85.9,42.7,10.5,1.5,42.1,55.0,Moderate,60.0,2020,7,Southwest Monsoon
2020-07-11,56.7,96.5,33.9,8.6,0.99,51.4,58.0,Moderate,61.3,2020,7,Southwest Monsoon
2020-07-12,51.2,87.3,37.1,9.4,1.08,38.1,53.0,Moderate,59.0,2020,7,Southwest Monsoon
2020-07-13,49.6,86.5,40.6,9.2,1.21,41.8,53.0,Moderate,57.7,2020,7,Southwest Monsoon
2020-07-14,48.1,76.2,36.0,11.7,1.02,39.5,49.0,Good,55.7,2020,7,Southwest Monsoon
2020-07-15,48.4,83.6,40.1,9.8,1.02,44.4,52.0,Moderate,55.6,2020,7,Southwest Monsoon
2020-07-16,54.2,95.1,45.8,6.8,1.11,40.9,57.0,Moderate,53.9,2020,7,Southwest Monsoon
2020-07-17,52.5,92.7,35.9,9.1,1.05,44.6,55.0,Moderate,53.9,2020,7,Southwest Monsoon
2020-07-18,49.7,94.9,41.1,8.4,1.37,46.6,55.0,Moderate,53.4,2020,7,Southwest Monsoon
2020-07-19,60.5,106.3,37.9,7.0,1.26,50.2,63.0,Moderate,54.9,2020,7,Southwest Monsoon
2020-07-20,29.1,47.1,39.2,8.5,0.88,44.9,35.0,Good,52.3,2020,7,Southwest Monsoon
2020-07-21,53.5,97.9,38.6,5.7,1.68,44.7,57.0,Moderate,53.4,2020,7,Southwest Monsoon
2020-07-22,54.9,104.3,40.1,8.1,1.17,45.7,59.0,Moderate,54.4,2020,7,Southwest Monsoon
2020-07-23,57.9,96.1,39.8,10.4,1.23,32.0,58.0,Moderate,54.6,2020,7,Southwest Monsoon
2020-07-24,49.4,90.1,35.5,10.9,1.11,43.6,53.0,Moderate,54.3,2020,7,Southwest Monsoon
2020-07-25,51.4,80.8,33.6,11.0,1.24,37.6,51.0,Moderate,53.7,2020,7,Southwest Monsoon
2020-07-26,56.8,94.9,37.5,11.9,1.02,39.8,58.0,Moderate,53.0,2020,7,Southwest Monsoon
2020-07-27,60.3,117.9,30.0,12.4,0.91,42.3,63.0,Moderate,57.0,2020,7,Southwest Monsoon
2020-07-28,47.8,93.5,38.3,8.0,1.16,47.5,53.0,Moderate,56.4,2020,7,Southwest Monsoon
2020-07-29,51.8,92.5,38.8,7.2,1.6,33.8,54.0,Moderate,55.7,2020,7,Southwest Monsoon
2020-07-30,61.7,114.1,35.1,10.1,1.39,43.7,64.0,Moderate,56.6,2020,7,Southwest Monsoon
2020-07-31,35.0,67.5,36.0,11.1,1.55,42.9,41.0,Good,54.9,2020,7,Southwest Monsoon
2020-08-01,45.1,89.2,39.4,8.3,1.1,44.4,51.0,Moderate,54.9,2020,8,Southwest Monsoon
2020-08-02,60.2,105.0,38.8,10.5,1.04,53.3,63.0,Moderate,55.6,2020,8,Southwest Monsoon
2020-08-03,57.5,102.5,39.5,13.6,1.12,49.7,61.0,Moderate,55.3,2020,8,Southwest Monsoon
2020-08-04,53.6,91.5,38.9,7.3,1.37,43.3,56.0,Moderate,55.7,2020,8,Southwest Monsoon
2020-08-05,46.8,71.8,36.2,10.0,1.5,44.5,48.0,Good,54.9,2020,8,Southwest Monsoon
2020-08-06,43.7,74.8,35.7,12.1,1.18,41.4,47.0,Good,52.4,2020,8,Southwest Monsoon
2020-08-07,45.8,86.7,37.5,9.6,0.89,45.2,51.0,Moderate,53.9,2020,8,Southwest Monsoon
2020-08-08,60.7,115.5,41.6,10.8,1.49,41.4,64.0,Moderate,55.7,2020,8,Southwest Monsoon
2020-08-09,45.5,88.6,36.9,11.8,1.52,43.2,51.0,Moderate,54.0,2020,8,Southwest Monsoon
2020-08-10,50.6,77.2,41.0,9.4,1.37,37.6,51.0,Moderate,52.6,2020,8,Southwest Monsoon
2020-08-11,44.6,78.7,27.7,7.9,1.6,42.0,47.0,Good,51.3,2020,8,Southwest Monsoon
2020-08-12,55.8,86.7,37.1,9.8,0.77,47.5,56.0,Moderate,52.4,2020,8,Southwest Monsoon
2020-08-13,46.1,73.8,36.1,7.8,1.01,43.4,48.0,Good,52.6,2020,8,Southwest Monsoon
2020-08-14,49.2,96.0,29.1,8.9,1.25,41.0,53.0,Moderate,52.9,2020,8,Southwest Monsoon
2020-08-15,38.1,66.6,29.7,10.9,0.98,25.7,40.0,Good,49.4,2020,8,Southwest Monsoon
2020-08-16,38.6,72.6,37.6,10.4,1.47,42.0,44.0,Good,48.4,2020,8,Southwest Monsoon
2020-08-17,50.0,76.5,36.2,12.0,0.95,39.5,50.0,Good,48.3,2020,8,Southwest Monsoon
2020-08-18,40.6,69.4,39.0,10.5,1.58,34.4,44.0,Good,47.9,2020,8,Southwest Monsoon
2020-08-19,64.6,118.7,25.4,8.4,1.03,39.3,64.0,Moderate,49.0,2020,8,Southwest Monsoon
2020-08-20,35.5,55.6,40.1,8.0,1.59,39.2,39.0,Good,47.7,2020,8,Southwest Monsoon
2020-08-21,44.3,73.7,40.1,11.3,1.04,39.3,47.0,Good,46.9,2020,8,Southwest Monsoon
2020-08-22,50.0,76.6,30.3,10.5,0.65,42.9,50.0,Good,48.3,2020,8,Southwest Monsoon
2020-08-23,47.3,86.4,41.4,9.6,1.28,37.9,51.0,Moderate,49.3,2020,8,Southwest Monsoon
2020-08-24,42.2,83.7,43.0,10.7,1.42,37.6,49.0,Good,49.1,2020,8,Southwest Monsoon
2020-08-25,43.2,82.7,30.5,8.6,0.99,36.9,47.0,Good,49.6,2020,8,Southwest Monsoon
2020-08-26,43.0,85.4,36.2,5.1,1.64,39.8,48.0,Good,47.3,2020,8,Southwest Monsoon
2020-08-27,47.9,92.1,36.6,12.1,1.59,41.1,53.0,Moderate,49.3,2020,8,Southwest Monsoon
2020-08-28,63.6,122.5,28.6,11.3,1.2,44.7,66.0,Moderate,52.0,2020,8,Southwest Monsoon
2020-08-29,50.4,90.2,34.5,9.8,1.32,40.7,53.0,Moderate,52.4,2020,8,Southwest Monsoon
2020-08-30,58.2,102.3,41.4,8.2,1.25,43.3,61.0,Moderate,53.9,2020,8,Southwest Monsoon
2020-08-31,53.4,91.0,32.4,9.6,1.41,42.0,54.0,Moderate,54.6,2020,8,Southwest Monsoon
2020-09-01,57.7,110.1,43.1,6.5,1.46,38.4,62.0,Moderate,56.7,2020,9,Southwest Monsoon
2020-09-02,30.3,48.2,37.3,10.2,0.83,33.8,34.0,Good,54.7,2020,9,Southwest Monsoon
2020-09-03,47.8,73.0,32.6,6.1,1.66,39.3,48.0,Good,54.0,2020,9,Southwest Monsoon
2020-09-04,59.0,116.6,36.0,10.2,1.54,44.9,63.0,Moderate,53.6,2020,9,Southwest Monsoon
2020-09-05,45.9,68.9,29.9,8.6,0.98,42.4,46.0,Good,52.6,2020,9,Southwest Monsoon
2020-09-06,62.2,123.8,37.5,9.7,1.61,43.2,66.0,Moderate,53.3,2020,9,Southwest Monsoon
2020-09-07,60.3,112.4,35.0,7.7,1.72,27.5,61.0,Moderate,54.3,2020,9,Southwest Monsoon
2020-09-08,46.6,77.6,34.1,13.0,0.82,26.7,47.0,Good,52.1,2020,9,Southwest Monsoon
2020-09-09,46.4,85.7,30.0,10.7,1.42,34.0,49.0,Good,54.3,2020,9,Southwest Monsoon
2020-09-10,42.8,81.7,35.5,8.6,1.47,38.6,47.0,Good,54.1,2020,9,Southwest Monsoon
2020-09-11,45.5,73.8,36.6,9.6,1.34,34.2,47.0,Good,51.9,2020,9,Southwest Monsoon
2020-09-12,41.3,77.8,30.3,13.2,1.54,34.9,45.0,Good,51.7,2020,9,Southwest Monsoon
2020-09-13,52.9,100.6,40.1,8.1,1.29,28.4,56.0,Moderate,50.3,2020,9,Southwest Monsoon
2020-09-14,39.7,64.5,36.9,7.8,1.37,32.6,42.0,Good,47.6,2020,9,Southwest Monsoon
2020-09-15,54.1,82.3,32.4,7.7,0.77,31.0,52.0,Moderate,48.3,2020,9,Southwest Monsoon
2020-09-16,54.3,87.0,35.4,8.6,1.08,31.0,53.0,Moderate,48.9,2020,9,Southwest Monsoon
2020-09-17,38.3,61.2,39.1,13.0,1.56,31.5,41.0,Good,48.0,2020,9,Southwest Monsoon
2020-09-18,60.7,93.1,41.3,8.9,1.07,29.6,59.0,Moderate,49.7,2020,9,Southwest Monsoon
2020-09-19,53.5,99.7,42.1,9.2,1.23,22.9,56.0,Moderate,51.3,2020,9,Southwest Monsoon
2020-09-20,55.1,93.2,43.0,10.4,0.96,41.8,57.0,Moderate,51.4,2020,9,Southwest Monsoon
2020-09-21,44.6,86.6,30.5,9.9,1.08,34.0,48.0,Good,52.3,2020,9,Southwest Monsoon
2020-09-22,54.3,88.2,33.0,11.9,1.33,31.0,53.0,Moderate,52.4,2020,9,Southwest Monsoon
2020-09-23,57.8,99.8,30.2,11.6,1.21,33.6,57.0,Moderate,53.0,2020,9,Southwest Monsoon
2020-09-24,49.2,89.5,40.2,10.7,0.79,35.8,53.0,Moderate,54.7,2020,9,Southwest Monsoon
2020-09-25,63.9,123.9,35.1,9.5,1.06,34.6,66.0,Moderate,55.7,2020,9,Southwest Monsoon
2020-09-26,50.2,88.5,40.9,11.9,1.59,30.2,53.0,Moderate,55.3,2020,9,Southwest Monsoon
2020-09-27,57.9,97.6,30.1,8.4,1.51,38.7,57.0,Moderate,55.3,2020,9,Southwest Monsoon
2020-09-28,52.0,100.4,33.0,8.3,1.25,30.7,55.0,Moderate,56.3,2020,9,Southwest Monsoon
2020-09-29,54.0,89.4,32.6,9.2,1.33,32.3,53.0,Moderate,56.3,2020,9,Southwest Monsoon
2020-09-30,38.2,58.8,40.8,12.3,1.08,42.0,42.0,Good,54.1,2020,9,Southwest Monsoon
2020-10-01,56.1,96.6,41.3,9.1,1.7,43.5,58.0,Moderate,54.9,2020,10,Post-Monsoon
2020-10-02,48.4,91.5,30.4,9.5,1.28,38.8,51.0,Moderate,52.7,2020,10,Post-Monsoon
2020-10-03,47.6,72.1,36.6,11.1,1.04,29.6,47.0,Good,51.9,2020,10,Post-Monsoon
2020-10-04,65.7,117.8,42.3,10.6,0.92,30.7,66.0,Moderate,53.1,2020,10,Post-Monsoon
2020-10-05,52.0,93.5,43.0,10.0,0.91,28.8,55.0,Moderate,53.1,2020,10,Post-Monsoon
2020-10-06,46.5,91.3,40.2,11.7,1.15,31.4,51.0,Moderate,52.9,2020,10,Post-Monsoon
2020-10-07,51.0,83.8,39.2,9.8,1.76,35.1,52.0,Moderate,54.3,2020,10,Post-Monsoon
2020-10-08,44.4,72.8,34.8,12.9,2.02,22.9,45.0,Good,52.4,2020,10,Post-Monsoon
2020-10-09,63.5,109.3,42.8,11.2,1.62,27.0,63.0,Moderate,54.1,2020,10,Post-Monsoon
2020-10-10,48.6,81.6,33.7,12.8,0.91,32.7,50.0,Good,54.6,2020,10,Post-Monsoon
2020-10-11,57.2,106.9,32.1,9.2,1.07,31.5,58.0,Moderate,53.4,2020,10,Post-Monsoon
2020-10-12,63.0,114.7,39.3,10.5,1.07,29.6,64.0,Moderate,54.7,2020,10,Post-Monsoon
2020-10-13,50.0,94.0,36.7,7.0,1.28,24.8,52.0,Moderate,54.9,2020,10,Post-Monsoon
2020-10-14,57.2,109.3,41.4,13.4,1.14,28.7,60.0,Moderate,56.0,2020,10,Post-Monsoon
2020-10-15,46.3,90.8,40.4,15.3,1.51,29.1,51.0,Moderate,56.9,2020,10,Post-Monsoon
2020-10-16,70.6,121.1,45.3,10.2,1.28,24.8,69.0,Moderate,57.7,2020,10,Post-Monsoon
2020-10-17,60.1,119.6,40.1,11.5,1.57,27.2,63.0,Moderate,59.6,2020,10,Post-Monsoon
2020-10-18,52.2,83.9,42.7,11.0,1.5,30.3,53.0,Moderate,58.9,2020,10,Post-Monsoon
2020-10-19,48.1,89.3,35.1,8.2,1.68,33.5,51.0,Moderate,57.0,2020,10,Post-Monsoon
2020-10-20,52.7,93.1,41.3,13.2,1.17,35.6,55.0,Moderate,57.4,2020,10,Post-Monsoon
2020-10-21,51.1,97.6,37.4,10.2,1.59,25.7,54.0,Moderate,56.6,2020,10,Post-Monsoon
2020-10-22,67.2,116.8,36.5,6.7,1.16,29.1,66.0,Moderate,58.7,2020,10,Post-Monsoon
2020-10-23,44.9,85.0,34.9,9.3,1.34,29.5,48.0,Good,55.7,2020,10,Post-Monsoon
2020-10-24,54.4,107.0,44.7,8.0,1.14,29.7,59.0,Moderate,55.1,2020,10,Post-Monsoon
2020-10-25,53.4,99.6,38.5,11.0,1.44,29.2,56.0,Moderate,55.6,2020,10,Post-Monsoon
2020-10-26,52.7,99.5,35.3,11.0,1.68,24.6,55.0,Moderate,56.1,2020,10,Post-Monsoon
2020-10-27,52.7,80.9,41.2,13.1,1.64,32.8,53.0,Moderate,55.9,2020,10,Post-Monsoon
2020-10-28,52.7,84.4,36.7,14.4,1.44,28.7,52.0,Moderate,55.6,2020,10,Post-Monsoon
2020-10-29,59.6,118.5,35.3,14.6,1.31,30.4,63.0,Moderate,55.1,2020,10,Post-Monsoon
2020-10-30,57.8,106.7,50.1,8.7,1.35,30.6,61.0,Moderate,57.0,2020,10,Post-Monsoon
2020-10-31,56.4,100.5,33.7,12.0,1.73,27.0,57.0,Moderate,56.7,2020,10,Post-Monsoon
2020-11-01,32.3,54.3,46.0,12.3,1.14,33.8,38.0,Good,54.1,2020,11,Post-Monsoon
2020-11-02,55.6,84.6,35.3,9.7,1.47,27.7,53.0,Moderate,53.9,2020,11,Post-Monsoon
2020-11-03,41.9,70.6,41.0,11.3,1.63,30.7,45.0,Good,52.7,2020,11,Post-Monsoon
2020-11-04,58.0,101.5,38.1,11.5,1.35,30.3,59.0,Moderate,53.7,2020,11,Post-Monsoon
2020-11-05,63.8,102.5,41.4,9.8,1.58,31.0,62.0,Moderate,53.6,2020,11,Post-Monsoon
2020-11-06,47.0,74.6,33.0,13.3,1.9,35.1,48.0,Good,51.7,2020,11,Post-Monsoon
2020-11-07,51.7,90.6,32.5,11.2,1.33,26.0,52.0,Moderate,51.0,2020,11,Post-Monsoon
2020-11-08,49.3,88.4,41.6,10.4,1.29,29.5,52.0,Moderate,53.0,2020,11,Post-Monsoon
2020-11-09,62.1,100.7,31.4,8.3,1.41,29.3,59.0,Moderate,53.9,2020,11,Post-Monsoon
2020-11-10,54.2,97.2,33.8,13.1,1.47,28.0,55.0,Moderate,55.3,2020,11,Post-Monsoon
2020-11-11,65.6,127.9,38.1,10.9,1.68,31.9,68.0,Moderate,56.6,2020,11,Post-Monsoon
2020-11-12,56.4,97.9,33.3,10.9,1.66,23.5,56.0,Moderate,55.7,2020,11,Post-Monsoon
2020-11-13,55.2,106.5,33.8,9.1,1.43,36.3,58.0,Moderate,57.1,2020,11,Post-Monsoon
2020-11-14,54.0,106.0,36.9,12.5,0.86,36.5,58.0,Moderate,58.0,2020,11,Post-Monsoon
2020-11-15,59.2,91.6,29.8,8.5,0.99,26.1,55.0,Moderate,58.4,2020,11,Post-Monsoon
2020-11-16,41.3,64.0,32.9,6.3,1.59,28.7,42.0,Good,56.0,2020,11,Post-Monsoon
2020-11-17,54.1,94.0,43.9,9.3,1.19,20.2,55.0,Moderate,56.0,2020,11,Post-Monsoon
2020-11-18,53.0,95.1,42.3,11.4,1.61,25.9,55.0,Moderate,54.1,2020,11,Post-Monsoon
2020-11-19,58.6,100.3,47.6,11.4,1.56,40.7,61.0,Moderate,54.9,2020,11,Post-Monsoon
2020-11-20,52.2,86.8,40.9,11.0,1.3,32.1,53.0,Moderate,54.1,2020,11,Post-Monsoon
2020-11-21,46.2,84.2,43.7,10.4,1.14,32.5,50.0,Good,53.0,2020,11,Post-Monsoon
2020-11-22,53.6,80.4,36.8,11.1,1.31,26.6,52.0,Moderate,52.6,2020,11,Post-Monsoon
2020-11-23,45.9,91.1,37.8,16.5,1.4,28.5,51.0,Moderate,53.9,2020,11,Post-Monsoon
2020-11-24,40.0,64.7,40.2,11.2,1.0,28.7,42.0,Good,52.0,2020,11,Post-Monsoon
2020-11-25,58.6,114.8,30.9,9.9,1.58,22.0,60.0,Moderate,52.7,2020,11,Post-Monsoon
2020-11-26,57.6,89.5,40.7,10.5,1.53,29.6,56.0,Moderate,52.0,2020,11,Post-Monsoon
2020-11-27,56.8,91.9,36.0,10.3,1.4,32.8,56.0,Moderate,52.4,2020,11,Post-Monsoon
2020-11-28,62.6,101.3,36.7,10.9,1.4,37.8,61.0,Moderate,54.0,2020,11,Post-Monsoon
2020-11-29,48.8,97.6,42.5,8.9,1.71,30.2,54.0,Moderate,54.3,2020,11,Post-Monsoon
2020-11-30,43.5,65.3,32.3,12.3,1.17,28.3,43.0,Good,53.1,2020,11,Post-Monsoon
2020-12-01,57.8,105.2,42.3,12.3,1.4,28.3,60.0,Moderate,55.7,2020,12,Winter
2020-12-02,55.9,108.1,43.9,10.2,1.51,30.9,60.0,Moderate,55.7,2020,12,Winter
2020-12-03,52.4,96.2,40.0,13.8,1.35,32.9,55.0,Moderate,55.6,2020,12,Winter
2020-12-04,57.7,97.1,42.2,7.9,1.46,34.4,58.0,Moderate,55.9,2020,12,Winter
2020-12-05,54.0,106.9,42.4,16.1,1.1,18.4,57.0,Moderate,55.3,2020,12,Winter
2020-12-06,45.4,88.5,45.7,15.5,1.39,34.4,51.0,Moderate,54.9,2020,12,Winter
2020-12-07,55.2,94.8,41.4,15.2,1.46,23.1,56.0,Moderate,56.7,2020,12,Winter
2020-12-08,50.3,90.0,37.1,10.8,1.3,24.2,52.0,Moderate,55.6,2020,12,Winter
2020-12-09,59.9,118.9,39.8,12.2,1.81,28.1,63.0,Moderate,56.0,2020,12,Winter
2020-12-10,53.7,106.9,40.7,10.5,1.6,31.7,58.0,Moderate,56.4,2020,12,Winter
2020-12-11,66.1,114.0,38.9,12.6,1.46,22.6,65.0,Moderate,57.4,2020,12,Winter
2020-12-12,69.5,133.7,42.9,11.8,1.34,26.3,71.0,Moderate,59.4,2020,12,Winter
2020-12-13,63.1,104.1,42.7,10.8,1.11,30.7,62.0,Moderate,61.0,2020,12,Winter
2020-12-14,47.4,80.0,42.5,10.8,1.32,31.7,50.0,Good,60.1,2020,12,Winter
2020-12-15,68.8,108.9,38.5,11.9,1.51,31.6,66.0,Moderate,62.1,2020,12,Winter
2020-12-16,69.3,111.2,42.6,17.6,1.47,34.1,68.0,Moderate,62.9,2020,12,Winter
2020-12-17,58.4,106.8,47.3,14.4,1.3,35.2,62.0,Moderate,63.4,2020,12,Winter
2020-12-18,67.6,118.6,43.3,11.9,1.91,30.0,68.0,Moderate,63.9,2020,12,Winter
2020-12-19,54.4,87.9,46.4,11.4,1.76,29.2,55.0,Moderate,61.6,2020,12,Winter
2020-12-20,45.2,77.0,42.5,13.0,1.38,25.6,48.0,Good,59.6,2020,12,Winter
2020-12-21,53.0,89.4,39.6,10.5,1.64,26.8,53.0,Moderate,60.0,2020,12,Winter
2020-12-22,70.4,140.4,45.5,11.3,1.81,22.9,73.0,Moderate,61.0,2020,12,Winter
2020-12-23,47.9,92.2,36.5,7.8,1.58,36.7,52.0,Moderate,58.7,2020,12,Winter
2020-12-24,58.3,98.8,39.9,11.9,1.45,29.5,58.0,Moderate,58.1,2020,12,Winter
2020-12-25,58.5,114.6,41.5,12.0,1.04,33.6,62.0,Moderate,57.3,2020,12,Winter
2020-12-26,54.7,91.4,44.7,10.7,1.47,43.4,57.0,Moderate,57.6,2020,12,Winter
2020-12-27,55.2,101.2,47.2,12.7,1.3,41.2,60.0,Moderate,59.3,2020,12,Winter
2020-12-28,58.8,116.6,45.5,12.0,1.34,35.7,64.0,Moderate,60.9,2020,12,Winter
2020-12-29,54.4,92.2,45.1,10.7,1.41,28.3,56.0,Moderate,58.4,2020,12,Winter
2020-12-30,48.3,89.0,45.6,13.4,1.43,34.3,53.0,Moderate,58.6,2020,12,Winter
2020-12-31,59.8,98.6,46.1,11.4,1.4,30.3,60.0,Moderate,58.9,2020,12,Winter
2021-01-01,66.7,109.0,38.0,9.8,1.16,25.7,64.0,Moderate,59.1,2021,1,Winter
2021-01-02,65.3,116.7,51.4,8.4,1.05,25.9,67.0,Moderate,60.6,2021,1,Winter
2021-01-03,53.5,106.5,47.0,14.8,1.7,34.8,59.0,Moderate,60.4,2021,1,Winter
2021-01-04,50.4,87.1,41.9,12.2,1.91,34.3,53.0,Moderate,58.9,2021,1,Winter
2021-01-05,57.2,112.6,44.1,12.1,1.52,36.8,62.0,Moderate,59.7,2021,1,Winter
2021-01-06,70.2,137.3,37.3,11.8,1.22,29.6,72.0,Moderate,62.4,2021,1,Winter
2021-01-07,63.7,103.7,41.6,14.3,1.74,28.7,62.0,Moderate,62.7,2021,1,Winter
2021-01-08,64.1,109.1,41.2,12.2,2.01,25.5,63.0,Moderate,62.6,2021,1,Winter
2021-01-09,65.4,119.2,40.9,15.0,1.79,22.8,66.0,Moderate,62.4,2021,1,Winter
2021-01-10,62.1,109.3,45.9,12.2,1.83,26.9,63.0,Moderate,63.0,2021,1,Winter
2021-01-11,60.0,92.9,43.0,6.6,1.2,28.0,58.0,Moderate,63.7,2021,1,Winter
2021-01-12,63.8,127.5,37.8,14.4,1.35,25.7,66.0,Moderate,64.3,2021,1,Winter
2021-01-13,55.4,103.9,37.9,12.5,1.79,28.9,58.0,Moderate,62.3,2021,1,Winter
2021-01-14,49.3,84.7,34.7,10.9,1.19,41.1,51.0,Moderate,60.7,2021,1,Winter
2021-01-15,64.3,116.3,46.1,11.4,1.35,28.3,66.0,Moderate,61.1,2021,1,Winter
2021-01-16,67.9,104.8,41.7,11.3,1.54,22.6,64.0,Moderate,60.9,2021,1,Winter
2021-01-17,51.4,89.8,45.6,9.4,1.62,32.7,54.0,Moderate,59.6,2021,1,Winter
2021-01-18,65.0,127.7,55.2,13.7,1.42,35.2,70.0,Moderate,61.3,2021,1,Winter
2021-01-19,71.0,138.3,39.0,11.0,1.49,27.7,72.0,Moderate,62.1,2021,1,Winter
2021-01-20,59.2,98.8,43.9,10.2,1.53,36.1,60.0,Moderate,62.4,2021,1,Winter
2021-01-21,53.5,94.4,48.4,9.899999999999999,1.43,41.4,58.0,Moderate,63.4,2021,1,Winter
2021-01-22,60.1,111.0,40.6,9.6,1.36,31.4,62.0,Moderate,62.9,2021,1,Winter
2021-01-23,55.3,92.4,41.2,11.7,1.46,36.4,57.0,Moderate,61.9,2021,1,Winter
2021-01-24,54.9,84.1,44.7,7.3,1.35,37.4,55.0,Moderate,62.0,2021,1,Winter
2021-01-25,62.2,109.1,52.8,14.4,1.71,35.0,65.0,Moderate,61.3,2021,1,Winter
2021-01-26,48.0,86.4,45.1,11.3,1.57,37.6,52.0,Moderate,58.4,2021,1,Winter
2021-01-27,49.1,73.8,39.2,13.5,1.47,35.8,49.0,Good,56.9,2021,1,Winter
2021-01-28,59.3,91.8,39.7,10.0,1.43,28.6,57.0,Moderate,56.7,2021,1,Winter
2021-01-29,59.0,94.7,40.6,8.7,1.75,22.2,57.0,Moderate,56.0,2021,1,Winter
2021-01-30,61.6,103.1,35.3,10.4,1.4,34.5,61.0,Moderate,56.6,2021,1,Winter
2021-01-31,72.3,128.1,42.0,14.6,1.67,32.5,72.0,Moderate,59.0,2021,1,Winter
2021-02-01,59.9,98.7,42.6,13.1,1.79,25.7,59.0,Moderate,58.1,2021,2,Winter
2021-02-02,63.4,103.8,42.8,8.7,1.61,32.9,63.0,Moderate,59.7,2021,2,Winter
2021-02-03,52.4,101.3,36.8,7.1,1.09,33.4,56.0,Moderate,60.7,2021,2,Winter
2021-02-04,64.6,101.5,44.0,11.3,1.38,35.7,63.0,Moderate,61.6,2021,2,Winter
2021-02-05,55.5,97.0,38.7,14.1,1.28,40.0,58.0,Moderate,61.7,2021,2,Winter
2021-02-06,59.7,118.0,41.6,10.4,1.19,30.5,63.0,Moderate,62.0,2021,2,Winter
2021-02-07,58.4,105.9,39.6,14.1,1.76,24.4,59.0,Moderate,60.1,2021,2,Winter
2021-02-08,66.4,123.5,47.2,12.2,1.58,32.8,69.0,Moderate,61.6,2021,2,Winter
2021-02-09,50.0,85.8,39.9,15.4,0.85,39.0,53.0,Moderate,60.1,2021,2,Winter
2021-02-10,43.2,65.3,48.0,10.5,1.49,41.8,47.0,Good,58.9,2021,2,Winter
2021-02-11,57.7,105.2,43.1,11.8,1.32,32.2,60.0,Moderate,58.4,2021,2,Winter
2021-02-12,62.5,113.5,44.3,10.6,1.72,38.3,65.0,Moderate,59.4,2021,2,Winter
2021-02-13,60.3,93.7,42.9,13.9,1.32,30.1,59.0,Moderate,58.9,2021,2,Winter
2021-02-14,67.8,117.4,39.2,13.1,1.57,35.7,68.0,Moderate,60.1,2021,2,Winter
2021-02-15,62.3,121.9,44.2,8.5,1.57,21.6,65.0,Moderate,59.6,2021,2,Winter
2021-02-16,55.3,88.5,40.9,13.3,1.28,34.4,56.0,Moderate,60.0,2021,2,Winter
2021-02-17,42.9,74.3,43.9,8.9,1.24,37.8,47.0,Good,60.0,2021,2,Winter
2021-02-18,57.5,99.6,45.0,10.1,2.0,34.0,59.0,Moderate,59.9,2021,2,Winter
2021-02-19,66.4,126.5,50.2,13.4,1.59,29.4,70.0,Moderate,60.6,2021,2,Winter
2021-02-20,56.5,108.0,44.5,9.4,1.5,37.0,61.0,Moderate,60.9,2021,2,Winter
2021-02-21,59.4,111.6,46.4,11.2,1.79,45.8,64.0,Moderate,60.3,2021,2,Winter
2021-02-22,62.1,104.6,45.2,13.4,1.93,32.8,63.0,Moderate,60.0,2021,2,Winter
2021-02-23,52.1,80.0,41.7,12.7,1.87,33.5,52.0,Moderate,59.4,2021,2,Winter
2021-02-24,63.6,106.5,45.3,12.6,1.15,36.0,64.0,Moderate,61.9,2021,2,Winter
2021-02-25,70.7,130.0,42.1,13.5,1.5,45.7,73.0,Moderate,63.9,2021,2,Winter
2021-02-26,58.0,107.4,40.9,14.5,1.42,30.9,60.0,Moderate,62.4,2021,2,Winter
2021-02-27,51.3,101.7,38.2,9.4,1.96,33.8,56.0,Moderate,61.7,2021,2,Winter
2021-02-28,58.7,101.4,45.2,12.6,1.67,41.2,61.0,Moderate,61.3,2021,2,Winter
2021-03-01,38.8,70.5,36.7,12.8,1.03,31.8,43.0,Good,58.4,2021,3,Summer
2021-03-02,56.8,100.4,41.5,12.4,0.89,33.9,59.0,Moderate,59.4,2021,3,Summer
2021-03-03,57.6,90.7,39.0,10.6,1.76,47.2,58.0,Moderate,58.6,2021,3,Summer
2021-03-04,66.1,114.4,37.9,10.5,1.35,47.2,67.0,Moderate,57.7,2021,3,Summer
2021-03-05,53.0,94.0,35.5,12.5,1.34,41.6,55.0,Moderate,57.0,2021,3,Summer
2021-03-06,57.3,113.1,44.2,11.3,1.26,40.4,62.0,Moderate,57.9,2021,3,Summer
2021-03-07,48.4,81.4,37.4,13.1,1.14,36.0,50.0,Good,56.3,2021,3,Summer
2021-03-08,51.9,103.3,45.3,11.1,1.36,39.1,58.0,Moderate,58.4,2021,3,Summer
2021-03-09,43.7,77.4,35.7,10.2,1.55,35.4,47.0,Good,56.7,2021,3,Summer
2021-03-10,53.0,86.0,45.0,7.4,1.34,47.0,56.0,Moderate,56.4,2021,3,Summer
2021-03-11,52.3,83.4,39.3,10.4,1.61,40.3,53.0,Moderate,54.4,2021,3,Summer
2021-03-12,56.5,88.7,42.4,8.4,1.52,38.9,57.0,Moderate,54.7,2021,3,Summer
2021-03-13,50.0,86.4,33.8,7.2,1.58,40.1,52.0,Moderate,53.3,2021,3,Summer
2021-03-14,55.0,83.1,33.8,9.2,1.4,36.8,53.0,Moderate,53.7,2021,3,Summer
2021-03-15,52.1,89.7,40.0,12.3,1.31,42.7,55.0,Moderate,53.3,2021,3,Summer
2021-03-16,52.1,103.9,34.9,10.4,1.06,39.2,56.0,Moderate,54.6,2021,3,Summer
2021-03-17,55.0,100.9,44.3,11.3,1.6,55.0,60.0,Moderate,55.1,2021,3,Summer
2021-03-18,54.7,102.8,40.5,12.2,1.41,38.4,58.0,Moderate,55.9,2021,3,Summer
2021-03-19,59.7,93.1,36.4,10.8,1.29,44.9,59.0,Moderate,56.1,2021,3,Summer
2021-03-20,53.6,93.0,35.3,9.5,1.07,50.1,56.0,Moderate,56.7,2021,3,Summer
2021-03-21,52.0,85.4,37.8,10.0,1.67,27.1,52.0,Moderate,56.6,2021,3,Summer
2021-03-22,53.1,103.5,36.7,12.4,1.35,39.0,57.0,Moderate,56.9,2021,3,Summer
2021-03-23,49.4,78.6,41.0,10.8,1.82,49.0,52.0,Moderate,56.3,2021,3,Summer
2021-03-24,51.9,89.7,38.7,5.8,0.83,30.2,53.0,Moderate,55.3,2021,3,Summer
2021-03-25,68.6,123.1,43.7,10.2,1.43,47.6,71.0,Moderate,57.1,2021,3,Summer
2021-03-26,48.0,84.4,41.5,12.0,1.01,43.4,52.0,Moderate,56.1,2021,3,Summer
2021-03-27,52.4,100.4,35.5,11.3,1.17,49.6,57.0,Moderate,56.3,2021,3,Summer
2021-03-28,51.7,83.5,37.3,8.9,1.28,40.5,53.0,Moderate,56.4,2021,3,Summer
2021-03-29,52.7,88.9,35.5,9.4,1.51,43.5,54.0,Moderate,56.0,2021,3,Summer
2021-03-30,52.1,98.7,35.5,7.0,1.42,36.5,55.0,Moderate,56.4,2021,3,Summer
2021-03-31,56.4,99.4,31.8,12.0,1.21,41.3,58.0,Moderate,57.1,2021,3,Summer
2021-04-01,42.4,72.2,42.8,12.1,1.18,38.7,47.0,Good,53.7,2021,4,Summer
2021-04-02,61.7,93.4,44.2,10.6,0.92,39.8,61.0,Moderate,55.0,2021,4,Summer
2021-04-03,58.8,110.4,35.0,10.2,1.2,43.6,62.0,Moderate,55.7,2021,4,Summer
2021-04-04,45.7,90.8,34.6,8.7,1.16,39.1,51.0,Moderate,55.4,2021,4,Summer
2021-04-05,38.5,69.7,41.2,11.6,1.65,31.9,43.0,Good,53.9,2021,4,Summer
2021-04-06,47.6,91.7,35.7,7.6,1.25,44.5,52.0,Moderate,53.4,2021,4,Summer
2021-04-07,52.7,92.7,44.1,12.5,1.25,44.4,57.0,Moderate,53.3,2021,4,Summer
2021-04-08,72.5,117.1,36.1,12.1,1.4,47.2,70.0,Moderate,56.6,2021,4,Summer
2021-04-09,58.2,87.7,30.4,13.2,1.69,43.6,56.0,Moderate,55.9,2021,4,Summer
2021-04-10,41.7,76.3,38.5,11.0,1.69,38.3,46.0,Good,53.6,2021,4,Summer
2021-04-11,49.6,86.6,36.6,9.9,1.95,51.5,53.0,Moderate,53.9,2021,4,Summer
2021-04-12,54.0,102.2,39.6,11.8,1.0,42.3,58.0,Moderate,56.0,2021,4,Summer
2021-04-13,56.2,103.8,37.6,12.5,1.39,39.2,59.0,Moderate,57.0,2021,4,Summer
2021-04-14,45.2,90.1,41.3,8.6,1.32,51.5,52.0,Moderate,56.3,2021,4,Summer
2021-04-15,53.5,93.8,40.7,10.8,0.89,52.8,57.0,Moderate,54.4,2021,4,Summer
2021-04-16,49.4,84.6,40.3,11.4,1.06,30.6,51.0,Moderate,53.7,2021,4,Summer
2021-04-17,46.7,76.7,39.8,11.9,1.58,39.9,49.0,Good,54.1,2021,4,Summer
2021-04-18,56.2,97.7,39.0,10.2,1.48,43.7,58.0,Moderate,54.9,2021,4,Summer
2021-04-19,59.8,115.8,33.4,12.2,1.48,46.1,63.0,Moderate,55.6,2021,4,Summer
2021-04-20,60.3,91.7,40.6,9.0,1.46,48.1,60.0,Moderate,55.7,2021,4,Summer
2021-04-21,58.4,116.2,41.9,14.9,0.93,57.5,65.0,Moderate,57.6,2021,4,Summer
2021-04-22,50.9,101.7,40.4,9.7,1.08,39.5,56.0,Moderate,57.4,2021,4,Summer
2021-04-23,59.4,106.9,38.2,11.7,1.22,45.9,62.0,Moderate,59.0,2021,4,Summer
2021-04-24,56.6,94.2,41.4,9.8,1.56,37.8,58.0,Moderate,60.3,2021,4,Summer
2021-04-25,55.3,89.2,39.9,11.1,1.38,46.4,57.0,Moderate,60.1,2021,4,Summer
2021-04-26,50.1,82.1,41.8,8.7,1.58,53.7,54.0,Moderate,58.9,2021,4,Summer
2021-04-27,50.9,77.7,38.6,13.1,1.84,31.5,51.0,Moderate,57.6,2021,4,Summer
2021-04-28,54.9,95.4,33.3,9.3,0.95,38.4,56.0,Moderate,56.3,2021,4,Summer
2021-04-29,71.5,109.3,38.3,11.1,1.32,49.6,69.0,Moderate,58.1,2021,4,Summer
2021-04-30,56.5,105.1,35.2,10.8,1.32,49.8,60.0,Moderate,57.9,2021,4,Summer
2021-05-01,50.1,84.5,37.1,9.5,1.14,41.7,52.0,Moderate,57.0,2021,5,Summer
2021-05-02,48.6,77.7,39.3,5.8,1.46,50.0,51.0,Moderate,56.1,2021,5,Summer
2021-05-03,51.0,90.3,43.0,13.0,2.06,52.5,56.0,Moderate,56.4,2021,5,Summer
2021-05-04,69.6,138.4,41.7,11.2,1.11,48.8,74.0,Moderate,59.7,2021,5,Summer
2021-05-05,51.6,95.3,39.8,7.4,1.5,53.4,57.0,Moderate,59.9,2021,5,Summer
2021-05-06,60.7,106.1,44.0,7.1,1.09,47.8,63.0,Moderate,59.0,2021,5,Summer
2021-05-07,51.8,97.8,39.2,10.3,0.9,44.9,56.0,Moderate,58.4,2021,5,Summer
2021-05-08,56.2,105.1,39.8,10.7,1.2,47.7,60.0,Moderate,59.6,2021,5,Summer
2021-05-09,59.9,116.6,37.5,10.5,1.42,50.6,65.0,Moderate,61.6,2021,5,Summer
2021-05-10,50.4,80.8,34.7,13.8,1.45,38.3,51.0,Moderate,60.9,2021,5,Summer
2021-05-11,49.9,96.3,41.2,7.6,1.79,47.8,56.0,Moderate,58.3,2021,5,Summer
2021-05-12,66.0,109.0,32.7,11.3,1.42,45.9,65.0,Moderate,59.4,2021,5,Summer
2021-05-13,61.3,120.8,35.3,12.2,1.35,43.9,65.0,Moderate,59.7,2021,5,Summer
2021-05-14,59.9,98.3,39.7,12.1,1.56,40.9,60.0,Moderate,60.3,2021,5,Summer
2021-05-15,59.9,117.6,35.6,12.7,1.41,37.2,63.0,Moderate,60.7,2021,5,Summer
2021-05-16,57.6,114.2,39.1,11.1,1.34,44.1,62.0,Moderate,60.3,2021,5,Summer
2021-05-17,68.5,107.8,39.6,11.4,1.3,43.8,67.0,Moderate,62.6,2021,5,Summer
2021-05-18,54.7,108.7,36.8,10.2,1.51,51.5,60.0,Moderate,63.1,2021,5,Summer
2021-05-19,58.4,90.2,39.2,7.9,1.48,52.4,59.0,Moderate,62.3,2021,5,Summer
2021-05-20,44.2,71.2,39.2,11.6,1.28,42.6,47.0,Good,59.7,2021,5,Summer
2021-05-21,48.6,83.7,34.4,10.1,1.71,42.5,51.0,Moderate,58.4,2021,5,Summer
2021-05-22,46.0,91.8,41.2,9.4,1.56,44.1,52.0,Moderate,56.9,2021,5,Summer
2021-05-23,63.3,110.4,30.9,11.6,1.59,52.5,64.0,Moderate,57.1,2021,5,Summer
2021-05-24,36.5,64.9,46.5,11.8,1.12,43.6,43.0,Good,53.7,2021,5,Summer
2021-05-25,51.6,95.3,41.1,9.5,1.22,56.8,57.0,Moderate,53.3,2021,5,Summer
2021-05-26,33.4,66.4,43.1,11.4,1.73,47.6,42.0,Good,50.9,2021,5,Summer
2021-05-27,48.6,91.9,41.6,10.7,1.61,49.2,54.0,Moderate,51.9,2021,5,Summer
2021-05-28,51.0,82.2,38.8,11.3,1.0,44.6,53.0,Moderate,52.1,2021,5,Summer
2021-05-29,64.1,105.9,35.9,13.4,1.43,55.1,65.0,Moderate,54.0,2021,5,Summer
2021-05-30,57.2,88.6,38.9,11.8,1.59,49.2,58.0,Moderate,53.1,2021,5,Summer
2021-05-31,48.6,88.5,42.3,11.6,1.09,44.6,53.0,Moderate,54.6,2021,5,Summer
2021-06-01,58.3,92.7,33.0,8.4,1.5,40.4,57.0,Moderate,54.6,2021,6,Southwest Monsoon
2021-06-02,50.9,82.9,36.9,8.7,1.26,50.4,53.0,Moderate,56.1,2021,6,Southwest Monsoon
2021-06-03,51.1,99.3,29.1,11.1,1.62,43.8,55.0,Moderate,56.3,2021,6,Southwest Monsoon
2021-06-04,42.4,70.5,33.1,7.0,1.21,46.1,45.0,Good,55.1,2021,6,Southwest Monsoon
2021-06-05,43.9,78.2,32.9,9.4,0.88,42.3,47.0,Good,52.6,2021,6,Southwest Monsoon
2021-06-06,45.0,76.5,43.0,8.6,1.38,42.3,49.0,Good,51.3,2021,6,Southwest Monsoon
2021-06-07,51.1,78.6,31.0,9.9,0.96,43.9,51.0,Moderate,51.0,2021,6,Southwest Monsoon
2021-06-08,51.3,86.3,37.9,9.7,1.1,46.6,54.0,Moderate,50.6,2021,6,Southwest Monsoon
2021-06-09,61.6,105.0,42.7,10.4,0.79,41.0,63.0,Moderate,52.0,2021,6,Southwest Monsoon
2021-06-10,53.5,104.2,40.3,11.1,1.04,45.6,59.0,Moderate,52.6,2021,6,Southwest Monsoon
2021-06-11,31.8,52.9,42.4,12.1,1.58,43.2,38.0,Good,51.6,2021,6,Southwest Monsoon
2021-06-12,52.6,88.9,43.0,12.2,1.28,46.2,56.0,Moderate,52.9,2021,6,Southwest Monsoon
2021-06-13,40.6,76.9,36.5,9.7,1.19,51.4,47.0,Good,52.6,2021,6,Southwest Monsoon
2021-06-14,44.0,82.8,38.2,9.0,1.03,47.8,50.0,Good,52.4,2021,6,Southwest Monsoon
2021-06-15,45.1,85.7,37.1,8.6,1.3,43.7,50.0,Good,51.9,2021,6,Southwest Monsoon
2021-06-16,46.2,91.2,38.2,9.5,1.19,46.4,52.0,Moderate,50.3,2021,6,Southwest Monsoon
2021-06-17,41.2,78.1,38.0,8.2,1.84,49.6,47.0,Good,48.6,2021,6,Southwest Monsoon
2021-06-18,52.2,89.0,43.2,11.1,1.25,50.1,56.0,Moderate,51.1,2021,6,Southwest Monsoon
2021-06-19,40.9,78.2,37.5,12.2,1.36,47.6,47.0,Good,49.9,2021,6,Southwest Monsoon
2021-06-20,53.3,93.5,32.5,7.1,1.09,55.5,56.0,Moderate,51.1,2021,6,Southwest Monsoon
2021-06-21,66.5,108.9,38.7,10.2,1.24,42.0,66.0,Moderate,53.4,2021,6,Southwest Monsoon
2021-06-22,41.5,68.5,39.2,13.3,1.36,49.0,46.0,Good,52.9,2021,6,Southwest Monsoon
2021-06-23,48.8,78.7,33.0,7.2,1.01,46.0,50.0,Good,52.6,2021,6,Southwest Monsoon
2021-06-24,33.1,52.1,32.8,13.1,1.39,51.4,38.0,Good,51.3,2021,6,Southwest Monsoon
2021-06-25,48.7,77.5,40.1,8.4,1.28,46.2,51.0,Moderate,50.6,2021,6,Southwest Monsoon
2021-06-26,55.3,84.7,34.2,8.9,0.68,56.5,56.0,Moderate,51.9,2021,6,Southwest Monsoon
2021-06-27,55.8,108.6,34.6,11.4,1.45,46.5,60.0,Moderate,52.4,2021,6,Southwest Monsoon
2021-06-28,51.3,100.9,34.5,11.2,1.37,49.7,57.0,Moderate,51.1,2021,6,Southwest Monsoon
2021-06-29,57.0,102.3,37.3,9.9,1.3,44.9,60.0,Moderate,53.1,2021,6,Southwest Monsoon
2021-06-30,68.6,131.8,40.7,8.6,1.09,47.6,72.0,Moderate,56.3,2021,6,Southwest Monsoon
2021-07-01,62.8,99.9,39.0,7.7,1.86,42.7,62.0,Moderate,59.7,2021,7,Southwest Monsoon
2021-07-02,47.1,92.0,34.5,10.0,1.1,47.8,52.0,Moderate,59.9,2021,7,Southwest Monsoon
2021-07-03,40.6,71.3,41.7,9.7,0.5,35.8,45.0,Good,58.3,2021,7,Southwest Monsoon
2021-07-04,48.0,73.5,39.8,8.6,1.37,42.8,49.0,Good,56.7,2021,7,Southwest Monsoon
2021-07-05,44.2,69.4,40.3,9.6,1.21,42.0,47.0,Good,55.3,2021,7,Southwest Monsoon
2021-07-06,54.0,89.3,40.1,10.7,0.88,54.9,57.0,Moderate,54.9,2021,7,Southwest Monsoon
2021-07-07,42.5,64.7,34.2,12.3,1.18,41.6,44.0,Good,50.9,2021,7,Southwest Monsoon
2021-07-08,50.3,83.2,32.6,10.5,1.23,42.7,51.0,Moderate,49.3,2021,7,Southwest Monsoon
2021-07-09,56.7,86.7,34.9,9.8,1.06,41.3,56.0,Moderate,49.9,2021,7,Southwest Monsoon
2021-07-10,50.1,81.1,40.3,8.5,1.27,47.0,52.0,Moderate,50.9,2021,7,Southwest Monsoon
2021-07-11,44.2,72.1,31.6,8.7,1.33,43.2,46.0,Good,50.4,2021,7,Southwest Monsoon
2021-07-12,59.0,117.9,31.0,10.6,1.23,42.5,63.0,Moderate,52.7,2021,7,Southwest Monsoon
2021-07-13,37.6,60.9,29.0,10.7,1.01,55.4,41.0,Good,50.4,2021,7,Southwest Monsoon
2021-07-14,48.5,78.6,31.3,9.7,1.36,45.3,50.0,Good,51.3,2021,7,Southwest Monsoon
2021-07-15,50.5,93.1,33.1,12.0,0.84,47.8,54.0,Moderate,51.7,2021,7,Southwest Monsoon
2021-07-16,50.9,98.2,36.8,10.3,1.35,46.4,56.0,Moderate,51.7,2021,7,Southwest Monsoon
2021-07-17,52.1,88.2,31.7,9.2,1.32,40.0,53.0,Moderate,51.9,2021,7,Southwest Monsoon
2021-07-18,55.1,106.7,38.9,8.8,1.19,41.2,59.0,Moderate,53.7,2021,7,Southwest Monsoon
2021-07-19,50.6,84.4,36.5,8.7,1.12,38.4,52.0,Moderate,52.1,2021,7,Southwest Monsoon
2021-07-20,48.2,77.1,28.1,11.1,0.94,37.8,48.0,Good,53.1,2021,7,Southwest Monsoon
2021-07-21,47.9,79.8,36.2,8.9,1.11,44.0,50.0,Good,53.1,2021,7,Southwest Monsoon
2021-07-22,46.5,84.0,36.9,10.4,1.04,44.2,51.0,Moderate,52.7,2021,7,Southwest Monsoon
2021-07-23,56.3,94.8,44.0,8.5,0.99,42.9,58.0,Moderate,53.0,2021,7,Southwest Monsoon
2021-07-24,46.3,85.0,37.3,9.8,0.94,45.3,51.0,Moderate,52.7,2021,7,Southwest Monsoon
2021-07-25,56.7,91.8,29.2,10.0,1.57,42.5,56.0,Moderate,52.3,2021,7,Southwest Monsoon
2021-07-26,50.9,94.3,37.2,14.9,1.44,49.4,56.0,Moderate,52.9,2021,7,Southwest Monsoon
2021-07-27,47.2,78.9,37.0,7.5,1.86,40.5,49.0,Good,53.0,2021,7,Southwest Monsoon
2021-07-28,55.1,95.3,38.7,11.8,1.3,47.8,58.0,Moderate,54.1,2021,7,Southwest Monsoon
2021-07-29,45.7,81.3,46.8,8.6,1.43,46.6,51.0,Moderate,54.1,2021,7,Southwest Monsoon
2021-07-30,55.3,101.9,34.2,12.8,1.23,29.8,57.0,Moderate,54.0,2021,7,Southwest Monsoon
2021-07-31,52.3,84.7,33.7,8.8,1.62,35.0,52.0,Moderate,54.1,2021,7,Southwest Monsoon
2021-08-01,46.6,89.4,38.2,12.2,1.23,33.8,51.0,Moderate,53.4,2021,8,Southwest Monsoon
2021-08-02,54.5,101.4,43.6,10.6,1.49,43.8,59.0,Moderate,53.9,2021,8,Southwest Monsoon
2021-08-03,54.6,88.3,39.0,7.5,1.29,36.7,55.0,Moderate,54.7,2021,8,Southwest Monsoon
2021-08-04,58.9,117.1,34.9,10.5,1.7,47.2,63.0,Moderate,55.4,2021,8,Southwest Monsoon
2021-08-05,57.6,105.5,40.2,11.2,1.12,36.4,60.0,Moderate,56.7,2021,8,Southwest Monsoon
2021-08-06,54.2,93.6,43.5,11.3,1.53,42.6,57.0,Moderate,56.7,2021,8,Southwest Monsoon
2021-08-07,42.9,67.7,33.2,9.7,1.22,36.5,44.0,Good,55.6,2021,8,Southwest Monsoon
2021-08-08,67.9,120.0,32.3,15.3,1.04,44.3,68.0,Moderate,58.0,2021,8,Southwest Monsoon
2021-08-09,41.0,64.8,36.5,14.0,1.23,39.7,44.0,Good,55.9,2021,8,Southwest Monsoon
2021-08-10,57.4,98.5,37.5,10.8,0.68,38.9,58.0,Moderate,56.3,2021,8,Southwest Monsoon
2021-08-11,53.8,91.7,41.8,7.5,1.48,37.5,56.0,Moderate,55.3,2021,8,Southwest Monsoon
2021-08-12,42.6,79.2,34.4,8.1,1.41,35.3,46.0,Good,53.3,2021,8,Southwest Monsoon
2021-08-13,49.9,79.7,37.9,9.6,1.72,42.5,51.0,Moderate,52.4,2021,8,Southwest Monsoon
2021-08-14,50.2,96.0,42.5,10.0,1.0,37.1,55.0,Moderate,54.0,2021,8,Southwest Monsoon
2021-08-15,59.9,99.7,37.2,8.5,1.06,52.3,61.0,Moderate,53.0,2021,8,Southwest Monsoon
2021-08-16,45.8,78.9,34.7,9.1,0.93,48.2,49.0,Good,53.7,2021,8,Southwest Monsoon
2021-08-17,49.0,92.4,38.6,6.2,1.34,38.7,53.0,Moderate,53.0,2021,8,Southwest Monsoon
2021-08-18,34.4,62.4,35.0,5.8,1.14,37.9,39.0,Good,50.6,2021,8,Southwest Monsoon
2021-08-19,62.9,104.1,37.7,10.2,1.04,38.8,62.0,Moderate,52.9,2021,8,Southwest Monsoon
2021-08-20,43.3,73.3,35.6,13.3,1.35,47.1,47.0,Good,52.3,2021,8,Southwest Monsoon
2021-08-21,53.1,87.7,35.7,7.0,1.52,50.0,55.0,Moderate,52.3,2021,8,Southwest Monsoon
2021-08-22,50.1,90.0,34.7,9.7,1.27,29.5,52.0,Moderate,51.0,2021,8,Southwest Monsoon
2021-08-23,50.1,83.5,34.0,10.1,1.13,45.8,52.0,Moderate,51.4,2021,8,Southwest Monsoon
2021-08-24,56.5,105.2,40.3,10.9,1.54,37.6,60.0,Moderate,52.4,2021,8,Southwest Monsoon
2021-08-25,62.5,111.9,37.1,9.1,1.18,34.7,63.0,Moderate,55.9,2021,8,Southwest Monsoon
2021-08-26,52.6,82.7,41.4,7.9,1.18,44.3,54.0,Moderate,54.7,2021,8,Southwest Monsoon
2021-08-27,55.4,91.7,27.3,11.4,1.37,38.9,55.0,Moderate,55.9,2021,8,Southwest Monsoon
2021-08-28,53.1,85.5,34.2,6.2,1.07,45.2,54.0,Moderate,55.7,2021,8,Southwest Monsoon
2021-08-29,57.9,98.2,33.3,10.9,1.5,43.0,58.0,Moderate,56.6,2021,8,Southwest Monsoon
2021-08-30,47.6,83.6,35.3,8.5,1.02,39.7,50.0,Good,56.3,2021,8,Southwest Monsoon
2021-08-31,58.3,102.3,32.2,10.6,1.09,46.0,60.0,Moderate,56.3,2021,8,Southwest Monsoon
2021-09-01,58.6,110.0,29.9,12.5,0.96,37.0,60.0,Moderate,55.9,2021,9,Southwest Monsoon
2021-09-02,58.4,93.1,39.0,8.8,1.46,32.1,57.0,Moderate,56.3,2021,9,Southwest Monsoon
2021-09-03,46.2,91.1,33.9,9.4,1.58,47.0,52.0,Moderate,55.9,2021,9,Southwest Monsoon
2021-09-04,49.6,82.9,38.5,9.3,1.21,36.1,51.0,Moderate,55.4,2021,9,Southwest Monsoon
2021-09-05,52.5,86.6,31.6,14.7,1.36,38.0,53.0,Moderate,54.7,2021,9,Southwest Monsoon
2021-09-06,41.2,75.9,29.8,9.9,1.34,34.2,44.0,Good,53.9,2021,9,Southwest Monsoon
2021-09-07,62.0,117.9,37.3,9.8,1.32,37.3,64.0,Moderate,54.4,2021,9,Southwest Monsoon
2021-09-08,50.7,85.7,38.8,10.0,0.96,38.3,53.0,Moderate,53.4,2021,9,Southwest Monsoon
2021-09-09,52.8,98.9,33.8,12.9,1.08,31.0,55.0,Moderate,53.1,2021,9,Southwest Monsoon
2021-09-10,46.8,90.8,32.2,8.9,1.44,30.9,50.0,Good,52.9,2021,9,Southwest Monsoon
2021-09-11,41.5,78.2,41.3,11.7,1.55,31.8,46.0,Good,52.1,2021,9,Southwest Monsoon
2021-09-12,46.6,70.7,36.1,8.6,1.48,35.4,47.0,Good,51.3,2021,9,Southwest Monsoon
2021-09-13,52.3,100.2,32.3,8.5,1.25,38.1,55.0,Moderate,52.9,2021,9,Southwest Monsoon
2021-09-14,55.5,104.8,30.3,10.9,1.45,42.3,58.0,Moderate,52.0,2021,9,Southwest Monsoon
2021-09-15,51.9,95.3,33.5,12.6,0.86,47.9,55.0,Moderate,52.3,2021,9,Southwest Monsoon
2021-09-16,53.2,100.1,34.7,9.4,0.74,36.4,56.0,Moderate,52.4,2021,9,Southwest Monsoon
2021-09-17,48.4,96.4,39.4,9.4,0.9,33.1,53.0,Moderate,52.9,2021,9,Southwest Monsoon
2021-09-18,54.3,93.1,36.2,11.4,1.95,23.3,54.0,Moderate,54.0,2021,9,Southwest Monsoon
2021-09-19,61.2,93.8,35.8,10.1,1.76,36.3,59.0,Moderate,55.7,2021,9,Southwest Monsoon
2021-09-20,55.7,96.4,32.6,11.5,0.85,34.0,56.0,Moderate,55.9,2021,9,Southwest Monsoon
2021-09-21,56.5,86.0,41.8,6.9,1.19,33.0,55.0,Moderate,55.4,2021,9,Southwest Monsoon
2021-09-22,52.9,87.1,40.2,8.1,1.14,31.3,53.0,Moderate,55.1,2021,9,Southwest Monsoon
2021-09-23,40.3,72.2,39.9,10.0,1.57,31.3,44.0,Good,53.4,2021,9,Southwest Monsoon
2021-09-24,43.5,72.0,36.1,11.1,1.41,36.0,46.0,Good,52.4,2021,9,Southwest Monsoon
2021-09-25,54.0,99.5,37.9,9.9,1.15,37.4,57.0,Moderate,52.9,2021,9,Southwest Monsoon
2021-09-26,50.7,96.9,26.0,10.3,1.39,33.9,53.0,Moderate,52.0,2021,9,Southwest Monsoon
2021-09-27,53.9,92.1,37.1,11.4,1.44,37.8,55.0,Moderate,51.9,2021,9,Southwest Monsoon
2021-09-28,62.5,121.9,44.0,7.7,0.78,40.2,67.0,Moderate,53.6,2021,9,Southwest Monsoon
2021-09-29,55.9,86.1,34.0,11.4,1.38,33.2,54.0,Moderate,53.7,2021,9,Southwest Monsoon
2021-09-30,59.6,114.5,32.4,12.3,1.24,39.6,62.0,Moderate,56.3,2021,9,Southwest Monsoon
2021-10-01,55.1,105.4,38.4,10.2,1.06,28.6,58.0,Moderate,58.0,2021,10,Post-Monsoon
2021-10-02,48.7,81.0,35.6,9.2,1.2,34.7,50.0,Good,57.0,2021,10,Post-Monsoon
2021-10-03,54.0,89.1,35.3,12.7,1.42,31.2,54.0,Moderate,57.1,2021,10,Post-Monsoon
2021-10-04,48.8,80.6,40.1,14.3,1.38,35.4,51.0,Moderate,56.6,2021,10,Post-Monsoon
2021-10-05,65.3,124.5,42.3,11.2,1.3,22.1,67.0,Moderate,56.6,2021,10,Post-Monsoon
2021-10-06,59.9,114.8,40.1,9.1,1.27,38.6,63.0,Moderate,57.9,2021,10,Post-Monsoon
2021-10-07,58.0,96.6,34.4,10.9,1.36,32.3,57.0,Moderate,57.1,2021,10,Post-Monsoon
2021-10-08,63.1,113.3,36.3,9.2,0.95,34.6,64.0,Moderate,58.0,2021,10,Post-Monsoon
2021-10-09,40.3,63.2,40.3,12.3,1.78,28.4,42.0,Good,56.9,2021,10,Post-Monsoon
2021-10-10,58.5,101.5,41.6,10.8,1.26,40.6,60.0,Moderate,57.7,2021,10,Post-Monsoon
2021-10-11,45.2,90.4,38.2,9.0,1.48,33.8,50.0,Good,57.6,2021,10,Post-Monsoon
2021-10-12,54.3,85.8,35.4,11.3,1.75,30.1,53.0,Moderate,55.6,2021,10,Post-Monsoon
2021-10-13,52.2,103.1,42.1,9.6,1.63,21.4,56.0,Moderate,54.6,2021,10,Post-Monsoon
2021-10-14,59.0,112.9,46.2,8.3,1.43,30.0,62.0,Moderate,55.3,2021,10,Post-Monsoon
2021-10-15,56.0,111.2,43.5,12.4,1.32,20.1,59.0,Moderate,54.6,2021,10,Post-Monsoon
2021-10-16,63.8,101.5,46.9,11.5,1.34,32.2,63.0,Moderate,57.6,2021,10,Post-Monsoon
2021-10-17,50.2,80.6,36.5,10.0,0.94,34.4,51.0,Moderate,56.3,2021,10,Post-Monsoon
2021-10-18,59.4,89.5,43.1,13.4,1.05,34.9,58.0,Moderate,57.4,2021,10,Post-Monsoon
2021-10-19,55.5,103.4,44.2,9.4,1.41,26.9,58.0,Moderate,58.1,2021,10,Post-Monsoon
2021-10-20,43.0,78.3,37.1,10.0,1.26,28.0,46.0,Good,56.7,2021,10,Post-Monsoon
2021-10-21,48.0,76.2,35.7,11.7,0.98,30.6,48.0,Good,54.7,2021,10,Post-Monsoon
2021-10-22,53.4,101.1,35.2,12.7,1.42,28.2,56.0,Moderate,54.3,2021,10,Post-Monsoon
2021-10-23,62.2,102.6,38.6,11.7,1.54,22.5,60.0,Moderate,53.9,2021,10,Post-Monsoon
2021-10-24,57.6,90.4,33.0,9.8,1.64,27.6,55.0,Moderate,54.4,2021,10,Post-Monsoon
2021-10-25,46.2,79.1,45.8,10.4,1.48,32.6,50.0,Good,53.3,2021,10,Post-Monsoon
2021-10-26,53.4,82.6,33.9,9.6,1.19,28.3,52.0,Moderate,52.4,2021,10,Post-Monsoon
2021-10-27,68.5,111.8,40.7,10.2,1.52,29.3,66.0,Moderate,55.3,2021,10,Post-Monsoon
2021-10-28,55.2,93.0,29.9,10.4,1.42,27.8,54.0,Moderate,56.1,2021,10,Post-Monsoon
2021-10-29,52.1,100.4,47.2,11.7,1.12,42.0,58.0,Moderate,56.4,2021,10,Post-Monsoon
2021-10-30,57.8,109.7,44.0,9.5,1.11,30.9,61.0,Moderate,56.6,2021,10,Post-Monsoon
2021-10-31,59.7,102.8,32.6,12.8,1.56,31.3,59.0,Moderate,57.1,2021,10,Post-Monsoon
2021-11-01,51.2,95.4,40.2,10.9,1.43,27.2,54.0,Moderate,57.7,2021,11,Post-Monsoon
2021-11-02,57.9,103.3,38.0,9.2,1.41,32.4,59.0,Moderate,58.7,2021,11,Post-Monsoon
2021-11-03,52.1,87.0,39.6,11.7,1.37,30.4,53.0,Moderate,56.9,2021,11,Post-Monsoon
2021-11-04,59.4,110.7,41.5,10.7,1.5,21.2,61.0,Moderate,57.9,2021,11,Post-Monsoon
2021-11-05,55.6,102.4,35.8,10.0,1.22,37.3,58.0,Moderate,57.9,2021,11,Post-Monsoon
2021-11-06,57.8,104.5,38.8,13.7,1.32,29.2,59.0,Moderate,57.6,2021,11,Post-Monsoon
2021-11-07,49.1,88.8,31.8,10.3,1.54,32.4,51.0,Moderate,56.4,2021,11,Post-Monsoon
2021-11-08,48.7,89.6,39.3,10.0,1.36,26.5,51.0,Moderate,56.0,2021,11,Post-Monsoon
2021-11-09,61.0,103.3,30.8,12.8,1.16,31.8,60.0,Moderate,56.1,2021,11,Post-Monsoon
2021-11-10,53.8,104.2,44.2,11.9,1.18,32.8,58.0,Moderate,56.9,2021,11,Post-Monsoon
2021-11-11,56.4,89.2,33.1,12.4,1.36,22.1,54.0,Moderate,55.9,2021,11,Post-Monsoon
2021-11-12,52.3,101.5,40.2,9.8,0.7,32.0,56.0,Moderate,55.6,2021,11,Post-Monsoon
2021-11-13,60.7,101.4,42.3,11.3,1.79,28.8,60.0,Moderate,55.7,2021,11,Post-Monsoon
2021-11-14,50.1,78.4,46.5,8.1,1.31,24.2,51.0,Moderate,55.7,2021,11,Post-Monsoon
2021-11-15,53.5,96.2,46.1,7.1,1.47,37.7,57.0,Moderate,56.6,2021,11,Post-Monsoon
2021-11-16,59.9,101.1,44.6,9.7,1.51,24.6,60.0,Moderate,56.6,2021,11,Post-Monsoon
2021-11-17,62.6,119.4,38.9,11.0,1.41,30.4,65.0,Moderate,57.6,2021,11,Post-Monsoon
2021-11-18,50.7,87.0,43.5,15.7,1.01,23.0,52.0,Moderate,57.3,2021,11,Post-Monsoon
2021-11-19,68.1,124.9,40.1,13.4,1.08,23.6,68.0,Moderate,59.0,2021,11,Post-Monsoon
2021-11-20,56.6,93.6,40.4,8.7,0.98,34.4,57.0,Moderate,58.6,2021,11,Post-Monsoon
2021-11-21,47.1,75.6,36.5,12.7,1.62,27.3,48.0,Good,58.1,2021,11,Post-Monsoon
2021-11-22,57.0,96.5,46.0,8.2,0.96,36.3,59.0,Moderate,58.4,2021,11,Post-Monsoon
2021-11-23,51.7,93.3,35.8,14.0,1.18,27.0,53.0,Moderate,57.4,2021,11,Post-Monsoon
2021-11-24,57.4,105.0,34.7,9.9,1.68,26.8,58.0,Moderate,56.4,2021,11,Post-Monsoon
2021-11-25,54.1,96.8,40.6,9.8,1.07,25.2,56.0,Moderate,57.0,2021,11,Post-Monsoon
2021-11-26,54.9,109.5,31.8,12.9,1.39,26.6,57.0,Moderate,55.4,2021,11,Post-Monsoon
2021-11-27,48.0,88.6,39.5,9.8,1.54,32.1,51.0,Moderate,54.6,2021,11,Post-Monsoon
2021-11-28,61.3,120.6,45.5,14.4,1.34,29.4,65.0,Moderate,57.0,2021,11,Post-Monsoon
2021-11-29,46.3,72.2,40.7,9.8,1.39,27.5,47.0,Good,55.3,2021,11,Post-Monsoon
2021-11-30,46.6,71.4,39.1,12.7,1.48,32.5,47.0,Good,54.4,2021,11,Post-Monsoon
2021-12-01,61.8,102.3,39.2,12.1,1.94,31.8,61.0,Moderate,54.9,2021,12,Winter
2021-12-02,70.4,110.4,36.6,13.3,1.26,27.6,66.0,Moderate,56.3,2021,12,Winter
2021-12-03,56.7,100.0,46.1,9.9,1.38,36.6,59.0,Moderate,56.6,2021,12,Winter
2021-12-04,64.1,112.8,42.7,8.2,1.65,21.3,64.0,Moderate,58.4,2021,12,Winter
2021-12-05,66.7,119.3,45.1,10.0,1.44,31.1,68.0,Moderate,58.9,2021,12,Winter
2021-12-06,64.9,121.5,33.8,11.1,1.35,28.4,65.0,Moderate,61.4,2021,12,Winter
2021-12-07,57.0,113.2,45.5,11.5,1.75,31.6,62.0,Moderate,63.6,2021,12,Winter
2021-12-08,51.6,100.0,50.5,10.9,0.93,29.6,57.0,Moderate,63.0,2021,12,Winter
2021-12-09,43.7,68.2,48.0,7.6,1.77,30.4,46.0,Good,60.1,2021,12,Winter
2021-12-10,57.4,95.7,43.8,10.6,1.89,20.2,57.0,Moderate,59.9,2021,12,Winter
2021-12-11,67.4,109.8,38.4,12.0,1.44,30.3,65.0,Moderate,60.0,2021,12,Winter
2021-12-12,51.3,81.5,43.1,11.4,1.16,34.4,52.0,Moderate,57.7,2021,12,Winter
2021-12-13,64.1,113.6,43.2,11.2,1.53,26.2,64.0,Moderate,57.6,2021,12,Winter
2021-12-14,52.5,93.4,40.6,11.0,1.61,34.2,55.0,Moderate,56.6,2021,12,Winter
2021-12-15,59.9,96.7,40.9,12.0,1.08,27.5,59.0,Moderate,56.9,2021,12,Winter
2021-12-16,64.2,119.1,51.0,9.8,1.51,26.4,67.0,Moderate,59.9,2021,12,Winter
2021-12-17,54.6,101.9,38.7,11.4,1.98,26.5,57.0,Moderate,59.9,2021,12,Winter
2021-12-18,60.4,91.2,40.9,11.1,1.81,24.3,58.0,Moderate,58.9,2021,12,Winter
2021-12-19,56.3,95.6,44.8,9.4,1.62,29.8,57.0,Moderate,59.6,2021,12,Winter
2021-12-20,64.1,124.7,51.3,11.5,1.59,26.4,68.0,Moderate,60.1,2021,12,Winter
2021-12-21,60.8,107.1,41.4,7.9,1.5,26.9,61.0,Moderate,61.0,2021,12,Winter
2021-12-22,59.6,99.8,35.4,10.5,1.53,26.2,58.0,Moderate,60.9,2021,12,Winter
2021-12-23,70.1,114.1,34.1,12.6,1.47,31.3,67.0,Moderate,60.9,2021,12,Winter
2021-12-24,63.8,103.5,52.7,12.7,1.54,23.4,64.0,Moderate,61.9,2021,12,Winter
2021-12-25,54.4,84.3,35.0,11.9,1.08,32.8,53.0,Moderate,61.1,2021,12,Winter
2021-12-26,58.6,111.8,42.9,12.3,0.95,32.4,62.0,Moderate,61.9,2021,12,Winter
2021-12-27,58.7,90.5,36.5,13.1,1.3,32.5,57.0,Moderate,60.3,2021,12,Winter
2021-12-28,59.8,98.4,39.4,12.1,1.75,25.1,59.0,Moderate,60.0,2021,12,Winter
2021-12-29,76.9,117.1,40.0,14.3,1.64,31.3,72.0,Moderate,62.0,2021,12,Winter
2021-12-30,61.8,116.8,34.8,7.7,1.7,36.7,64.0,Moderate,61.6,2021,12,Winter
2021-12-31,44.9,68.3,47.5,13.5,1.51,24.2,46.0,Good,59.0,2021,12,Winter
2022-01-01,10.647368421052631,15.242105263157896,17.910526315789475,4.484210526315789,0.2888947368421052,44.05263157894737,15.263157894736842,Good,53.6,2022,1,Winter
2022-01-02,10.647368421052631,15.242105263157896,17.910526315789475,4.484210526315789,0.2888947368421052,44.05263157894737,15.263157894736842,Good,46.9,2022,1,Winter
2022-01-03,10.647368421052631,15.242105263157896,17.910526315789475,4.484210526315789,0.2888947368421052,44.05263157894737,15.263157894736842,Good,41.0,2022,1,Winter
2022-01-04,10.647368421052631,15.242105263157896,17.910526315789475,4.484210526315789,0.2888947368421052,44.05263157894737,15.263157894736842,Good,34.7,2022,1,Winter
2022-01-05,10.647368421052631,15.242105263157896,17.910526315789475,4.484210526315789,0.2888947368421052,44.05263157894737,15.263157894736842,Good,26.6,2022,1,Winter
2022-01-06,10.647368421052631,15.242105263157896,17.910526315789475,4.484210526315789,0.2888947368421052,44.05263157894737,15.263157894736842,Good,19.7,2022,1,Winter
2022-01-07,10.647368421052631,15.242105263157896,17.910526315789475,4.484210526315789,0.2888947368421052,44.05263157894737,15.263157894736842,Good,15.3,2022,1,Winter
2022-01-08,10.647368421052631,15.242105263157896,17.910526315789475,4.484210526315789,0.2888947368421052,44.05263157894737,15.263157894736842,Good,15.3,2022,1,Winter
2022-01-09,10.647368421052631,15.242105263157896,17.910526315789475,4.484210526315789,0.2888947368421052,44.05263157894737,15.263157894736842,Good,15.3,2022,1,Winter
2022-01-10,10.647368421052631,15.242105263157896,17.910526315789475,4.484210526315789,0.2888947368421052,44.05263157894737,15.263157894736842,Good,15.3,2022,1,Winter
2022-01-11,10.647368421052631,15.242105263157896,17.910526315789475,4.484210526315789,0.2888947368421052,44.05263157894737,15.263157894736842,Good,15.3,2022,1,Winter
2022-01-12,10.647368421052631,15.242105263157896,17.910526315789475,4.484210526315789,0.2888947368421052,44.05263157894737,15.263157894736842,Good,15.3,2022,1,Winter
2022-01-13,10.647368421052631,15.242105263157896,17.910526315789475,4.484210526315789,0.2888947368421052,44.05263157894737,15.263157894736842,Good,15.3,2022,1,Winter
2022-01-14,10.647368421052631,15.242105263157896,17.910526315789475,4.484210526315789,0.2888947368421052,44.05263157894737,15.263157894736842,Good,15.3,2022,1,Winter
2022-01-15,10.647368421052631,15.242105263157896,17.910526315789475,4.484210526315789,0.2888947368421052,44.05263157894737,15.263157894736842,Good,15.3,2022,1,Winter
2022-01-16,10.647368421052631,15.242105263157896,17.910526315789475,4.484210526315789,0.2888947368421052,44.05263157894737,15.263157894736842,Good,15.3,2022,1,Winter
2022-01-17,10.647368421052631,15.242105263157896,17.910526315789475,4.484210526315789,0.2888947368421052,44.05263157894737,15.263157894736842,Good,15.3,2022,1,Winter
2022-01-18,10.647368421052631,15.242105263157896,17.910526315789475,4.484210526315789,0.2888947368421052,44.05263157894737,15.263157894736842,Good,15.3,2022,1,Winter
2022-01-19,10.647368421052631,15.242105263157896,17.910526315789475,4.484210526315789,0.2888947368421052,44.05263157894737,15.263157894736842,Good,15.3,2022,1,Winter
2022-01-20,10.647368421052631,15.242105263157896,17.910526315789475,4.484210526315789,0.2888947368421052,44.05263157894737,15.263157894736842,Good,15.3,2022,1,Winter
2022-01-21,10.647368421052631,15.242105263157896,17.910526315789475,4.484210526315789,0.2888947368421052,44.05263157894737,15.263157894736842,Good,15.3,2022,1,Winter
2022-01-22,10.647368421052631,15.242105263157896,17.910526315789475,4.484210526315789,0.2888947368421052,44.05263157894737,15.263157894736842,Good,15.3,2022,1,Winter
2022-01-23,10.647368421052631,15.242105263157896,17.910526315789475,4.484210526315789,0.2888947368421052,44.05263157894737,15.263157894736842,Good,15.3,2022,1,Winter
2022-01-24,10.647368421052631,15.242105263157896,17.910526315789475,4.484210526315789,0.2888947368421052,44.05263157894737,15.263157894736842,Good,15.3,2022,1,Winter
2022-01-25,10.647368421052631,15.242105263157896,17.910526315789475,4.484210526315789,0.2888947368421052,44.05263157894737,15.263157894736842,Good,15.3,2022,1,Winter
2022-01-26,10.647368421052631,15.242105263157896,17.910526315789475,4.484210526315789,0.2888947368421052,44.05263157894737,15.263157894736842,Good,15.3,2022,1,Winter
2022-01-27,10.647368421052631,15.242105263157896,17.910526315789475,4.484210526315789,0.2888947368421052,44.05263157894737,15.263157894736842,Good,15.3,2022,1,Winter
2022-01-28,10.647368421052631,15.242105263157896,17.910526315789475,4.484210526315789,0.2888947368421052,44.05263157894737,15.263157894736842,Good,15.3,2022,1,Winter
2022-01-29,10.647368421052631,15.242105263157896,17.910526315789475,4.484210526315789,0.2888947368421052,44.05263157894737,15.263157894736842,Good,15.3,2022,1,Winter
2022-01-30,10.647368421052631,15.242105263157896,17.910526315789475,4.484210526315789,0.2888947368421052,44.05263157894737,15.263157894736842,Good,15.3,2022,1,Winter
2022-01-31,10.647368421052631,15.242105263157896,17.910526315789475,4.484210526315789,0.2888947368421052,44.05263157894737,15.263157894736842,Good,15.3,2022,1,Winter
2022-02-01,10.647368421052631,15.242105263157896,17.910526315789475,4.484210526315789,0.2888947368421052,44.05263157894737,15.263157894736842,Good,15.3,2022,2,Winter
2022-02-02,10.647368421052631,15.242105263157896,17.910526315789475,4.484210526315789,0.2888947368421052,44.05263157894737,15.263157894736842,Good,15.3,2022,2,Winter
2022-02-03,10.647368421052631,15.242105263157896,17.910526315789475,4.484210526315789,0.2888947368421052,44.05263157894737,15.263157894736842,Good,15.3,2022,2,Winter
2022-02-04,10.647368421052631,15.242105263157896,17.910526315789475,4.484210526315789,0.2888947368421052,44.05263157894737,15.263157894736842,Good,15.3,2022,2,Winter
2022-02-05,10.647368421052631,15.242105263157896,17.910526315789475,4.484210526315789,0.2888947368421052,44.05263157894737,15.263157894736842,Good,15.3,2022,2,Winter
2022-02-06,10.647368421052631,15.242105263157896,17.910526315789475,4.484210526315789,0.2888947368421052,44.05263157894737,15.263157894736842,Good,15.3,2022,2,Winter
2022-02-07,10.647368421052631,15.242105263157896,17.910526315789475,4.484210526315789,0.2888947368421052,44.05263157894737,15.263157894736842,Good,15.3,2022,2,Winter
2022-02-08,10.647368421052631,15.242105263157896,17.910526315789475,4.484210526315789,0.2888947368421052,44.05263157894737,15.263157894736842,Good,15.3,2022,2,Winter
2022-02-09,10.647368421052631,15.242105263157896,17.910526315789475,4.484210526315789,0.2888947368421052,44.05263157894737,15.263157894736842,Good,15.3,2022,2,Winter
2022-02-10,10.647368421052631,15.242105263157896,17.910526315789475,4.484210526315789,0.2888947368421052,44.05263157894737,15.263157894736842,Good,15.3,2022,2,Winter
2022-02-11,10.647368421052631,15.242105263157896,17.910526315789475,4.484210526315789,0.2888947368421052,44.05263157894737,15.263157894736842,Good,15.3,2022,2,Winter
2022-02-12,10.647368421052631,15.242105263157896,17.910526315789475,4.484210526315789,0.2888947368421052,44.05263157894737,15.263157894736842,Good,15.3,2022,2,Winter
2022-02-13,10.647368421052631,15.242105263157896,17.910526315789475,4.484210526315789,0.2888947368421052,44.05263157894737,15.263157894736842,Good,15.3,2022,2,Winter
2022-02-14,10.647368421052631,15.242105263157896,17.910526315789475,4.484210526315789,0.2888947368421052,44.05263157894737,15.263157894736842,Good,15.3,2022,2,Winter
2022-02-15,10.647368421052631,15.242105263157896,17.910526315789475,4.484210526315789,0.2888947368421052,44.05263157894737,15.263157894736842,Good,15.3,2022,2,Winter
2022-02-16,10.647368421052631,15.242105263157896,17.910526315789475,4.484210526315789,0.2888947368421052,44.05263157894737,15.263157894736842,Good,15.3,2022,2,Winter
2022-02-17,10.647368421052631,15.242105263157896,17.910526315789475,4.484210526315789,0.2888947368421052,44.05263157894737,15.263157894736842,Good,15.3,2022,2,Winter
2022-02-18,10.647368421052631,15.242105263157896,17.910526315789475,4.484210526315789,0.2888947368421052,44.05263157894737,15.263157894736842,Good,15.3,2022,2,Winter
2022-02-19,10.647368421052631,15.242105263157896,17.910526315789475,4.484210526315789,0.2888947368421052,44.05263157894737,15.263157894736842,Good,15.3,2022,2,Winter
2022-02-20,10.647368421052631,15.242105263157896,17.910526315789475,4.484210526315789,0.2888947368421052,44.05263157894737,15.263157894736842,Good,15.3,2022,2,Winter
2022-02-21,10.647368421052631,15.242105263157896,17.910526315789475,4.484210526315789,0.2888947368421052,44.05263157894737,15.263157894736842,Good,15.3,2022,2,Winter
2022-02-22,10.647368421052631,15.242105263157896,17.910526315789475,4.484210526315789,0.2888947368421052,44.05263157894737,15.263157894736842,Good,15.3,2022,2,Winter
2022-02-23,10.647368421052631,15.242105263157896,17.910526315789475,4.484210526315789,0.2888947368421052,44.05263157894737,15.263157894736842,Good,15.3,2022,2,Winter
2022-02-24,10.647368421052631,15.242105263157896,17.910526315789475,4.484210526315789,0.2888947368421052,44.05263157894737,15.263157894736842,Good,15.3,2022,2,Winter
2022-02-25,10.647368421052631,15.242105263157896,17.910526315789475,4.484210526315789,0.2888947368421052,44.05263157894737,15.263157894736842,Good,15.3,2022,2,Winter
2022-02-26,10.647368421052631,15.242105263157896,17.910526315789475,4.484210526315789,0.2888947368421052,44.05263157894737,15.263157894736842,Good,15.3,2022,2,Winter
2022-02-27,10.647368421052631,15.242105263157896,17.910526315789475,4.484210526315789,0.2888947368421052,44.05263157894737,15.263157894736842,Good,15.3,2022,2,Winter
2022-02-28,10.647368421052631,15.242105263157896,17.910526315789475,4.484210526315789,0.2888947368421052,44.05263157894737,15.263157894736842,Good,15.3,2022,2,Winter
2022-03-01,10.647368421052631,15.242105263157896,17.910526315789475,4.484210526315789,0.2888947368421052,44.05263157894737,15.263157894736842,Good,15.3,2022,3,Summer
2022-03-02,10.647368421052631,15.242105263157896,17.910526315789475,4.484210526315789,0.2888947368421052,44.05263157894737,15.263157894736842,Good,15.3,2022,3,Summer
2022-03-03,10.647368421052631,15.242105263157896,17.910526315789475,4.484210526315789,0.2888947368421052,44.05263157894737,15.263157894736842,Good,15.3,2022,3,Summer
2022-03-04,10.647368421052631,15.242105263157896,17.910526315789475,4.484210526315789,0.2888947368421052,44.05263157894737,15.263157894736842,Good,15.3,2022,3,Summer
2022-03-05,10.647368421052631,15.242105263157896,17.910526315789475,4.484210526315789,0.2888947368421052,44.05263157894737,15.263157894736842,Good,15.3,2022,3,Summer
2022-03-06,10.647368421052631,15.242105263157896,17.910526315789475,4.484210526315789,0.2888947368421052,44.05263157894737,15.263157894736842,Good,15.3,2022,3,Summer
2022-03-07,10.647368421052631,15.242105263157896,17.910526315789475,4.484210526315789,0.2888947368421052,44.05263157894737,15.263157894736842,Good,15.3,2022,3,Summer
2022-03-08,10.647368421052631,15.242105263157896,17.910526315789475,4.484210526315789,0.2888947368421052,44.05263157894737,15.263157894736842,Good,15.3,2022,3,Summer
2022-03-09,10.647368421052631,15.242105263157896,17.910526315789475,4.484210526315789,0.2888947368421052,44.05263157894737,15.263157894736842,Good,15.3,2022,3,Summer
2022-03-10,10.647368421052631,15.242105263157896,17.910526315789475,4.484210526315789,0.2888947368421052,44.05263157894737,15.263157894736842,Good,15.3,2022,3,Summer
2022-03-11,10.647368421052631,15.242105263157896,17.910526315789475,4.484210526315789,0.2888947368421052,44.05263157894737,15.263157894736842,Good,15.3,2022,3,Summer
2022-03-12,10.647368421052631,15.242105263157896,17.910526315789475,4.484210526315789,0.2888947368421052,44.05263157894737,15.263157894736842,Good,15.3,2022,3,Summer
2022-03-13,10.647368421052631,15.242105263157896,17.910526315789475,4.484210526315789,0.2888947368421052,44.05263157894737,15.263157894736842,Good,15.3,2022,3,Summer
2022-03-14,10.647368421052631,15.242105263157896,17.910526315789475,4.484210526315789,0.2888947368421052,44.05263157894737,15.263157894736842,Good,15.3,2022,3,Summer
2022-03-15,10.647368421052631,15.242105263157896,17.910526315789475,4.484210526315789,0.2888947368421052,44.05263157894737,15.263157894736842,Good,15.3,2022,3,Summer
2022-03-16,10.647368421052631,15.242105263157896,17.910526315789475,4.484210526315789,0.2888947368421052,44.05263157894737,15.263157894736842,Good,15.3,2022,3,Summer
2022-03-17,10.647368421052631,15.242105263157896,17.910526315789475,4.484210526315789,0.2888947368421052,44.05263157894737,15.263157894736842,Good,15.3,2022,3,Summer
2022-03-18,10.647368421052631,15.242105263157896,17.910526315789475,4.484210526315789,0.2888947368421052,44.05263157894737,15.263157894736842,Good,15.3,2022,3,Summer
2022-03-19,10.647368421052631,15.242105263157896,17.910526315789475,4.484210526315789,0.2888947368421052,44.05263157894737,15.263157894736842,Good,15.3,2022,3,Summer
2022-03-20,10.647368421052631,15.242105263157896,17.910526315789475,4.484210526315789,0.2888947368421052,44.05263157894737,15.263157894736842,Good,15.3,2022,3,Summer
2022-03-21,10.647368421052631,15.242105263157896,17.910526315789475,4.484210526315789,0.2888947368421052,44.05263157894737,15.263157894736842,Good,15.3,2022,3,Summer
2022-03-22,10.647368421052631,15.242105263157896,17.910526315789475,4.484210526315789,0.2888947368421052,44.05263157894737,15.263157894736842,Good,15.3,2022,3,Summer
2022-03-23,10.647368421052631,15.242105263157896,17.910526315789475,4.484210526315789,0.2888947368421052,44.05263157894737,15.263157894736842,Good,15.3,2022,3,Summer
2022-03-24,10.647368421052631,15.242105263157896,17.910526315789475,4.484210526315789,0.2888947368421052,44.05263157894737,15.263157894736842,Good,15.3,2022,3,Summer
2022-03-25,10.647368421052631,15.242105263157896,17.910526315789475,4.484210526315789,0.2888947368421052,44.05263157894737,15.263157894736842,Good,15.3,2022,3,Summer
2022-03-26,10.647368421052631,15.242105263157896,17.910526315789475,4.484210526315789,0.2888947368421052,44.05263157894737,15.263157894736842,Good,15.3,2022,3,Summer
2022-03-27,10.647368421052631,15.242105263157896,17.910526315789475,4.484210526315789,0.2888947368421052,44.05263157894737,15.263157894736842,Good,15.3,2022,3,Summer
2022-03-28,10.647368421052631,15.242105263157896,17.910526315789475,4.484210526315789,0.2888947368421052,44.05263157894737,15.263157894736842,Good,15.3,2022,3,Summer
2022-03-29,10.647368421052631,15.242105263157896,17.910526315789475,4.484210526315789,0.2888947368421052,44.05263157894737,15.263157894736842,Good,15.3,2022,3,Summer
2022-03-30,10.647368421052631,15.242105263157896,17.910526315789475,4.484210526315789,0.2888947368421052,44.05263157894737,15.263157894736842,Good,15.3,2022,3,Summer
2022-03-31,10.647368421052631,15.242105263157896,17.910526315789475,4.484210526315789,0.2888947368421052,44.05263157894737,15.263157894736842,Good,15.3,2022,3,Summer
2022-04-01,10.647368421052631,15.242105263157896,17.910526315789475,4.484210526315789,0.2888947368421052,44.05263157894737,15.263157894736842,Good,15.3,2022,4,Summer
2022-04-02,10.647368421052631,15.242105263157896,17.910526315789475,4.484210526315789,0.2888947368421052,44.05263157894737,15.263157894736842,Good,15.3,2022,4,Summer
2022-04-03,10.647368421052631,15.242105263157896,17.910526315789475,4.484210526315789,0.2888947368421052,44.05263157894737,15.263157894736842,Good,15.3,2022,4,Summer
2022-04-04,10.647368421052631,15.242105263157896,17.910526315789475,4.484210526315789,0.2888947368421052,44.05263157894737,15.263157894736842,Good,15.3,2022,4,Summer
2022-04-05,10.647368421052631,15.242105263157896,17.910526315789475,4.484210526315789,0.2888947368421052,44.05263157894737,15.263157894736842,Good,15.3,2022,4,Summer
2022-04-06,10.647368421052631,15.242105263157896,17.910526315789475,4.484210526315789,0.2888947368421052,44.05263157894737,15.263157894736842,Good,15.3,2022,4,Summer
2022-04-07,10.647368421052631,15.242105263157896,17.910526315789475,4.484210526315789,0.2888947368421052,44.05263157894737,15.263157894736842,Good,15.3,2022,4,Summer
2022-04-08,10.647368421052631,15.242105263157896,17.910526315789475,4.484210526315789,0.2888947368421052,44.05263157894737,15.263157894736842,Good,15.3,2022,4,Summer
2022-04-09,10.647368421052631,15.242105263157896,17.910526315789475,4.484210526315789,0.2888947368421052,44.05263157894737,15.263157894736842,Good,15.3,2022,4,Summer
2022-04-10,10.647368421052631,15.242105263157896,17.910526315789475,4.484210526315789,0.2888947368421052,44.05263157894737,15.263157894736842,Good,15.3,2022,4,Summer
2022-04-11,10.647368421052631,15.242105263157896,17.910526315789475,4.484210526315789,0.2888947368421052,44.05263157894737,15.263157894736842,Good,15.3,2022,4,Summer
2022-04-12,10.647368421052631,15.242105263157896,17.910526315789475,4.484210526315789,0.2888947368421052,44.05263157894737,15.263157894736842,Good,15.3,2022,4,Summer
2022-04-13,10.647368421052631,15.242105263157896,17.910526315789475,4.484210526315789,0.2888947368421052,44.05263157894737,15.263157894736842,Good,15.3,2022,4,Summer
2022-04-14,10.647368421052631,15.242105263157896,17.910526315789475,4.484210526315789,0.2888947368421052,44.05263157894737,15.263157894736842,Good,15.3,2022,4,Summer
2022-04-15,10.647368421052631,15.242105263157896,17.910526315789475,4.484210526315789,0.2888947368421052,44.05263157894737,15.263157894736842,Good,15.3,2022,4,Summer
2022-04-16,10.647368421052631,15.242105263157896,17.910526315789475,4.484210526315789,0.2888947368421052,44.05263157894737,15.263157894736842,Good,15.3,2022,4,Summer
2022-04-17,10.647368421052631,15.242105263157896,17.910526315789475,4.484210526315789,0.2888947368421052,44.05263157894737,15.263157894736842,Good,15.3,2022,4,Summer
2022-04-18,10.647368421052631,15.242105263157896,17.910526315789475,4.484210526315789,0.2888947368421052,44.05263157894737,15.263157894736842,Good,15.3,2022,4,Summer
2022-04-19,10.647368421052631,15.242105263157896,17.910526315789475,4.484210526315789,0.2888947368421052,44.05263157894737,15.263157894736842,Good,15.3,2022,4,Summer
2022-04-20,10.647368421052631,15.242105263157896,17.910526315789475,4.484210526315789,0.2888947368421052,44.05263157894737,15.263157894736842,Good,15.3,2022,4,Summer
2022-04-21,10.647368421052631,15.242105263157896,17.910526315789475,4.484210526315789,0.2888947368421052,44.05263157894737,15.263157894736842,Good,15.3,2022,4,Summer
2022-04-22,10.647368421052631,15.242105263157896,17.910526315789475,4.484210526315789,0.2888947368421052,44.05263157894737,15.263157894736842,Good,15.3,2022,4,Summer
2022-04-23,10.647368421052631,15.242105263157896,17.910526315789475,4.484210526315789,0.2888947368421052,44.05263157894737,15.263157894736842,Good,15.3,2022,4,Summer
2022-04-24,10.647368421052631,15.242105263157896,17.910526315789475,4.484210526315789,0.2888947368421052,44.05263157894737,15.263157894736842,Good,15.3,2022,4,Summer
2022-04-25,10.647368421052631,15.242105263157896,17.910526315789475,4.484210526315789,0.2888947368421052,44.05263157894737,15.263157894736842,Good,15.3,2022,4,Summer
2022-04-26,10.647368421052631,15.242105263157896,17.910526315789475,4.484210526315789,0.2888947368421052,44.05263157894737,15.263157894736842,Good,15.3,2022,4,Summer
2022-04-27,10.647368421052631,15.242105263157896,17.910526315789475,4.484210526315789,0.2888947368421052,44.05263157894737,15.263157894736842,Good,15.3,2022,4,Summer
2022-04-28,10.647368421052631,15.242105263157896,17.910526315789475,4.484210526315789,0.2888947368421052,44.05263157894737,15.263157894736842,Good,15.3,2022,4,Summer
2022-04-29,10.647368421052631,15.242105263157896,17.910526315789475,4.484210526315789,0.2888947368421052,44.05263157894737,15.263157894736842,Good,15.3,2022,4,Summer
2022-04-30,10.647368421052631,15.242105263157896,17.910526315789475,4.484210526315789,0.2888947368421052,44.05263157894737,15.263157894736842,Good,15.3,2022,4,Summer
2022-05-01,10.647368421052631,15.242105263157896,17.910526315789475,4.484210526315789,0.2888947368421052,44.05263157894737,15.263157894736842,Good,15.3,2022,5,Summer
2022-05-02,10.647368421052631,15.242105263157896,17.910526315789475,4.484210526315789,0.2888947368421052,44.05263157894737,15.263157894736842,Good,15.3,2022,5,Summer
2022-05-03,10.647368421052631,15.242105263157896,17.910526315789475,4.484210526315789,0.2888947368421052,44.05263157894737,15.263157894736842,Good,15.3,2022,5,Summer
2022-05-04,10.647368421052631,15.242105263157896,17.910526315789475,4.484210526315789,0.2888947368421052,44.05263157894737,15.263157894736842,Good,15.3,2022,5,Summer
2022-05-05,10.647368421052631,15.242105263157896,17.910526315789475,4.484210526315789,0.2888947368421052,44.05263157894737,15.263157894736842,Good,15.3,2022,5,Summer
2022-05-06,10.647368421052631,15.242105263157896,17.910526315789475,4.484210526315789,0.2888947368421052,44.05263157894737,15.263157894736842,Good,15.3,2022,5,Summer
2022-05-07,10.647368421052631,15.242105263157896,17.910526315789475,4.484210526315789,0.2888947368421052,44.05263157894737,15.263157894736842,Good,15.3,2022,5,Summer
2022-05-08,10.647368421052631,15.242105263157896,17.910526315789475,4.484210526315789,0.2888947368421052,44.05263157894737,15.263157894736842,Good,15.3,2022,5,Summer
2022-05-09,10.647368421052631,15.242105263157896,17.910526315789475,4.484210526315789,0.2888947368421052,44.05263157894737,15.263157894736842,Good,15.3,2022,5,Summer
2022-05-10,10.647368421052631,15.242105263157896,17.910526315789475,4.484210526315789,0.2888947368421052,44.05263157894737,15.263157894736842,Good,15.3,2022,5,Summer
2022-05-11,10.647368421052631,15.242105263157896,17.910526315789475,4.484210526315789,0.2888947368421052,44.05263157894737,15.263157894736842,Good,15.3,2022,5,Summer
2022-05-12,10.647368421052631,15.242105263157896,17.910526315789475,4.484210526315789,0.2888947368421052,44.05263157894737,15.263157894736842,Good,15.3,2022,5,Summer
2022-05-13,10.647368421052631,15.242105263157896,17.910526315789475,4.484210526315789,0.2888947368421052,44.05263157894737,15.263157894736842,Good,15.3,2022,5,Summer
2022-05-14,10.647368421052631,15.242105263157896,17.910526315789475,4.484210526315789,0.2888947368421052,44.05263157894737,15.263157894736842,Good,15.3,2022,5,Summer
2022-05-15,10.647368421052631,15.242105263157896,17.910526315789475,4.484210526315789,0.2888947368421052,44.05263157894737,15.263157894736842,Good,15.3,2022,5,Summer
2022-05-16,10.647368421052631,15.242105263157896,17.910526315789475,4.484210526315789,0.2888947368421052,44.05263157894737,15.263157894736842,Good,15.3,2022,5,Summer
2022-05-17,10.647368421052631,15.242105263157896,17.910526315789475,4.484210526315789,0.2888947368421052,44.05263157894737,15.263157894736842,Good,15.3,2022,5,Summer
2022-05-18,10.647368421052631,15.242105263157896,17.910526315789475,4.484210526315789,0.2888947368421052,44.05263157894737,15.263157894736842,Good,15.3,2022,5,Summer
2022-05-19,10.647368421052631,15.242105263157896,17.910526315789475,4.484210526315789,0.2888947368421052,44.05263157894737,15.263157894736842,Good,15.3,2022,5,Summer
2022-05-20,10.647368421052631,15.242105263157896,17.910526315789475,4.484210526315789,0.2888947368421052,44.05263157894737,15.263157894736842,Good,15.3,2022,5,Summer
2022-05-21,10.647368421052631,15.242105263157896,17.910526315789475,4.484210526315789,0.2888947368421052,44.05263157894737,15.263157894736842,Good,15.3,2022,5,Summer
2022-05-22,10.647368421052631,15.242105263157896,17.910526315789475,4.484210526315789,0.2888947368421052,44.05263157894737,15.263157894736842,Good,15.3,2022,5,Summer
2022-05-23,10.647368421052631,15.242105263157896,17.910526315789475,4.484210526315789,0.2888947368421052,44.05263157894737,15.263157894736842,Good,15.3,2022,5,Summer
2022-05-24,10.647368421052631,15.242105263157896,17.910526315789475,4.484210526315789,0.2888947368421052,44.05263157894737,15.263157894736842,Good,15.3,2022,5,Summer
2022-05-25,10.647368421052631,15.242105263157896,17.910526315789475,4.484210526315789,0.2888947368421052,44.05263157894737,15.263157894736842,Good,15.3,2022,5,Summer
2022-05-26,10.647368421052631,15.242105263157896,17.910526315789475,4.484210526315789,0.2888947368421052,44.05263157894737,15.263157894736842,Good,15.3,2022,5,Summer
2022-05-27,10.647368421052631,15.242105263157896,17.910526315789475,4.484210526315789,0.2888947368421052,44.05263157894737,15.263157894736842,Good,15.3,2022,5,Summer
2022-05-28,10.647368421052631,15.242105263157896,17.910526315789475,4.484210526315789,0.2888947368421052,44.05263157894737,15.263157894736842,Good,15.3,2022,5,Summer
2022-05-29,10.647368421052631,15.242105263157896,17.910526315789475,4.484210526315789,0.2888947368421052,44.05263157894737,15.263157894736842,Good,15.3,2022,5,Summer
2022-05-30,10.647368421052631,15.242105263157896,17.910526315789475,4.484210526315789,0.2888947368421052,44.05263157894737,15.263157894736842,Good,15.3,2022,5,Summer
2022-05-31,10.647368421052631,15.242105263157896,17.910526315789475,4.484210526315789,0.2888947368421052,44.05263157894737,15.263157894736842,Good,15.3,2022,5,Summer
2022-06-01,10.647368421052631,15.242105263157896,17.910526315789475,4.484210526315789,0.2888947368421052,44.05263157894737,15.263157894736842,Good,15.3,2022,6,Southwest Monsoon
2022-06-02,10.647368421052631,15.242105263157896,17.910526315789475,4.484210526315789,0.2888947368421052,44.05263157894737,15.263157894736842,Good,15.3,2022,6,Southwest Monsoon
2022-06-03,10.647368421052631,15.242105263157896,17.910526315789475,4.484210526315789,0.2888947368421052,44.05263157894737,15.263157894736842,Good,15.3,2022,6,Southwest Monsoon
2022-06-04,10.647368421052631,15.242105263157896,17.910526315789475,4.484210526315789,0.2888947368421052,44.05263157894737,15.263157894736842,Good,15.3,2022,6,Southwest Monsoon
2022-06-05,10.647368421052631,15.242105263157896,17.910526315789475,4.484210526315789,0.2888947368421052,44.05263157894737,15.263157894736842,Good,15.3,2022,6,Southwest Monsoon
2022-06-06,10.647368421052631,15.242105263157896,17.910526315789475,4.484210526315789,0.2888947368421052,44.05263157894737,15.263157894736842,Good,15.3,2022,6,Southwest Monsoon
2022-06-07,10.647368421052631,15.242105263157896,17.910526315789475,4.484210526315789,0.2888947368421052,44.05263157894737,15.263157894736842,Good,15.3,2022,6,Southwest Monsoon
2022-06-08,10.647368421052631,15.242105263157896,17.910526315789475,4.484210526315789,0.2888947368421052,44.05263157894737,15.263157894736842,Good,15.3,2022,6,Southwest Monsoon
2022-06-09,10.647368421052631,15.242105263157896,17.910526315789475,4.484210526315789,0.2888947368421052,44.05263157894737,15.263157894736842,Good,15.3,2022,6,Southwest Monsoon
2022-06-10,10.647368421052631,15.242105263157896,17.910526315789475,4.484210526315789,0.2888947368421052,44.05263157894737,15.263157894736842,Good,15.3,2022,6,Southwest Monsoon
2022-06-11,10.647368421052631,15.242105263157896,17.910526315789475,4.484210526315789,0.2888947368421052,44.05263157894737,15.263157894736842,Good,15.3,2022,6,Southwest Monsoon
2022-06-12,10.647368421052631,15.242105263157896,17.910526315789475,4.484210526315789,0.2888947368421052,44.05263157894737,15.263157894736842,Good,15.3,2022,6,Southwest Monsoon
2022-06-13,10.647368421052631,15.242105263157896,17.910526315789475,4.484210526315789,0.2888947368421052,44.05263157894737,15.263157894736842,Good,15.3,2022,6,Southwest Monsoon
2022-06-14,10.647368421052631,15.242105263157896,17.910526315789475,4.484210526315789,0.2888947368421052,44.05263157894737,15.263157894736842,Good,15.3,2022,6,Southwest Monsoon
2022-06-15,10.647368421052631,15.242105263157896,17.910526315789475,4.484210526315789,0.2888947368421052,44.05263157894737,15.263157894736842,Good,15.3,2022,6,Southwest Monsoon
2022-06-16,10.647368421052631,15.242105263157896,17.910526315789475,4.484210526315789,0.2888947368421052,44.05263157894737,15.263157894736842,Good,15.3,2022,6,Southwest Monsoon
2022-06-17,10.647368421052631,15.242105263157896,17.910526315789475,4.484210526315789,0.2888947368421052,44.05263157894737,15.263157894736842,Good,15.3,2022,6,Southwest Monsoon
2022-06-18,10.647368421052631,15.242105263157896,17.910526315789475,4.484210526315789,0.2888947368421052,44.05263157894737,15.263157894736842,Good,15.3,2022,6,Southwest Monsoon
2022-06-19,10.647368421052631,15.242105263157896,17.910526315789475,4.484210526315789,0.2888947368421052,44.05263157894737,15.263157894736842,Good,15.3,2022,6,Southwest Monsoon
2022-06-20,10.647368421052631,15.242105263157896,17.910526315789475,4.484210526315789,0.2888947368421052,44.05263157894737,15.263157894736842,Good,15.3,2022,6,Southwest Monsoon
2022-06-21,10.647368421052631,15.242105263157896,17.910526315789475,4.484210526315789,0.2888947368421052,44.05263157894737,15.263157894736842,Good,15.3,2022,6,Southwest Monsoon
2022-06-22,10.647368421052631,15.242105263157896,17.910526315789475,4.484210526315789,0.2888947368421052,44.05263157894737,15.263157894736842,Good,15.3,2022,6,Southwest Monsoon
2022-06-23,10.647368421052631,15.242105263157896,17.910526315789475,4.484210526315789,0.2888947368421052,44.05263157894737,15.263157894736842,Good,15.3,2022,6,Southwest Monsoon
2022-06-24,10.647368421052631,15.242105263157896,17.910526315789475,4.484210526315789,0.2888947368421052,44.05263157894737,15.263157894736842,Good,15.3,2022,6,Southwest Monsoon
2022-06-25,10.647368421052631,15.242105263157896,17.910526315789475,4.484210526315789,0.2888947368421052,44.05263157894737,15.263157894736842,Good,15.3,2022,6,Southwest Monsoon
2022-06-26,10.647368421052631,15.242105263157896,17.910526315789475,4.484210526315789,0.2888947368421052,44.05263157894737,15.263157894736842,Good,15.3,2022,6,Southwest Monsoon
2022-06-27,10.647368421052631,15.242105263157896,17.910526315789475,4.484210526315789,0.2888947368421052,44.05263157894737,15.263157894736842,Good,15.3,2022,6,Southwest Monsoon
2022-06-28,10.647368421052631,15.242105263157896,17.910526315789475,4.484210526315789,0.2888947368421052,44.05263157894737,15.263157894736842,Good,15.3,2022,6,Southwest Monsoon
2022-06-29,10.647368421052631,15.242105263157896,17.910526315789475,4.484210526315789,0.2888947368421052,44.05263157894737,15.263157894736842,Good,15.3,2022,6,Southwest Monsoon
2022-06-30,10.647368421052631,15.242105263157896,17.910526315789475,4.484210526315789,0.2888947368421052,44.05263157894737,15.263157894736842,Good,15.3,2022,6,Southwest Monsoon
2022-07-01,10.647368421052631,15.242105263157896,17.910526315789475,4.484210526315789,0.2888947368421052,44.05263157894737,15.263157894736842,Good,15.3,2022,7,Southwest Monsoon
2022-07-02,10.647368421052631,15.242105263157896,17.910526315789475,4.484210526315789,0.2888947368421052,44.05263157894737,15.263157894736842,Good,15.3,2022,7,Southwest Monsoon
2022-07-03,10.647368421052631,15.242105263157896,17.910526315789475,4.484210526315789,0.2888947368421052,44.05263157894737,15.263157894736842,Good,15.3,2022,7,Southwest Monsoon
2022-07-04,10.647368421052631,15.242105263157896,17.910526315789475,4.484210526315789,0.2888947368421052,44.05263157894737,15.263157894736842,Good,15.3,2022,7,Southwest Monsoon
2022-07-05,10.647368421052631,15.242105263157896,17.910526315789475,4.484210526315789,0.2888947368421052,44.05263157894737,15.263157894736842,Good,15.3,2022,7,Southwest Monsoon
2022-07-06,10.647368421052631,15.242105263157896,17.910526315789475,4.484210526315789,0.2888947368421052,44.05263157894737,15.263157894736842,Good,15.3,2022,7,Southwest Monsoon
2022-07-07,10.647368421052631,15.242105263157896,17.910526315789475,4.484210526315789,0.2888947368421052,44.05263157894737,15.263157894736842,Good,15.3,2022,7,Southwest Monsoon
2022-07-08,10.647368421052631,15.242105263157896,17.910526315789475,4.484210526315789,0.2888947368421052,44.05263157894737,15.263157894736842,Good,15.3,2022,7,Southwest Monsoon
2022-07-09,10.647368421052631,15.242105263157896,17.910526315789475,4.484210526315789,0.2888947368421052,44.05263157894737,15.263157894736842,Good,15.3,2022,7,Southwest Monsoon
2022-07-10,10.647368421052631,15.242105263157896,17.910526315789475,4.484210526315789,0.2888947368421052,44.05263157894737,15.263157894736842,Good,15.3,2022,7,Southwest Monsoon
2022-07-11,10.647368421052631,15.242105263157896,17.910526315789475,4.484210526315789,0.2888947368421052,44.05263157894737,15.263157894736842,Good,15.3,2022,7,Southwest Monsoon
2022-07-12,10.647368421052631,15.242105263157896,17.910526315789475,4.484210526315789,0.2888947368421052,44.05263157894737,15.263157894736842,Good,15.3,2022,7,Southwest Monsoon
2022-07-13,10.647368421052631,15.242105263157896,17.910526315789475,4.484210526315789,0.2888947368421052,44.05263157894737,15.263157894736842,Good,15.3,2022,7,Southwest Monsoon
2022-07-14,10.647368421052631,15.242105263157896,17.910526315789475,4.484210526315789,0.2888947368421052,44.05263157894737,15.263157894736842,Good,15.3,2022,7,Southwest Monsoon
2022-07-15,10.647368421052631,15.242105263157896,17.910526315789475,4.484210526315789,0.2888947368421052,44.05263157894737,15.263157894736842,Good,15.3,2022,7,Southwest Monsoon
2022-07-16,10.647368421052631,15.242105263157896,17.910526315789475,4.484210526315789,0.2888947368421052,44.05263157894737,15.263157894736842,Good,15.3,2022,7,Southwest Monsoon
2022-07-17,10.647368421052631,15.242105263157896,17.910526315789475,4.484210526315789,0.2888947368421052,44.05263157894737,15.263157894736842,Good,15.3,2022,7,Southwest Monsoon
2022-07-18,10.647368421052631,15.242105263157896,17.910526315789475,4.484210526315789,0.2888947368421052,44.05263157894737,15.263157894736842,Good,15.3,2022,7,Southwest Monsoon
2022-07-19,10.647368421052631,15.242105263157896,17.910526315789475,4.484210526315789,0.2888947368421052,44.05263157894737,15.263157894736842,Good,15.3,2022,7,Southwest Monsoon
2022-07-20,10.647368421052631,15.242105263157896,17.910526315789475,4.484210526315789,0.2888947368421052,44.05263157894737,15.263157894736842,Good,15.3,2022,7,Southwest Monsoon
2022-07-21,10.647368421052631,15.242105263157896,17.910526315789475,4.484210526315789,0.2888947368421052,44.05263157894737,15.263157894736842,Good,15.3,2022,7,Southwest Monsoon
2022-07-22,10.647368421052631,15.242105263157896,17.910526315789475,4.484210526315789,0.2888947368421052,44.05263157894737,15.263157894736842,Good,15.3,2022,7,Southwest Monsoon
2022-07-23,10.647368421052631,15.242105263157896,17.910526315789475,4.484210526315789,0.2888947368421052,44.05263157894737,15.263157894736842,Good,15.3,2022,7,Southwest Monsoon
2022-07-24,10.647368421052631,15.242105263157896,17.910526315789475,4.484210526315789,0.2888947368421052,44.05263157894737,15.263157894736842,Good,15.3,2022,7,Southwest Monsoon
2022-07-25,10.647368421052631,15.242105263157896,17.910526315789475,4.484210526315789,0.2888947368421052,44.05263157894737,15.263157894736842,Good,15.3,2022,7,Southwest Monsoon
2022-07-26,10.647368421052631,15.242105263157896,17.910526315789475,4.484210526315789,0.2888947368421052,44.05263157894737,15.263157894736842,Good,15.3,2022,7,Southwest Monsoon
2022-07-27,10.647368421052631,15.242105263157896,17.910526315789475,4.484210526315789,0.2888947368421052,44.05263157894737,15.263157894736842,Good,15.3,2022,7,Southwest Monsoon
2022-07-28,10.647368421052631,15.242105263157896,17.910526315789475,4.484210526315789,0.2888947368421052,44.05263157894737,15.263157894736842,Good,15.3,2022,7,Southwest Monsoon
2022-07-29,10.647368421052631,15.242105263157896,17.910526315789475,4.484210526315789,0.2888947368421052,44.05263157894737,15.263157894736842,Good,15.3,2022,7,Southwest Monsoon
2022-07-30,10.647368421052631,15.242105263157896,17.910526315789475,4.484210526315789,0.2888947368421052,44.05263157894737,15.263157894736842,Good,15.3,2022,7,Southwest Monsoon
2022-07-31,10.647368421052631,15.242105263157896,17.910526315789475,4.484210526315789,0.2888947368421052,44.05263157894737,15.263157894736842,Good,15.3,2022,7,Southwest Monsoon
2022-08-01,10.647368421052631,15.242105263157896,17.910526315789475,4.484210526315789,0.2888947368421052,44.05263157894737,15.263157894736842,Good,15.3,2022,8,Southwest Monsoon
2022-08-02,10.647368421052631,15.242105263157896,17.910526315789475,4.484210526315789,0.2888947368421052,44.05263157894737,15.263157894736842,Good,15.3,2022,8,Southwest Monsoon
2022-08-03,10.647368421052631,15.242105263157896,17.910526315789475,4.484210526315789,0.2888947368421052,44.05263157894737,15.263157894736842,Good,15.3,2022,8,Southwest Monsoon
2022-08-04,10.647368421052631,15.242105263157896,17.910526315789475,4.484210526315789,0.2888947368421052,44.05263157894737,15.263157894736842,Good,15.3,2022,8,Southwest Monsoon
2022-08-05,4.295833333333333,6.1375,10.245833333333334,2.0416666666666665,0.1707499999999999,37.79166666666666,15.263157894736842,Good,15.3,2022,8,Southwest Monsoon
2022-08-06,4.9875,7.133333333333333,10.641666666666667,1.8958333333333333,0.171625,38.208333333333336,15.25,Good,15.3,2022,8,Southwest Monsoon
2022-08-07,5.420833333333333,7.783333333333334,11.345833333333331,2.0125,0.1759166666666667,37.458333333333336,15.0,Good,15.2,2022,8,Southwest Monsoon
2022-08-08,3.945833333333333,5.720833333333334,7.016666666666667,1.9125,0.1456666666666666,43.5,17.458333333333332,Good,15.5,2022,8,Southwest Monsoon
2022-08-09,4.504166666666666,6.8875,6.2250000000000005,2.0541666666666667,0.1455,45.125,18.125,Good,15.9,2022,8,Southwest Monsoon
2022-08-10,5.4,8.529166666666667,6.195833333333333,2.020833333333333,0.1486666666666666,43.458333333333336,17.333333333333332,Good,16.2,2022,8,Southwest Monsoon
2022-08-11,5.1000000000000005,7.808333333333334,6.383333333333333,2.083333333333333,0.1425,39.833333333333336,16.25,Good,16.4,2022,8,Southwest Monsoon
2022-08-12,5.579166666666667,8.295833333333333,8.35,2.1333333333333333,0.1542083333333333,34.625,14.416666666666666,Good,16.3,2022,8,Southwest Monsoon
2022-08-13,6.879166666666666,10.425,8.379166666666666,2.4250000000000003,0.1615416666666666,36.583333333333336,15.75,Good,16.3,2022,8,Southwest Monsoon
2022-08-14,9.4875,14.45,12.720833333333331,2.8041666666666667,0.20475,33.333333333333336,17.0,Good,16.6,2022,8,Southwest Monsoon
2022-08-15,11.3375,17.5,17.220833333333335,3.325,0.2613749999999999,31.70833333333333,21.0,Good,17.1,2022,8,Southwest Monsoon
2022-08-16,17.7,27.96666666666667,21.450000000000003,4.433333333333334,0.3643749999999999,36.833333333333336,30.25,Good,18.9,2022,8,Southwest Monsoon
2022-08-17,23.820833333333336,36.60416666666666,23.29583333333333,6.345833333333334,0.4816666666666667,32.083333333333336,51.125,Moderate,23.7,2022,8,Southwest Monsoon
2022-08-18,13.8125,23.245833333333334,14.4375,3.454166666666667,0.2470416666666667,34.708333333333336,34.625,Good,26.3,2022,8,Southwest Monsoon
2022-08-19,11.758333333333333,18.695833333333333,13.145833333333334,3.1291666666666664,0.2225416666666666,33.458333333333336,25.416666666666668,Good,27.9,2022,8,Southwest Monsoon
2022-08-20,9.570833333333333,15.279166666666669,10.854166666666666,3.1291666666666664,0.1934166666666666,33.375,22.291666666666668,Good,28.8,2022,8,Southwest Monsoon
2022-08-21,7.337499999999999,10.783333333333331,9.908333333333331,2.8625000000000003,0.1778333333333333,29.375,17.166666666666668,Good,28.8,2022,8,Southwest Monsoon
2022-08-22,6.5,9.583333333333334,9.129166666666666,2.7,0.1644583333333333,31.0,15.75,Good,28.1,2022,8,Southwest Monsoon
2022-08-23,6.816666666666666,10.0375,10.991666666666667,2.954166666666667,0.184875,33.458333333333336,14.833333333333334,Good,25.9,2022,8,Southwest Monsoon
2022-08-24,8.8875,13.266666666666666,14.379166666666668,2.9125,0.2190833333333333,28.5,15.833333333333334,Good,20.8,2022,8,Southwest Monsoon
2022-08-25,8.875,13.470833333333331,13.070833333333333,2.4541666666666666,0.2130416666666666,35.166666666666664,19.08333333333333,Good,18.6,2022,8,Southwest Monsoon
2022-08-26,13.670833333333334,20.870833333333334,19.308333333333334,3.1916666666666664,0.3286666666666666,33.0,21.541666666666668,Good,18.1,2022,8,Southwest Monsoon
2022-08-27,13.729166666666666,19.9875,19.229166666666668,3.4291666666666667,0.2999583333333333,40.083333333333336,30.416666666666668,Good,19.2,2022,8,Southwest Monsoon
2022-08-28,13.141666666666666,19.620833333333334,18.7375,3.3000000000000003,0.2986666666666667,38.29166666666666,24.916666666666668,Good,20.3,2022,8,Southwest Monsoon
2022-08-29,20.816666666666663,30.2125,26.791666666666668,4.170833333333333,0.4275,45.16666666666666,34.833333333333336,Good,23.1,2022,8,Southwest Monsoon
2022-08-30,21.9625,31.6375,23.445833333333336,4.220833333333333,0.3748333333333333,57.66666666666666,53.333333333333336,Moderate,28.6,2022,8,Southwest Monsoon
2022-08-31,17.991666666666667,25.99166666666667,18.466666666666665,5.879166666666666,0.3084583333333333,51.79166666666666,37.0,Good,31.6,2022,8,Southwest Monsoon
2022-09-01,31.58333333333333,45.5,29.379166666666663,8.4,0.5027916666666666,39.75,55.16666666666666,Moderate,36.7,2022,9,Southwest Monsoon
2022-09-02,23.5125,33.7,25.9625,7.654166666666666,0.4238333333333333,54.833333333333336,63.0,Moderate,42.7,2022,9,Southwest Monsoon
2022-09-03,27.691666666666663,39.65833333333333,30.304166666666664,7.1000000000000005,0.4910416666666666,61.083333333333336,59.125,Moderate,46.8,2022,9,Southwest Monsoon
2022-09-04,20.079166666666666,28.7375,24.929166666666664,4.195833333333334,0.3930416666666667,56.25,49.708333333333336,Good,50.3,2022,9,Southwest Monsoon
2022-09-05,19.8375,28.370833333333334,25.0375,4.675,0.3911666666666666,61.41666666666666,42.04166666666666,Good,51.3,2022,9,Southwest Monsoon
2022-09-06,15.245833333333332,21.820833333333336,18.85,3.8708333333333336,0.3270416666666667,60.79166666666666,37.54166666666666,Good,49.1,2022,9,Southwest Monsoon
2022-09-07,8.291666666666666,11.891666666666666,12.258333333333333,3.1791666666666667,0.226875,41.54166666666666,25.25,Good,47.4,2022,9,Southwest Monsoon
2022-09-08,7.045833333333333,10.1,11.866666666666667,2.75,0.2029999999999999,34.625,17.0,Good,42.0,2022,9,Southwest Monsoon
2022-09-09,5.991666666666667,8.549999999999999,9.3125,3.0041666666666664,0.184625,42.958333333333336,17.291666666666668,Good,35.4,2022,9,Southwest Monsoon
2022-09-10,4.883333333333334,7.029166666666666,7.883333333333333,2.6916666666666664,0.1729583333333333,43.625,17.541666666666668,Good,29.5,2022,9,Southwest Monsoon
2022-09-11,4.85,7.120833333333334,7.054166666666667,2.5125,0.168125,42.29166666666666,16.916666666666668,Good,24.8,2022,9,Southwest Monsoon
2022-09-12,5.375,7.983333333333333,8.579166666666667,2.7583333333333333,0.1758333333333333,40.0,16.0,Good,21.1,2022,9,Southwest Monsoon
2022-09-13,7.966666666666666,11.9375,12.35,3.3375,0.2160416666666666,36.958333333333336,17.083333333333332,Good,18.2,2022,9,Southwest Monsoon
2022-09-14,9.958333333333334,14.579166666666666,14.429166666666667,3.325,0.2296666666666666,32.958333333333336,19.291666666666668,Good,17.3,2022,9,Southwest Monsoon
2022-09-15,11.441666666666668,17.533333333333335,15.791666666666666,3.3166666666666664,0.2520833333333333,33.583333333333336,23.45833333333333,Good,18.2,2022,9,Southwest Monsoon
2022-09-16,11.229166666666666,16.691666666666666,15.4625,3.1750000000000003,0.2579583333333333,36.125,23.0,Good,19.0,2022,9,Southwest Monsoon
2022-09-17,12.3875,18.254166666666663,17.691666666666666,3.6,0.2949583333333333,36.875,25.541666666666668,Good,20.2,2022,9,Southwest Monsoon
2022-09-18,11.495833333333332,16.8875,16.491666666666667,3.483333333333333,0.2751666666666666,38.79166666666666,25.041666666666668,Good,21.3,2022,9,Southwest Monsoon
2022-09-19,13.158333333333331,19.92083333333333,16.212500000000002,3.25,0.2641666666666666,38.375,26.166666666666668,Good,22.8,2022,9,Southwest Monsoon
2022-09-20,14.391666666666666,21.991666666666664,16.829166666666666,3.1875,0.27025,37.54166666666666,27.375,Good,24.3,2022,9,Southwest Monsoon
2022-09-21,18.004166666666666,27.229166666666668,20.6,3.6375,0.3818333333333333,34.541666666666664,31.25,Good,26.0,2022,9,Southwest Monsoon
2022-09-22,20.054166666666667,30.53333333333333,24.29583333333333,3.954166666666667,0.450625,39.708333333333336,39.79166666666666,Good,28.3,2022,9,Southwest Monsoon
2022-09-23,17.4375,26.42083333333333,21.629166666666663,3.720833333333333,0.3471666666666666,43.375,40.708333333333336,Good,30.8,2022,9,Southwest Monsoon
2022-09-24,12.5375,18.554166666666667,18.65,3.216666666666667,0.2725416666666667,36.375,28.45833333333333,Good,31.3,2022,9,Southwest Monsoon
2022-09-25,15.329166666666666,22.883333333333336,22.15,3.475,0.3445416666666667,36.66666666666666,28.416666666666668,Good,31.7,2022,9,Southwest Monsoon
2022-09-26,22.02916666666667,32.59583333333333,26.354166666666668,5.029166666666667,0.4746666666666666,44.833333333333336,37.16666666666666,Good,33.3,2022,9,Southwest Monsoon
2022-09-27,22.95,33.3875,32.0875,5.175,0.5337916666666667,40.125,58.25,Moderate,37.7,2022,9,Southwest Monsoon
2022-09-28,20.666666666666668,30.2,27.433333333333334,4.479166666666667,0.4465,47.375,41.91666666666666,Good,39.2,2022,9,Southwest Monsoon
2022-09-29,17.616666666666667,25.641666666666666,25.275,4.591666666666667,0.4724166666666667,37.25,37.208333333333336,Good,38.9,2022,9,Southwest Monsoon
2022-09-30,13.745833333333332,19.9375,19.6875,3.3708333333333336,0.3158333333333333,38.625,35.916666666666664,Good,38.2,2022,9,Southwest Monsoon
2022-10-01,8.575000000000001,12.266666666666666,14.233333333333334,2.4625,0.2228333333333333,35.5,20.70833333333333,Good,37.1,2022,10,Post-Monsoon
2022-10-02,14.016666666666666,20.15833333333333,16.6125,3.0125,0.2725833333333333,50.29166666666666,23.33333333333333,Good,36.4,2022,10,Post-Monsoon
2022-10-03,18.775,27.291666666666668,17.991666666666667,3.3625000000000003,0.2833333333333333,49.54166666666666,33.291666666666664,Good,35.8,2022,10,Post-Monsoon
2022-10-04,23.3375,34.09166666666667,22.8,4.070833333333334,0.3429583333333333,54.25,46.0,Good,34.1,2022,10,Post-Monsoon
2022-10-05,24.241666666666664,35.225,20.570833333333333,4.15,0.3273333333333333,66.04166666666667,58.708333333333336,Moderate,36.5,2022,10,Post-Monsoon
2022-10-06,20.0625,29.004166666666663,20.85833333333333,3.595833333333333,0.3348333333333333,54.79166666666666,49.25,Good,38.2,2022,10,Post-Monsoon
2022-10-07,16.745833333333334,25.004166666666663,19.729166666666668,4.491666666666666,0.2959583333333333,47.41666666666666,37.375,Good,38.4,2022,10,Post-Monsoon
2022-10-08,18.375,26.875,24.83333333333333,5.05,0.4375,37.91666666666666,32.083333333333336,Good,40.0,2022,10,Post-Monsoon
2022-10-09,24.27916666666667,35.22083333333333,32.958333333333336,5.9750000000000005,0.4853333333333333,38.375,54.29166666666666,Moderate,44.4,2022,10,Post-Monsoon
2022-10-10,21.0,30.09166666666667,27.73333333333333,5.7875000000000005,0.422,46.333333333333336,46.41666666666666,Good,46.3,2022,10,Post-Monsoon
2022-10-11,19.633333333333333,28.075,24.59583333333333,6.683333333333334,0.4300833333333333,65.45833333333333,42.458333333333336,Good,45.8,2022,10,Post-Monsoon
2022-10-12,28.329166666666666,40.71666666666667,33.550000000000004,6.075,0.525125,57.458333333333336,59.04166666666666,Moderate,45.8,2022,10,Post-Monsoon
2022-10-13,23.7375,34.050000000000004,29.441666666666663,4.8125,0.4575,54.375,56.083333333333336,Moderate,46.8,2022,10,Post-Monsoon
2022-10-14,20.741666666666667,29.691666666666663,28.40833333333333,5.025,0.441,61.583333333333336,52.54166666666666,Moderate,49.0,2022,10,Post-Monsoon
2022-10-15,15.15,21.67083333333333,24.0,4.3375,0.3716666666666666,54.875,35.25,Good,49.4,2022,10,Post-Monsoon
2022-10-16,17.245833333333334,24.729166666666668,24.02083333333333,5.425,0.3512083333333333,55.875,33.541666666666664,Good,46.5,2022,10,Post-Monsoon
2022-10-17,16.025000000000002,23.104166666666668,21.245833333333334,4.845833333333333,0.3194166666666667,52.0,34.416666666666664,Good,44.8,2022,10,Post-Monsoon
2022-10-18,19.370833333333334,27.89583333333333,24.104166666666668,6.883333333333333,0.366625,55.083333333333336,34.875,Good,43.7,2022,10,Post-Monsoon
2022-10-19,26.004166666666663,37.325,32.766666666666666,5.704166666666667,0.5145833333333333,50.875,57.29166666666666,Moderate,43.4,2022,10,Post-Monsoon
2022-10-20,22.804166666666664,33.233333333333334,29.8875,5.404166666666666,0.4981666666666666,56.125,52.41666666666666,Moderate,42.9,2022,10,Post-Monsoon
2022-10-21,16.566666666666666,24.5125,24.008333333333336,4.3125,0.4174583333333333,50.5,38.5,Good,40.9,2022,10,Post-Monsoon
2022-10-22,30.9375,45.2375,32.9125,6.2,0.5787916666666667,65.08333333333333,52.833333333333336,Moderate,43.4,2022,10,Post-Monsoon
2022-10-23,35.020833333333336,50.35,35.729166666666664,11.475,0.6180416666666667,72.625,67.5,Moderate,48.3,2022,10,Post-Monsoon
2022-10-24,32.32083333333333,46.62083333333334,30.4125,10.879166666666665,0.52225,78.20833333333333,65.5,Moderate,52.7,2022,10,Post-Monsoon
2022-10-25,33.28333333333333,47.9,34.63333333333333,11.054166666666667,0.5518333333333333,80.625,65.75,Moderate,57.1,2022,10,Post-Monsoon
2022-10-26,42.85416666666666,61.79583333333333,27.0625,14.408333333333331,0.5147916666666666,84.47916666666666,69.41666666666667,Moderate,58.8,2022,10,Post-Monsoon
2022-10-27,28.258333333333336,41.325,18.491666666666667,12.554166666666667,0.3997083333333333,88.33333333333333,70.91666666666667,Moderate,61.5,2022,10,Post-Monsoon
2022-10-28,21.3625,33.300000000000004,12.545833333333334,8.5875,0.3259583333333333,83.16666666666667,56.04166666666666,Moderate,64.0,2022,10,Post-Monsoon
2022-10-29,17.3,26.47083333333333,15.270833333333334,5.2875000000000005,0.3327083333333333,82.75,41.75,Good,62.4,2022,10,Post-Monsoon
2022-10-30,24.070833333333336,36.329166666666666,19.654166666666665,5.845833333333334,0.3960833333333333,88.33333333333333,44.958333333333336,Good,59.2,2022,10,Post-Monsoon
2022-10-31,37.59166666666667,55.625,22.566666666666663,12.125,0.4644999999999999,88.20833333333333,66.25,Moderate,59.3,2022,10,Post-Monsoon
2022-11-01,18.5875,26.666666666666668,22.96666666666667,5.9625,0.368625,51.208333333333336,60.0,Moderate,58.5,2022,11,Post-Monsoon
2022-11-02,14.733333333333334,21.370833333333334,19.075,5.7875000000000005,0.3905833333333333,50.16666666666666,32.375,Good,53.2,2022,11,Post-Monsoon
2022-11-03,16.325,23.78333333333333,18.275,6.1000000000000005,0.3877083333333333,55.833333333333336,31.33333333333333,Good,47.5,2022,11,Post-Monsoon
2022-11-04,12.891666666666666,19.179166666666667,13.95,3.6875,0.316625,56.875,30.0,Good,43.8,2022,11,Post-Monsoon
2022-11-05,14.020833333333334,21.366666666666664,13.991666666666667,5.3125,0.3289583333333333,59.79166666666666,28.70833333333333,Good,41.9,2022,11,Post-Monsoon
2022-11-06,22.695833333333336,35.19166666666667,15.270833333333334,4.708333333333333,0.3825,77.5,38.79166666666666,Good,41.1,2022,11,Post-Monsoon
2022-11-07,30.354166666666668,45.9375,25.825,6.7,0.465875,74.79166666666667,61.16666666666666,Moderate,40.3,2022,11,Post-Monsoon
2022-11-08,29.5875,44.675,23.67083333333333,5.7250000000000005,0.4520416666666667,66.0,64.45833333333333,Moderate,41.0,2022,11,Post-Monsoon
2022-11-09,34.80833333333333,51.62916666666666,24.73333333333333,6.116666666666667,0.4533333333333333,75.5,65.375,Moderate,45.7,2022,11,Post-Monsoon
2022-11-10,24.258333333333336,36.42083333333333,14.395833333333334,5.554166666666667,0.3726666666666667,83.54166666666667,65.5,Moderate,50.6,2022,11,Post-Monsoon
2022-11-11,33.079166666666666,49.65416666666667,15.495833333333332,7.354166666666667,0.417,81.04166666666667,55.75,Moderate,54.2,2022,11,Post-Monsoon
2022-11-12,14.333333333333334,20.8125,12.966666666666669,5.029166666666667,0.33,78.54166666666667,53.583333333333336,Moderate,57.8,2022,11,Post-Monsoon
2022-11-13,8.174999999999999,11.733333333333334,14.866666666666667,3.1625,0.3009583333333333,42.375,21.75,Good,55.4,2022,11,Post-Monsoon
2022-11-14,12.525,18.579166666666666,16.520833333333332,3.4333333333333336,0.3448333333333333,51.583333333333336,23.291666666666668,Good,50.0,2022,11,Post-Monsoon
2022-11-15,24.1875,36.1375,26.004166666666663,4.770833333333333,0.5156666666666666,63.04166666666666,39.16666666666666,Good,46.3,2022,11,Post-Monsoon
2022-11-16,38.25416666666667,55.76666666666667,28.79583333333333,6.558333333333334,0.5347916666666667,74.95833333333333,64.41666666666667,Moderate,46.2,2022,11,Post-Monsoon
2022-11-17,46.23333333333333,66.87916666666666,37.50416666666667,11.825,0.6172083333333334,75.20833333333333,74.83333333333333,Moderate,47.5,2022,11,Post-Monsoon
2022-11-18,42.00833333333333,60.77916666666667,40.24166666666667,10.470833333333331,0.6774583333333334,70.41666666666667,74.95833333333333,Moderate,50.3,2022,11,Post-Monsoon
2022-11-19,38.6375,55.6,20.53333333333333,16.1375,0.4536666666666666,76.94444444444444,71.625,Moderate,52.9,2022,11,Post-Monsoon
2022-11-20,42.9875,62.40416666666667,19.383333333333333,16.845833333333335,0.4505416666666667,83.47222222222223,72.29166666666667,Moderate,60.1,2022,11,Post-Monsoon
2022-11-21,41.19166666666667,59.25,17.4375,17.054166666666667,0.419375,90.0,76.33333333333333,Moderate,67.7,2022,11,Post-Monsoon
2022-11-22,22.541666666666668,32.7125,23.0125,7.429166666666667,0.4224166666666666,53.79166666666666,59.208333333333336,Moderate,70.5,2022,11,Post-Monsoon
2022-11-23,30.65833333333333,44.22083333333333,33.333333333333336,6.566666666666666,0.6081666666666666,35.75,63.29166666666666,Moderate,70.4,2022,11,Post-Monsoon
2022-11-24,24.925,35.975,23.15833333333333,6.141666666666667,0.4765416666666666,67.79166666666667,60.91666666666666,Moderate,68.4,2022,11,Post-Monsoon
2022-11-25,18.525,27.191666666666663,16.854166666666668,3.875,0.3585416666666667,64.58333333333333,44.375,Good,64.0,2022,11,Post-Monsoon
2022-11-26,20.829166666666666,31.02916666666667,20.9375,8.054166666666667,0.3755,50.625,40.0,Good,59.5,2022,11,Post-Monsoon
2022-11-27,28.4875,41.84166666666667,19.954166666666666,5.541666666666667,0.4192499999999999,69.79166666666667,53.875,Moderate,56.9,2022,11,Post-Monsoon
2022-11-28,41.35,59.99166666666667,25.879166666666663,5.925,0.521875,81.83333333333333,66.83333333333333,Moderate,55.5,2022,11,Post-Monsoon
2022-11-29,51.87916666666666,75.8625,21.92083333333333,8.4125,0.503375,85.0,79.04166666666667,Moderate,58.3,2022,11,Post-Monsoon
2022-11-30,36.275,54.5,24.45,8.454166666666667,0.4645833333333333,88.16666666666667,75.58333333333333,Moderate,60.1,2022,11,Post-Monsoon
2022-12-01,29.991666666666664,45.75,23.78333333333333,5.529166666666666,0.4791666666666667,66.33333333333333,67.45833333333333,Moderate,61.0,2022,12,Winter
2022-12-02,18.729166666666668,28.291666666666668,19.695833333333333,5.65,0.4007916666666666,57.29166666666666,52.083333333333336,Moderate,62.1,2022,12,Winter
2022-12-03,11.8375,17.416666666666668,15.683333333333332,3.733333333333333,0.29575,46.91666666666666,29.166666666666668,Good,60.6,2022,12,Winter
2022-12-04,19.041666666666668,29.8875,14.666666666666666,4.091666666666667,0.379875,73.70833333333333,34.041666666666664,Good,57.7,2022,12,Winter
2022-12-05,34.645833333333336,51.7625,19.991666666666667,6.691666666666666,0.4906666666666666,88.70833333333333,56.04166666666666,Moderate,56.2,2022,12,Winter
2022-12-06,38.87916666666667,58.1375,20.8875,5.8875,0.503625,78.875,69.5,Moderate,54.8,2022,12,Winter
2022-12-07,47.97083333333333,69.6875,29.15416666666667,11.2,0.5527916666666667,81.04166666666667,75.83333333333333,Moderate,54.9,2022,12,Winter
2022-12-08,40.57083333333333,58.575,18.79583333333333,12.5625,0.4008333333333333,89.58333333333333,75.08333333333333,Moderate,56.0,2022,12,Winter
2022-12-09,29.5375,42.8,13.658333333333331,12.4125,0.3530833333333333,79.10416666666666,69.0,Moderate,58.4,2022,12,Winter
2022-12-10,13.8875,19.85833333333333,15.833333333333334,7.270833333333333,0.380875,68.625,43.29166666666666,Good,60.4,2022,12,Winter
2022-12-11,16.1875,23.241666666666664,22.40833333333333,8.454166666666667,0.4789583333333334,56.25,27.95833333333333,Good,59.5,2022,12,Winter
2022-12-12,13.954166666666666,20.125,15.245833333333332,4.970833333333333,0.3724583333333333,75.79166666666667,33.708333333333336,Good,56.3,2022,12,Winter
2022-12-13,8.516666666666667,12.1875,10.3375,5.1000000000000005,0.2740833333333333,52.125,25.95833333333333,Good,50.1,2022,12,Winter
2022-12-14,0.7708333333333334,1.1125,11.906944444444445,0.7333333333333334,0.0590416666666666,27.0,11.708333333333334,Good,41.0,2022,12,Winter
2022-12-15,0.7000000000000001,0.9916666666666668,13.47638888888889,0.2875,0.0622916666666666,33.416666666666664,13.416666666666666,Good,32.1,2022,12,Winter
2022-12-16,16.275000000000002,23.9625,15.045833333333334,9.391666666666667,0.2848333333333333,52.54166666666666,22.95833333333333,Good,25.6,2022,12,Winter
2022-12-17,31.2,46.44166666666666,21.195833333333333,12.508333333333333,0.4295416666666666,77.125,55.625,Moderate,27.3,2022,12,Winter
2022-12-18,42.6875,62.95416666666667,18.370833333333334,8.658333333333333,0.44325,83.33333333333333,69.66666666666667,Moderate,33.3,2022,12,Winter
2022-12-19,29.65833333333333,45.44583333333333,17.670833333333334,6.941666666666666,0.3893333333333333,86.04166666666667,68.16666666666667,Moderate,38.2,2022,12,Winter
2022-12-20,27.40833333333333,41.60416666666666,19.829166666666666,5.629166666666666,0.422125,64.25,64.375,Moderate,43.7,2022,12,Winter
2022-12-21,23.98333333333333,36.00416666666667,22.47083333333333,6.291666666666667,0.399375,65.125,60.833333333333336,Moderate,50.7,2022,12,Winter
2022-12-22,31.3875,47.72083333333333,18.6125,10.420833333333333,0.4242916666666667,77.125,55.16666666666666,Moderate,56.7,2022,12,Winter
2022-12-23,40.49583333333333,61.50416666666666,13.5375,15.5375,0.4504166666666667,73.63888888888889,71.66666666666667,Moderate,63.6,2022,12,Winter
2022-12-24,40.82083333333333,62.30416666666667,13.4,17.2625,0.4367916666666667,70.15277777777779,70.625,Moderate,65.8,2022,12,Winter
2022-12-25,21.179166666666667,31.27083333333333,11.545833333333334,7.529166666666666,0.3715416666666666,66.66666666666667,68.08333333333333,Moderate,65.6,2022,12,Winter
2022-12-26,7.670833333333333,11.091666666666669,11.695833333333333,5.645833333333333,0.2874583333333333,52.208333333333336,24.875,Good,59.4,2022,12,Winter
2022-12-27,11.558333333333332,16.9375,16.929166666666667,5.266666666666667,0.3192916666666667,46.66666666666666,22.625,Good,53.4,2022,12,Winter
2022-12-28,15.15,22.4125,19.29583333333333,4.479166666666667,0.361125,47.833333333333336,28.125,Good,48.7,2022,12,Winter
2022-12-29,23.575,34.50833333333333,28.9875,6.1875,0.4935833333333333,54.25,44.458333333333336,Good,47.2,2022,12,Winter
2022-12-30,22.204166666666666,32.4125,30.8625,6.404166666666666,0.488875,59.41666666666666,52.083333333333336,Moderate,44.4,2022,12,Winter
2022-12-31,33.237500000000004,48.07916666666667,41.329166666666666,9.129166666666666,0.7406666666666667,59.708333333333336,55.375,Moderate,42.2,2022,12,Winter
2023-01-01,35.74583333333333,51.675,34.90833333333333,7.754166666666666,0.5417083333333333,73.125,69.95833333333333,Moderate,42.5,2023,1,Winter
2023-01-02,29.554166666666664,43.3,23.729166666666668,12.3375,0.423875,84.70833333333333,66.125,Moderate,48.4,2023,1,Winter
2023-01-03,28.354166666666668,42.96666666666667,23.7875,6.745833333333334,0.4154583333333333,75.83333333333333,63.29166666666666,Moderate,54.2,2023,1,Winter
2023-01-04,27.8625,42.86666666666667,16.591666666666665,6.633333333333333,0.3644583333333333,84.0,62.083333333333336,Moderate,59.1,2023,1,Winter
2023-01-05,26.745833333333334,41.96666666666667,14.454166666666666,6.683333333333334,0.3652083333333333,91.08333333333331,61.41666666666666,Moderate,61.5,2023,1,Winter
2023-01-06,32.18333333333333,48.85833333333333,14.779166666666669,4.391666666666667,0.4093333333333333,85.875,63.375,Moderate,63.1,2023,1,Winter
2023-01-07,32.8375,49.09583333333333,20.579166666666666,4.0,0.4541666666666666,75.95833333333333,66.125,Moderate,64.6,2023,1,Winter
2023-01-08,52.46666666666667,76.60000000000001,25.89583333333333,6.583333333333333,0.5975,87.20833333333333,72.16666666666667,Moderate,64.9,2023,1,Winter
2023-01-09,38.37083333333333,56.47916666666666,28.354166666666668,8.9625,0.576875,80.83333333333333,79.25,Moderate,66.8,2023,1,Winter
2023-01-10,30.85833333333333,47.05416666666667,18.566666666666663,9.4375,0.413125,83.29166666666667,67.375,Moderate,67.4,2023,1,Winter
2023-01-11,31.0125,46.275,19.08333333333333,12.416666666666666,0.4039583333333333,77.66666666666667,65.04166666666667,Moderate,67.8,2023,1,Winter
2023-01-12,30.558333333333334,45.25416666666666,19.54583333333333,14.125,0.4177916666666666,87.70833333333333,64.375,Moderate,68.2,2023,1,Winter
2023-01-13,33.42916666666667,49.5125,17.779166666666665,15.179166666666667,0.4195833333333333,90.52083333333331,64.79166666666667,Moderate,68.4,2023,1,Winter
2023-01-14,33.166666666666664,48.84583333333333,18.133333333333333,14.854166666666666,0.4072916666666666,93.33333333333331,66.45833333333333,Moderate,68.5,2023,1,Winter
2023-01-15,31.42083333333333,45.770833333333336,16.183333333333334,14.9,0.3658333333333333,82.58333333333333,66.20833333333333,Moderate,67.6,2023,1,Winter
2023-01-16,29.9875,43.63333333333333,13.341666666666669,14.55,0.332125,89.125,65.0,Moderate,65.6,2023,1,Winter
2023-01-17,25.4,37.520833333333336,11.554166666666667,13.891666666666666,0.3,85.16666666666667,62.25,Moderate,64.9,2023,1,Winter
2023-01-18,24.17083333333333,36.32083333333333,17.979166666666668,8.879166666666666,0.3324166666666666,83.125,55.333333333333336,Moderate,63.5,2023,1,Winter
2023-01-19,29.34583333333333,44.69583333333333,21.52916666666667,10.325,0.3919583333333333,85.0,61.41666666666666,Moderate,63.1,2023,1,Winter
2023-01-20,33.395833333333336,51.71666666666667,16.033333333333335,8.700000000000001,0.3541666666666667,86.625,63.708333333333336,Moderate,62.9,2023,1,Winter
2023-01-21,29.85,44.9875,15.279166666666669,6.1000000000000005,0.3647083333333333,84.875,67.75,Moderate,63.1,2023,1,Winter
2023-01-22,23.179166666666664,34.7,12.708333333333334,4.575,0.3194166666666667,89.66666666666667,56.708333333333336,Moderate,61.7,2023,1,Winter
2023-01-23,30.90833333333333,47.53333333333333,13.525,7.579166666666667,0.3932083333333333,81.75,61.29166666666666,Moderate,61.2,2023,1,Winter
2023-01-24,20.579166666666666,31.2625,13.395833333333334,6.995833333333334,0.2933333333333333,76.41666666666667,56.66666666666666,Moderate,60.4,2023,1,Winter
2023-01-25,21.491666666666664,33.291666666666664,14.908333333333331,8.633333333333333,0.3098333333333333,86.16666666666667,45.625,Good,59.0,2023,1,Winter
2023-01-26,29.704166666666666,45.5375,19.2,9.004166666666666,0.3782083333333333,86.58333333333333,57.54166666666666,Moderate,58.5,2023,1,Winter
2023-01-27,33.0375,50.41666666666666,13.058333333333332,9.904166666666669,0.3425416666666667,89.20833333333333,66.66666666666667,Moderate,58.9,2023,1,Winter
2023-01-28,27.183333333333334,40.00833333333333,10.904166666666669,8.945833333333333,0.2914583333333333,85.25,61.875,Moderate,58.1,2023,1,Winter
2023-01-29,27.3875,42.25416666666667,8.595833333333333,7.5,0.3140833333333333,84.10416666666666,63.29166666666666,Moderate,59.0,2023,1,Winter
2023-01-30,27.65,42.29166666666666,9.808333333333334,9.4375,0.3795,82.95833333333333,61.833333333333336,Moderate,59.1,2023,1,Winter
2023-01-31,23.6625,35.34583333333333,7.320833333333333,5.041666666666667,0.3427916666666666,87.83333333333333,56.875,Moderate,59.1,2023,1,Winter
2023-02-01,29.6625,44.95,10.6375,8.237499999999999,0.3525833333333333,86.88888888888889,60.29166666666666,Moderate,61.2,2023,2,Winter
2023-02-02,24.695833333333336,37.87083333333333,11.079166666666666,8.9125,0.3355833333333333,85.94444444444444,62.333333333333336,Moderate,61.9,2023,2,Winter
2023-02-03,23.679166666666664,37.4375,13.204166666666666,4.866666666666666,0.3385416666666667,85.0,58.083333333333336,Moderate,60.7,2023,2,Winter
2023-02-04,26.1125,39.6375,17.020833333333332,5.283333333333333,0.346125,82.58333333333333,55.625,Moderate,59.8,2023,2,Winter
2023-02-05,30.604166666666668,46.2375,19.84583333333333,10.429166666666667,0.400625,84.3125,64.625,Moderate,60.0,2023,2,Winter
2023-02-06,35.30416666666667,52.4875,30.370833333333334,14.85,0.6224583333333333,86.04166666666667,64.41666666666667,Moderate,60.3,2023,2,Winter
2023-02-07,40.2125,59.42916666666667,32.61666666666667,11.570833333333333,0.6312083333333334,85.94551282051283,68.20833333333333,Moderate,61.9,2023,2,Winter
2023-02-08,39.7875,58.52916666666667,23.25,10.45,0.4550416666666666,85.84935897435898,74.0,Moderate,63.9,2023,2,Winter
2023-02-09,34.625,51.083333333333336,16.995833333333334,11.795833333333334,0.3967916666666666,85.75320512820514,70.70833333333333,Moderate,65.1,2023,2,Winter
2023-02-10,28.4625,41.625,14.516666666666666,8.620833333333334,0.3459583333333333,85.65705128205128,65.125,Moderate,66.1,2023,2,Winter
2023-02-11,31.629166666666663,45.87083333333334,12.4,14.733333333333334,0.3414999999999999,85.56089743589745,63.91666666666666,Moderate,67.3,2023,2,Winter
2023-02-12,29.54583333333333,42.82083333333333,9.75,11.545833333333334,0.3059166666666666,85.46474358974359,65.66666666666667,Moderate,67.4,2023,2,Winter
2023-02-13,27.266666666666666,39.4125,7.829166666666667,13.7625,0.2912083333333333,85.36858974358975,63.375,Moderate,67.3,2023,2,Winter
2023-02-14,28.116666666666664,40.85,9.533333333333331,13.45,0.299,85.2724358974359,62.875,Moderate,66.5,2023,2,Winter
2023-02-15,27.67083333333333,40.00833333333333,8.9,11.570833333333333,0.3007916666666667,85.17628205128206,62.79166666666666,Moderate,64.9,2023,2,Winter
2023-02-16,29.183333333333334,42.833333333333336,7.545833333333333,14.254166666666668,0.3082916666666667,85.0801282051282,62.91666666666666,Moderate,63.8,2023,2,Winter
2023-02-17,27.53333333333333,40.93333333333333,8.529166666666667,10.275,0.2956249999999999,84.98397435897436,62.583333333333336,Moderate,63.4,2023,2,Winter
2023-02-18,29.404166666666665,43.85416666666666,9.458333333333334,9.375,0.2959583333333333,84.88782051282051,62.75,Moderate,63.3,2023,2,Winter
2023-02-19,19.95833333333333,29.616666666666664,8.545833333333333,9.733333333333333,0.2479166666666666,84.79166666666667,54.25,Moderate,61.6,2023,2,Winter
2023-02-20,23.191666666666663,34.016666666666666,13.2125,9.554166666666667,0.3020416666666666,85.02708333333334,49.54166666666666,Good,59.7,2023,2,Winter
2023-02-21,28.745833333333334,41.85,9.541666666666666,11.741666666666667,0.3162916666666667,85.2625,60.458333333333336,Moderate,59.3,2023,2,Winter
2023-02-22,32.354166666666664,47.05,7.520833333333333,11.633333333333333,0.31675,85.49791666666667,65.54166666666667,Moderate,59.7,2023,2,Winter
2023-02-23,29.15,42.454166666666666,7.816666666666666,10.0625,0.3037916666666667,85.73333333333333,66.16666666666667,Moderate,60.2,2023,2,Winter
2023-02-24,22.75,33.454166666666666,9.5375,9.208333333333334,0.275875,85.96875,59.0,Moderate,59.7,2023,2,Winter
2023-02-25,22.15,32.27916666666667,7.616666666666667,9.779166666666669,0.2530833333333333,86.20416666666667,52.29166666666666,Moderate,58.2,2023,2,Winter
2023-02-26,24.9875,36.21666666666667,6.179166666666667,12.616666666666667,0.2689166666666666,86.43958333333333,58.91666666666666,Moderate,58.8,2023,2,Winter
2023-02-27,22.633333333333336,33.12083333333333,8.104166666666666,10.716666666666669,0.2979166666666666,86.675,59.0,Moderate,60.2,2023,2,Winter
2023-02-28,27.5375,40.4375,6.25,10.470833333333331,0.367125,86.91041666666666,55.208333333333336,Moderate,59.4,2023,2,Winter
2023-03-01,27.4,41.079166666666666,5.620833333333334,8.158333333333333,0.3515,87.14583333333334,63.083333333333336,Moderate,59.1,2023,3,Summer
2023-03-02,21.120833333333334,31.429166666666664,6.029166666666666,9.4375,0.275125,87.38125000000001,58.708333333333336,Moderate,58.0,2023,3,Summer
2023-03-03,26.3,38.6125,6.95,12.304166666666667,0.2887083333333333,87.61666666666667,57.25,Moderate,57.8,2023,3,Summer
2023-03-04,23.441666666666663,34.40833333333333,6.3125,8.295833333333333,0.2614166666666667,87.85208333333334,57.16666666666666,Moderate,58.5,2023,3,Summer
2023-03-05,28.429166666666664,41.9875,8.616666666666667,11.970833333333331,0.2965833333333333,88.0875,60.91666666666666,Moderate,58.8,2023,3,Summer
2023-03-06,19.85,29.304166666666664,8.008333333333333,10.391666666666667,0.2537083333333333,88.32291666666667,55.91666666666666,Moderate,58.3,2023,3,Summer
2023-03-07,22.09166666666667,32.5875,9.2375,10.929166666666667,0.2665,88.55833333333334,43.54166666666666,Good,56.7,2023,3,Summer
2023-03-08,21.320833333333333,32.166666666666664,7.229166666666667,11.170833333333334,0.2725833333333333,88.79375,45.79166666666666,Good,54.2,2023,3,Summer
2023-03-09,30.70833333333333,45.083333333333336,8.125,12.4,0.3481666666666667,89.02916666666667,55.25,Moderate,53.7,2023,3,Summer
2023-03-10,32.25833333333333,47.46666666666667,8.295833333333333,12.379166666666668,0.3376666666666666,89.26458333333333,65.58333333333333,Moderate,54.9,2023,3,Summer
2023-03-11,34.5625,51.26666666666667,14.291666666666666,12.2,0.3474583333333333,89.5,68.0,Moderate,56.4,2023,3,Summer
2023-03-12,25.5125,38.25,13.6875,7.8125,0.3407083333333333,76.75,64.20833333333333,Moderate,56.9,2023,3,Summer
2023-03-13,34.90416666666667,51.458333333333336,9.65,8.362499999999999,0.40625,93.125,63.208333333333336,Moderate,57.9,2023,3,Summer
2023-03-14,36.329166666666666,53.51666666666667,8.866666666666667,11.616666666666667,0.4570416666666666,90.26041666666667,68.75,Moderate,61.5,2023,3,Summer
2023-03-15,35.71666666666667,52.833333333333336,7.958333333333333,9.833333333333334,0.4139583333333334,87.39583333333334,67.20833333333333,Moderate,64.6,2023,3,Summer
2023-03-16,47.54166666666666,70.7375,9.9125,17.5125,0.462,84.53125,74.41666666666667,Moderate,67.3,2023,3,Summer
2023-03-17,34.05833333333333,50.73333333333333,19.1375,8.933333333333334,0.4225833333333333,81.66666666666667,73.625,Moderate,68.5,2023,3,Summer
2023-03-18,23.45,35.22083333333333,15.070833333333333,6.5625,0.34425,81.33333333333333,59.208333333333336,Moderate,67.2,2023,3,Summer
2023-03-19,27.691666666666663,41.09583333333333,22.6875,5.6125,0.4435416666666666,77.20833333333333,61.208333333333336,Moderate,66.8,2023,3,Summer
2023-03-20,23.90416666666667,35.8375,25.15,5.329166666666667,0.4584999999999999,64.5,60.29166666666666,Moderate,66.4,2023,3,Summer
2023-03-21,23.008333333333336,34.479166666666664,30.27916666666667,6.4,0.5295833333333334,68.54166666666667,50.79166666666666,Very Poor,63.8,2023,3,Summer
2023-03-22,35.42916666666667,51.87083333333334,41.3875,10.183333333333334,0.7919999999999999,81.125,63.375,Moderate,63.3,2023,3,Summer
2023-03-23,32.295833333333334,47.57916666666667,36.7625,8.491666666666667,0.6609166666666667,79.54166666666667,68.79166666666667,Moderate,62.5,2023,3,Summer
2023-03-24,24.15833333333333,36.61666666666667,20.15833333333333,8.054166666666667,0.397375,84.77083333333334,62.66666666666666,Moderate,60.9,2023,3,Summer
2023-03-25,31.39583333333333,46.66666666666666,25.620833333333334,8.075000000000001,0.4473333333333333,90.0,61.125,Moderate,61.2,2023,3,Summer
2023-03-26,38.5875,57.0,21.26666666666667,8.704166666666667,0.4212499999999999,90.3125,69.16666666666667,Moderate,62.3,2023,3,Summer
2023-03-27,36.04166666666666,52.78333333333333,30.47083333333333,9.5875,0.6866249999999999,90.625,68.625,Moderate,63.5,2023,3,Summer
2023-03-28,40.454166666666666,58.6375,42.69166666666666,13.954166666666666,0.71625,90.9375,73.58333333333333,Moderate,66.8,2023,3,Summer
2023-03-29,35.291666666666664,51.43333333333334,28.725,12.58125,0.4807916666666667,91.25,67.66666666666667,Moderate,67.4,2023,3,Summer
2023-03-30,46.958333333333336,68.39583333333333,40.46666666666667,11.208333333333334,0.6677083333333332,89.41666666666667,73.75,Moderate,68.1,2023,3,Summer
2023-03-31,41.63333333333333,60.9875,30.570833333333336,9.85,0.6238750000000001,82.95833333333334,73.95833333333333,Moderate,69.7,2023,3,Summer
2023-04-01,35.041666666666664,50.97916666666666,41.99583333333333,12.004166666666668,0.6797916666666667,76.5,73.25,Moderate,71.4,2023,4,Summer
2023-04-02,27.058333333333334,39.55416666666667,30.6875,6.9375,0.4867916666666667,89.95833333333333,64.33333333333333,Moderate,70.7,2023,4,Summer
2023-04-03,23.741666666666664,34.729166666666664,17.425,8.0,0.3643333333333333,89.56666666666666,60.958333333333336,Moderate,69.6,2023,4,Summer
2023-04-04,35.15416666666667,51.49166666666667,20.254166666666663,10.6875,0.395875,89.175,63.5,Moderate,68.2,2023,4,Summer
2023-04-05,35.25833333333333,51.67083333333333,18.9875,11.1375,0.4025,88.78333333333333,69.375,Moderate,68.4,2023,4,Summer
2023-04-06,33.18333333333333,48.41666666666666,25.258333333333336,10.3875,0.4440833333333333,88.39166666666667,66.33333333333333,Moderate,67.4,2023,4,Summer
2023-04-07,25.84166666666667,38.075,17.358333333333334,15.654166666666669,0.3280416666666667,88.0,64.29166666666667,Moderate,66.0,2023,4,Summer
2023-04-08,21.916666666666668,33.050000000000004,15.8625,7.041666666666667,0.30475,85.45833333333333,57.79166666666666,Moderate,63.8,2023,4,Summer
2023-04-09,19.4875,29.254166666666663,14.2625,5.825,0.2895,85.0,46.75,Good,61.3,2023,4,Summer
2023-04-10,15.754166666666668,23.629166666666663,12.766666666666667,4.070833333333334,0.2525416666666666,65.70833333333333,35.625,Good,57.7,2023,4,Summer
2023-04-11,17.666666666666668,26.3,11.4,6.016666666666667,0.2631666666666666,82.41666666666667,40.958333333333336,Good,54.4,2023,4,Summer
2023-04-12,17.641666666666666,25.7875,8.729166666666666,6.7875000000000005,0.2361666666666666,83.37083333333334,44.833333333333336,Good,50.9,2023,4,Summer
2023-04-13,21.33333333333333,30.9625,9.7,9.104166666666666,0.2611666666666666,84.325,48.25,Good,48.4,2023,4,Summer
2023-04-14,25.95,37.69583333333333,10.675,11.73125,0.2850416666666667,85.27916666666667,56.54166666666666,Moderate,47.2,2023,4,Summer
2023-04-15,29.675,42.96666666666667,11.966666666666669,14.358333333333334,0.3250416666666667,86.23333333333333,62.458333333333336,Moderate,47.9,2023,4,Summer
2023-04-16,28.183333333333334,41.04583333333333,10.166666666666666,12.0375,0.289375,87.1875,64.75,Moderate,50.5,2023,4,Summer
2023-04-17,29.025,42.05416666666667,9.629166666666666,14.220833333333331,0.3094166666666667,88.14166666666665,63.91666666666666,Moderate,54.5,2023,4,Summer
2023-04-18,25.475,37.02916666666667,8.991666666666667,14.975,0.3029583333333333,89.09583333333332,62.583333333333336,Moderate,57.6,2023,4,Summer
2023-04-19,33.81666666666667,49.10833333333333,10.529166666666669,16.241666666666667,0.3666666666666667,90.04999999999998,63.083333333333336,Moderate,60.2,2023,4,Summer
2023-04-20,40.016666666666666,58.00416666666666,13.795833333333334,13.829166666666666,0.4390833333333333,91.00416666666665,69.33333333333333,Moderate,63.2,2023,4,Summer
2023-04-21,38.97083333333333,56.9625,34.24583333333333,11.366666666666667,0.6776666666666666,91.95833333333331,71.875,Moderate,65.4,2023,4,Summer
2023-04-22,44.4125,64.53750000000001,43.02916666666667,8.304166666666667,0.8125,89.56249999999999,71.875,Moderate,66.8,2023,4,Summer
2023-04-23,39.025,56.9625,20.354166666666668,8.341666666666667,0.517125,87.16666666666666,77.29166666666667,Moderate,68.6,2023,4,Summer
2023-04-24,31.5,45.99166666666667,7.491666666666667,9.708333333333334,0.345875,84.77083333333333,67.95833333333333,Moderate,69.1,2023,4,Summer
2023-04-25,27.1125,40.18333333333333,9.579166666666667,16.099999999999998,0.2715833333333333,82.375,62.04166666666666,Moderate,69.1,2023,4,Summer
2023-04-26,28.195833333333336,41.85833333333333,17.220833333333335,12.820833333333333,0.33025,76.08333333333333,62.66666666666666,Moderate,69.0,2023,4,Summer
2023-04-27,25.425,38.7,11.516666666666666,12.395833333333334,0.2927083333333333,85.54166666666667,60.79166666666666,Moderate,67.8,2023,4,Summer
2023-04-28,25.29583333333333,38.78333333333333,15.145833333333334,17.775000000000002,0.3083333333333333,74.95833333333333,61.583333333333336,Moderate,66.3,2023,4,Summer
2023-04-29,22.25,33.00833333333333,15.616666666666667,11.029166666666669,0.3252916666666666,71.58333333333333,49.375,Good,63.1,2023,4,Summer
2023-04-30,24.554166666666664,35.854166666666664,17.279166666666665,10.425,0.3479166666666666,69.83333333333333,58.0,Moderate,60.3,2023,4,Summer
2023-05-01,18.079166666666666,26.041666666666668,17.087500000000002,4.983333333333333,0.3248333333333333,71.16666666666667,43.625,Good,56.9,2023,5,Summer
2023-05-02,17.329166666666666,24.995833333333334,20.883333333333333,6.020833333333333,0.3444166666666666,63.833333333333336,38.083333333333336,Good,53.4,2023,5,Summer
2023-05-03,22.329166666666666,32.84583333333333,29.683333333333334,5.416666666666667,0.4604166666666667,67.41666666666667,45.75,Good,51.0,2023,5,Summer
2023-05-04,25.1,37.45,28.379166666666663,8.6875,0.4601249999999999,78.33333333333333,55.0,Moderate,50.2,2023,5,Summer
2023-05-05,23.041666666666668,34.85,24.40416666666667,5.991666666666667,0.3725,65.54166666666667,56.04166666666666,Moderate,49.4,2023,5,Summer
2023-05-06,29.2875,43.42916666666667,30.120833333333334,5.3500000000000005,0.4460416666666666,67.95833333333333,61.125,Moderate,51.1,2023,5,Summer
2023-05-07,18.825,27.6875,22.4125,3.4875000000000003,0.3299583333333333,61.125,49.708333333333336,Good,49.9,2023,5,Summer
2023-05-08,24.0875,35.0125,24.90833333333333,4.254166666666666,0.3837916666666667,65.125,50.29166666666666,Very Poor,50.9,2023,5,Summer
2023-05-09,20.625,29.754166666666663,24.425,4.3125,0.4132916666666666,60.625,52.125,Moderate,52.9,2023,5,Summer
2023-05-10,25.191666666666663,36.57083333333333,26.5,5.220833333333333,0.4032916666666666,75.75,50.29166666666666,Very Poor,53.5,2023,5,Summer
2023-05-11,39.62916666666667,57.4375,32.604166666666664,6.970833333333332,0.5295833333333334,82.20833333333333,67.125,Moderate,55.2,2023,5,Summer
2023-05-12,37.708333333333336,54.29583333333333,31.116666666666664,6.116666666666667,0.5434166666666667,80.30555555555556,69.83333333333333,Moderate,57.2,2023,5,Summer
2023-05-13,26.758333333333336,38.49166666666667,15.225,3.7,0.354875,78.40277777777777,66.70833333333333,Moderate,58.0,2023,5,Summer
2023-05-14,22.8375,33.2625,25.679166666666664,4.0125,0.4230833333333333,76.5,56.958333333333336,Moderate,59.0,2023,5,Summer
2023-05-15,27.5375,40.020833333333336,33.229166666666664,5.275,0.5812916666666667,72.75,56.54166666666666,Moderate,59.9,2023,5,Summer
2023-05-16,31.791666666666668,46.10416666666666,48.075,7.204166666666667,0.7340416666666667,67.875,64.5,Moderate,61.7,2023,5,Summer
2023-05-17,39.18333333333333,56.645833333333336,51.00416666666666,8.966666666666667,0.746375,81.91666666666667,70.08333333333333,Moderate,64.5,2023,5,Summer
2023-05-18,31.854166666666668,46.26666666666667,27.09583333333333,6.691666666666666,0.4696666666666667,84.86111111111111,67.25,Moderate,64.6,2023,5,Summer
2023-05-19,31.9875,46.59166666666667,22.70833333333333,6.175,0.3955833333333333,87.80555555555556,66.41666666666667,Moderate,64.1,2023,5,Summer
2023-05-20,32.75,48.8125,26.67083333333333,5.395833333333333,0.4227083333333333,90.75,64.04166666666667,Moderate,63.7,2023,5,Summer
2023-05-21,42.11666666666667,62.0125,26.491666666666664,5.783333333333334,0.4700833333333333,89.43055555555556,72.45833333333333,Moderate,65.9,2023,5,Summer
2023-05-22,38.13333333333333,55.79166666666666,23.054166666666664,5.0625,0.454375,88.11111111111111,71.75,Moderate,68.1,2023,5,Summer
2023-05-23,39.1,57.37916666666666,28.22083333333333,7.804166666666667,0.5202083333333333,86.79166666666666,70.66666666666667,Moderate,69.0,2023,5,Summer
2023-05-24,30.179166666666664,43.9625,19.23333333333333,7.266666666666667,0.4217916666666666,85.47222222222221,69.375,Moderate,68.9,2023,5,Summer
2023-05-25,20.82916666666667,30.3875,11.1125,5.508333333333333,0.3042499999999999,84.15277777777777,57.208333333333336,Moderate,67.4,2023,5,Summer
2023-05-26,19.53333333333333,28.6625,15.033333333333331,4.554166666666666,0.2901666666666667,82.83333333333333,47.79166666666666,Good,64.8,2023,5,Summer
2023-05-27,23.516666666666666,34.40833333333333,27.65833333333333,5.004166666666666,0.4536666666666666,67.25,44.79166666666666,Good,62.0,2023,5,Summer
2023-05-28,24.03333333333333,35.541666666666664,28.541666666666668,5.4750000000000005,0.4285833333333333,69.58333333333333,60.125,Moderate,60.2,2023,5,Summer
2023-05-29,30.35,45.19166666666666,25.6375,6.5125,0.4321666666666666,88.0,60.625,Moderate,58.7,2023,5,Summer
2023-05-30,38.25833333333333,56.5125,23.28333333333333,6.816666666666666,0.4560833333333333,89.75,68.45833333333333,Moderate,58.3,2023,5,Summer
2023-05-31,39.86666666666667,57.94166666666666,26.325,6.754166666666666,0.476,91.5,72.125,Moderate,58.7,2023,5,Summer
2023-06-01,30.23333333333333,44.19583333333333,18.554166666666667,4.695833333333334,0.3806666666666666,84.10416666666666,67.66666666666667,Moderate,60.2,2023,6,Southwest Monsoon
2023-06-02,25.1875,36.91666666666666,22.7875,4.470833333333333,0.39475,76.70833333333333,58.083333333333336,Moderate,61.7,2023,6,Southwest Monsoon
2023-06-03,30.2,44.8375,17.495833333333334,5.320833333333334,0.3330416666666667,90.20833333333331,63.833333333333336,Moderate,64.4,2023,6,Southwest Monsoon
2023-06-04,23.3375,34.69583333333333,21.754166666666663,4.495833333333334,0.3875833333333333,74.45833333333333,57.66666666666666,Moderate,64.1,2023,6,Southwest Monsoon
2023-06-05,24.191666666666663,36.62083333333333,15.866666666666667,3.795833333333333,0.2761666666666666,74.33333333333333,59.583333333333336,Moderate,63.9,2023,6,Southwest Monsoon
2023-06-06,16.966666666666665,27.104166666666668,15.3375,3.35,0.2459166666666666,63.708333333333336,40.875,Good,60.0,2023,6,Southwest Monsoon
2023-06-07,14.866666666666667,22.691666666666663,11.704166666666666,3.141666666666667,0.2140833333333333,63.958333333333336,35.833333333333336,Good,54.8,2023,6,Southwest Monsoon
2023-06-08,7.729166666666667,11.529166666666669,11.070833333333333,3.0083333333333333,0.1834583333333333,50.75,25.95833333333333,Good,48.8,2023,6,Southwest Monsoon
2023-06-09,9.3375,13.8375,10.695833333333333,3.220833333333333,0.1838333333333333,49.04166666666666,21.83333333333333,Good,43.7,2023,6,Southwest Monsoon
2023-06-10,6.2375,9.275,9.820833333333333,2.958333333333333,0.1669166666666666,44.29166666666666,20.5,Good,37.5,2023,6,Southwest Monsoon
2023-06-11,7.445833333333333,11.6125,9.754166666666666,2.770833333333333,0.166375,42.708333333333336,18.041666666666668,Good,31.8,2023,6,Southwest Monsoon
2023-06-12,8.975,14.55,11.2625,3.35,0.18125,44.083333333333336,20.83333333333333,Good,26.3,2023,6,Southwest Monsoon
2023-06-13,9.383333333333333,16.083333333333332,10.4,2.958333333333333,0.1776666666666666,49.583333333333336,22.625,Good,23.7,2023,6,Southwest Monsoon
2023-06-14,10.8625,18.8375,12.454166666666666,2.904166666666667,0.1924583333333333,47.25,23.33333333333333,Good,21.9,2023,6,Southwest Monsoon
2023-06-15,12.541666666666666,21.516666666666666,9.566666666666666,3.341666666666667,0.1745,50.708333333333336,25.916666666666668,Good,21.9,2023,6,Southwest Monsoon
2023-06-16,12.5625,22.058333333333334,8.108333333333333,4.329166666666667,0.166875,58.25,28.0,Good,22.8,2023,6,Southwest Monsoon
2023-06-17,14.654166666666669,26.804166666666664,8.166666666666666,4.425,0.1722083333333333,55.458333333333336,28.70833333333333,Good,23.9,2023,6,Southwest Monsoon
2023-06-18,12.033333333333331,21.216666666666665,8.691666666666666,4.141666666666667,0.1737083333333333,53.54166666666666,27.58333333333333,Good,25.3,2023,6,Southwest Monsoon
2023-06-19,15.425,26.1,13.1375,6.175,0.223,48.54166666666666,26.291666666666668,Good,26.1,2023,6,Southwest Monsoon
2023-06-20,17.150000000000002,26.28333333333333,19.379166666666663,7.495833333333334,0.2908333333333333,35.791666666666664,33.125,Good,27.6,2023,6,Southwest Monsoon
2023-06-21,21.245833333333334,34.825,15.0625,6.3125,0.263125,49.29166666666666,38.083333333333336,Good,29.7,2023,6,Southwest Monsoon
2023-06-22,16.745833333333334,27.879166666666663,14.004166666666668,5.208333333333333,0.245625,48.875,40.66666666666666,Good,31.8,2023,6,Southwest Monsoon
2023-06-23,12.883333333333333,20.47083333333333,13.216666666666669,4.329166666666667,0.2165,43.208333333333336,31.45833333333333,Good,32.3,2023,6,Southwest Monsoon
2023-06-24,7.0125,10.95,10.133333333333333,2.8625000000000003,0.1714999999999999,38.5,20.166666666666668,Good,31.1,2023,6,Southwest Monsoon
2023-06-25,10.479166666666666,17.570833333333333,12.8375,3.2416666666666667,0.1984583333333333,41.333333333333336,20.041666666666668,Good,30.0,2023,6,Southwest Monsoon
2023-06-26,8.920833333333333,14.775,11.879166666666668,3.075,0.188375,40.5,20.666666666666668,Good,29.2,2023,6,Southwest Monsoon
2023-06-27,8.679166666666667,14.291666666666666,10.554166666666667,3.8541666666666665,0.1964166666666666,44.583333333333336,20.70833333333333,Good,27.4,2023,6,Southwest Monsoon
2023-06-28,5.416666666666667,8.154166666666667,8.525,3.075,0.188,47.41666666666666,19.875,Good,24.8,2023,6,Southwest Monsoon
2023-06-29,5.625,8.379166666666666,9.004166666666666,3.579166666666667,0.1942916666666666,50.41666666666666,20.166666666666668,Good,21.9,2023,6,Southwest Monsoon
2023-06-30,6.383333333333333,11.866666666666667,9.525,3.5583333333333336,0.193375,47.625,19.08333333333333,Good,20.1,2023,6,Southwest Monsoon
2023-07-01,8.987499999999999,19.6375,10.954166666666666,3.5,0.2107916666666666,47.41666666666666,19.791666666666668,Good,20.0,2023,7,Southwest Monsoon
2023-07-02,7.5375,14.541666666666666,9.75,3.345833333333333,0.195375,41.083333333333336,20.916666666666668,Good,20.2,2023,7,Southwest Monsoon
2023-07-03,3.470833333333333,5.208333333333333,8.945833333333333,2.8875,0.1812083333333333,38.125,16.0,Good,19.5,2023,7,Southwest Monsoon
2023-07-04,3.0666666666666664,4.454166666666667,9.275,3.283333333333333,0.1880833333333333,41.583333333333336,16.583333333333332,Good,18.9,2023,7,Southwest Monsoon
2023-07-05,2.829166666666667,4.045833333333333,9.258333333333333,3.125,0.179125,41.625,16.666666666666668,Good,18.5,2023,7,Southwest Monsoon
2023-07-06,2.65,3.845833333333333,9.016666666666667,3.045833333333333,0.1764583333333333,38.458333333333336,15.416666666666666,Good,17.8,2023,7,Southwest Monsoon
2023-07-07,3.158333333333333,4.775,7.975,3.0541666666666667,0.1743749999999999,45.0,18.041666666666668,Good,17.6,2023,7,Southwest Monsoon
2023-07-08,3.8125,5.5625,11.325,3.9,0.2052083333333333,38.91666666666666,15.583333333333334,Good,17.0,2023,7,Southwest Monsoon
2023-07-09,6.570833333333333,10.8625,12.733333333333333,3.9916666666666663,0.2180833333333333,40.333333333333336,17.041666666666668,Good,16.5,2023,7,Southwest Monsoon
2023-07-10,9.404166666666669,17.083333333333332,14.658333333333331,4.5625,0.243,38.583333333333336,18.625,Good,16.9,2023,7,Southwest Monsoon
2023-07-11,10.35,19.495833333333334,14.05,4.175,0.232125,34.625,20.791666666666668,Good,17.5,2023,7,Southwest Monsoon
2023-07-12,10.5375,20.558333333333334,14.016666666666666,4.395833333333333,0.2436666666666666,39.583333333333336,21.666666666666668,Good,18.2,2023,7,Southwest Monsoon
2023-07-13,5.483333333333333,8.179166666666667,11.075,3.9791666666666665,0.2011666666666667,37.333333333333336,18.58333333333333,Good,18.6,2023,7,Southwest Monsoon
2023-07-14,4.4875,6.479166666666667,9.5875,3.5541666666666667,0.182,35.583333333333336,14.291666666666666,Good,18.1,2023,7,Southwest Monsoon
2023-07-15,6.4375,11.666666666666666,10.5875,3.4791666666666665,0.1899999999999999,35.0,14.541666666666666,Good,17.9,2023,7,Southwest Monsoon
2023-07-16,7.620833333333334,15.091666666666669,10.7625,3.5041666666666664,0.198625,35.083333333333336,16.833333333333332,Good,17.9,2023,7,Southwest Monsoon
2023-07-17,6.9625,14.295833333333334,8.549999999999999,3.0583333333333336,0.1821249999999999,40.208333333333336,17.708333333333332,Good,17.8,2023,7,Southwest Monsoon
2023-07-18,4.795833333333333,9.266666666666667,6.845833333333334,2.6416666666666666,0.1552916666666666,40.708333333333336,16.708333333333332,Good,17.2,2023,7,Southwest Monsoon
2023-07-19,4.175,8.258333333333333,6.158333333333334,2.279166666666667,0.1374166666666666,41.29166666666666,16.5,Good,16.5,2023,7,Southwest Monsoon
2023-07-20,4.420833333333333,9.4875,5.108333333333333,1.9875,0.1354583333333333,41.208333333333336,16.416666666666668,Good,16.1,2023,7,Southwest Monsoon
2023-07-21,4.654166666666667,10.204166666666667,5.495833333333334,2.0500000000000003,0.1425833333333333,41.29166666666666,16.416666666666668,Good,16.4,2023,7,Southwest Monsoon
2023-07-22,3.3083333333333336,5.654166666666666,6.616666666666667,2.408333333333333,0.14375,38.66666666666666,15.583333333333334,Good,16.6,2023,7,Southwest Monsoon
2023-07-23,2.654166666666667,3.9,8.154166666666667,2.7875,0.1658333333333333,35.041666666666664,14.041666666666666,Good,16.2,2023,7,Southwest Monsoon
2023-07-24,3.3625000000000003,5.275,8.108333333333333,2.6958333333333333,0.16475,37.25,14.875,Good,15.8,2023,7,Southwest Monsoon
2023-07-25,3.7,5.395833333333333,10.716666666666669,3.1916666666666664,0.1896666666666666,32.291666666666664,12.958333333333334,Good,15.3,2023,7,Southwest Monsoon
2023-07-26,3.1625,4.6000000000000005,9.408333333333331,2.904166666666667,0.1719166666666667,32.041666666666664,12.875,Good,14.7,2023,7,Southwest Monsoon
2023-07-27,4.258333333333334,7.2375,7.35,2.6333333333333333,0.1577916666666666,36.958333333333336,14.708333333333334,Good,14.5,2023,7,Southwest Monsoon
2023-07-28,4.633333333333334,8.174999999999999,7.183333333333334,2.670833333333333,0.1595,39.75,15.916666666666666,Good,14.4,2023,7,Southwest Monsoon
2023-07-29,6.65,12.945833333333333,7.508333333333333,2.8833333333333333,0.1655416666666666,39.91666666666666,16.208333333333332,Good,14.5,2023,7,Southwest Monsoon
2023-07-30,6.8375,12.579166666666666,9.495833333333334,3.279166666666667,0.1842916666666666,37.583333333333336,16.875,Good,14.9,2023,7,Southwest Monsoon
2023-07-31,7.483333333333333,17.070833333333333,8.229166666666666,2.858333333333333,0.1672916666666666,42.41666666666666,17.875,Good,15.3,2023,7,Southwest Monsoon
2023-08-01,5.629166666666666,11.95,7.0,2.504166666666667,0.1485,42.583333333333336,18.58333333333333,Good,16.1,2023,8,Southwest Monsoon
2023-08-02,8.229166666666666,17.283333333333335,7.270833333333333,2.6333333333333333,0.1639583333333333,44.66666666666666,18.125,Good,16.9,2023,8,Southwest Monsoon
2023-08-03,7.0625,14.2,7.524999999999999,2.716666666666667,0.1689583333333333,45.04166666666666,18.916666666666668,Good,17.5,2023,8,Southwest Monsoon
2023-08-04,7.058333333333334,11.808333333333332,9.129166666666666,3.1833333333333336,0.185125,39.458333333333336,17.25,Good,17.7,2023,8,Southwest Monsoon
2023-08-05,7.2375,12.916666666666666,9.891666666666667,3.270833333333333,0.1850833333333333,39.625,17.125,Good,17.8,2023,8,Southwest Monsoon
2023-08-06,8.65,16.583333333333332,10.416666666666666,3.5083333333333333,0.191875,43.25,19.25,Good,18.2,2023,8,Southwest Monsoon
2023-08-07,8.704166666666667,17.304166666666667,11.375,3.591666666666667,0.2047916666666666,42.5,20.70833333333333,Good,18.6,2023,8,Southwest Monsoon
2023-08-08,11.3,22.9125,14.941666666666668,4.383333333333334,0.2549166666666667,39.333333333333336,22.0,Good,19.1,2023,8,Southwest Monsoon
2023-08-09,13.258333333333333,27.175,16.416666666666668,5.1625000000000005,0.299125,41.083333333333336,25.666666666666668,Good,20.1,2023,8,Southwest Monsoon
2023-08-10,16.483333333333334,33.88333333333333,16.429166666666667,5.5375000000000005,0.296125,38.708333333333336,30.45833333333333,Good,21.8,2023,8,Southwest Monsoon
2023-08-11,22.45833333333333,45.2125,21.98333333333333,7.520833333333333,0.4249166666666666,35.875,41.708333333333336,Good,25.3,2023,8,Southwest Monsoon
2023-08-12,18.254166666666663,38.11666666666667,14.620833333333332,4.7125,0.2542083333333333,43.25,46.083333333333336,Good,29.4,2023,8,Southwest Monsoon
2023-08-13,14.2,33.13333333333333,13.2,4.45,0.2369166666666666,43.25,34.75,Good,31.6,2023,8,Southwest Monsoon
2023-08-14,16.954166666666666,40.25,15.404166666666669,4.929166666666666,0.285875,42.75,34.666666666666664,Good,33.6,2023,8,Southwest Monsoon
2023-08-15,17.391666666666666,40.1125,14.7125,4.925,0.291875,47.29166666666666,40.0,Good,36.2,2023,8,Southwest Monsoon
2023-08-16,15.854166666666666,37.7125,13.95,4.529166666666667,0.2655833333333333,48.958333333333336,40.25,Good,38.3,2023,8,Southwest Monsoon
2023-08-17,12.316666666666668,27.116666666666664,11.683333333333332,4.0125,0.2229166666666666,47.16666666666666,34.458333333333336,Good,38.8,2023,8,Southwest Monsoon
2023-08-18,8.25,17.816666666666666,8.654166666666667,3.270833333333333,0.1813333333333333,46.208333333333336,24.666666666666668,Good,36.4,2023,8,Southwest Monsoon
2023-08-19,6.0,10.429166666666667,8.5,3.1916666666666664,0.1812083333333333,37.583333333333336,17.416666666666668,Good,32.3,2023,8,Southwest Monsoon
2023-08-20,8.679166666666667,18.2125,10.8125,3.625,0.2102083333333333,39.375,17.291666666666668,Good,29.8,2023,8,Southwest Monsoon
2023-08-21,13.616666666666667,29.85,15.029166666666669,4.854166666666667,0.2934583333333333,40.583333333333336,25.166666666666668,Good,28.5,2023,8,Southwest Monsoon
2023-08-22,14.458333333333334,27.10833333333333,16.1375,6.066666666666666,0.280875,49.375,31.666666666666668,Good,27.3,2023,8,Southwest Monsoon
2023-08-23,14.779166666666669,31.96666666666667,15.9625,5.216666666666667,0.2885833333333333,47.208333333333336,32.125,Good,26.1,2023,8,Southwest Monsoon
2023-08-24,13.783333333333331,28.925,15.008333333333333,5.108333333333333,0.2929583333333333,47.0,31.375,Good,25.7,2023,8,Southwest Monsoon
2023-08-25,12.854166666666666,23.85,14.575,5.058333333333334,0.2795833333333333,49.0,29.375,Good,26.3,2023,8,Southwest Monsoon
2023-08-26,8.991666666666667,14.095833333333331,11.466666666666669,4.4125000000000005,0.225,39.833333333333336,23.95833333333333,Good,27.3,2023,8,Southwest Monsoon
2023-08-27,10.895833333333334,18.775,16.279166666666665,5.366666666666667,0.2781666666666667,35.666666666666664,21.541666666666668,Good,27.9,2023,8,Southwest Monsoon
2023-08-28,10.233333333333333,19.329166666666666,11.345833333333331,4.4125000000000005,0.2167916666666667,41.79166666666666,22.83333333333333,Good,27.6,2023,8,Southwest Monsoon
2023-08-29,8.887500000000001,17.683333333333334,10.508333333333333,4.241666666666666,0.1989166666666666,40.333333333333336,21.291666666666668,Good,26.1,2023,8,Southwest Monsoon
2023-08-30,12.025,22.08333333333333,15.254166666666668,5.279166666666667,0.2777916666666666,40.79166666666666,22.541666666666668,Good,24.7,2023,8,Southwest Monsoon
2023-08-31,14.429166666666667,22.975,17.4875,6.8500000000000005,0.32775,50.625,30.58333333333333,Good,24.6,2023,8,Southwest Monsoon
2023-09-01,12.991666666666667,19.97083333333333,19.891666666666666,6.733333333333333,0.33875,48.333333333333336,28.041666666666668,Good,24.4,2023,9,Southwest Monsoon
2023-09-02,9.8,15.083333333333334,12.6375,4.8875,0.239,47.958333333333336,24.791666666666668,Good,24.5,2023,9,Southwest Monsoon
2023-09-03,13.075,23.495833333333334,11.7625,4.308333333333334,0.2245833333333333,47.0,23.58333333333333,Good,24.8,2023,9,Southwest Monsoon
2023-09-04,14.75,24.245833333333334,11.7625,4.020833333333333,0.2204166666666666,36.875,27.95833333333333,Good,25.5,2023,9,Southwest Monsoon
2023-09-05,8.370833333333334,12.741666666666667,11.041666666666666,3.6,0.2270416666666666,37.375,25.0,Good,26.1,2023,9,Southwest Monsoon
2023-09-06,5.633333333333333,8.283333333333333,10.195833333333333,3.5500000000000003,0.212,40.29166666666666,17.083333333333332,Good,25.3,2023,9,Southwest Monsoon
2023-09-07,5.825,8.941666666666666,10.154166666666669,3.75,0.2125,40.54166666666666,16.291666666666668,Good,23.2,2023,9,Southwest Monsoon
2023-09-08,4.645833333333333,7.825,8.204166666666667,3.1833333333333336,0.1855833333333333,42.79166666666666,17.166666666666668,Good,21.7,2023,9,Southwest Monsoon
2023-09-09,5.091666666666667,8.258333333333333,8.5375,3.2375000000000003,0.1885833333333333,40.625,16.375,Good,20.5,2023,9,Southwest Monsoon
2023-09-10,6.633333333333333,12.429166666666667,9.791666666666666,3.341666666666667,0.2078333333333333,43.583333333333336,17.541666666666668,Good,19.6,2023,9,Southwest Monsoon
2023-09-11,7.029166666666666,11.816666666666668,9.970833333333331,3.3125,0.2122916666666666,40.16666666666666,16.875,Good,18.0,2023,9,Southwest Monsoon
2023-09-12,6.0125,9.825,10.733333333333334,3.395833333333333,0.2177083333333333,38.75,16.75,Good,16.9,2023,9,Southwest Monsoon
2023-09-13,7.845833333333334,13.225,10.504166666666666,3.7416666666666663,0.21175,42.04166666666666,17.625,Good,16.9,2023,9,Southwest Monsoon
2023-09-14,6.2875000000000005,10.479166666666666,9.895833333333334,3.5875,0.2055833333333333,36.91666666666666,16.958333333333332,Good,17.0,2023,9,Southwest Monsoon
2023-09-15,4.2625,6.541666666666667,7.8,3.1958333333333333,0.186875,36.708333333333336,14.916666666666666,Good,16.7,2023,9,Southwest Monsoon
2023-09-16,4.316666666666666,6.3875,8.891666666666667,3.4333333333333336,0.1924583333333333,34.375,13.791666666666666,Good,16.4,2023,9,Southwest Monsoon
2023-09-17,6.341666666666666,9.958333333333334,12.654166666666669,4.2125,0.2365416666666666,33.458333333333336,15.0,Good,16.0,2023,9,Southwest Monsoon
2023-09-18,7.6125,12.175,11.870833333333332,4.3,0.2368333333333333,37.41666666666666,17.0,Good,16.0,2023,9,Southwest Monsoon
2023-09-19,9.25,16.287499999999998,14.666666666666666,4.483333333333333,0.2682916666666666,39.458333333333336,20.20833333333333,Good,16.5,2023,9,Southwest Monsoon
2023-09-20,9.666666666666666,16.704166666666666,15.808333333333332,5.025,0.2881666666666667,39.375,22.0,Good,17.1,2023,9,Southwest Monsoon
2023-09-21,11.604166666666666,19.04583333333333,17.833333333333332,5.904166666666666,0.35575,38.333333333333336,22.541666666666668,Good,17.9,2023,9,Southwest Monsoon
2023-09-22,12.9625,24.141666666666666,18.041666666666668,5.575,0.3102499999999999,45.79166666666666,27.20833333333333,Good,19.7,2023,9,Southwest Monsoon
2023-09-23,10.245833333333334,19.15833333333333,12.225,4.5625,0.2388333333333333,48.04166666666666,25.625,Good,21.4,2023,9,Southwest Monsoon
2023-09-24,8.154166666666667,13.854166666666666,11.504166666666668,4.033333333333333,0.2216666666666666,43.41666666666666,21.20833333333333,Good,22.3,2023,9,Southwest Monsoon
2023-09-25,11.029166666666669,21.195833333333333,13.441666666666668,4.25,0.2527083333333333,41.333333333333336,21.0,Good,22.8,2023,9,Southwest Monsoon
2023-09-26,10.579166666666667,18.504166666666663,11.004166666666668,4.125,0.230875,46.458333333333336,23.75,Good,23.3,2023,9,Southwest Monsoon
2023-09-27,7.6125,12.258333333333333,9.325,3.4125,0.2086666666666666,41.625,20.45833333333333,Good,23.1,2023,9,Southwest Monsoon
2023-09-28,5.683333333333334,9.05,9.145833333333334,3.4625,0.1981666666666666,35.625,16.291666666666668,Good,22.2,2023,9,Southwest Monsoon
2023-09-29,4.45,7.108333333333333,6.8375,3.204166666666667,0.168125,38.958333333333336,15.666666666666666,Good,20.6,2023,9,Southwest Monsoon
2023-09-30,3.1791666666666667,4.629166666666666,6.8625,3.4291666666666667,0.1765416666666666,39.958333333333336,15.958333333333334,Good,19.2,2023,9,Southwest Monsoon
2023-10-01,3.4125,5.029166666666667,6.316666666666666,2.891666666666667,0.170125,47.41666666666666,19.08333333333333,Good,18.9,2023,10,Post-Monsoon
2023-10-02,13.883333333333333,21.004166666666663,12.3875,4.091666666666667,0.2673333333333333,67.66666666666667,29.0,Good,20.0,2023,10,Post-Monsoon
2023-10-03,24.5125,37.175,15.683333333333332,4.558333333333334,0.3249583333333333,72.33333333333333,45.333333333333336,Good,23.1,2023,10,Post-Monsoon
2023-10-04,30.183333333333334,46.94166666666666,20.241666666666667,6.7625,0.391875,72.375,60.958333333333336,Moderate,28.9,2023,10,Post-Monsoon
2023-10-05,36.75,56.8625,19.9125,8.487499999999999,0.4309583333333333,84.91666666666667,68.5,Moderate,36.4,2023,10,Post-Monsoon
2023-10-06,40.05,63.82916666666667,16.9375,9.229166666666666,0.4015416666666667,83.625,69.875,Moderate,44.1,2023,10,Post-Monsoon
2023-10-07,36.6125,56.45,22.5125,10.045833333333333,0.4921666666666666,82.33333333333334,70.95833333333333,Moderate,52.0,2023,10,Post-Monsoon
2023-10-08,39.525,60.25833333333333,19.45833333333333,9.8875,0.4359583333333334,81.04166666666667,69.83333333333333,Moderate,59.2,2023,10,Post-Monsoon
2023-10-09,33.0,48.0375,23.291666666666668,9.225,0.4852916666666667,79.75,69.16666666666667,Moderate,64.9,2023,10,Post-Monsoon
2023-10-10,39.19166666666667,58.07083333333333,30.366666666666664,11.908333333333331,0.5935833333333334,76.91666666666667,68.75,Moderate,68.3,2023,10,Post-Monsoon
2023-10-11,37.3,55.833333333333336,27.4625,9.929166666666667,0.5445833333333333,81.25,70.625,Moderate,69.7,2023,10,Post-Monsoon
2023-10-12,35.09583333333334,55.1,25.558333333333334,10.45,0.5228333333333334,77.16666666666667,69.29166666666667,Moderate,69.8,2023,10,Post-Monsoon
2023-10-13,29.554166666666664,49.31666666666666,23.83333333333333,9.779166666666669,0.4485416666666666,76.33333333333333,66.79166666666667,Moderate,69.3,2023,10,Post-Monsoon
2023-10-14,28.3875,45.225,19.4125,8.1,0.405875,76.0,63.208333333333336,Moderate,68.2,2023,10,Post-Monsoon
2023-10-15,28.629166666666663,43.8375,20.416666666666668,8.445833333333333,0.4162083333333333,68.16666666666667,62.75,Moderate,67.2,2023,10,Post-Monsoon
2023-10-16,26.4875,41.42916666666667,19.6,6.654166666666666,0.3909583333333333,62.41666666666666,60.79166666666666,Moderate,66.0,2023,10,Post-Monsoon
2023-10-17,27.35,42.78333333333333,18.954166666666666,8.458333333333334,0.3936249999999999,73.375,61.75,Moderate,65.0,2023,10,Post-Monsoon
2023-10-18,32.50833333333333,54.31666666666666,17.016666666666666,8.875,0.4102083333333333,86.04166666666667,63.54166666666666,Moderate,64.0,2023,10,Post-Monsoon
2023-10-19,40.98333333333333,67.89583333333333,18.9625,8.862499999999999,0.4592083333333334,86.125,70.33333333333333,Moderate,64.2,2023,10,Post-Monsoon
2023-10-20,46.32916666666667,76.40416666666667,17.020833333333332,8.233333333333333,0.4585416666666666,87.95833333333333,75.33333333333333,Moderate,65.4,2023,10,Post-Monsoon
2023-10-21,35.18333333333333,55.2,16.412499999999998,7.079166666666667,0.4315416666666666,83.125,72.45833333333333,Moderate,66.7,2023,10,Post-Monsoon
2023-10-22,39.60833333333333,61.6375,30.27916666666667,11.095833333333331,0.6734999999999999,80.95833333333333,67.04166666666667,Moderate,67.3,2023,10,Post-Monsoon
2023-10-23,41.82083333333333,68.07916666666667,37.766666666666666,14.404166666666669,0.7545000000000001,76.91666666666667,74.375,Moderate,69.3,2023,10,Post-Monsoon
2023-10-24,33.583333333333336,54.05416666666667,38.579166666666666,14.445833333333333,0.797,77.91666666666667,68.45833333333333,Moderate,70.2,2023,10,Post-Monsoon
2023-10-25,36.38333333333333,57.54583333333333,38.7375,16.416666666666668,0.7004166666666666,86.625,69.91666666666667,Moderate,71.1,2023,10,Post-Monsoon
2023-10-26,36.74583333333333,57.94583333333333,34.90416666666667,14.766666666666666,0.6682083333333333,87.75,68.95833333333333,Moderate,70.9,2023,10,Post-Monsoon
2023-10-27,32.670833333333334,51.833333333333336,19.229166666666668,10.804166666666667,0.457625,85.29166666666666,68.79166666666667,Moderate,70.0,2023,10,Post-Monsoon
2023-10-28,20.808333333333334,31.525,12.716666666666669,5.520833333333333,0.3531666666666666,82.83333333333333,57.0,Moderate,67.8,2023,10,Post-Monsoon
2023-10-29,15.2375,23.245833333333334,12.079166666666666,6.270833333333333,0.3211666666666666,69.79166666666667,37.125,Good,63.5,2023,10,Post-Monsoon
2023-10-30,16.354166666666668,24.679166666666664,14.6125,6.183333333333334,0.3727916666666667,67.75,33.791666666666664,Good,57.7,2023,10,Post-Monsoon
2023-10-31,22.28333333333333,34.675000000000004,13.3,5.983333333333333,0.384125,89.20833333333333,42.79166666666666,Good,54.1,2023,10,Post-Monsoon
2023-11-01,21.78333333333333,33.6875,14.791666666666666,5.5875,0.37,76.375,53.208333333333336,Moderate,51.7,2023,11,Post-Monsoon
2023-11-02,9.954166666666667,14.654166666666669,15.7375,5.341666666666666,0.333375,48.125,34.833333333333336,Good,46.8,2023,11,Post-Monsoon
2023-11-03,7.320833333333333,10.641666666666667,14.941666666666668,5.508333333333333,0.3051666666666666,43.083333333333336,20.25,Good,39.9,2023,11,Post-Monsoon
2023-11-04,7.745833333333334,11.229166666666666,15.625,6.5875,0.2820833333333333,34.75,17.333333333333332,Good,34.2,2023,11,Post-Monsoon
2023-11-05,8.766666666666667,12.679166666666667,19.23333333333333,7.962499999999999,0.3262083333333334,36.0,17.875,Good,31.4,2023,11,Post-Monsoon
2023-11-06,15.158333333333331,22.10833333333333,20.008333333333333,8.7375,0.3890833333333334,52.54166666666666,28.125,Good,30.6,2023,11,Post-Monsoon
2023-11-07,17.170833333333334,24.820833333333336,26.1,10.775,0.4828333333333333,42.583333333333336,35.875,Good,29.6,2023,11,Post-Monsoon
2023-11-08,7.833333333333333,11.441666666666668,14.208333333333334,5.9625,0.2925416666666666,45.0,26.291666666666668,Good,25.8,2023,11,Post-Monsoon
2023-11-09,11.925,17.483333333333334,18.3625,6.366666666666667,0.3629166666666667,41.458333333333336,21.291666666666668,Good,23.9,2023,11,Post-Monsoon
2023-11-10,19.116666666666667,29.5375,16.095833333333335,5.204166666666667,0.3640833333333333,59.583333333333336,29.666666666666668,Good,25.2,2023,11,Post-Monsoon
2023-11-11,29.6,46.99166666666667,14.9,7.524999999999999,0.4154166666666667,81.16666666666667,59.66666666666666,Moderate,31.3,2023,11,Post-Monsoon
2023-11-12,37.04583333333333,59.45,16.0625,7.620833333333334,0.4789583333333334,80.45833333333333,66.125,Moderate,38.1,2023,11,Post-Monsoon
2023-11-13,45.84166666666667,76.075,16.341666666666665,8.75,0.5132916666666666,85.70833333333333,73.125,Moderate,44.6,2023,11,Post-Monsoon
2023-11-14,35.95,56.38333333333333,15.2875,6.216666666666666,0.4408749999999999,72.625,74.875,Moderate,50.1,2023,11,Post-Monsoon
2023-11-15,39.28333333333333,63.53333333333333,15.820833333333333,8.15,0.4931666666666667,90.91666666666669,67.20833333333333,Moderate,56.0,2023,11,Post-Monsoon
2023-11-16,41.67916666666667,65.65833333333333,21.541666666666668,8.775,0.5350833333333334,72.5,74.41666666666667,Moderate,63.6,2023,11,Post-Monsoon
2023-11-17,29.304166666666664,45.32083333333333,14.545833333333334,7.904166666666666,0.4058333333333333,74.29166666666667,69.0,Moderate,69.2,2023,11,Post-Monsoon
2023-11-18,15.5375,23.391666666666666,12.366666666666667,5.3625,0.3228749999999999,76.625,47.54166666666666,Good,67.5,2023,11,Post-Monsoon
2023-11-19,13.041666666666666,19.554166666666667,15.566666666666668,6.325,0.3372083333333333,67.79166666666667,32.666666666666664,Good,62.7,2023,11,Post-Monsoon
2023-11-20,14.070833333333333,21.53333333333333,13.416666666666666,6.354166666666667,0.3084166666666667,63.375,29.875,Good,56.5,2023,11,Post-Monsoon
2023-11-21,16.045833333333334,23.45833333333333,19.3,8.433333333333334,0.375375,53.91666666666666,31.125,Good,50.3,2023,11,Post-Monsoon
2023-11-22,8.525,12.2375,17.620833333333334,7.816666666666666,0.3361666666666666,38.625,25.541666666666668,Good,44.3,2023,11,Post-Monsoon
2023-11-23,8.883333333333333,12.916666666666666,16.912499999999998,7.541666666666667,0.3362916666666666,43.16666666666666,19.541666666666668,Good,36.5,2023,11,Post-Monsoon
2023-11-24,11.766666666666666,17.650000000000002,12.695833333333333,7.020833333333333,0.3109583333333333,53.708333333333336,24.83333333333333,Good,30.2,2023,11,Post-Monsoon
2023-11-25,7.3875,10.995833333333332,11.35,5.179166666666666,0.2880416666666667,52.458333333333336,22.75,Good,26.6,2023,11,Post-Monsoon
2023-11-26,15.233333333333334,23.679166666666664,9.779166666666669,4.370833333333334,0.31275,69.41666666666667,28.75,Good,26.1,2023,11,Post-Monsoon
2023-11-27,10.204166666666667,15.804166666666667,11.454166666666666,5.020833333333333,0.2959166666666666,63.458333333333336,27.95833333333333,Good,25.8,2023,11,Post-Monsoon
2023-11-28,11.808333333333332,18.1125,11.641666666666666,5.425,0.2985416666666666,61.708333333333336,26.416666666666668,Good,25.1,2023,11,Post-Monsoon
2023-11-29,8.0375,11.920833333333334,11.2,5.308333333333334,0.2739583333333333,57.625,23.75,Good,24.9,2023,11,Post-Monsoon
2023-11-30,6.791666666666667,10.008333333333333,12.179166666666667,6.175,0.2964166666666666,52.125,20.95833333333333,Good,25.1,2023,11,Post-Monsoon
2023-12-01,7.166666666666667,10.470833333333331,12.508333333333333,5.170833333333333,0.2931666666666666,48.583333333333336,19.791666666666668,Good,24.3,2023,12,Winter
2023-12-02,15.716666666666669,24.120833333333334,11.458333333333334,6.2375,0.332,75.66666666666667,32.75,Good,25.8,2023,12,Winter
2023-12-03,5.4125000000000005,7.904166666666666,10.295833333333333,6.570833333333333,0.280875,60.208333333333336,26.625,Good,25.5,2023,12,Winter
2023-12-04,9.904166666666669,14.954166666666666,12.920833333333334,6.55,0.30975,50.208333333333336,21.166666666666668,Good,24.5,2023,12,Winter
2023-12-05,17.375,25.429166666666664,24.691666666666663,13.233333333333334,0.5390833333333334,42.41666666666666,25.25,Good,24.3,2023,12,Winter
2023-12-06,33.2375,47.95416666666667,47.82083333333333,12.647916666666667,0.9235,51.958333333333336,57.16666666666666,Moderate,29.1,2023,12,Winter
2023-12-07,35.458333333333336,51.875,24.179166666666664,12.0625,0.5383749999999999,88.70833333333333,68.16666666666667,Moderate,35.8,2023,12,Winter
2023-12-08,23.683333333333334,34.71666666666667,12.1,6.204166666666667,0.35325,81.75,65.125,Moderate,42.3,2023,12,Winter
2023-12-09,15.570833333333333,23.041666666666668,11.8125,5.729166666666667,0.326,70.625,38.29166666666666,Good,43.1,2023,12,Winter
2023-12-10,25.225,37.2375,11.366666666666667,6.116666666666667,0.3371666666666666,79.125,47.625,Good,46.1,2023,12,Winter
2023-12-11,22.766666666666666,33.87083333333333,12.975,6.141666666666667,0.3665416666666667,79.33333333333333,53.125,Moderate,50.7,2023,12,Winter
2023-12-12,26.354166666666668,39.06666666666667,15.05,5.95,0.402375,84.25,56.79166666666666,Moderate,55.2,2023,12,Winter
2023-12-13,26.1,43.26666666666667,11.341666666666669,6.6625000000000005,0.3588333333333333,91.125,62.25,Moderate,55.9,2023,12,Winter
2023-12-14,20.216666666666665,39.4125,11.3375,5.045833333333333,0.357625,86.45833333333333,51.5,Moderate,53.5,2023,12,Winter
2023-12-15,21.758333333333336,33.395833333333336,11.429166666666667,5.2875000000000005,0.3670416666666666,78.375,45.75,Good,50.8,2023,12,Winter
2023-12-16,11.216666666666669,16.900000000000002,10.25,6.291666666666667,0.369,81.0,35.583333333333336,Good,50.4,2023,12,Winter
2023-12-17,14.4875,22.28333333333333,9.05,4.616666666666666,0.30875,75.75,30.25,Good,47.9,2023,12,Winter
2023-12-18,24.516666666666666,37.7625,7.325,3.9916666666666663,0.3186666666666666,87.16666666666667,39.625,Good,46.0,2023,12,Winter
2023-12-19,35.425000000000004,54.29166666666666,9.8,5.358333333333333,0.3695416666666666,88.27083333333334,64.66666666666667,Moderate,47.1,2023,12,Winter
2023-12-20,31.695833333333336,49.625,10.754166666666668,4.629166666666666,0.3582083333333333,89.375,67.66666666666667,Moderate,47.9,2023,12,Winter
2023-12-21,31.275,48.0875,14.6375,5.383333333333333,0.41875,75.875,65.58333333333333,Moderate,49.9,2023,12,Winter
2023-12-22,38.5125,58.57083333333333,21.183333333333334,7.325,0.4940833333333334,71.54166666666667,66.04166666666667,Moderate,52.8,2023,12,Winter
2023-12-23,43.32083333333333,66.41666666666667,18.404166666666665,8.358333333333333,0.4778333333333333,77.08333333333333,74.25,Moderate,58.3,2023,12,Winter
2023-12-24,27.15416666666667,42.06666666666667,11.6875,6.612500000000001,0.37525,81.66666666666667,69.16666666666667,Moderate,63.9,2023,12,Winter
2023-12-25,17.1875,26.59583333333333,11.270833333333334,4.625,0.3177083333333333,69.875,44.0,Good,64.5,2023,12,Winter
2023-12-26,18.558333333333334,28.3125,13.029166666666669,5.2875000000000005,0.3295,72.33333333333333,37.41666666666666,Good,60.6,2023,12,Winter
2023-12-27,16.983333333333334,26.058333333333334,12.3,5.229166666666667,0.3104166666666667,68.125,36.083333333333336,Good,56.1,2023,12,Winter
2023-12-28,16.650000000000002,25.90416666666667,11.341666666666669,4.479166666666667,0.3290833333333333,71.45833333333333,34.708333333333336,Good,51.7,2023,12,Winter
2023-12-29,15.020833333333334,23.566666666666663,11.45,4.925,0.3096666666666667,63.25,31.875,Good,46.8,2023,12,Winter
2023-12-30,15.5125,24.04583333333333,11.841666666666669,4.7625,0.3244583333333333,64.79166666666667,31.875,Good,40.7,2023,12,Winter
2023-12-31,22.77083333333333,34.85,12.833333333333334,5.583333333333333,0.3579166666666666,73.54166666666667,41.375,Good,36.8,2023,12,Winter
2024-01-01,28.804166666666664,43.90416666666667,12.9625,6.591666666666666,0.380625,81.33333333333333,58.833333333333336,Moderate,38.9,2024,1,Winter
2024-01-02,34.02916666666667,52.82916666666667,13.375,7.308333333333334,0.4075416666666667,81.25,65.66666666666667,Moderate,42.9,2024,1,Winter
2024-01-03,36.03333333333333,56.70416666666667,15.145833333333334,6.75,0.4394583333333333,78.95833333333333,67.70833333333333,Moderate,47.4,2024,1,Winter
2024-01-04,24.166666666666668,36.95,17.020833333333332,8.104166666666666,0.4057916666666667,67.08333333333333,64.625,Moderate,51.7,2024,1,Winter
2024-01-05,15.341666666666669,22.679166666666664,15.895833333333334,7.054166666666667,0.3904166666666666,64.58333333333333,36.54166666666666,Good,52.4,2024,1,Winter
2024-01-06,18.629166666666663,28.54583333333333,12.816666666666668,5.525,0.3449166666666667,71.20833333333333,39.083333333333336,Good,53.4,2024,1,Winter
2024-01-07,12.9,19.883333333333333,9.795833333333333,4.358333333333333,0.2643333333333333,68.875,31.125,Good,51.9,2024,1,Winter
2024-01-08,7.6625,11.208333333333334,14.3,5.458333333333333,0.3150833333333333,52.79166666666666,24.041666666666668,Good,47.0,2024,1,Winter
2024-01-09,18.116666666666667,28.0625,8.775,5.129166666666666,0.33125,74.875,30.166666666666668,Good,41.9,2024,1,Winter
2024-01-10,23.941666666666663,36.54166666666666,11.841666666666669,6.05,0.367625,78.79166666666667,47.0,Good,38.9,2024,1,Winter
2024-01-11,24.10833333333333,36.6375,13.1375,7.716666666666666,0.3827083333333334,82.20833333333333,57.5,Moderate,37.9,2024,1,Winter
2024-01-12,27.05,41.13333333333333,12.0625,6.825,0.3847083333333334,86.0,56.04166666666666,Moderate,40.7,2024,1,Winter
2024-01-13,39.94583333333333,60.35416666666666,20.008333333333333,7.258333333333333,0.539,77.375,67.45833333333333,Moderate,44.8,2024,1,Winter
2024-01-14,47.0125,70.49583333333334,22.141666666666666,9.045833333333333,0.5994166666666666,84.91666666666667,74.5,Moderate,51.0,2024,1,Winter
2024-01-15,47.37916666666666,70.98333333333333,25.620833333333334,12.308333333333332,0.627875,87.79166666666667,78.66666666666667,Moderate,58.8,2024,1,Winter
2024-01-16,43.8125,65.62083333333334,24.04583333333333,10.75,0.5789166666666666,87.97222222222223,74.66666666666667,Moderate,65.1,2024,1,Winter
2024-01-17,37.79166666666666,56.88333333333333,23.454166666666666,8.879166666666666,0.5230416666666666,88.15277777777777,73.20833333333333,Moderate,68.9,2024,1,Winter
2024-01-18,28.84166666666667,42.5875,22.741666666666664,10.6125,0.473375,88.33333333333333,66.375,Moderate,70.1,2024,1,Winter
2024-01-19,24.54583333333333,36.59583333333333,14.379166666666668,9.008333333333333,0.3759166666666667,89.20833333333333,61.41666666666666,Moderate,70.9,2024,1,Winter
2024-01-20,30.1875,45.07916666666667,18.941666666666663,8.504166666666666,0.4301666666666666,83.5,62.04166666666666,Moderate,70.1,2024,1,Winter
2024-01-21,24.691666666666663,37.30416666666667,16.979166666666668,8.345833333333333,0.3979166666666667,87.33333333333333,62.333333333333336,Moderate,68.4,2024,1,Winter
2024-01-22,22.4625,33.78333333333333,18.679166666666667,6.5375000000000005,0.4115416666666667,86.08333333333333,54.91666666666666,Moderate,65.0,2024,1,Winter
2024-01-23,23.55,35.4375,22.02083333333333,6.75,0.467125,83.45833333333333,52.458333333333336,Moderate,61.8,2024,1,Winter
2024-01-24,32.329166666666666,48.40833333333333,23.65416666666667,12.479166666666666,0.5449166666666666,91.33333333333331,61.25,Moderate,60.1,2024,1,Winter
2024-01-25,25.725,39.2375,13.891666666666666,12.0625,0.3629583333333333,86.25,65.83333333333333,Moderate,60.0,2024,1,Winter
2024-01-26,19.954166666666666,30.3125,12.891666666666666,5.008333333333334,0.3471666666666667,81.16666666666667,50.41666666666666,Very Poor,58.5,2024,1,Winter
2024-01-27,21.475,33.0,11.608333333333334,5.770833333333333,0.3420416666666666,73.79166666666667,44.5,Good,56.0,2024,1,Winter
2024-01-28,22.29583333333333,34.141666666666666,11.3125,5.4875,0.3408333333333333,78.625,46.958333333333336,Good,53.8,2024,1,Winter
2024-01-29,28.675,43.67083333333333,13.433333333333332,6.691666666666666,0.39425,86.54166666666667,59.41666666666666,Moderate,54.4,2024,1,Winter
2024-01-30,31.0375,47.075,30.641666666666666,12.2375,0.6642083333333333,87.41666666666667,62.458333333333336,Moderate,55.8,2024,1,Winter
2024-01-31,28.34166666666667,42.525,26.84166666666667,11.775,0.6145416666666667,84.375,64.375,Moderate,56.3,2024,1,Winter
2024-02-01,31.40416666666667,46.42916666666667,34.475,12.366666666666667,0.7634583333333333,79.41666666666667,64.33333333333333,Moderate,56.1,2024,2,Winter
2024-02-02,41.583333333333336,61.72083333333333,34.06666666666667,14.2,0.7430416666666666,83.45833333333333,67.91666666666667,Moderate,58.6,2024,2,Winter
2024-02-03,27.575,41.60833333333333,16.179166666666667,6.629166666666666,0.4010416666666667,87.91666666666667,70.79166666666667,Moderate,62.3,2024,2,Winter
2024-02-04,28.35,43.4125,12.154166666666669,8.133333333333333,0.3497916666666666,86.19444444444444,62.833333333333336,Moderate,64.6,2024,2,Winter
2024-02-05,25.6125,40.35,13.516666666666666,9.3125,0.35725,84.47222222222223,61.5,Moderate,64.9,2024,2,Winter
2024-02-06,25.08333333333333,45.65416666666667,14.8375,8.391666666666667,0.3768333333333333,82.75,59.75,Moderate,64.5,2024,2,Winter
2024-02-07,23.320833333333336,41.8375,16.416666666666668,9.195833333333333,0.3904166666666666,75.33333333333333,60.29166666666666,Moderate,63.9,2024,2,Winter
2024-02-08,20.466666666666665,33.083333333333336,16.14166666666667,8.583333333333334,0.3930416666666667,86.5,46.375,Good,61.4,2024,2,Winter
2024-02-09,20.7,32.475,12.583333333333334,6.0125,0.3524166666666666,91.16666666666669,45.25,Good,58.1,2024,2,Winter
2024-02-10,27.7625,43.97916666666666,10.570833333333333,5.595833333333334,0.3289166666666667,90.125,53.125,Moderate,55.6,2024,2,Winter
2024-02-11,29.479166666666668,45.625,9.6875,5.116666666666666,0.3275,92.875,64.0,Moderate,55.8,2024,2,Winter
2024-02-12,20.7875,33.38333333333333,12.658333333333331,8.333333333333334,0.3332083333333333,85.58333333333333,57.04166666666666,Moderate,55.1,2024,2,Winter
2024-02-13,16.675,26.291666666666668,10.8,5.808333333333334,0.2984166666666666,85.83333333333333,38.958333333333336,Good,52.1,2024,2,Winter
2024-02-14,17.358333333333334,26.17083333333333,8.454166666666667,5.770833333333333,0.312,84.91666666666667,37.958333333333336,Good,49.0,2024,2,Winter
2024-02-15,16.416666666666668,24.85,10.104166666666666,7.854166666666667,0.3200833333333333,90.33333333333331,39.25,Good,47.9,2024,2,Winter
2024-02-16,20.4625,31.35833333333333,8.433333333333334,7.475,0.3198749999999999,92.29166666666669,42.25,Good,47.5,2024,2,Winter
2024-02-17,17.133333333333333,26.454166666666666,10.075,7.975,0.29375,88.625,40.91666666666666,Good,45.8,2024,2,Winter
2024-02-18,17.058333333333334,25.7625,14.808333333333332,7.029166666666666,0.3425,89.16666666666667,40.79166666666666,Good,42.5,2024,2,Winter
2024-02-19,15.7375,23.85833333333333,14.6125,5.195833333333334,0.3350416666666667,84.0,37.91666666666666,Good,39.7,2024,2,Winter
2024-02-20,24.275,36.704166666666666,20.2875,11.3375,0.430125,85.54166666666667,47.91666666666666,Good,41.0,2024,2,Winter
2024-02-21,31.35833333333333,47.57083333333333,20.45833333333333,13.558333333333332,0.4634166666666666,87.75,62.583333333333336,Moderate,44.5,2024,2,Winter
2024-02-22,26.02916666666667,38.42083333333333,27.1375,12.75,0.5988333333333333,89.95833333333333,64.91666666666667,Moderate,48.2,2024,2,Winter
2024-02-23,24.8125,35.800000000000004,40.15,12.708333333333334,0.7905416666666666,77.83333333333333,59.583333333333336,Moderate,50.7,2024,2,Winter
2024-02-24,30.98333333333333,46.1375,18.7625,11.0875,0.5222916666666667,75.05555555555556,64.125,Moderate,54.0,2024,2,Winter
2024-02-25,25.495833333333334,39.5125,8.608333333333333,9.975,0.3047916666666667,72.27777777777777,62.583333333333336,Moderate,57.1,2024,2,Winter
2024-02-26,14.4375,22.791666666666668,7.95,3.2291666666666665,0.2412916666666666,69.5,41.16666666666666,Good,57.6,2024,2,Winter
2024-02-27,17.058333333333334,26.3125,8.666666666666666,5.620833333333334,0.2598333333333333,69.91666666666667,33.875,Good,55.5,2024,2,Winter
2024-02-28,12.6,18.9875,9.754166666666666,5.833333333333333,0.2737083333333333,76.875,36.0,Good,51.8,2024,2,Winter
2024-02-29,16.25,24.375,11.820833333333333,7.666666666666667,0.3019166666666666,76.83333333333333,34.0,Good,47.3,2024,2,Winter
2024-03-01,19.183333333333334,28.79583333333333,10.658333333333331,5.658333333333334,0.3318333333333333,85.5,39.875,Good,44.5,2024,3,Summer
2024-03-02,19.316666666666663,29.02916666666667,13.345833333333331,6.379166666666666,0.3549583333333333,86.79166666666667,43.625,Good,41.6,2024,3,Summer
2024-03-03,30.804166666666664,48.23333333333333,12.675,15.254166666666668,0.3436666666666666,86.14692982456141,57.5,Moderate,40.9,2024,3,Summer
2024-03-04,23.97083333333333,38.47916666666666,14.191666666666668,7.9125,0.3579166666666666,85.50219298245615,61.04166666666666,Moderate,43.7,2024,3,Summer
2024-03-05,21.6375,34.0,11.308333333333332,6.108333333333333,0.3250416666666667,84.85745614035088,56.04166666666666,Moderate,46.9,2024,3,Summer
2024-03-06,28.53333333333333,44.2875,13.625,10.15,0.3627083333333333,84.21271929824562,56.54166666666666,Moderate,49.8,2024,3,Summer
2024-03-07,32.237500000000004,49.49166666666667,21.354166666666668,16.295833333333334,0.4387083333333333,83.56798245614036,65.54166666666667,Moderate,54.3,2024,3,Summer
2024-03-08,29.85,44.708333333333336,24.316666666666663,14.870833333333332,0.50925,82.9232456140351,64.125,Moderate,57.8,2024,3,Summer
2024-03-09,28.254166666666663,43.1875,19.445833333333333,12.170833333333334,0.423625,82.27850877192984,64.08333333333333,Moderate,60.7,2024,3,Summer
2024-03-10,33.083333333333336,51.9875,10.341666666666669,13.7125,0.3279166666666667,81.63377192982456,64.79166666666667,Moderate,61.7,2024,3,Summer
2024-03-11,30.45,49.05,10.75,7.841666666666666,0.322625,80.9890350877193,65.33333333333333,Moderate,62.4,2024,3,Summer
2024-03-12,34.737500000000004,56.47083333333333,14.9375,11.841666666666669,0.3864166666666667,80.34429824561404,66.0,Moderate,63.8,2024,3,Summer
2024-03-13,40.275,65.28750000000001,22.666666666666668,13.733333333333334,0.5065416666666667,79.69956140350878,69.29166666666667,Moderate,65.6,2024,3,Summer
2024-03-14,43.41666666666666,68.85000000000001,26.02916666666667,11.195833333333333,0.5415416666666667,79.0548245614035,72.08333333333333,Moderate,66.5,2024,3,Summer
2024-03-15,37.32083333333333,59.6125,16.6375,12.2125,0.445875,78.41008771929825,74.91666666666667,Moderate,68.1,2024,3,Summer
2024-03-16,24.704166666666666,38.50833333333333,9.895833333333334,10.091666666666669,0.3307083333333333,77.76535087719299,64.91666666666667,Moderate,68.2,2024,3,Summer
2024-03-17,23.666666666666668,37.50833333333333,9.5125,13.4,0.3004583333333333,77.12061403508773,57.04166666666666,Moderate,67.1,2024,3,Summer
2024-03-18,24.60833333333333,38.55833333333333,11.5875,13.683333333333332,0.3258333333333333,76.47587719298247,59.75,Moderate,66.3,2024,3,Summer
2024-03-19,25.65,40.97916666666666,12.2125,13.191666666666668,0.3495833333333333,75.83114035087719,59.25,Moderate,65.3,2024,3,Summer
2024-03-20,30.14583333333333,48.1,12.195833333333333,13.375,0.3445416666666667,75.18640350877193,63.333333333333336,Moderate,64.5,2024,3,Summer
2024-03-21,16.729166666666668,26.141666666666666,7.679166666666666,4.1375,0.249,74.54166666666667,48.708333333333336,Good,61.1,2024,3,Summer
2024-03-22,22.004166666666663,34.49166666666667,10.116666666666667,5.691666666666666,0.2995833333333333,91.5,46.16666666666666,Good,57.0,2024,3,Summer
2024-03-23,17.633333333333333,27.883333333333336,9.2,5.133333333333334,0.295125,90.9,49.208333333333336,Good,54.8,2024,3,Summer
2024-03-24,18.0875,29.14583333333333,9.279166666666669,8.116666666666667,0.2941666666666666,90.3,44.5,Good,53.0,2024,3,Summer
2024-03-25,20.6625,32.80833333333333,9.8875,6.4625,0.3181666666666666,89.7,48.125,Good,51.3,2024,3,Summer
2024-03-26,18.116666666666667,28.866666666666664,9.554166666666667,5.941666666666666,0.3047083333333333,89.1,48.625,Good,49.8,2024,3,Summer
2024-03-27,12.375,19.195833333333333,11.391666666666666,5.8,0.2933333333333333,88.5,42.25,Good,46.8,2024,3,Summer
2024-03-28,17.191666666666666,26.925,13.216666666666669,10.754166666666668,0.32875,86.16666666666667,40.583333333333336,Good,45.6,2024,3,Summer
2024-03-29,19.83333333333333,31.616666666666664,10.216666666666669,9.766666666666667,0.3178749999999999,86.60069444444444,44.583333333333336,Good,45.4,2024,3,Summer
2024-03-30,22.183333333333334,35.5,12.758333333333333,12.520833333333334,0.345625,87.03472222222223,53.708333333333336,Moderate,46.1,2024,3,Summer
2024-03-31,19.991666666666667,31.166666666666668,14.05,14.066666666666668,0.34325,87.46875,51.54166666666666,Moderate,47.1,2024,3,Summer
2024-04-01,21.370833333333334,32.625,18.64583333333333,13.425,0.3830416666666666,87.90277777777779,47.75,Good,47.0,2024,4,Summer
2024-04-02,17.75,27.225,10.904166666666669,11.858333333333334,0.289,88.33680555555556,51.29166666666666,Moderate,47.4,2024,4,Summer
2024-04-03,19.570833333333333,30.008333333333336,11.654166666666669,10.8625,0.3074583333333333,88.77083333333334,45.333333333333336,Good,47.8,2024,4,Summer
2024-04-04,15.395833333333334,22.96666666666667,11.05,10.183333333333334,0.2872916666666666,89.20486111111111,44.04166666666666,Good,48.3,2024,4,Summer
2024-04-05,17.8125,27.070833333333336,11.920833333333334,9.254166666666666,0.3069166666666666,89.63888888888889,43.54166666666666,Good,48.2,2024,4,Summer
2024-04-06,22.558333333333334,34.5875,11.970833333333331,10.958333333333334,0.331,90.07291666666667,49.29166666666666,Good,47.5,2024,4,Summer
2024-04-07,21.975,33.583333333333336,13.8375,10.329166666666667,0.3489166666666667,90.50694444444444,53.91666666666666,Moderate,47.9,2024,4,Summer
2024-04-08,17.745833333333334,26.3375,11.2875,8.8375,0.3215,90.94097222222223,51.75,Moderate,48.5,2024,4,Summer
2024-04-09,21.7375,34.7125,7.920833333333333,8.004166666666666,0.2725833333333333,91.375,44.583333333333336,Good,47.5,2024,4,Summer
2024-04-10,24.820833333333336,40.40833333333333,8.012500000000001,4.370833333333334,0.274125,82.66666666666667,57.708333333333336,Moderate,49.3,2024,4,Summer
2024-04-11,16.841666666666665,26.316666666666663,8.370833333333334,4.8375,0.2390833333333333,73.5,44.91666666666666,Good,49.4,2024,4,Summer
2024-04-12,15.0125,23.425,7.191666666666666,3.891666666666667,0.2405416666666666,67.875,33.125,Good,47.9,2024,4,Summer
2024-04-13,18.454166666666666,29.183333333333334,7.7875,5.583333333333333,0.26025,75.25,37.0,Good,46.1,2024,4,Summer
2024-04-14,17.287499999999998,26.512500000000003,8.375,4.4625,0.313625,91.625,43.29166666666666,Good,44.6,2024,4,Summer
2024-04-15,12.65,19.4875,8.079166666666667,3.4916666666666667,0.2584583333333333,81.5,37.5,Good,42.6,2024,4,Summer
2024-04-16,14.604166666666666,22.2375,10.3125,6.2,0.2996666666666667,83.29166666666667,38.0,Good,41.6,2024,4,Summer
2024-04-17,26.945833333333336,42.17083333333333,11.341666666666669,12.154166666666669,0.329625,85.72916666666667,50.79166666666666,Very Poor,40.7,2024,4,Summer
2024-04-18,28.4375,45.80416666666667,12.395833333333334,7.854166666666667,0.359,88.16666666666669,63.25,Moderate,43.3,2024,4,Summer
2024-04-19,26.804166666666664,43.93333333333334,13.216666666666669,7.8875,0.3799999999999999,90.60416666666669,63.75,Moderate,47.7,2024,4,Summer
2024-04-20,28.5875,45.72083333333333,22.23333333333333,10.233333333333333,0.476875,93.04166666666669,63.0,Moderate,51.4,2024,4,Summer
2024-04-21,30.71666666666667,48.958333333333336,23.016666666666666,11.945833333333333,0.470625,91.83333333333331,66.33333333333333,Moderate,54.7,2024,4,Summer
2024-04-22,19.745833333333334,32.86666666666667,12.616666666666667,9.558333333333334,0.3077916666666667,91.84999999999998,56.458333333333336,Moderate,57.4,2024,4,Summer
2024-04-23,18.354166666666668,30.041666666666668,11.458333333333334,9.841666666666669,0.300125,91.86666666666665,48.04166666666666,Good,58.8,2024,4,Summer
2024-04-24,19.325,31.433333333333334,10.229166666666666,12.4875,0.2849166666666666,91.88333333333333,45.5,Good,58.0,2024,4,Summer
2024-04-25,23.166666666666668,37.454166666666666,10.495833333333334,12.445833333333333,0.311875,91.89999999999999,49.333333333333336,Good,56.1,2024,4,Summer
2024-04-26,21.04583333333333,32.800000000000004,11.8125,13.729166666666666,0.32175,91.91666666666666,55.75,Moderate,54.9,2024,4,Summer
2024-04-27,16.608333333333334,24.616666666666664,13.170833333333334,17.929166666666667,0.3195,91.93333333333332,45.41666666666666,Good,52.4,2024,4,Summer
2024-04-28,15.783333333333331,23.291666666666668,11.583333333333334,12.791666666666666,0.30625,91.94999999999999,44.625,Good,49.3,2024,4,Summer
2024-04-29,21.279166666666665,31.704166666666666,14.5125,17.658333333333335,0.3193333333333333,91.96666666666667,48.54166666666666,Good,48.2,2024,4,Summer
2024-04-30,15.25,22.58333333333333,11.970833333333331,11.895833333333334,0.2913333333333333,91.98333333333333,46.04166666666666,Good,47.9,2024,4,Summer
2024-05-01,27.320833333333336,40.29583333333333,27.754166666666663,9.8125,0.5517916666666667,92.0,48.79166666666666,Good,48.4,2024,5,Summer
2024-05-02,31.479166666666668,47.25,25.59583333333333,8.450000000000001,0.4985833333333333,91.09583333333333,65.25,Moderate,50.6,2024,5,Summer
2024-05-03,35.641666666666666,52.98333333333333,15.679166666666667,9.154166666666669,0.4062083333333333,90.19166666666666,67.125,Moderate,52.3,2024,5,Summer
2024-05-04,32.2625,46.975,14.5375,8.375,0.37975,89.2875,70.375,Moderate,55.8,2024,5,Summer
2024-05-05,17.779166666666665,26.141666666666666,12.845833333333331,6.754166666666666,0.3063333333333333,88.38333333333333,58.25,Moderate,57.8,2024,5,Summer
2024-05-06,22.475,34.0,16.875,8.208333333333334,0.3774583333333333,87.47916666666666,49.583333333333336,Good,57.9,2024,5,Summer
2024-05-07,25.3875,38.4125,18.704166666666666,8.3125,0.4149166666666666,86.575,61.5,Moderate,60.1,2024,5,Summer
2024-05-08,28.745833333333334,42.8125,17.054166666666667,8.9125,0.3974166666666667,85.67083333333333,63.54166666666666,Moderate,62.2,2024,5,Summer
2024-05-09,33.208333333333336,50.11666666666667,31.554166666666664,13.291666666666666,0.5920416666666667,84.76666666666667,64.875,Moderate,62.2,2024,5,Summer
2024-05-10,33.175000000000004,50.48333333333333,22.6875,12.675,0.4636666666666666,83.8625,67.70833333333333,Moderate,62.3,2024,5,Summer
2024-05-11,26.725,39.725,18.5125,9.833333333333334,0.407,82.95833333333333,65.79166666666667,Moderate,61.6,2024,5,Summer
2024-05-12,26.77083333333333,39.020833333333336,27.945833333333336,14.7375,0.501,80.95833333333333,59.25,Moderate,61.8,2024,5,Summer
2024-05-13,21.225,31.516666666666666,14.916666666666666,10.225,0.3321666666666666,86.25,56.375,Moderate,62.7,2024,5,Summer
2024-05-14,25.675,40.19166666666667,17.195833333333333,9.933333333333334,0.3649166666666666,91.58333333333331,52.66666666666666,Moderate,61.5,2024,5,Summer
2024-05-15,30.45833333333333,49.47916666666666,17.025,9.620833333333334,0.3878333333333333,84.20833333333331,64.375,Moderate,61.6,2024,5,Summer
2024-05-16,24.22083333333333,38.766666666666666,15.491666666666667,9.554166666666667,0.3399166666666666,76.83333333333333,61.708333333333336,Moderate,61.1,2024,5,Summer
2024-05-17,18.891666666666666,27.633333333333336,19.004166666666663,8.216666666666667,0.38925,76.20833333333333,49.083333333333336,Good,58.5,2024,5,Summer
2024-05-18,19.883333333333333,28.5875,17.779166666666665,9.233333333333333,0.3755416666666666,84.25,47.083333333333336,Good,55.8,2024,5,Summer
2024-05-19,24.766666666666666,35.59166666666667,23.9625,9.091666666666669,0.4420416666666666,78.66666666666667,46.41666666666666,Good,54.0,2024,5,Summer
2024-05-20,24.95,36.07083333333333,29.883333333333336,15.033333333333331,0.668125,42.625,59.0,Moderate,54.3,2024,5,Summer
2024-05-21,21.725,31.1875,33.45,13.120833333333332,0.6361666666666667,33.291666666666664,60.708333333333336,Moderate,55.5,2024,5,Summer
2024-05-22,14.1875,20.616666666666667,24.85,9.820833333333333,0.4115,34.833333333333336,35.0,Good,51.3,2024,5,Summer
2024-05-23,24.71666666666667,39.145833333333336,30.6,9.575,0.526625,56.958333333333336,43.083333333333336,Good,48.6,2024,5,Summer
2024-05-24,26.729166666666668,41.47083333333333,23.945833333333336,9.55,0.45825,71.58333333333333,58.25,Moderate,49.9,2024,5,Summer
2024-05-25,20.370833333333334,35.045833333333334,12.608333333333334,4.3375,0.287125,71.54166666666667,57.958333333333336,Moderate,51.5,2024,5,Summer
2024-05-26,20.904166666666665,36.49583333333333,9.65,3.8541666666666665,0.2289583333333333,77.29166666666667,44.833333333333336,Good,51.3,2024,5,Summer
2024-05-27,17.808333333333334,35.520833333333336,9.429166666666667,3.3875,0.2139583333333333,74.75,39.91666666666666,Good,48.5,2024,5,Summer
2024-05-28,16.925,33.2125,8.575000000000001,3.466666666666667,0.2068333333333333,74.375,41.04166666666666,Good,45.7,2024,5,Summer
2024-05-29,12.175,23.58333333333333,12.020833333333334,3.9291666666666663,0.2450833333333333,63.375,31.416666666666668,Good,45.2,2024,5,Summer
2024-05-30,17.966666666666665,34.72083333333333,13.691666666666668,4.9875,0.269,64.0,34.166666666666664,Good,43.9,2024,5,Summer
2024-05-31,16.275000000000002,29.616666666666664,11.091666666666669,4.5125,0.2312083333333333,68.45833333333333,38.458333333333336,Good,41.1,2024,5,Summer
2024-06-01,19.53333333333333,33.84166666666667,12.929166666666667,5.7875000000000005,0.276375,75.16666666666667,40.91666666666666,Good,38.7,2024,6,Southwest Monsoon
2024-06-02,22.7875,37.43333333333333,16.587500000000002,6.941666666666666,0.3422083333333334,77.29166666666667,48.083333333333336,Good,39.1,2024,6,Southwest Monsoon
2024-06-03,23.008333333333336,35.4375,22.3375,8.079166666666667,0.4063333333333334,61.625,52.54166666666666,Moderate,40.9,2024,6,Southwest Monsoon
2024-06-04,19.979166666666668,29.9625,19.429166666666667,7.895833333333333,0.3615416666666666,61.458333333333336,50.958333333333336,Very Poor,42.4,2024,6,Southwest Monsoon
2024-06-05,15.55,23.3,16.170833333333334,6.220833333333334,0.3001666666666666,60.708333333333336,37.25,Good,43.2,2024,6,Southwest Monsoon
2024-06-06,11.483333333333334,16.791666666666668,14.858333333333334,5.8125,0.2725833333333333,53.0,27.875,Good,42.3,2024,6,Southwest Monsoon
2024-06-07,9.316666666666666,13.404166666666669,13.845833333333331,6.320833333333333,0.2657083333333333,53.41666666666666,26.875,Good,40.6,2024,6,Southwest Monsoon
2024-06-08,5.025,7.433333333333334,8.654166666666667,4.020833333333333,0.1975833333333333,50.125,21.20833333333333,Good,37.8,2024,6,Southwest Monsoon
2024-06-09,4.870833333333334,8.258333333333333,7.595833333333334,3.3125,0.1835416666666667,46.875,18.70833333333333,Good,33.6,2024,6,Southwest Monsoon
2024-06-10,5.066666666666666,8.875,7.395833333333333,2.970833333333333,0.1662083333333333,48.04166666666666,19.25,Good,28.9,2024,6,Southwest Monsoon
2024-06-11,4.916666666666667,7.433333333333334,8.525,3.1875,0.18425,42.91666666666666,17.208333333333332,Good,24.1,2024,6,Southwest Monsoon
2024-06-12,4.095833333333333,6.05,9.525,3.2416666666666667,0.1912916666666666,40.875,16.333333333333332,Good,21.1,2024,6,Southwest Monsoon
2024-06-13,4.970833333333333,7.391666666666667,9.804166666666667,3.475,0.202625,45.79166666666666,18.33333333333333,Good,19.7,2024,6,Southwest Monsoon
2024-06-14,8.637500000000001,18.97083333333333,11.8375,3.975,0.2292916666666666,47.5,19.95833333333333,Good,18.7,2024,6,Southwest Monsoon
2024-06-15,12.233333333333334,25.15833333333333,11.5125,3.858333333333333,0.2311666666666666,51.16666666666666,24.95833333333333,Good,19.2,2024,6,Southwest Monsoon
2024-06-16,10.970833333333331,19.183333333333334,12.320833333333333,4.533333333333333,0.232375,46.375,25.291666666666668,Good,20.2,2024,6,Southwest Monsoon
2024-06-17,9.679166666666667,15.433333333333332,11.625,4.766666666666667,0.2254166666666666,51.875,25.0,Good,21.0,2024,6,Southwest Monsoon
2024-06-18,8.958333333333334,13.6625,12.4625,4.054166666666666,0.2317916666666666,46.66666666666666,21.416666666666668,Good,21.6,2024,6,Southwest Monsoon
2024-06-19,8.2875,14.2875,11.795833333333334,4.1125,0.2240416666666666,40.833333333333336,19.416666666666668,Good,22.1,2024,6,Southwest Monsoon
2024-06-20,6.5125,13.3875,7.929166666666667,3.325,0.1890833333333333,49.79166666666666,20.791666666666668,Good,22.4,2024,6,Southwest Monsoon
2024-06-21,7.691666666666666,17.675,7.895833333333333,3.1750000000000003,0.1717916666666666,46.833333333333336,19.75,Good,22.4,2024,6,Southwest Monsoon
2024-06-22,6.858333333333333,15.429166666666667,9.125,3.470833333333333,0.188,43.583333333333336,19.25,Good,21.6,2024,6,Southwest Monsoon
2024-06-23,5.025,7.541666666666667,7.945833333333333,3.4458333333333333,0.1788333333333333,45.583333333333336,18.791666666666668,Good,20.6,2024,6,Southwest Monsoon
2024-06-24,3.8125,5.854166666666667,8.1625,3.4166666666666665,0.170375,47.125,18.83333333333333,Good,19.8,2024,6,Southwest Monsoon
2024-06-25,2.7416666666666667,4.104166666666667,7.225,2.95,0.1632916666666666,42.625,17.166666666666668,Good,19.1,2024,6,Southwest Monsoon
2024-06-26,2.841666666666667,4.2250000000000005,7.8125,3.0,0.1684999999999999,42.25,16.958333333333332,Good,18.8,2024,6,Southwest Monsoon
2024-06-27,2.5,3.6208333333333336,8.533333333333333,3.025,0.1677083333333333,37.16666666666666,14.916666666666666,Good,18.0,2024,6,Southwest Monsoon
2024-06-28,5.108333333333333,10.179166666666667,8.004166666666666,3.1750000000000003,0.17575,44.91666666666666,17.958333333333332,Good,17.7,2024,6,Southwest Monsoon
2024-06-29,6.15,11.166666666666666,9.275,3.641666666666667,0.189625,44.29166666666666,17.75,Good,17.5,2024,6,Southwest Monsoon
2024-06-30,6.454166666666667,12.1375,10.966666666666669,4.020833333333333,0.1992916666666666,39.375,16.458333333333332,Good,17.1,2024,6,Southwest Monsoon
2024-07-01,4.595833333333333,7.583333333333333,9.55,3.7416666666666663,0.17775,37.79166666666666,15.416666666666666,Good,16.7,2024,7,Southwest Monsoon
2024-07-02,4.970833333333333,10.308333333333334,8.995833333333334,3.2583333333333333,0.1769583333333333,35.0,14.083333333333334,Good,16.2,2024,7,Southwest Monsoon
2024-07-03,5.433333333333334,9.745833333333334,9.216666666666669,3.3541666666666665,0.1814583333333333,36.16666666666666,14.833333333333334,Good,15.9,2024,7,Southwest Monsoon
2024-07-04,7.529166666666666,14.491666666666667,12.4375,4.125,0.2104166666666666,31.041666666666668,14.0,Good,15.8,2024,7,Southwest Monsoon
2024-07-05,7.154166666666666,13.7125,9.479166666666666,3.825,0.1853333333333333,36.0,17.291666666666668,Good,15.7,2024,7,Southwest Monsoon
2024-07-06,6.108333333333333,12.925,7.979166666666667,3.2916666666666665,0.1631666666666666,38.91666666666666,16.5,Good,15.5,2024,7,Southwest Monsoon
2024-07-07,5.829166666666667,10.720833333333331,9.2625,3.4916666666666667,0.1755,37.375,15.583333333333334,Good,15.4,2024,7,Southwest Monsoon
2024-07-08,4.758333333333334,7.283333333333334,10.625,3.8083333333333336,0.1969583333333333,38.0,15.416666666666666,Good,15.4,2024,7,Southwest Monsoon
2024-07-09,6.6375,9.670833333333333,10.9875,4.008333333333334,0.2052916666666666,43.083333333333336,17.666666666666668,Good,15.9,2024,7,Southwest Monsoon
2024-07-10,8.083333333333334,13.829166666666666,9.425,3.9916666666666663,0.19925,49.16666666666666,20.33333333333333,Good,16.7,2024,7,Southwest Monsoon
2024-07-11,7.908333333333334,12.4625,11.4,3.695833333333333,0.2147916666666667,44.625,18.33333333333333,Good,17.3,2024,7,Southwest Monsoon
2024-07-12,6.445833333333333,11.2375,10.0125,3.579166666666667,0.1934166666666666,37.083333333333336,17.25,Good,17.3,2024,7,Southwest Monsoon
2024-07-13,4.441666666666666,7.504166666666666,8.35,2.9333333333333336,0.1738333333333333,34.625,14.208333333333334,Good,17.0,2024,7,Southwest Monsoon
2024-07-14,3.3000000000000003,5.1000000000000005,9.829166666666667,3.1333333333333333,0.184625,30.08333333333333,12.083333333333334,Good,16.5,2024,7,Southwest Monsoon
2024-07-15,2.270833333333333,3.358333333333333,7.858333333333333,2.954166666666667,0.162125,32.625,13.0,Good,16.1,2024,7,Southwest Monsoon
2024-07-16,2.4250000000000003,3.6041666666666665,6.670833333333333,2.5458333333333334,0.1519583333333333,40.333333333333336,16.125,Good,15.9,2024,7,Southwest Monsoon
2024-07-17,2.6875,4.058333333333334,7.1000000000000005,2.6833333333333336,0.1588333333333333,40.125,16.041666666666668,Good,15.3,2024,7,Southwest Monsoon
2024-07-18,2.033333333333333,2.954166666666667,7.295833333333333,2.370833333333333,0.1549166666666666,39.75,16.0,Good,15.0,2024,7,Southwest Monsoon
2024-07-19,2.3583333333333334,3.4166666666666665,8.0375,2.6916666666666664,0.163,38.75,15.541666666666666,Good,14.7,2024,7,Southwest Monsoon
2024-07-20,3.7125,6.091666666666666,8.241666666666667,2.6,0.17275,40.41666666666666,16.083333333333332,Good,15.0,2024,7,Southwest Monsoon
2024-07-21,4.3875,7.954166666666667,6.629166666666666,2.475,0.1552083333333333,41.54166666666666,16.625,Good,15.6,2024,7,Southwest Monsoon
2024-07-22,5.633333333333333,11.370833333333332,6.154166666666666,2.270833333333333,0.1535,46.375,18.541666666666668,Good,16.4,2024,7,Southwest Monsoon
2024-07-23,4.241666666666666,7.041666666666667,6.754166666666666,2.5416666666666665,0.1616666666666666,39.16666666666666,15.75,Good,16.4,2024,7,Southwest Monsoon
2024-07-24,3.7625,6.391666666666667,7.170833333333333,2.6875,0.164,37.083333333333336,14.916666666666666,Good,16.2,2024,7,Southwest Monsoon
2024-07-25,2.5541666666666667,4.108333333333333,6.129166666666666,2.4,0.1498333333333333,35.416666666666664,14.125,Good,15.9,2024,7,Southwest Monsoon
2024-07-26,2.770833333333333,4.820833333333334,5.866666666666667,2.208333333333333,0.1394166666666666,36.41666666666666,14.625,Good,15.8,2024,7,Southwest Monsoon
2024-07-27,6.795833333333333,17.879166666666666,5.770833333333333,2.2291666666666665,0.1427916666666666,39.833333333333336,16.5,Good,15.9,2024,7,Southwest Monsoon
2024-07-28,7.566666666666666,16.158333333333335,6.1375,2.5375,0.1459166666666666,36.958333333333336,21.70833333333333,Good,16.6,2024,7,Southwest Monsoon
2024-07-29,3.970833333333333,7.454166666666667,6.991666666666667,2.7875,0.1627916666666666,40.333333333333336,16.416666666666668,Good,16.3,2024,7,Southwest Monsoon
2024-07-30,3.716666666666667,5.6000000000000005,10.9125,3.704166666666667,0.21,31.20833333333333,12.375,Good,15.8,2024,7,Southwest Monsoon
2024-07-31,4.2250000000000005,6.325,10.295833333333333,3.3708333333333336,0.2000833333333333,33.958333333333336,13.791666666666666,Good,15.6,2024,7,Southwest Monsoon
2024-08-01,4.370833333333334,6.529166666666666,10.433333333333334,3.475,0.2010833333333333,33.208333333333336,13.541666666666666,Good,15.6,2024,8,Southwest Monsoon
2024-08-02,5.1625000000000005,8.479166666666666,9.541666666666666,3.270833333333333,0.18975,37.958333333333336,15.25,Good,15.7,2024,8,Southwest Monsoon
2024-08-03,6.245833333333334,10.216666666666669,12.445833333333333,3.9125,0.2056666666666666,30.291666666666668,13.625,Good,15.2,2024,8,Southwest Monsoon
2024-08-04,6.829166666666667,11.275,12.066666666666668,4.2,0.2140833333333333,35.541666666666664,16.875,Good,14.6,2024,8,Southwest Monsoon
2024-08-05,10.0375,19.308333333333334,13.2,4.708333333333333,0.2356666666666666,34.458333333333336,17.916666666666668,Good,14.8,2024,8,Southwest Monsoon
2024-08-06,10.604166666666666,16.558333333333334,17.5,5.5625,0.2890833333333333,31.83333333333333,21.541666666666668,Good,16.1,2024,8,Southwest Monsoon
2024-08-07,9.566666666666666,14.295833333333334,17.8875,5.4750000000000005,0.2954583333333333,28.75,22.416666666666668,Good,17.3,2024,8,Southwest Monsoon
2024-08-08,8.9125,15.075,12.4625,4.108333333333333,0.2329166666666666,36.458333333333336,19.041666666666668,Good,18.1,2024,8,Southwest Monsoon
2024-08-09,9.55,19.08333333333333,14.208333333333334,4.708333333333333,0.272125,38.16666666666666,20.33333333333333,Good,18.8,2024,8,Southwest Monsoon
2024-08-10,9.308333333333334,14.604166666666666,18.67083333333333,5.916666666666667,0.3200833333333333,30.0,20.33333333333333,Good,19.8,2024,8,Southwest Monsoon
2024-08-11,13.066666666666668,26.691666666666663,18.14583333333333,5.995833333333334,0.3343333333333333,36.16666666666666,23.25,Good,20.7,2024,8,Southwest Monsoon
2024-08-12,14.441666666666668,25.316666666666663,21.554166666666664,6.895833333333333,0.3571249999999999,41.91666666666666,30.45833333333333,Good,22.5,2024,8,Southwest Monsoon
2024-08-13,18.52083333333333,29.254166666666663,23.625,7.991666666666667,0.4178333333333333,55.125,35.75,Good,24.5,2024,8,Southwest Monsoon
2024-08-14,25.4625,39.06666666666667,24.78333333333333,9.791666666666666,0.4952916666666667,52.583333333333336,55.125,Moderate,29.2,2024,8,Southwest Monsoon
2024-08-15,19.7125,28.570833333333336,22.808333333333334,11.15,0.4633333333333334,56.75,40.458333333333336,Good,32.2,2024,8,Southwest Monsoon
2024-08-16,34.166666666666664,49.28333333333333,34.2625,13.625,0.6740833333333334,52.333333333333336,64.0,Moderate,38.5,2024,8,Southwest Monsoon
2024-08-17,22.4375,32.1625,25.0625,9.629166666666666,0.5273333333333333,67.625,62.25,Moderate,44.5,2024,8,Southwest Monsoon
2024-08-18,20.204166666666666,29.683333333333334,25.316666666666663,8.729166666666666,0.4632916666666666,53.125,40.458333333333336,Good,46.9,2024,8,Southwest Monsoon
2024-08-19,23.05,33.59166666666667,25.166666666666668,8.895833333333334,0.475,48.458333333333336,55.75,Moderate,50.5,2024,8,Southwest Monsoon
2024-08-20,13.466666666666669,19.604166666666668,16.208333333333332,6.391666666666667,0.2975833333333333,41.875,34.583333333333336,Good,50.4,2024,8,Southwest Monsoon
2024-08-21,10.704166666666666,15.379166666666668,13.9,7.1125,0.2784583333333333,51.91666666666666,27.83333333333333,Good,46.5,2024,8,Southwest Monsoon
2024-08-22,6.429166666666667,8.9375,11.154166666666669,4.4625,0.2192499999999999,41.708333333333336,19.625,Good,43.5,2024,8,Southwest Monsoon
2024-08-23,9.833333333333334,14.316666666666668,13.5125,5.0,0.2550416666666666,40.083333333333336,19.58333333333333,Good,37.2,2024,8,Southwest Monsoon
2024-08-24,6.645833333333333,10.145833333333334,7.85,3.5625,0.1885416666666667,42.66666666666666,20.125,Good,31.1,2024,8,Southwest Monsoon
2024-08-25,6.175,10.320833333333333,7.158333333333334,2.954166666666667,0.1785,39.708333333333336,15.958333333333334,Good,27.6,2024,8,Southwest Monsoon
2024-08-26,4.954166666666667,7.466666666666666,7.345833333333334,2.9958333333333336,0.1819583333333333,43.333333333333336,17.291666666666668,Good,22.1,2024,8,Southwest Monsoon
2024-08-27,4.9625,7.466666666666666,8.483333333333333,3.3625000000000003,0.1932083333333333,40.125,15.958333333333334,Good,19.5,2024,8,Southwest Monsoon
2024-08-28,5.995833333333334,9.2,10.9625,3.775,0.220875,31.416666666666668,13.625,Good,17.5,2024,8,Southwest Monsoon
2024-08-29,4.329166666666667,6.6125,9.6375,3.233333333333333,0.209375,30.0,13.083333333333334,Good,16.5,2024,8,Southwest Monsoon
2024-08-30,5.070833333333334,8.625,10.379166666666666,3.1,0.2132083333333333,32.75,13.083333333333334,Good,15.6,2024,8,Southwest Monsoon
2024-08-31,3.5875,5.445833333333333,9.866666666666667,3.158333333333333,0.19475,26.375,11.041666666666666,Good,14.3,2024,8,Southwest Monsoon
2024-09-01,3.975,5.991666666666667,9.233333333333333,3.2416666666666667,0.193625,33.916666666666664,13.625,Good,14.0,2024,9,Southwest Monsoon
2024-09-02,6.341666666666666,11.558333333333332,9.820833333333336,3.2916666666666665,0.1910833333333333,36.625,14.791666666666666,Good,13.6,2024,9,Southwest Monsoon
2024-09-03,5.5875,10.6,9.533333333333331,3.4250000000000003,0.197125,39.125,16.458333333333332,Good,13.7,2024,9,Southwest Monsoon
2024-09-04,6.875,13.766666666666666,10.804166666666667,3.4,0.204875,35.708333333333336,14.666666666666666,Good,13.8,2024,9,Southwest Monsoon
2024-09-05,7.070833333333333,13.004166666666668,10.266666666666667,3.4458333333333333,0.21,40.75,17.583333333333332,Good,14.5,2024,9,Southwest Monsoon
2024-09-06,7.0125,14.316666666666668,11.508333333333333,3.545833333333333,0.2268333333333333,36.54166666666666,15.458333333333334,Good,14.8,2024,9,Southwest Monsoon
2024-09-07,7.975,14.908333333333331,11.020833333333334,3.5125,0.22575,38.5,17.083333333333332,Good,15.7,2024,9,Southwest Monsoon
2024-09-08,5.070833333333334,8.075000000000001,9.683333333333334,3.2583333333333333,0.2034583333333333,35.291666666666664,15.875,Good,16.0,2024,9,Southwest Monsoon
2024-09-09,4.225,6.5375000000000005,8.879166666666666,3.0041666666666664,0.18475,35.0,14.0,Good,15.9,2024,9,Southwest Monsoon
2024-09-10,3.845833333333333,6.075,7.216666666666666,2.9166666666666665,0.1715416666666666,38.91666666666666,15.458333333333334,Good,15.7,2024,9,Southwest Monsoon
2024-09-11,5.925,10.566666666666666,8.829166666666667,3.325,0.19325,38.79166666666666,15.625,Good,15.9,2024,9,Southwest Monsoon
2024-09-12,8.016666666666667,13.9125,13.079166666666666,4.058333333333334,0.24175,35.583333333333336,17.208333333333332,Good,15.8,2024,9,Southwest Monsoon
2024-09-13,12.854166666666666,22.9625,15.175,4.5,0.2718333333333333,39.29166666666666,22.875,Good,16.9,2024,9,Southwest Monsoon
2024-09-14,10.820833333333333,19.029166666666665,14.7125,4.504166666666666,0.2590833333333333,36.708333333333336,25.0,Good,18.0,2024,9,Southwest Monsoon
2024-09-15,9.7,16.900000000000002,12.370833333333332,4.254166666666666,0.2370833333333333,43.79166666666666,23.0,Good,19.0,2024,9,Southwest Monsoon
2024-09-16,9.933333333333334,19.4875,11.904166666666669,3.9166666666666665,0.23825,42.208333333333336,22.166666666666668,Good,20.2,2024,9,Southwest Monsoon
2024-09-17,9.279166666666669,16.641666666666666,13.004166666666668,4.0875,0.246375,40.333333333333336,21.45833333333333,Good,21.0,2024,9,Southwest Monsoon
2024-09-18,16.791666666666668,29.329166666666666,20.0,6.2125,0.4072499999999999,46.083333333333336,26.83333333333333,Good,22.6,2024,9,Southwest Monsoon
2024-09-19,16.154166666666665,29.125,19.725,6.083333333333333,0.3633333333333333,49.708333333333336,37.125,Good,25.5,2024,9,Southwest Monsoon
2024-09-20,14.329166666666666,24.704166666666666,18.841666666666665,5.9375,0.34975,50.54166666666666,31.916666666666668,Good,26.8,2024,9,Southwest Monsoon
2024-09-21,10.329166666666667,17.4375,12.829166666666666,4.133333333333334,0.2511666666666666,52.125,27.20833333333333,Good,27.1,2024,9,Southwest Monsoon
2024-09-22,10.908333333333331,17.837500000000002,12.2625,4.341666666666667,0.2412916666666666,49.708333333333336,22.875,Good,27.1,2024,9,Southwest Monsoon
2024-09-23,8.4,12.25,13.058333333333332,4.054166666666666,0.2597083333333333,50.29166666666666,24.0,Good,27.3,2024,9,Southwest Monsoon
2024-09-24,4.3500000000000005,6.191666666666666,10.5875,3.7458333333333336,0.2222083333333333,45.458333333333336,19.0,Good,27.0,2024,9,Southwest Monsoon
2024-09-25,5.841666666666666,8.9125,10.2875,3.408333333333333,0.215875,50.333333333333336,20.0,Good,26.0,2024,9,Southwest Monsoon
2024-09-26,7.008333333333333,10.625,13.791666666666666,4.275,0.2425833333333333,41.208333333333336,18.125,Good,23.3,2024,9,Southwest Monsoon
2024-09-27,6.995833333333334,12.625,12.541666666666666,4.195833333333334,0.2476666666666666,41.16666666666666,18.791666666666668,Good,21.4,2024,9,Southwest Monsoon
2024-09-28,14.375,22.475,20.041666666666668,8.104166666666666,0.4322083333333333,40.75,22.291666666666668,Good,20.7,2024,9,Southwest Monsoon
2024-09-29,12.095833333333331,18.10833333333333,17.608333333333334,6.858333333333333,0.3169166666666667,55.458333333333336,30.875,Good,21.9,2024,9,Southwest Monsoon
2024-09-30,16.175,25.166666666666668,19.366666666666667,10.554166666666667,0.3168333333333333,45.333333333333336,29.875,Good,22.7,2024,9,Southwest Monsoon
2024-10-01,20.120833333333334,32.05833333333333,23.183333333333334,14.816666666666668,0.394625,52.625,39.79166666666666,Good,25.7,2024,10,Post-Monsoon
2024-10-02,14.7125,21.52916666666667,18.48333333333333,9.216666666666669,0.3406666666666667,61.583333333333336,38.54166666666666,Good,28.3,2024,10,Post-Monsoon
2024-10-03,19.891666666666666,28.90416666666667,27.004166666666663,8.154166666666667,0.4903333333333333,57.75,40.66666666666666,Good,31.5,2024,10,Post-Monsoon
2024-10-04,15.220833333333331,22.03333333333333,20.075,6.170833333333333,0.35,55.333333333333336,36.875,Good,34.1,2024,10,Post-Monsoon
2024-10-05,12.241666666666667,17.554166666666667,21.1125,6.620833333333334,0.399375,50.16666666666666,26.20833333333333,Good,34.7,2024,10,Post-Monsoon
2024-10-06,27.391666666666666,42.016666666666666,32.175000000000004,10.370833333333334,0.577125,61.41666666666666,44.04166666666666,Good,36.6,2024,10,Post-Monsoon
2024-10-07,38.270833333333336,61.42083333333333,23.766666666666666,11.25,0.4929999999999999,77.875,68.70833333333333,Moderate,42.1,2024,10,Post-Monsoon
2024-10-08,19.491666666666667,28.8875,19.2375,7.616666666666667,0.3774583333333333,59.5,60.25,Moderate,45.0,2024,10,Post-Monsoon
2024-10-09,14.804166666666667,21.64583333333333,15.9625,10.625,0.3028333333333333,52.875,35.125,Good,44.6,2024,10,Post-Monsoon
2024-10-10,15.9875,23.1625,21.47083333333333,10.2,0.397125,46.708333333333336,31.375,Good,43.2,2024,10,Post-Monsoon
2024-10-11,12.220833333333331,17.925,15.720833333333331,8.625,0.2929583333333333,55.54166666666666,29.416666666666668,Good,42.2,2024,10,Post-Monsoon
2024-10-12,9.929166666666667,14.491666666666667,16.316666666666666,6.154166666666666,0.29975,42.083333333333336,23.70833333333333,Good,41.8,2024,10,Post-Monsoon
2024-10-13,8.516666666666667,12.4375,16.370833333333334,5.245833333333334,0.2921666666666667,34.625,20.125,Good,38.4,2024,10,Post-Monsoon
2024-10-14,14.2125,20.695833333333333,29.5875,10.770833333333334,0.4634166666666666,21.5,25.08333333333333,Good,32.2,2024,10,Post-Monsoon
2024-10-15,13.133333333333333,18.85833333333333,23.675,9.966666666666669,0.5448333333333334,23.791666666666668,22.375,Good,26.7,2024,10,Post-Monsoon
2024-10-16,9.379166666666666,13.4125,25.766666666666666,8.950000000000001,0.4560833333333333,18.95833333333333,29.75,Good,26.0,2024,10,Post-Monsoon
2024-10-17,9.229166666666666,13.254166666666668,20.0375,6.516666666666667,0.3635833333333333,39.16666666666666,19.625,Good,24.3,2024,10,Post-Monsoon
2024-10-18,21.320833333333333,31.679166666666664,26.64583333333333,11.358333333333334,0.6412916666666667,40.04166666666666,26.70833333333333,Good,23.9,2024,10,Post-Monsoon
2024-10-19,29.25,42.30833333333333,37.13333333333333,15.445833333333333,0.9138333333333332,31.541666666666668,62.5,Moderate,29.5,2024,10,Post-Monsoon
2024-10-20,17.0125,24.620833333333334,31.954166666666666,10.575,0.53425,43.0,51.208333333333336,Moderate,33.9,2024,10,Post-Monsoon
2024-10-21,18.820833333333333,27.116666666666664,23.02083333333333,10.9125,0.5860833333333333,51.79166666666666,31.541666666666668,Good,34.8,2024,10,Post-Monsoon
2024-10-22,32.612500000000004,46.81666666666666,35.32083333333333,13.883333333333333,0.90475,41.66666666666666,63.333333333333336,Moderate,40.7,2024,10,Post-Monsoon
2024-10-23,27.325,39.225,31.866666666666664,12.225,0.69925,48.083333333333336,64.70833333333333,Moderate,45.7,2024,10,Post-Monsoon
2024-10-24,22.15833333333333,31.9,32.958333333333336,11.35,0.6455416666666667,54.41666666666666,43.5,Good,49.1,2024,10,Post-Monsoon
2024-10-25,48.3125,74.47083333333333,46.69166666666666,15.3375,0.9974166666666666,62.208333333333336,65.70833333333333,Moderate,54.6,2024,10,Post-Monsoon
2024-10-26,66.3,107.09583333333336,47.95,17.816666666666666,1.18075,64.16666666666667,77.45833333333333,Moderate,56.8,2024,10,Post-Monsoon
2024-10-27,52.82083333333333,81.87916666666666,38.7875,13.016666666666666,0.9052916666666668,69.75,89.20833333333333,Moderate,62.2,2024,10,Post-Monsoon
2024-10-28,47.17916666666667,71.99166666666666,40.80416666666667,15.55,1.2095416666666667,79.91666666666667,77.41666666666667,Moderate,68.8,2024,10,Post-Monsoon
2024-10-29,46.28333333333333,71.56666666666666,33.270833333333336,11.891666666666666,0.9502083333333332,80.20833333333333,77.25,Moderate,70.8,2024,10,Post-Monsoon
2024-10-30,56.7,87.66666666666667,37.79166666666666,15.945833333333333,1.289875,85.70833333333333,81.625,Moderate,73.2,2024,10,Post-Monsoon
2024-10-31,54.56666666666666,83.375,29.4375,11.566666666666668,1.2230416666666668,88.45833333333333,86.16666666666667,Moderate,79.3,2024,10,Post-Monsoon
2024-11-01,27.508333333333336,40.40416666666667,24.866666666666664,7.583333333333333,1.049958333333333,65.0,71.54166666666667,Moderate,80.1,2024,11,Post-Monsoon
2024-11-02,21.495833333333334,32.02916666666667,19.966666666666665,6.245833333333334,0.6372916666666667,57.625,60.79166666666666,Moderate,77.7,2024,11,Post-Monsoon
2024-11-03,15.095833333333331,22.08333333333333,21.070833333333333,6.395833333333333,0.4819166666666667,46.375,32.916666666666664,Good,69.7,2024,11,Post-Monsoon
2024-11-04,12.833333333333334,19.191666666666663,17.233333333333334,6.958333333333333,0.50825,56.54166666666666,29.416666666666668,Good,62.8,2024,11,Post-Monsoon
2024-11-05,26.620833333333334,39.9875,24.9875,10.145833333333334,0.635,53.333333333333336,36.41666666666666,Good,57.0,2024,11,Post-Monsoon
2024-11-06,39.90833333333333,63.625,25.79583333333333,11.058333333333332,0.6575416666666667,71.25,69.20833333333333,Moderate,55.2,2024,11,Post-Monsoon
2024-11-07,23.8625,37.0125,17.645833333333332,7.620833333333334,0.6538333333333334,72.41666666666667,66.875,Moderate,52.5,2024,11,Post-Monsoon
2024-11-08,10.954166666666666,17.129166666666666,17.55,5.666666666666667,0.5707083333333333,61.0,34.958333333333336,Good,47.2,2024,11,Post-Monsoon
2024-11-09,13.045833333333334,20.175,18.2875,5.575,0.5485416666666666,60.25,29.20833333333333,Good,42.7,2024,11,Post-Monsoon
2024-11-10,27.016666666666666,41.54583333333333,18.84583333333333,7.358333333333333,0.6206666666666667,78.54166666666667,45.833333333333336,Good,44.6,2024,11,Post-Monsoon
2024-11-11,33.825,51.63333333333333,23.558333333333334,10.204166666666667,0.7735,76.41666666666667,65.58333333333333,Moderate,49.7,2024,11,Post-Monsoon
2024-11-12,21.991666666666664,31.10833333333333,20.4,9.625,0.46575,52.66666666666666,65.08333333333333,Moderate,53.8,2024,11,Post-Monsoon
2024-11-13,6.270833333333333,6.4750000000000005,14.895833333333334,5.9875,0.2996666666666667,34.333333333333336,22.70833333333333,Good,47.2,2024,11,Post-Monsoon
2024-11-14,7.516666666666667,7.7,14.2,5.666666666666667,0.3329583333333333,42.41666666666666,17.166666666666668,Good,40.1,2024,11,Post-Monsoon
2024-11-15,7.820833333333333,8.183333333333334,14.416666666666666,5.05,0.3994583333333333,47.625,20.25,Good,38.0,2024,11,Post-Monsoon
2024-11-16,9.1375,9.5,15.9125,5.258333333333334,0.3975416666666667,46.625,19.95833333333333,Good,36.7,2024,11,Post-Monsoon
2024-11-17,27.77083333333333,28.3,15.7375,6.345833333333334,0.4684166666666667,72.5,37.083333333333336,Good,35.4,2024,11,Post-Monsoon
2024-11-18,38.8625,39.825,13.991666666666667,5.1625000000000005,0.5251666666666667,89.83333333333333,69.91666666666667,Moderate,36.0,2024,11,Post-Monsoon
2024-11-19,33.0125,33.641666666666666,14.616666666666667,6.175,0.5505,90.04166666666667,68.29166666666667,Moderate,36.5,2024,11,Post-Monsoon
2024-11-20,40.30416666666667,41.10416666666666,15.7,6.670833333333333,0.5363749999999999,79.41666666666667,70.58333333333333,Moderate,43.3,2024,11,Post-Monsoon
2024-11-21,44.54583333333333,45.54583333333333,30.616666666666664,10.179166666666667,0.5762083333333333,68.79166666666667,70.58333333333333,Moderate,51.0,2024,11,Post-Monsoon
2024-11-22,44.94166666666666,45.770833333333336,24.979166666666668,9.4875,0.5885416666666666,89.95833333333333,78.5,Moderate,59.3,2024,11,Post-Monsoon
2024-11-23,37.958333333333336,38.97916666666666,25.14583333333333,8.625,0.5810833333333333,73.0,73.66666666666667,Moderate,66.9,2024,11,Post-Monsoon
2024-11-24,34.6875,35.6375,18.579166666666666,6.495833333333334,0.4967083333333333,83.33333333333333,68.79166666666667,Moderate,71.5,2024,11,Post-Monsoon
2024-11-25,41.025,41.7875,18.22083333333333,8.366666666666667,0.5274583333333334,86.33333333333333,69.58333333333333,Moderate,71.4,2024,11,Post-Monsoon
2024-11-26,37.1125,37.65833333333333,11.35,8.745833333333334,0.5334583333333334,83.53333333333333,72.95833333333333,Moderate,72.1,2024,11,Post-Monsoon
2024-11-27,41.79166666666666,42.708333333333336,12.975,10.591666666666669,0.4932083333333333,80.73333333333333,69.75,Moderate,72.0,2024,11,Post-Monsoon
2024-11-28,37.71666666666667,38.36666666666667,13.225,13.458333333333334,0.514375,77.93333333333334,72.125,Moderate,72.2,2024,11,Post-Monsoon
2024-11-29,35.90833333333333,36.73333333333333,12.4875,16.325,0.4348749999999999,75.13333333333333,69.75,Moderate,70.9,2024,11,Post-Monsoon
2024-11-30,22.629166666666663,22.84166666666667,12.083333333333334,10.0375,0.3979166666666667,72.33333333333333,64.16666666666667,Moderate,69.6,2024,11,Post-Monsoon
2024-12-01,9.483333333333333,9.520833333333334,12.433333333333332,7.7,0.3944583333333333,65.25,32.625,Good,64.4,2024,12,Winter
2024-12-02,8.433333333333334,8.458333333333334,14.741666666666667,7.029166666666666,0.4045416666666666,71.08333333333333,28.375,Good,58.5,2024,12,Winter
2024-12-03,12.695833333333333,12.75,13.445833333333333,8.2125,0.590875,86.66666666666667,35.75,Good,53.2,2024,12,Winter
2024-12-04,19.325,20.516666666666666,13.129166666666668,4.308333333333334,0.5236666666666666,69.54166666666667,35.25,Good,48.3,2024,12,Winter
2024-12-05,10.4125,10.6625,15.316666666666665,6.241666666666667,0.455875,50.66666666666666,29.875,Good,42.3,2024,12,Winter
2024-12-06,16.891666666666666,17.162499999999998,17.533333333333335,6.966666666666666,0.4911666666666667,65.41666666666667,31.08333333333333,Good,36.7,2024,12,Winter
2024-12-07,20.866666666666667,21.40833333333333,14.504166666666668,8.741666666666667,0.49675,72.04166666666667,40.333333333333336,Good,33.3,2024,12,Winter
2024-12-08,19.241666666666667,20.08333333333333,16.8,6.5875,0.4974583333333333,61.66666666666666,42.16666666666666,Good,34.7,2024,12,Winter
2024-12-09,29.0,29.870833333333334,26.95,10.975,0.5736249999999999,67.58333333333333,48.125,Good,37.5,2024,12,Winter
2024-12-10,40.54583333333333,41.27916666666667,18.0625,7.916666666666667,0.463125,72.54166666666667,69.83333333333333,Moderate,42.4,2024,12,Winter
2024-12-11,31.6,31.991666666666664,12.9125,8.054166666666667,0.41575,84.41666666666667,69.54166666666667,Moderate,47.3,2024,12,Winter
2024-12-12,9.170833333333333,9.270833333333334,13.1125,5.933333333333334,0.50825,73.16666666666667,44.125,Good,49.3,2024,12,Winter
2024-12-13,28.04583333333333,28.52083333333333,11.183333333333332,5.8,0.5100833333333333,89.25,40.458333333333336,Good,50.7,2024,12,Winter
2024-12-14,41.8625,42.708333333333336,11.545833333333334,9.883333333333333,0.5307916666666667,84.875,71.29166666666667,Moderate,55.1,2024,12,Winter
2024-12-15,33.075,34.49583333333333,12.229166666666666,6.908333333333334,0.480625,80.5,69.375,Moderate,59.0,2024,12,Winter
2024-12-16,52.59166666666667,53.37083333333334,17.295833333333334,12.779166666666669,0.6295833333333333,76.125,74.04166666666667,Moderate,62.7,2024,12,Winter
2024-12-17,41.00833333333333,41.833333333333336,30.166666666666668,13.8625,0.59925,71.75,78.54166666666667,Moderate,63.9,2024,12,Winter
2024-12-18,26.8875,27.28333333333333,19.97083333333333,13.325,0.57525,76.41666666666667,68.58333333333333,Moderate,63.8,2024,12,Winter
2024-12-19,27.625,27.85833333333333,17.941666666666666,13.204166666666666,0.5121666666666667,88.875,57.29166666666666,Moderate,65.7,2024,12,Winter
2024-12-20,23.77916666666667,23.879166666666663,24.320833333333336,12.916666666666666,0.55275,65.29166666666667,55.708333333333336,Moderate,67.8,2024,12,Winter
2024-12-21,47.5375,47.7875,47.77916666666667,12.895833333333332,0.7018749999999999,46.16666666666666,68.79166666666667,Moderate,67.5,2024,12,Winter
2024-12-22,40.79583333333333,41.05833333333333,29.77083333333333,12.875,0.5922083333333333,75.25,75.33333333333333,Moderate,68.3,2024,12,Winter
2024-12-23,38.8,39.38333333333333,28.666666666666668,11.583333333333334,0.5564166666666667,66.125,70.45833333333333,Moderate,67.8,2024,12,Winter
2024-12-24,39.25,40.04166666666666,35.49583333333333,13.470833333333331,0.6815000000000001,68.29166666666667,72.66666666666667,Moderate,67.0,2024,12,Winter
2024-12-25,23.52083333333333,24.03333333333333,24.73333333333333,12.416666666666666,0.4560416666666667,56.458333333333336,63.583333333333336,Moderate,66.3,2024,12,Winter
2024-12-26,12.8875,13.054166666666667,13.9375,8.508333333333333,0.3607083333333333,58.375,48.66666666666666,Good,65.0,2024,12,Winter
2024-12-27,8.575000000000001,8.825000000000001,9.333333333333334,5.120833333333334,0.3879583333333333,73.125,29.25,Good,61.2,2024,12,Winter
2024-12-28,20.4875,21.616666666666664,12.275,4.995833333333334,0.4016666666666666,86.66666666666667,38.625,Good,56.9,2024,12,Winter
2024-12-29,22.129166666666663,23.1875,14.116666666666667,5.8875,0.4034999999999999,72.95833333333333,48.083333333333336,Good,53.0,2024,12,Winter
2024-12-30,22.6625,23.40416666666667,11.020833333333334,5.675,0.3856666666666666,76.29166666666667,50.375,Very Poor,50.2,2024,12,Winter
2024-12-31,22.39583333333333,23.066666666666663,13.970833333333331,6.683333333333334,0.4242083333333333,72.25,44.54166666666666,Good,46.2,2024,12,Winter
