date,temperature_max,temperature_min,temperature_mean,rainfall,wind_speed,apparent_temp,humidity,pressure,solar,year,month,day,doy,season
2005-01-01,26.1,17.7,21.5,5.4,11.9,22.6,65.27,970.0,3.8734,2005,1,1,1,Winter
2005-01-02,27.0,16.7,21.4,2.8,10.1,22.5,71.19,970.0,5.0582,2005,1,2,2,Winter
2005-01-03,28.0,17.3,22.2,0.0,11.2,22.7,75.91,970.0,4.9224,2005,1,3,3,Winter
2005-01-04,28.4,16.4,21.7,0.0,13.5,21.0,64.34,970.0,5.7468,2005,1,4,4,Winter
2005-01-05,27.7,14.3,20.6,0.0,13.2,19.0,58.56,970.0,6.0667,2005,1,5,5,Winter
2005-01-06,27.6,13.4,20.1,0.0,16.0,18.8,64.2,970.0,5.9566,2005,1,6,6,Winter
2005-01-07,27.8,13.7,20.2,0.0,14.0,19.4,66.22,970.0,5.9482,2005,1,7,7,Winter
2005-01-08,26.8,14.3,20.2,0.0,15.0,19.4,65.94,970.0,4.9668,2005,1,8,8,Winter
2005-01-09,27.7,14.5,20.6,0.0,12.9,19.2,64.37,970.0,4.4748,2005,1,9,9,Winter
2005-01-10,28.4,12.9,20.5,0.0,9.3,19.7,57.77,970.0,5.9885,2005,1,10,10,Winter
2005-01-11,29.2,13.3,21.3,0.0,9.7,20.3,57.68,970.0,5.935,2005,1,11,11,Winter
2005-01-12,29.1,13.9,21.6,0.0,11.9,20.6,53.73,970.0,5.7706,2005,1,12,12,Winter
2005-01-13,28.1,14.0,20.9,0.0,12.3,20.1,60.24,970.0,5.9112,2005,1,13,13,Winter
2005-01-14,28.0,13.9,20.5,0.0,12.9,19.6,63.31,970.0,5.9779,2005,1,14,14,Winter
2005-01-15,28.0,15.0,20.5,0.0,13.6,19.6,59.37,970.0,6.0094,2005,1,15,15,Winter
2005-01-16,27.7,12.8,19.8,0.0,12.9,18.9,59.33,970.0,5.9945,2005,1,16,16,Winter
2005-01-17,28.0,14.9,21.2,0.0,12.6,21.4,66.0,970.0,5.407,2005,1,17,17,Winter
2005-01-18,28.4,17.1,22.3,0.0,12.3,23.1,65.58,970.0,5.2246,2005,1,18,18,Winter
2005-01-19,28.1,17.3,22.4,0.0,15.0,22.9,67.71,970.0,4.8098,2005,1,19,19,Winter
2005-01-20,28.3,17.2,22.1,0.0,16.0,21.7,60.12,970.0,5.8937,2005,1,20,20,Winter
2005-01-21,28.5,15.7,21.5,0.0,17.3,21.0,64.15,970.0,6.0485,2005,1,21,21,Winter
2005-01-22,27.3,17.9,22.1,0.0,15.4,22.1,67.79,970.0,5.1338,2005,1,22,22,Winter
2005-01-23,26.8,18.3,22.1,0.1,14.8,22.6,65.63,970.0,5.2493,2005,1,23,23,Winter
2005-01-24,28.9,17.2,22.9,0.0,14.2,23.1,65.73,970.0,5.4089,2005,1,24,24,Winter
2005-01-25,29.1,17.1,22.6,0.0,14.8,22.7,59.68,970.0,5.9472,2005,1,25,25,Winter
2005-01-26,28.6,17.3,22.6,0.0,13.2,23.3,59.81,970.0,5.7113,2005,1,26,26,Winter
2005-01-27,27.5,17.0,22.2,0.2,12.2,22.8,64.03,970.0,5.016,2005,1,27,27,Winter
2005-01-28,26.6,17.7,22.2,0.0,9.0,23.2,66.77,970.0,4.4398,2005,1,28,28,Winter
2005-01-29,27.7,17.2,22.1,0.0,14.0,21.9,60.9,970.0,6.0809,2005,1,29,29,Winter
2005-01-30,27.3,17.3,21.6,0.0,14.1,21.3,65.34,970.0,4.5602,2005,1,30,30,Winter
2005-01-31,23.2,17.4,20.2,4.2,12.9,21.2,76.89,970.0,2.8039,2005,1,31,31,Winter
2005-02-01,26.2,17.8,21.1,1.4,7.8,22.9,84.53,970.0,3.7716,2005,2,1,32,Winter
2005-02-02,26.2,18.4,21.6,1.5,11.9,22.8,70.37,970.0,5.22,2005,2,2,33,Winter
2005-02-03,26.7,18.5,21.9,0.0,15.5,22.6,68.34,970.0,4.573,2005,2,3,34,Winter
2005-02-04,26.5,18.1,21.9,0.0,15.9,22.6,72.26,970.0,4.2233,2005,2,4,35,Winter
2005-02-05,28.3,17.9,22.6,0.0,17.1,23.1,64.48,970.0,5.0386,2005,2,5,36,Winter
2005-02-06,29.1,16.3,22.5,0.0,17.0,22.6,57.0,970.0,5.3743,2005,2,6,37,Winter
2005-02-07,29.7,15.9,22.2,0.0,15.6,20.0,46.83,970.0,6.8016,2005,2,7,38,Winter
2005-02-08,29.1,13.6,20.8,0.0,15.5,19.4,55.1,970.0,6.9206,2005,2,8,39,Winter
2005-02-09,29.5,13.7,21.0,0.0,20.7,19.3,53.48,970.0,6.8388,2005,2,9,40,Winter
2005-02-10,29.9,14.9,21.8,0.0,21.3,19.5,46.55,970.0,6.8878,2005,2,10,41,Winter
2005-02-11,30.1,12.9,21.7,0.0,18.2,19.7,46.63,970.0,6.8174,2005,2,11,42,Winter
2005-02-12,30.6,14.2,22.1,0.0,20.9,19.3,41.91,970.0,7.0308,2005,2,12,43,Winter
2005-02-13,31.1,13.0,22.2,0.0,18.0,18.9,32.88,970.0,7.1177,2005,2,13,44,Winter
2005-02-14,32.7,12.9,23.2,0.0,14.8,19.9,25.59,970.0,7.223,2005,2,14,45,Winter
2005-02-15,33.5,14.8,24.5,0.0,11.4,22.0,28.34,970.0,7.0406,2005,2,15,46,Winter
2005-02-16,33.6,17.0,25.4,0.0,9.5,23.7,24.97,970.0,6.9722,2005,2,16,47,Winter
2005-02-17,33.2,16.9,25.4,0.0,11.3,23.9,26.75,970.0,6.9041,2005,2,17,48,Winter
2005-02-18,32.8,17.5,25.4,0.0,13.2,23.6,31.77,970.0,6.9427,2005,2,18,49,Winter
2005-02-19,32.5,18.6,25.0,0.0,17.1,23.3,34.07,970.0,7.081,2005,2,19,50,Winter
2005-02-20,31.7,16.5,24.0,0.0,16.2,21.6,35.63,970.0,6.7994,2005,2,20,51,Winter
2005-02-21,31.1,16.2,23.6,0.0,15.1,21.8,45.79,970.0,6.9058,2005,2,21,52,Winter
2005-02-22,30.1,18.2,23.7,0.0,14.1,24.6,54.59,970.0,5.2258,2005,2,22,53,Winter
2005-02-23,30.4,20.1,24.8,0.1,15.0,25.9,54.15,970.0,6.0331,2005,2,23,54,Winter
2005-02-24,31.4,19.4,25.2,0.0,14.7,25.4,51.86,970.0,6.0106,2005,2,24,55,Winter
2005-02-25,32.3,18.1,25.3,0.0,14.3,24.3,38.79,970.0,6.9694,2005,2,25,56,Winter
2005-02-26,32.0,18.4,25.2,0.0,17.4,23.7,37.54,970.0,6.997,2005,2,26,57,Winter
2005-02-27,31.8,17.5,24.5,0.0,15.0,21.8,31.38,970.0,7.2245,2005,2,27,58,Winter
2005-02-28,31.8,16.9,24.4,0.0,17.1,21.6,28.55,970.0,7.4431,2005,2,28,59,Winter
2005-03-01,31.8,17.1,24.5,0.0,17.7,22.4,41.77,970.0,7.2648,2005,3,1,60,Summer
2005-03-02,32.1,15.9,24.2,0.0,15.6,22.8,41.98,970.0,7.248,2005,3,2,61,Summer
2005-03-03,32.5,16.2,24.4,0.0,14.8,23.2,44.15,970.0,7.3025,2005,3,3,62,Summer
2005-03-04,32.6,16.3,24.6,0.0,14.2,23.6,44.88,970.0,7.169,2005,3,4,63,Summer
2005-03-05,32.6,17.6,25.2,0.0,17.2,25.5,51.78,970.0,6.2659,2005,3,5,64,Summer
2005-03-06,30.9,19.8,25.0,0.1,12.6,26.3,50.48,970.0,5.1106,2005,3,6,65,Summer
2005-03-07,32.0,20.5,25.7,0.0,13.0,26.6,45.98,970.0,5.9393,2005,3,7,66,Summer
2005-03-08,31.6,19.4,25.0,0.0,16.3,25.5,54.96,970.0,6.1361,2005,3,8,67,Summer
2005-03-09,31.2,19.7,24.9,0.1,12.7,26.0,54.44,970.0,5.7372,2005,3,9,68,Summer
2005-03-10,30.6,20.1,24.3,4.0,10.6,26.2,54.54,970.0,5.6554,2005,3,10,69,Summer
2005-03-11,32.1,19.3,25.5,0.1,12.0,27.0,55.47,970.0,6.2662,2005,3,11,70,Summer
2005-03-12,31.3,20.3,25.7,0.0,10.5,27.0,53.44,970.0,6.1198,2005,3,12,71,Summer
2005-03-13,31.9,20.1,25.4,0.0,17.7,26.3,49.16,970.0,6.4202,2005,3,13,72,Summer
2005-03-14,33.1,19.6,25.5,0.2,13.7,26.0,48.02,970.0,6.7284,2005,3,14,73,Summer
2005-03-15,33.4,19.9,26.1,0.0,13.3,26.3,49.4,970.0,6.5988,2005,3,15,74,Summer
2005-03-16,32.8,18.6,25.7,0.0,15.9,25.6,45.95,970.0,7.1774,2005,3,16,75,Summer
2005-03-17,32.6,18.5,25.3,0.0,18.4,24.2,39.69,970.0,7.2869,2005,3,17,76,Summer
2005-03-18,32.8,16.8,25.1,0.0,20.2,23.7,36.08,970.0,7.5934,2005,3,18,77,Summer
2005-03-19,33.4,17.2,25.4,0.0,19.5,23.2,32.25,970.0,7.6236,2005,3,19,78,Summer
2005-03-20,32.5,16.6,24.9,0.0,12.2,23.6,42.22,970.0,7.6044,2005,3,20,79,Summer
2005-03-21,34.3,17.5,26.1,0.0,11.6,25.5,39.8,970.0,7.5672,2005,3,21,80,Summer
2005-03-22,34.8,19.3,27.1,0.0,11.5,26.9,36.21,970.0,7.1244,2005,3,22,81,Summer
2005-03-23,32.4,21.2,27.1,0.0,12.7,27.5,35.88,970.0,6.5098,2005,3,23,82,Summer
2005-03-24,33.7,22.2,27.9,0.0,12.1,28.1,33.32,970.0,7.2449,2005,3,24,83,Summer
2005-03-25,34.4,21.6,28.1,0.0,14.1,28.4,33.1,970.0,7.2518,2005,3,25,84,Summer
2005-03-26,34.0,20.4,27.5,0.0,10.0,27.7,29.74,970.0,6.9691,2005,3,26,85,Summer
2005-03-27,32.1,21.5,27.2,0.0,13.9,28.0,40.9,970.0,6.119,2005,3,27,86,Summer
2005-03-28,33.7,22.1,27.8,0.0,10.6,28.7,37.65,970.0,6.4951,2005,3,28,87,Summer
2005-03-29,33.6,21.9,27.8,0.0,11.8,28.3,31.41,970.0,5.0604,2005,3,29,88,Summer
2005-03-30,33.6,21.0,27.4,0.0,9.8,29.0,32.3,970.0,6.7747,2005,3,30,89,Summer
2005-03-31,31.9,22.3,27.3,0.0,12.4,28.6,44.67,970.0,5.1602,2005,3,31,90,Summer
2005-04-01,32.1,21.8,26.7,1.4,7.6,28.4,45.63,970.0,5.8006,2005,4,1,91,Summer
2005-04-02,33.0,21.4,27.1,0.0,16.2,27.6,44.4,970.0,6.9595,2005,4,2,92,Summer
2005-04-03,32.0,20.2,25.5,0.0,21.4,26.3,59.03,970.0,6.3269,2005,4,3,93,Summer
2005-04-04,27.9,19.6,23.7,0.2,17.7,25.2,65.62,970.0,3.8755,2005,4,4,94,Summer
2005-04-05,25.5,20.6,22.1,9.4,19.6,23.8,73.04,970.0,3.8266,2005,4,5,95,Summer
2005-04-06,27.9,19.4,22.8,8.7,10.9,25.1,78.06,970.0,4.3145,2005,4,6,96,Summer
2005-04-07,28.0,20.2,23.5,6.1,9.4,26.4,77.51,970.0,4.2403,2005,4,7,97,Summer
2005-04-08,29.8,19.9,24.7,0.0,15.2,26.7,64.27,970.0,6.1469,2005,4,8,98,Summer
2005-04-09,30.3,20.1,24.4,0.8,10.5,26.8,64.3,970.0,5.9892,2005,4,9,99,Summer
2005-04-10,30.3,20.8,25.0,0.0,14.3,27.7,66.11,970.0,5.903,2005,4,10,100,Summer
2005-04-11,29.8,21.0,23.7,15.9,8.7,27.2,69.82,970.0,6.3108,2005,4,11,101,Summer
2005-04-12,29.2,20.6,24.2,1.8,9.7,27.5,67.62,970.0,5.9244,2005,4,12,102,Summer
2005-04-13,30.0,20.4,24.8,0.2,9.9,27.6,67.77,970.0,6.169,2005,4,13,103,Summer
2005-04-14,30.7,20.2,25.3,0.2,7.2,28.1,63.43,970.0,6.0883,2005,4,14,104,Summer
2005-04-15,31.1,20.3,25.7,0.0,9.3,27.9,62.41,970.0,7.151,2005,4,15,105,Summer
2005-04-16,32.3,19.6,25.9,0.0,11.5,27.4,56.99,970.0,6.9979,2005,4,16,106,Summer
2005-04-17,32.9,19.5,26.1,0.0,13.3,26.6,51.92,970.0,7.5552,2005,4,17,107,Summer
2005-04-18,33.6,20.8,26.7,0.0,14.5,26.8,54.84,970.0,7.3966,2005,4,18,108,Summer
2005-04-19,33.5,19.1,26.4,0.0,13.8,26.9,54.13,970.0,7.223,2005,4,19,109,Summer
2005-04-20,32.3,19.9,25.5,0.3,16.9,26.5,66.3,970.0,6.594,2005,4,20,110,Summer
2005-04-21,32.6,20.0,25.8,0.0,13.8,27.3,59.06,970.0,7.0812,2005,4,21,111,Summer
2005-04-22,33.5,20.6,26.7,0.0,14.5,28.1,58.36,970.0,6.9936,2005,4,22,112,Summer
2005-04-23,33.9,21.1,27.4,0.0,13.9,28.7,53.61,970.0,6.8702,2005,4,23,113,Summer
2005-04-24,33.5,22.2,27.3,0.0,9.3,28.7,61.22,970.0,6.3134,2005,4,24,114,Summer
2005-04-25,32.2,21.8,26.5,0.3,10.9,28.4,56.7,970.0,5.6239,2005,4,25,115,Summer
2005-04-26,33.6,21.4,26.5,1.1,9.9,29.4,62.03,970.0,6.4486,2005,4,26,116,Summer
2005-04-27,32.4,21.2,25.0,17.0,7.4,28.4,66.01,970.0,6.1738,2005,4,27,117,Summer
2005-04-28,32.7,21.0,26.1,0.6,8.9,29.0,58.16,970.0,6.7822,2005,4,28,118,Summer
2005-04-29,32.2,20.5,26.5,0.0,8.9,28.7,57.77,970.0,7.0793,2005,4,29,119,Summer
2005-04-30,33.8,21.6,27.6,0.0,13.7,29.2,56.94,970.0,6.7584,2005,4,30,120,Summer
2005-05-01,32.7,21.9,27.0,0.0,10.9,28.8,59.06,970.0,7.0296,2005,5,1,121,Summer
2005-05-02,32.1,20.4,26.1,0.0,17.5,28.0,67.57,970.0,6.461,2005,5,2,122,Summer
2005-05-03,31.8,21.8,26.0,0.0,11.9,27.9,63.98,970.0,6.4301,2005,5,3,123,Summer
2005-05-04,31.6,20.9,25.8,1.5,7.5,28.0,70.55,970.0,6.1135,2005,5,4,124,Summer
2005-05-05,29.5,20.9,24.2,1.8,8.8,26.7,68.85,970.0,5.8109,2005,5,5,125,Summer
2005-05-06,30.9,20.9,25.8,0.0,9.2,27.3,62.81,970.0,6.7726,2005,5,6,126,Summer
2005-05-07,31.4,20.6,26.4,0.0,8.3,27.9,60.3,970.0,6.8278,2005,5,7,127,Summer
2005-05-08,32.4,21.5,27.3,0.0,12.1,28.2,61.87,970.0,6.5376,2005,5,8,128,Summer
2005-05-09,32.7,21.9,26.0,2.8,15.0,27.6,59.22,970.0,4.9044,2005,5,9,129,Summer
2005-05-10,33.7,21.9,26.1,5.1,15.5,28.1,60.5,970.0,6.8998,2005,5,10,130,Summer
2005-05-11,31.8,20.9,25.9,0.8,13.7,28.2,61.73,970.0,4.7755,2005,5,11,131,Summer
2005-05-12,33.6,22.2,26.5,2.6,10.0,29.0,60.48,970.0,6.805,2005,5,12,132,Summer
2005-05-13,31.1,21.3,25.6,4.5,13.5,28.1,58.59,970.0,6.3348,2005,5,13,133,Summer
2005-05-14,34.0,21.5,27.6,0.0,17.4,29.1,44.83,970.0,7.0032,2005,5,14,134,Summer
2005-05-15,34.4,21.2,27.5,0.0,14.9,28.8,43.71,970.0,7.0625,2005,5,15,135,Summer
2005-05-16,33.9,21.1,27.4,0.0,14.5,28.5,51.15,970.0,7.434,2005,5,16,136,Summer
2005-05-17,34.0,21.1,27.6,0.0,15.1,28.8,46.88,970.0,7.3805,2005,5,17,137,Summer
2005-05-18,33.9,21.9,27.8,0.0,13.7,29.3,44.79,970.0,7.1011,2005,5,18,138,Summer
2005-05-19,34.4,22.4,28.6,0.0,9.7,30.0,43.26,970.0,7.2202,2005,5,19,139,Summer
2005-05-20,34.4,22.6,28.5,0.0,9.6,30.2,43.6,970.0,7.0574,2005,5,20,140,Summer
2005-05-21,34.2,22.3,28.3,0.0,14.2,30.1,52.58,970.0,6.9046,2005,5,21,141,Summer
2005-05-22,34.2,22.0,27.4,1.3,8.5,30.0,67.47,970.0,6.0598,2005,5,22,142,Summer
2005-05-23,32.9,22.3,26.8,4.9,9.7,29.8,71.36,970.0,6.9473,2005,5,23,143,Summer
2005-05-24,32.1,22.1,25.8,7.4,9.9,29.1,68.53,970.0,6.8978,2005,5,24,144,Summer
2005-05-25,31.8,21.7,25.8,9.8,12.1,29.2,73.1,970.0,6.3854,2005,5,25,145,Summer
2005-05-26,32.4,20.9,25.1,8.6,11.2,28.7,72.68,970.0,6.587,2005,5,26,146,Summer
2005-05-27,30.7,21.2,24.2,18.3,10.1,27.7,80.86,970.0,5.9266,2005,5,27,147,Summer
2005-05-28,30.1,20.9,24.3,11.5,10.3,27.7,75.37,970.0,6.6336,2005,5,28,148,Summer
2005-05-29,29.2,20.6,23.9,4.5,14.8,26.7,79.66,970.0,6.4877,2005,5,29,149,Summer
2005-05-30,28.2,20.4,23.4,15.1,12.6,26.7,77.75,970.0,4.6385,2005,5,30,150,Summer
2005-05-31,28.8,20.7,23.9,4.6,10.8,27.0,77.85,970.0,5.4864,2005,5,31,151,Summer
2005-06-01,28.6,21.0,24.0,4.8,17.8,26.4,81.03,970.0,6.4231,2005,6,1,152,Southwest Monsoon
2005-06-02,28.6,20.5,23.8,5.1,19.4,25.9,85.04,970.0,6.4327,2005,6,2,153,Southwest Monsoon
2005-06-03,29.9,20.5,24.2,5.9,16.9,26.8,83.65,970.0,6.1997,2005,6,3,154,Southwest Monsoon
2005-06-04,30.6,21.1,25.1,9.8,15.3,28.1,79.67,970.0,6.4411,2005,6,4,155,Southwest Monsoon
2005-06-05,29.2,21.3,24.2,11.1,12.6,27.7,80.18,970.0,4.8413,2005,6,5,156,Southwest Monsoon
2005-06-06,28.9,20.6,23.8,2.8,13.0,27.0,77.81,970.0,5.7007,2005,6,6,157,Southwest Monsoon
2005-06-07,28.9,20.9,24.3,1.4,15.3,26.9,78.85,970.0,6.708,2005,6,7,158,Southwest Monsoon
2005-06-08,27.8,20.5,23.2,9.9,14.1,25.7,77.81,970.0,5.977,2005,6,8,159,Southwest Monsoon
2005-06-09,28.2,20.9,23.3,11.8,14.5,25.8,84.96,970.0,5.0033,2005,6,9,160,Southwest Monsoon
2005-06-10,27.6,20.7,23.0,9.5,19.3,25.0,84.36,970.0,4.0949,2005,6,10,161,Southwest Monsoon
2005-06-11,28.6,19.9,23.9,0.5,20.9,25.2,81.41,970.0,6.2544,2005,6,11,162,Southwest Monsoon
2005-06-12,28.8,20.3,24.2,0.0,19.0,25.4,75.27,970.0,6.6761,2005,6,12,163,Southwest Monsoon
2005-06-13,29.4,19.9,23.9,5.7,16.8,26.1,75.13,970.0,6.7819,2005,6,13,164,Southwest Monsoon
2005-06-14,28.5,20.6,24.2,0.0,17.0,26.1,85.4,970.0,5.9047,2005,6,14,165,Southwest Monsoon
2005-06-15,29.2,19.9,24.4,0.0,13.7,26.6,75.39,970.0,6.474,2005,6,15,166,Southwest Monsoon
2005-06-16,29.1,20.1,24.4,0.0,16.9,26.3,73.86,970.0,6.8381,2005,6,16,167,Southwest Monsoon
2005-06-17,27.9,20.7,24.0,0.4,23.7,24.9,77.05,970.0,5.9621,2005,6,17,168,Southwest Monsoon
2005-06-18,26.0,20.3,22.8,2.8,25.5,23.5,76.81,970.0,4.8701,2005,6,18,169,Southwest Monsoon
2005-06-19,27.2,20.2,23.3,0.0,24.9,23.5,77.28,970.0,4.9824,2005,6,19,170,Southwest Monsoon
2005-06-20,26.4,20.8,22.7,1.7,23.9,23.1,77.68,970.0,4.0567,2005,6,20,171,Southwest Monsoon
2005-06-21,25.6,19.9,21.7,15.2,28.9,22.0,77.53,970.0,3.8489,2005,6,21,172,Southwest Monsoon
2005-06-22,24.6,19.8,21.5,7.3,22.7,22.0,73.68,970.0,3.9533,2005,6,22,173,Southwest Monsoon
2005-06-23,26.4,19.8,22.3,0.0,25.2,22.4,72.88,970.0,5.1346,2005,6,23,174,Southwest Monsoon
2005-06-24,27.1,20.1,23.0,0.6,24.9,23.6,77.2,970.0,5.2032,2005,6,24,175,Southwest Monsoon
2005-06-25,26.8,20.3,23.1,0.1,24.9,23.2,77.68,970.0,4.9958,2005,6,25,176,Southwest Monsoon
2005-06-26,26.5,20.6,23.0,0.1,27.3,23.0,78.28,970.0,4.7434,2005,6,26,177,Southwest Monsoon
2005-06-27,27.0,20.9,23.3,0.2,28.3,23.1,78.75,970.0,4.6152,2005,6,27,178,Southwest Monsoon
2005-06-28,25.6,20.4,22.6,0.0,30.3,22.1,78.47,970.0,4.0694,2005,6,28,179,Southwest Monsoon
2005-06-29,26.3,20.1,22.9,0.0,28.7,22.5,76.05,970.0,4.1897,2005,6,29,180,Southwest Monsoon
2005-06-30,26.2,20.0,22.4,6.4,26.9,22.5,79.73,970.0,4.314,2005,6,30,181,Southwest Monsoon
2005-07-01,26.4,20.3,22.8,0.6,27.0,22.8,78.69,970.0,3.0305,2005,7,1,182,Southwest Monsoon
2005-07-02,26.7,20.0,23.0,0.4,26.4,22.8,77.37,970.0,5.3062,2005,7,2,183,Southwest Monsoon
2005-07-03,27.4,19.8,22.9,0.3,25.6,23.0,76.73,970.0,5.4154,2005,7,3,184,Southwest Monsoon
2005-07-04,27.3,19.3,22.8,0.4,26.8,22.6,79.25,970.0,5.0606,2005,7,4,185,Southwest Monsoon
2005-07-05,26.9,20.3,22.8,1.5,30.8,22.6,74.18,970.0,4.5461,2005,7,5,186,Southwest Monsoon
2005-07-06,27.2,20.6,23.2,0.9,29.2,23.0,74.57,970.0,4.2804,2005,7,6,187,Southwest Monsoon
2005-07-07,26.9,20.8,23.3,0.5,25.3,23.4,74.74,970.0,4.8394,2005,7,7,188,Southwest Monsoon
2005-07-08,27.6,20.3,23.7,0.2,22.7,24.0,78.08,970.0,4.4294,2005,7,8,189,Southwest Monsoon
2005-07-09,27.2,20.5,23.0,0.9,27.4,23.4,73.94,970.0,4.8758,2005,7,9,190,Southwest Monsoon
2005-07-10,27.6,20.3,23.5,1.3,19.8,24.3,75.46,970.0,5.3738,2005,7,10,191,Southwest Monsoon
2005-07-11,28.3,20.4,23.2,1.6,20.7,24.2,76.95,970.0,5.4151,2005,7,11,192,Southwest Monsoon
2005-07-12,26.9,20.8,23.1,2.3,19.2,24.1,80.94,970.0,5.915,2005,7,12,193,Southwest Monsoon
2005-07-13,27.3,19.8,22.9,7.1,17.3,24.4,83.98,970.0,5.1754,2005,7,13,194,Southwest Monsoon
2005-07-14,27.6,20.3,22.8,10.7,13.6,25.5,85.98,970.0,4.7918,2005,7,14,195,Southwest Monsoon
2005-07-15,27.4,20.0,22.9,17.2,6.8,26.2,84.78,970.0,6.113,2005,7,15,196,Southwest Monsoon
2005-07-16,26.9,20.2,22.5,22.1,8.9,25.4,86.42,970.0,5.4168,2005,7,16,197,Southwest Monsoon
2005-07-17,26.5,19.5,22.3,7.4,11.8,25.0,86.93,970.0,5.5723,2005,7,17,198,Southwest Monsoon
2005-07-18,27.1,19.6,23.0,1.9,12.7,25.2,82.92,970.0,5.3174,2005,7,18,199,Southwest Monsoon
2005-07-19,27.1,20.4,22.9,6.6,13.1,25.2,85.25,970.0,5.6748,2005,7,19,200,Southwest Monsoon
2005-07-20,26.3,20.6,22.7,3.9,14.2,24.6,85.11,970.0,5.4686,2005,7,20,201,Southwest Monsoon
2005-07-21,26.2,20.0,22.2,7.3,22.1,23.3,81.75,970.0,5.4924,2005,7,21,202,Southwest Monsoon
2005-07-22,25.9,19.7,21.6,11.7,21.0,22.6,83.43,970.0,3.7726,2005,7,22,203,Southwest Monsoon
2005-07-23,26.1,20.0,21.8,2.7,21.6,23.0,85.12,970.0,3.648,2005,7,23,204,Southwest Monsoon
2005-07-24,23.8,19.7,20.7,5.1,24.1,21.2,87.01,970.0,3.6662,2005,7,24,205,Southwest Monsoon
2005-07-25,24.0,19.5,21.1,5.2,30.7,20.6,81.32,970.0,3.4171,2005,7,25,206,Southwest Monsoon
2005-07-26,23.9,19.5,21.3,8.4,31.5,20.8,83.6,970.0,3.4303,2005,7,26,207,Southwest Monsoon
2005-07-27,24.9,20.1,21.8,3.3,26.0,21.6,81.66,970.0,3.5486,2005,7,27,208,Southwest Monsoon
2005-07-28,26.0,19.4,22.2,1.4,28.5,22.0,80.68,970.0,4.7611,2005,7,28,209,Southwest Monsoon
2005-07-29,25.9,19.5,21.5,11.7,27.8,21.5,81.54,970.0,3.8772,2005,7,29,210,Southwest Monsoon
2005-07-30,25.7,18.9,21.9,6.5,31.8,21.4,82.56,970.0,4.1702,2005,7,30,211,Southwest Monsoon
2005-07-31,25.7,20.3,22.3,1.5,31.4,21.7,82.38,970.0,4.2319,2005,7,31,212,Southwest Monsoon
2005-08-01,24.4,20.1,21.9,2.2,30.7,21.2,82.02,970.0,4.123,2005,8,1,213,Southwest Monsoon
2005-08-02,25.6,20.5,22.4,0.2,33.5,21.6,81.71,970.0,3.54,2005,8,2,214,Southwest Monsoon
2005-08-03,25.0,19.9,22.0,1.6,28.3,21.4,83.27,970.0,4.1796,2005,8,3,215,Southwest Monsoon
2005-08-04,24.6,19.2,21.4,1.5,26.7,21.3,82.27,970.0,4.3894,2005,8,4,216,Southwest Monsoon
2005-08-05,25.2,20.0,22.2,0.0,27.2,22.0,84.27,970.0,4.0675,2005,8,5,217,Southwest Monsoon
2005-08-06,25.9,19.1,22.2,0.0,26.9,21.6,81.26,970.0,5.0304,2005,8,6,218,Southwest Monsoon
2005-08-07,25.7,18.3,21.9,0.1,26.3,21.6,80.53,970.0,5.0894,2005,8,7,219,Southwest Monsoon
2005-08-08,25.5,18.5,21.9,0.3,25.1,21.9,82.73,970.0,4.812,2005,8,8,220,Southwest Monsoon
2005-08-09,24.7,18.9,21.1,5.5,22.2,21.7,81.56,970.0,4.2744,2005,8,9,221,Southwest Monsoon
2005-08-10,26.4,19.7,21.8,6.0,21.8,22.6,84.71,970.0,4.193,2005,8,10,222,Southwest Monsoon
2005-08-11,25.6,19.7,22.2,1.5,26.2,22.3,82.05,970.0,5.2865,2005,8,11,223,Southwest Monsoon
2005-08-12,25.6,19.7,22.4,0.9,27.3,22.3,80.53,970.0,4.5629,2005,8,12,224,Southwest Monsoon
2005-08-13,26.5,19.1,22.3,0.6,25.4,22.5,81.59,970.0,5.1634,2005,8,13,225,Southwest Monsoon
2005-08-14,27.0,20.0,22.5,2.1,24.1,23.2,84.17,970.0,4.2173,2005,8,14,226,Southwest Monsoon
2005-08-15,26.5,19.9,22.1,5.7,23.8,22.7,86.15,970.0,3.9847,2005,8,15,227,Southwest Monsoon
2005-08-16,23.4,19.6,21.2,4.5,24.6,21.4,84.89,970.0,3.1025,2005,8,16,228,Southwest Monsoon
2005-08-17,24.9,19.7,21.5,1.7,23.5,21.9,80.45,970.0,5.0443,2005,8,17,229,Southwest Monsoon
2005-08-18,26.8,19.3,22.7,0.0,24.1,22.8,80.55,970.0,5.1502,2005,8,18,230,Southwest Monsoon
2005-08-19,25.9,18.6,22.0,0.6,21.3,22.5,84.2,970.0,5.381,2005,8,19,231,Southwest Monsoon
2005-08-20,26.7,18.1,22.1,0.0,22.8,22.4,78.32,970.0,6.8446,2005,8,20,232,Southwest Monsoon
2005-08-21,26.4,17.6,22.1,0.0,15.0,23.1,80.19,970.0,6.4913,2005,8,21,233,Southwest Monsoon
2005-08-22,27.0,18.4,22.8,0.3,13.9,24.4,80.86,970.0,6.2129,2005,8,22,234,Southwest Monsoon
2005-08-23,27.4,19.3,22.7,2.4,7.5,25.4,90.52,970.0,3.9845,2005,8,23,235,Southwest Monsoon
2005-08-24,26.0,19.6,22.5,0.8,10.4,24.5,86.14,970.0,5.9095,2005,8,24,236,Southwest Monsoon
2005-08-25,27.4,19.0,22.5,3.4,14.7,24.3,80.93,970.0,5.958,2005,8,25,237,Southwest Monsoon
2005-08-26,27.0,18.7,22.6,1.0,15.4,24.5,84.75,970.0,5.2906,2005,8,26,238,Southwest Monsoon
2005-08-27,27.3,19.3,22.6,5.2,13.3,25.0,87.93,970.0,4.6433,2005,8,27,239,Southwest Monsoon
2005-08-28,28.3,19.3,23.0,7.7,9.4,26.4,84.73,970.0,6.4476,2005,8,28,240,Southwest Monsoon
2005-08-29,28.1,20.0,23.0,4.1,5.8,26.7,82.34,970.0,6.095,2005,8,29,241,Southwest Monsoon
2005-08-30,27.4,18.9,22.8,2.5,11.7,25.4,78.21,970.0,5.9484,2005,8,30,242,Southwest Monsoon
2005-08-31,27.2,19.5,22.5,6.4,13.9,25.0,87.18,970.0,4.837,2005,8,31,243,Southwest Monsoon
2005-09-01,27.8,19.4,22.7,19.2,12.3,25.6,85.17,970.0,5.9952,2005,9,1,244,Southwest Monsoon
2005-09-02,27.3,19.8,22.8,12.8,12.3,26.0,84.7,970.0,4.0157,2005,9,2,245,Southwest Monsoon
2005-09-03,27.8,20.2,22.9,7.4,10.3,26.1,90.23,970.0,5.4778,2005,9,3,246,Southwest Monsoon
2005-09-04,27.6,20.6,22.9,7.5,12.3,26.2,92.28,970.0,5.6119,2005,9,4,247,Southwest Monsoon
2005-09-05,26.0,19.9,22.0,11.0,16.7,24.1,90.54,970.0,4.495,2005,9,5,248,Southwest Monsoon
2005-09-06,25.8,19.3,21.9,2.0,13.4,23.9,86.76,970.0,4.08,2005,9,6,249,Southwest Monsoon
2005-09-07,25.2,19.5,21.8,1.2,10.7,24.0,86.45,970.0,2.9198,2005,9,7,250,Southwest Monsoon
2005-09-08,26.1,19.5,22.4,0.9,12.8,24.6,85.34,970.0,5.179,2005,9,8,251,Southwest Monsoon
2005-09-09,26.1,20.2,22.4,2.5,18.4,24.4,87.22,970.0,4.1539,2005,9,9,252,Southwest Monsoon
2005-09-10,26.2,19.8,22.4,3.1,21.0,23.5,89.85,970.0,3.8568,2005,9,10,253,Southwest Monsoon
2005-09-11,25.5,20.0,22.2,2.9,24.9,22.8,88.0,970.0,4.5583,2005,9,11,254,Southwest Monsoon
2005-09-12,25.6,20.4,22.2,0.6,29.9,22.2,88.36,970.0,4.0944,2005,9,12,255,Southwest Monsoon
2005-09-13,25.8,20.3,22.5,0.0,26.3,22.7,86.51,970.0,4.2526,2005,9,13,256,Southwest Monsoon
2005-09-14,26.1,19.8,22.2,1.1,22.9,22.9,85.98,970.0,4.3418,2005,9,14,257,Southwest Monsoon
2005-09-15,26.0,19.7,22.1,0.3,20.3,23.0,85.48,970.0,4.4902,2005,9,15,258,Southwest Monsoon
2005-09-16,26.8,18.4,22.4,0.0,17.3,23.5,87.55,970.0,6.1733,2005,9,16,259,Southwest Monsoon
2005-09-17,26.6,17.2,22.0,0.0,18.6,22.7,84.47,970.0,6.4181,2005,9,17,260,Southwest Monsoon
2005-09-18,26.6,17.7,22.1,0.3,23.4,22.4,83.3,970.0,6.6113,2005,9,18,261,Southwest Monsoon
2005-09-19,24.0,18.4,20.9,0.2,28.3,20.0,84.56,970.0,4.9906,2005,9,19,262,Southwest Monsoon
2005-09-20,23.8,19.7,21.2,1.1,30.6,20.6,85.29,970.0,3.1169,2005,9,20,263,Southwest Monsoon
2005-09-21,26.5,19.4,22.5,0.0,26.3,22.5,85.26,970.0,5.6734,2005,9,21,264,Southwest Monsoon
2005-09-22,27.4,18.2,22.4,0.0,20.0,23.1,83.8,970.0,6.3031,2005,9,22,265,Southwest Monsoon
2005-09-23,27.7,17.7,22.4,0.0,13.6,23.9,84.53,970.0,6.1394,2005,9,23,266,Southwest Monsoon
2005-09-24,27.6,18.1,22.6,0.1,11.3,24.3,81.91,970.0,6.9929,2005,9,24,267,Southwest Monsoon
2005-09-25,27.8,18.5,22.9,0.0,14.0,24.4,82.79,970.0,6.3362,2005,9,25,268,Southwest Monsoon
2005-09-26,27.8,17.2,22.5,0.0,11.4,23.8,82.18,970.0,6.6031,2005,9,26,269,Southwest Monsoon
2005-09-27,26.8,18.0,22.6,0.5,12.8,24.3,84.91,970.0,5.9148,2005,9,27,270,Southwest Monsoon
2005-09-28,27.7,19.1,22.7,3.8,12.7,25.2,85.67,970.0,5.5937,2005,9,28,271,Southwest Monsoon
2005-09-29,25.9,19.2,22.2,0.8,11.3,24.5,88.49,970.0,4.0685,2005,9,29,272,Southwest Monsoon
2005-09-30,27.0,19.4,22.7,0.4,13.0,24.8,88.41,970.0,4.7016,2005,9,30,273,Southwest Monsoon
2005-10-01,27.0,18.4,22.3,3.6,11.5,24.4,87.23,970.0,5.0374,2005,10,1,274,Post-Monsoon
2005-10-02,28.1,19.3,22.5,12.4,9.7,25.2,87.16,970.0,4.8967,2005,10,2,275,Post-Monsoon
2005-10-03,26.6,18.6,22.0,12.2,8.4,24.8,81.91,970.0,5.2502,2005,10,3,276,Post-Monsoon
2005-10-04,27.6,18.5,22.0,15.3,5.8,25.4,85.68,970.0,6.1121,2005,10,4,277,Post-Monsoon
2005-10-05,27.1,18.6,21.9,18.3,8.9,25.0,85.49,970.0,5.0767,2005,10,5,278,Post-Monsoon
2005-10-06,27.6,18.1,22.1,4.3,9.9,25.1,83.07,970.0,5.1506,2005,10,6,279,Post-Monsoon
2005-10-07,27.3,18.3,22.0,5.3,9.2,25.1,85.67,970.0,5.2428,2005,10,7,280,Post-Monsoon
2005-10-08,27.5,18.2,22.1,10.7,7.4,25.4,87.02,970.0,5.3278,2005,10,8,281,Post-Monsoon
2005-10-09,26.6,18.7,21.9,9.9,10.0,24.8,85.46,970.0,5.3098,2005,10,9,282,Post-Monsoon
2005-10-10,24.3,18.8,20.8,11.1,11.5,23.3,89.75,970.0,4.4815,2005,10,10,283,Post-Monsoon
2005-10-11,25.5,19.5,21.2,13.7,13.0,23.6,88.26,970.0,4.4909,2005,10,11,284,Post-Monsoon
2005-10-12,24.1,19.2,20.7,13.2,8.6,23.4,89.75,970.0,4.6987,2005,10,12,285,Post-Monsoon
2005-10-13,22.6,19.0,20.4,15.8,11.6,22.9,92.49,970.0,2.0352,2005,10,13,286,Post-Monsoon
2005-10-14,24.4,19.5,21.3,37.5,22.5,22.9,93.27,970.0,4.7923,2005,10,14,287,Post-Monsoon
2005-10-15,25.9,18.8,21.9,0.1,11.5,24.0,87.29,970.0,5.8752,2005,10,15,288,Post-Monsoon
2005-10-16,26.9,18.8,22.3,6.0,8.7,25.2,85.41,970.0,5.0434,2005,10,16,289,Post-Monsoon
2005-10-17,26.5,19.1,22.1,11.1,5.8,25.3,86.7,970.0,5.731,2005,10,17,290,Post-Monsoon
2005-10-18,25.5,18.8,21.4,4.2,11.7,23.9,94.66,970.0,5.323,2005,10,18,291,Post-Monsoon
2005-10-19,24.7,18.6,21.0,12.6,12.5,23.1,90.57,970.0,5.0062,2005,10,19,292,Post-Monsoon
2005-10-20,26.2,19.4,22.0,1.3,13.7,24.4,92.58,970.0,4.3884,2005,10,20,293,Post-Monsoon
2005-10-21,26.3,18.1,22.3,0.1,10.8,24.5,91.19,970.0,4.6435,2005,10,21,294,Post-Monsoon
2005-10-22,26.1,18.8,21.9,14.9,8.6,24.9,89.26,970.0,4.6901,2005,10,22,295,Post-Monsoon
2005-10-23,24.8,19.2,21.4,7.3,12.6,24.0,93.16,970.0,4.4455,2005,10,23,296,Post-Monsoon
2005-10-24,25.1,18.6,21.2,15.9,7.7,24.1,93.03,970.0,3.8983,2005,10,24,297,Post-Monsoon
2005-10-25,24.9,18.3,20.8,21.7,14.6,23.3,94.12,970.0,2.5286,2005,10,25,298,Post-Monsoon
2005-10-26,24.9,18.4,21.0,8.4,11.0,23.5,91.94,970.0,3.5064,2005,10,26,299,Post-Monsoon
2005-10-27,20.7,18.9,19.8,27.5,17.9,21.2,94.74,970.0,1.4326,2005,10,27,300,Post-Monsoon
2005-10-28,19.5,17.9,18.8,21.2,20.5,19.1,94.02,970.0,3.1723,2005,10,28,301,Post-Monsoon
2005-10-29,22.7,19.2,20.8,0.2,21.3,21.8,91.59,970.0,3.9617,2005,10,29,302,Post-Monsoon
2005-10-30,25.2,19.7,22.0,0.8,14.2,24.1,95.77,970.0,3.1284,2005,10,30,303,Post-Monsoon
2005-10-31,26.0,19.3,21.9,2.7,6.7,25.0,91.35,970.0,4.1878,2005,10,31,304,Post-Monsoon
2005-11-01,25.7,19.7,21.8,5.3,9.7,24.6,91.56,970.0,4.9882,2005,11,1,305,Post-Monsoon
2005-11-02,25.5,19.6,21.6,21.6,6.5,24.7,90.98,970.0,3.618,2005,11,2,306,Post-Monsoon
2005-11-03,25.7,19.2,21.2,7.3,10.4,23.6,87.1,970.0,4.3877,2005,11,3,307,Post-Monsoon
2005-11-04,25.6,18.3,21.3,0.2,16.1,23.1,91.16,970.0,4.6325,2005,11,4,308,Post-Monsoon
2005-11-05,24.5,19.1,21.2,1.2,16.5,23.0,90.1,970.0,4.2938,2005,11,5,309,Post-Monsoon
2005-11-06,23.9,18.4,20.2,2.7,17.1,21.3,91.31,970.0,2.645,2005,11,6,310,Post-Monsoon
2005-11-07,23.3,16.9,20.1,0.5,21.7,20.6,91.48,970.0,3.7798,2005,11,7,311,Post-Monsoon
2005-11-08,24.0,18.6,20.6,4.7,16.4,21.6,90.44,970.0,2.6849,2005,11,8,312,Post-Monsoon
2005-11-09,23.7,18.2,20.1,4.9,17.9,21.5,91.87,970.0,2.6316,2005,11,9,313,Post-Monsoon
2005-11-10,24.2,17.9,20.9,0.4,13.8,22.3,89.34,970.0,3.857,2005,11,10,314,Post-Monsoon
2005-11-11,25.4,18.1,21.1,0.8,14.2,22.7,91.61,970.0,3.8803,2005,11,11,315,Post-Monsoon
2005-11-12,25.6,17.5,20.9,0.0,13.1,22.2,87.76,970.0,3.5926,2005,11,12,316,Post-Monsoon
2005-11-13,24.8,13.9,19.1,0.0,9.5,19.4,80.07,970.0,5.286,2005,11,13,317,Post-Monsoon
2005-11-14,24.8,12.5,18.5,0.0,10.2,18.4,80.25,970.0,6.0187,2005,11,14,318,Post-Monsoon
2005-11-15,25.4,12.2,18.5,0.0,10.0,18.5,82.2,970.0,5.8046,2005,11,15,319,Post-Monsoon
2005-11-16,24.9,11.4,18.0,0.0,12.0,17.7,77.28,970.0,5.7713,2005,11,16,320,Post-Monsoon
2005-11-17,24.6,11.2,17.8,0.0,12.5,17.2,80.19,970.0,6.3941,2005,11,17,321,Post-Monsoon
2005-11-18,24.8,11.0,17.9,0.0,12.0,17.4,79.18,970.0,6.336,2005,11,18,322,Post-Monsoon
2005-11-19,25.1,11.3,18.1,0.0,10.6,17.8,84.45,970.0,6.2011,2005,11,19,323,Post-Monsoon
2005-11-20,25.2,12.6,18.5,0.0,13.1,18.3,83.45,970.0,5.9474,2005,11,20,324,Post-Monsoon
2005-11-21,22.8,15.0,18.7,7.3,20.7,18.5,91.9,970.0,3.2568,2005,11,21,325,Post-Monsoon
2005-11-22,22.3,18.0,19.3,16.7,24.1,19.9,93.96,970.0,2.177,2005,11,22,326,Post-Monsoon
2005-11-23,22.2,18.7,19.8,11.0,25.3,20.1,93.49,970.0,1.103,2005,11,23,327,Post-Monsoon
2005-11-24,20.4,18.4,19.2,11.9,22.1,19.8,91.01,970.0,1.7933,2005,11,24,328,Post-Monsoon
2005-11-25,23.0,18.4,19.9,2.6,19.9,20.6,90.79,970.0,2.7437,2005,11,25,329,Post-Monsoon
2005-11-26,23.7,17.9,20.3,1.0,16.2,21.1,89.17,970.0,3.1618,2005,11,26,330,Post-Monsoon
2005-11-27,23.6,17.1,20.1,0.5,13.4,21.0,87.86,970.0,4.4419,2005,11,27,331,Post-Monsoon
2005-11-28,24.7,15.4,19.6,0.0,13.3,20.0,86.23,970.0,5.3609,2005,11,28,332,Post-Monsoon
2005-11-29,23.8,13.0,18.3,0.0,11.1,18.5,83.79,970.0,5.8022,2005,11,29,333,Post-Monsoon
2005-11-30,24.8,11.8,18.3,0.0,8.9,18.2,78.15,970.0,6.0442,2005,11,30,334,Post-Monsoon
2005-12-01,25.8,12.0,18.9,0.0,12.5,19.1,78.97,970.0,5.8294,2005,12,1,335,Winter
2005-12-02,25.2,15.2,20.0,0.2,12.3,21.2,86.57,970.0,4.7419,2005,12,2,336,Winter
2005-12-03,21.4,18.4,19.5,24.7,15.6,21.0,92.07,970.0,2.767,2005,12,3,337,Winter
2005-12-04,20.3,18.6,19.2,45.2,17.3,20.5,93.93,970.0,1.8478,2005,12,4,338,Winter
2005-12-05,24.4,16.9,20.4,0.5,17.1,21.3,88.21,970.0,3.9211,2005,12,5,339,Winter
2005-12-06,25.2,14.6,19.6,0.0,13.8,19.9,84.24,970.0,5.6726,2005,12,6,340,Winter
2005-12-07,25.7,15.9,20.1,0.0,12.8,20.9,87.01,970.0,5.7149,2005,12,7,341,Winter
2005-12-08,24.9,12.7,18.3,0.0,12.8,17.7,72.38,970.0,6.2208,2005,12,8,342,Winter
2005-12-09,24.5,11.5,18.4,0.0,11.3,17.9,76.51,970.0,4.1033,2005,12,9,343,Winter
2005-12-10,24.5,16.8,20.3,0.3,16.4,20.6,86.34,970.0,3.6026,2005,12,10,344,Winter
2005-12-11,23.4,17.9,20.0,4.2,14.3,21.1,89.59,970.0,2.4845,2005,12,11,345,Winter
2005-12-12,24.0,17.9,20.4,0.0,15.5,20.6,89.22,970.0,3.1274,2005,12,12,346,Winter
2005-12-13,21.6,17.2,19.4,0.5,15.5,19.7,92.0,970.0,2.9849,2005,12,13,347,Winter
2005-12-14,24.4,16.2,20.2,0.1,13.1,21.2,87.21,970.0,4.481,2005,12,14,348,Winter
2005-12-15,24.7,15.4,20.0,0.0,12.4,20.6,82.86,970.0,5.2594,2005,12,15,349,Winter
2005-12-16,24.3,13.6,18.3,0.0,14.3,17.9,81.68,970.0,5.7979,2005,12,16,350,Winter
2005-12-17,24.1,13.1,18.6,0.1,12.5,18.8,87.48,970.0,4.4976,2005,12,17,351,Winter
2005-12-18,22.7,17.0,19.3,0.0,19.5,19.8,92.7,970.0,3.6413,2005,12,18,352,Winter
2005-12-19,25.3,16.3,20.2,0.0,15.5,20.9,89.48,970.0,4.9368,2005,12,19,353,Winter
2005-12-20,25.8,15.9,20.3,0.0,12.0,21.5,87.66,970.0,5.4504,2005,12,20,354,Winter
2005-12-21,25.0,17.5,20.4,1.2,11.7,22.0,86.04,970.0,3.8935,2005,12,21,355,Winter
2005-12-22,25.8,16.7,20.6,0.0,7.6,22.3,80.92,970.0,4.541,2005,12,22,356,Winter
2005-12-23,25.6,16.8,20.7,0.0,8.0,21.9,79.67,970.0,5.2229,2005,12,23,357,Winter
2005-12-24,25.7,18.2,21.1,0.0,10.8,22.3,83.58,970.0,4.793,2005,12,24,358,Winter
2005-12-25,24.7,16.7,20.3,0.0,12.6,20.7,83.81,970.0,4.6238,2005,12,25,359,Winter
2005-12-26,23.7,15.5,18.9,0.0,11.2,18.8,81.91,970.0,4.8427,2005,12,26,360,Winter
2005-12-27,23.7,12.4,17.6,0.0,11.1,16.9,76.11,970.0,5.8565,2005,12,27,361,Winter
2005-12-28,23.9,12.1,17.5,0.0,9.0,17.6,84.42,970.0,5.4619,2005,12,28,362,Winter
2005-12-29,24.1,14.7,18.7,0.0,9.8,19.1,79.53,970.0,5.2968,2005,12,29,363,Winter
2005-12-30,23.8,11.6,17.3,0.0,10.0,16.9,80.97,970.0,5.7902,2005,12,30,364,Winter
2005-12-31,23.1,14.3,17.7,0.0,14.5,17.2,84.02,970.0,4.865,2005,12,31,365,Winter
2006-01-01,23.7,13.3,17.6,0.0,13.3,17.1,83.02,970.0,5.9342,2006,1,1,1,Winter
2006-01-02,23.4,13.1,17.5,0.0,11.0,17.3,84.44,970.0,4.9886,2006,1,2,2,Winter
2006-01-03,24.8,12.1,18.0,0.0,10.8,17.7,82.57,970.0,5.4156,2006,1,3,3,Winter
2006-01-04,25.0,14.2,18.7,0.0,10.6,18.4,82.91,970.0,5.3268,2006,1,4,4,Winter
2006-01-05,26.0,13.3,19.4,0.0,11.2,19.7,86.37,970.0,4.3284,2006,1,5,5,Winter
2006-01-06,25.0,14.6,19.2,0.0,12.6,18.5,81.9,970.0,3.7982,2006,1,6,6,Winter
2006-01-07,25.3,14.1,19.1,0.0,12.7,19.3,85.11,970.0,5.3899,2006,1,7,7,Winter
2006-01-08,24.8,17.9,20.4,1.3,13.0,21.8,89.05,970.0,3.4536,2006,1,8,8,Winter
2006-01-09,26.1,18.2,21.5,0.2,12.8,22.5,86.12,970.0,4.3529,2006,1,9,9,Winter
2006-01-10,26.4,16.3,20.7,0.0,16.2,20.3,83.4,970.0,5.7797,2006,1,10,10,Winter
2006-01-11,25.8,14.6,19.4,0.0,15.7,18.6,78.6,970.0,5.9482,2006,1,11,11,Winter
2006-01-12,27.1,13.8,19.8,0.0,13.3,19.6,79.88,970.0,5.9285,2006,1,12,12,Winter
2006-01-13,27.2,14.5,20.1,0.0,14.3,19.4,75.4,970.0,5.9614,2006,1,13,13,Winter
2006-01-14,28.0,13.2,20.3,0.0,11.2,19.6,72.0,970.0,5.9882,2006,1,14,14,Winter
2006-01-15,27.6,17.3,21.6,0.0,15.4,22.4,80.23,970.0,4.9428,2006,1,15,15,Winter
2006-01-16,27.8,16.4,21.6,0.0,11.6,22.7,79.97,970.0,5.803,2006,1,16,16,Winter
2006-01-17,28.5,16.6,21.8,0.0,10.0,22.9,76.9,970.0,5.874,2006,1,17,17,Winter
2006-01-18,28.7,13.8,21.1,0.0,12.5,20.3,71.39,970.0,6.3341,2006,1,18,18,Winter
2006-01-19,28.1,13.9,20.4,0.0,14.8,18.3,64.57,970.0,6.4025,2006,1,19,19,Winter
2006-01-20,28.2,12.6,20.2,0.0,16.6,18.6,62.73,970.0,6.4001,2006,1,20,20,Winter
2006-01-21,28.5,12.9,20.5,0.0,15.8,19.2,66.34,970.0,6.389,2006,1,21,21,Winter
2006-01-22,28.5,12.6,20.7,0.0,9.1,19.5,60.75,970.0,6.4063,2006,1,22,22,Winter
2006-01-23,29.1,13.9,21.4,0.0,9.4,20.3,61.49,970.0,6.3922,2006,1,23,23,Winter
2006-01-24,28.7,14.5,21.6,0.0,10.8,20.9,64.34,970.0,6.2844,2006,1,24,24,Winter
2006-01-25,26.9,15.5,21.1,0.0,13.7,20.1,70.24,970.0,6.0586,2006,1,25,25,Winter
2006-01-26,26.4,14.4,20.1,0.0,13.8,18.7,68.41,970.0,6.1438,2006,1,26,26,Winter
2006-01-27,24.7,16.1,20.0,0.0,17.1,19.3,81.85,970.0,4.2521,2006,1,27,27,Winter
2006-01-28,26.9,14.5,20.1,0.0,12.1,19.5,73.16,970.0,6.2018,2006,1,28,28,Winter
2006-01-29,27.0,12.9,19.4,0.0,11.9,18.1,67.12,970.0,6.4661,2006,1,29,29,Winter
2006-01-30,26.9,11.3,19.0,0.0,11.8,17.1,70.68,970.0,6.6319,2006,1,30,30,Winter
2006-01-31,27.6,12.1,19.3,0.0,14.1,17.8,74.14,970.0,6.5436,2006,1,31,31,Winter
2006-02-01,26.9,11.0,19.1,0.0,14.8,18.0,75.67,970.0,6.4934,2006,2,1,32,Winter
2006-02-02,27.1,12.4,19.5,0.0,16.6,18.2,75.9,970.0,6.5854,2006,2,2,33,Winter
2006-02-03,26.1,12.1,19.2,0.0,14.9,18.4,76.53,970.0,5.4718,2006,2,3,34,Winter
2006-02-04,28.4,15.4,21.6,0.0,13.8,21.5,78.41,970.0,5.6443,2006,2,4,35,Winter
2006-02-05,28.8,17.2,22.2,0.0,15.5,21.6,68.81,970.0,6.4776,2006,2,5,36,Winter
2006-02-06,28.5,13.1,20.8,0.0,14.4,18.7,58.68,970.0,6.8602,2006,2,6,37,Winter
2006-02-07,27.8,13.0,20.3,0.0,14.4,18.3,56.94,970.0,6.7694,2006,2,7,38,Winter
2006-02-08,27.2,12.5,19.8,0.0,12.6,17.8,63.18,970.0,5.567,2006,2,8,39,Winter
2006-02-09,26.6,12.6,19.3,0.0,12.6,16.8,59.67,970.0,6.072,2006,2,9,40,Winter
2006-02-10,27.5,12.9,19.8,0.0,13.2,17.9,61.7,970.0,6.8825,2006,2,10,41,Winter
2006-02-11,27.2,12.5,19.9,0.0,15.9,17.7,62.37,970.0,6.8405,2006,2,11,42,Winter
2006-02-12,26.9,13.0,19.9,0.0,16.8,17.6,61.33,970.0,6.7867,2006,2,12,43,Winter
2006-02-13,27.4,10.9,19.5,0.0,17.7,16.7,59.71,970.0,7.0579,2006,2,13,44,Winter
2006-02-14,28.7,10.3,20.0,0.0,11.2,17.6,54.47,970.0,7.1126,2006,2,14,45,Winter
2006-02-15,30.3,13.3,21.5,0.0,10.7,19.3,49.73,970.0,6.9055,2006,2,15,46,Winter
2006-02-16,30.9,14.3,22.4,0.0,10.8,20.2,55.03,970.0,6.9886,2006,2,16,47,Winter
2006-02-17,31.5,15.5,23.1,0.0,11.9,21.5,57.57,970.0,6.9254,2006,2,17,48,Winter
2006-02-18,31.5,15.0,23.4,0.0,18.5,21.3,58.06,970.0,6.9521,2006,2,18,49,Winter
2006-02-19,30.9,14.5,22.9,0.0,15.3,21.2,56.81,970.0,7.0058,2006,2,19,50,Winter
2006-02-20,31.4,15.0,23.3,0.0,18.1,21.5,53.62,970.0,7.0939,2006,2,20,51,Winter
2006-02-21,31.0,14.9,22.8,0.0,16.9,20.8,55.12,970.0,6.5971,2006,2,21,52,Winter
2006-02-22,30.6,13.7,22.4,0.0,17.8,19.6,47.7,970.0,7.0591,2006,2,22,53,Winter
2006-02-23,30.5,14.1,22.2,0.0,18.2,19.1,44.41,970.0,6.9792,2006,2,23,54,Winter
2006-02-24,30.9,13.1,22.0,0.0,19.9,18.5,39.81,970.0,7.4206,2006,2,24,55,Winter
2006-02-25,31.3,14.4,22.6,0.0,11.9,20.0,36.98,970.0,6.8861,2006,2,25,56,Winter
2006-02-26,31.1,13.7,22.8,0.0,11.4,20.5,41.08,970.0,6.3026,2006,2,26,57,Winter
2006-02-27,30.7,16.2,23.6,0.0,11.6,23.4,53.04,970.0,6.9751,2006,2,27,58,Winter
2006-02-28,30.7,17.3,24.1,0.0,11.6,24.5,64.08,970.0,5.8891,2006,2,28,59,Winter
2006-03-01,31.3,18.9,25.0,0.0,13.8,25.9,63.05,970.0,5.837,2006,3,1,60,Summer
2006-03-02,31.2,18.7,24.9,0.0,13.6,25.7,65.15,970.0,5.9741,2006,3,2,61,Summer
2006-03-03,30.3,19.7,23.4,6.6,19.5,25.1,75.35,970.0,5.4658,2006,3,3,62,Summer
2006-03-04,29.0,20.2,23.9,0.6,11.6,25.9,67.58,970.0,5.2392,2006,3,4,63,Summer
2006-03-05,29.6,19.3,23.7,7.7,8.7,26.2,68.96,970.0,6.3931,2006,3,5,64,Summer
2006-03-06,29.3,19.5,23.8,2.6,8.2,26.2,77.96,970.0,5.8109,2006,3,6,65,Summer
2006-03-07,29.9,18.7,24.0,0.0,9.0,25.2,73.69,970.0,6.9192,2006,3,7,66,Summer
2006-03-08,30.7,17.3,24.0,0.0,12.7,23.7,60.28,970.0,7.0474,2006,3,8,67,Summer
2006-03-09,29.4,17.6,23.0,6.6,12.1,24.1,78.64,970.0,5.291,2006,3,9,68,Summer
2006-03-10,27.4,18.4,21.9,14.5,9.2,24.2,75.48,970.0,5.5505,2006,3,10,69,Summer
2006-03-11,28.3,18.1,22.9,0.2,9.8,25.3,72.49,970.0,5.9136,2006,3,11,70,Summer
2006-03-12,29.3,17.9,23.4,0.0,10.9,24.0,59.13,970.0,7.4542,2006,3,12,71,Summer
2006-03-13,29.8,17.4,23.2,0.0,10.9,24.1,67.79,970.0,6.673,2006,3,13,72,Summer
2006-03-14,27.9,18.7,23.2,0.0,12.5,24.5,65.39,970.0,6.0374,2006,3,14,73,Summer
2006-03-15,28.6,19.5,23.4,0.0,13.2,24.7,65.09,970.0,6.5033,2006,3,15,74,Summer
2006-03-16,29.5,18.8,24.1,0.0,10.9,25.1,61.51,970.0,6.3475,2006,3,16,75,Summer
2006-03-17,30.0,19.6,24.4,0.0,10.2,25.6,65.12,970.0,6.1102,2006,3,17,76,Summer
2006-03-18,31.0,18.0,24.6,0.0,15.7,25.3,59.15,970.0,6.6912,2006,3,18,77,Summer
2006-03-19,31.2,18.5,24.5,0.0,16.7,24.8,60.28,970.0,7.1088,2006,3,19,78,Summer
2006-03-20,31.1,17.5,24.4,0.0,13.3,24.7,59.61,970.0,6.6828,2006,3,20,79,Summer
2006-03-21,32.2,16.5,24.7,0.0,18.3,24.1,55.2,970.0,7.2934,2006,3,21,80,Summer
2006-03-22,33.0,17.3,25.4,0.0,11.7,24.7,52.88,970.0,6.9192,2006,3,22,81,Summer
2006-03-23,33.8,18.9,26.5,0.0,13.7,25.8,50.48,970.0,6.8638,2006,3,23,82,Summer
2006-03-24,32.8,19.6,26.4,0.0,11.7,26.1,50.73,970.0,6.6718,2006,3,24,83,Summer
2006-03-25,32.8,19.5,26.3,0.0,11.8,26.2,51.13,970.0,7.0462,2006,3,25,84,Summer
2006-03-26,33.4,19.8,26.6,0.0,13.2,26.6,47.85,970.0,6.9067,2006,3,26,85,Summer
2006-03-27,31.8,19.9,26.2,0.0,12.6,26.4,46.42,970.0,6.6787,2006,3,27,86,Summer
2006-03-28,33.6,20.2,26.6,0.0,14.8,25.8,41.71,970.0,7.5199,2006,3,28,87,Summer
2006-03-29,33.4,18.4,25.9,0.0,12.6,24.8,50.85,970.0,7.596,2006,3,29,88,Summer
2006-03-30,33.1,19.0,25.5,0.0,13.6,26.0,56.07,970.0,6.8282,2006,3,30,89,Summer
2006-03-31,33.0,19.2,26.2,0.0,12.2,26.6,52.03,970.0,7.0536,2006,3,31,90,Summer
2006-04-01,33.5,19.8,26.8,0.0,13.6,26.6,45.31,970.0,7.0817,2006,4,1,91,Summer
2006-04-02,33.1,20.8,27.2,0.0,12.2,27.3,46.98,970.0,7.0133,2006,4,2,92,Summer
2006-04-03,31.1,21.3,25.9,1.4,9.2,27.5,47.45,970.0,6.6722,2006,4,3,93,Summer
2006-04-04,30.9,21.4,26.6,1.1,8.7,28.0,47.34,970.0,6.3346,2006,4,4,94,Summer
2006-04-05,31.4,22.1,27.2,0.0,8.7,28.1,47.94,970.0,6.5021,2006,4,5,95,Summer
2006-04-06,34.0,20.7,27.6,0.0,9.8,28.1,43.26,970.0,6.5784,2006,4,6,96,Summer
2006-04-07,33.9,21.9,28.0,0.0,10.1,28.8,39.72,970.0,6.8954,2006,4,7,97,Summer
2006-04-08,32.3,21.1,27.2,0.1,7.4,28.2,39.94,970.0,6.0437,2006,4,8,98,Summer
2006-04-09,32.5,21.0,27.2,0.0,6.3,28.7,40.78,970.0,6.4118,2006,4,9,99,Summer
2006-04-10,32.7,21.0,27.1,0.0,8.3,27.9,40.98,970.0,6.5695,2006,4,10,100,Summer
2006-04-11,33.9,20.5,27.5,0.0,8.4,28.6,40.05,970.0,7.067,2006,4,11,101,Summer
2006-04-12,33.9,21.3,27.8,0.0,10.9,28.9,37.87,970.0,6.9382,2006,4,12,102,Summer
2006-04-13,33.8,21.4,27.6,0.0,11.6,28.5,41.65,970.0,6.8388,2006,4,13,103,Summer
2006-04-14,34.0,21.0,27.2,0.0,16.9,28.2,42.89,970.0,6.9694,2006,4,14,104,Summer
2006-04-15,31.6,21.6,25.4,0.9,11.9,27.7,62.42,970.0,4.3188,2006,4,15,105,Summer
2006-04-16,29.6,20.2,23.1,25.4,9.5,25.8,84.6,970.0,4.0118,2006,4,16,106,Summer
2006-04-17,28.0,20.1,23.2,9.3,12.1,25.8,73.81,970.0,6.0922,2006,4,17,107,Summer
2006-04-18,29.1,19.8,23.9,0.8,12.4,26.5,61.99,970.0,6.1452,2006,4,18,108,Summer
2006-04-19,30.0,19.0,24.7,0.0,11.0,26.7,56.39,970.0,6.4351,2006,4,19,109,Summer
2006-04-20,30.5,20.4,25.1,0.0,8.8,26.8,57.98,970.0,6.2542,2006,4,20,110,Summer
2006-04-21,31.3,19.6,25.4,0.0,11.1,26.7,52.87,970.0,6.7378,2006,4,21,111,Summer
2006-04-22,32.7,18.4,25.4,0.0,9.7,25.7,44.17,970.0,6.9593,2006,4,22,112,Summer
2006-04-23,33.2,18.9,26.0,0.0,11.4,26.5,42.58,970.0,7.5017,2006,4,23,113,Summer
2006-04-24,34.0,20.0,27.2,0.0,9.8,27.8,41.53,970.0,7.2612,2006,4,24,114,Summer
2006-04-25,31.6,20.8,26.5,0.2,10.5,28.0,50.05,970.0,6.5844,2006,4,25,115,Summer
2006-04-26,31.8,22.0,26.9,0.0,10.2,28.5,52.45,970.0,6.2772,2006,4,26,116,Summer
2006-04-27,33.1,21.6,27.5,0.0,11.6,28.7,46.49,970.0,6.3125,2006,4,27,117,Summer
2006-04-28,33.9,21.3,27.7,0.0,12.6,28.9,43.27,970.0,6.6542,2006,4,28,118,Summer
2006-04-29,34.1,21.3,27.7,0.0,14.8,28.4,39.71,970.0,7.3771,2006,4,29,119,Summer
2006-04-30,34.5,20.7,27.8,0.0,13.0,28.1,40.04,970.0,7.4587,2006,4,30,120,Summer
2006-05-01,34.3,21.3,28.1,0.0,16.1,28.2,38.36,970.0,6.3773,2006,5,1,121,Summer
2006-05-02,34.2,22.5,28.3,0.0,13.0,29.3,46.18,970.0,5.7245,2006,5,2,122,Summer
2006-05-03,34.1,21.3,27.3,0.0,13.5,29.2,62.67,970.0,6.5232,2006,5,3,123,Summer
2006-05-04,33.5,22.3,27.3,0.0,13.6,28.9,65.7,970.0,6.1176,2006,5,4,124,Summer
2006-05-05,32.9,21.8,27.3,0.0,9.0,29.2,56.2,970.0,6.3919,2006,5,5,125,Summer
2006-05-06,32.7,22.0,26.4,1.9,9.1,29.2,61.78,970.0,6.3766,2006,5,6,126,Summer
2006-05-07,32.4,21.7,26.6,1.7,12.3,29.4,52.23,970.0,6.5518,2006,5,7,127,Summer
2006-05-08,33.4,21.0,27.1,0.0,7.9,29.9,49.87,970.0,6.8249,2006,5,8,128,Summer
2006-05-09,34.1,21.8,27.9,0.0,9.0,30.2,51.2,970.0,7.2134,2006,5,9,129,Summer
2006-05-10,32.9,21.8,26.1,7.7,11.2,28.9,67.16,970.0,6.9763,2006,5,10,130,Summer
2006-05-11,32.3,21.6,25.6,10.7,10.8,29.3,65.68,970.0,6.4464,2006,5,11,131,Summer
2006-05-12,32.3,21.4,25.7,2.5,14.0,28.7,65.24,970.0,7.0368,2006,5,12,132,Summer
2006-05-13,32.3,21.2,26.5,0.0,13.2,28.7,65.27,970.0,5.4934,2006,5,13,133,Summer
2006-05-14,32.7,21.2,26.7,0.0,13.3,28.4,64.87,970.0,6.5287,2006,5,14,134,Summer
2006-05-15,32.8,21.1,26.9,0.0,13.5,28.8,61.93,970.0,6.8659,2006,5,15,135,Summer
2006-05-16,33.1,21.7,26.9,0.1,13.2,29.2,72.46,970.0,6.8659,2006,5,16,136,Summer
2006-05-17,33.4,22.0,27.3,0.8,16.0,28.9,73.91,970.0,6.342,2006,5,17,137,Summer
2006-05-18,30.5,22.1,25.6,6.3,14.1,28.1,81.72,970.0,5.6755,2006,5,18,138,Summer
2006-05-19,30.5,21.2,25.3,0.7,19.0,26.7,73.51,970.0,6.5796,2006,5,19,139,Summer
2006-05-20,30.5,20.1,25.1,0.0,18.6,25.6,65.58,970.0,6.803,2006,5,20,140,Summer
2006-05-21,31.0,20.0,25.2,0.0,16.9,25.6,63.41,970.0,7.4779,2006,5,21,141,Summer
2006-05-22,31.4,20.0,25.5,0.0,15.8,26.6,64.92,970.0,7.5122,2006,5,22,142,Summer
2006-05-23,31.1,20.4,25.6,0.0,17.2,26.8,65.26,970.0,7.1525,2006,5,23,143,Summer
2006-05-24,30.6,20.6,24.6,3.1,19.4,26.0,67.12,970.0,5.7199,2006,5,24,144,Summer
2006-05-25,29.0,20.6,24.0,1.8,21.7,24.8,79.5,970.0,5.634,2006,5,25,145,Summer
2006-05-26,29.3,20.7,23.5,6.0,21.5,24.6,75.39,970.0,4.4014,2006,5,26,146,Summer
2006-05-27,28.1,20.4,22.9,2.5,19.8,24.5,77.02,970.0,4.5346,2006,5,27,147,Summer
2006-05-28,24.3,20.0,21.5,18.2,23.9,22.6,75.42,970.0,4.1969,2006,5,28,148,Summer
2006-05-29,26.5,19.0,21.8,4.4,29.2,21.8,80.26,970.0,4.2098,2006,5,29,149,Summer
2006-05-30,25.7,20.2,21.9,1.5,29.7,22.2,78.42,970.0,4.2658,2006,5,30,150,Summer
2006-05-31,26.9,19.6,21.8,2.0,25.4,22.5,74.97,970.0,4.1669,2006,5,31,151,Summer
2006-06-01,24.6,20.5,22.0,0.8,28.4,22.2,77.41,970.0,5.7209,2006,6,1,152,Southwest Monsoon
2006-06-02,26.8,19.8,22.3,1.9,26.1,22.5,76.83,970.0,4.9973,2006,6,2,153,Southwest Monsoon
2006-06-03,27.1,19.9,22.9,1.0,24.7,23.3,79.56,970.0,5.058,2006,6,3,154,Southwest Monsoon
2006-06-04,27.9,20.1,23.2,0.2,24.1,23.9,74.54,970.0,5.653,2006,6,4,155,Southwest Monsoon
2006-06-05,26.9,19.9,23.1,0.0,22.0,23.7,74.56,970.0,5.3796,2006,6,5,156,Southwest Monsoon
2006-06-06,27.9,19.6,23.3,0.1,19.7,24.4,75.14,970.0,5.767,2006,6,6,157,Southwest Monsoon
2006-06-07,28.2,19.1,22.9,1.7,17.0,24.2,74.44,970.0,6.1226,2006,6,7,158,Southwest Monsoon
2006-06-08,28.3,18.9,23.6,0.0,17.9,24.4,70.03,970.0,6.6398,2006,6,8,159,Southwest Monsoon
2006-06-09,28.6,18.9,24.0,0.0,14.8,25.0,70.76,970.0,7.267,2006,6,9,160,Southwest Monsoon
2006-06-10,29.1,18.7,23.7,0.0,15.8,24.6,70.44,970.0,7.0253,2006,6,10,161,Southwest Monsoon
2006-06-11,28.2,18.9,23.7,0.3,17.4,24.6,72.01,970.0,7.3392,2006,6,11,162,Southwest Monsoon
2006-06-12,29.3,19.6,24.7,0.0,13.9,26.1,71.52,970.0,7.5202,2006,6,12,163,Southwest Monsoon
2006-06-13,30.7,19.6,25.2,0.0,12.9,25.9,74.92,970.0,7.285,2006,6,13,164,Southwest Monsoon
2006-06-14,30.4,20.2,25.3,0.1,12.4,26.5,71.68,970.0,5.6957,2006,6,14,165,Southwest Monsoon
2006-06-15,30.5,20.8,24.5,11.3,12.9,27.0,78.31,970.0,6.1793,2006,6,15,166,Southwest Monsoon
2006-06-16,29.4,20.6,23.6,13.6,15.3,26.2,79.36,970.0,6.095,2006,6,16,167,Southwest Monsoon
2006-06-17,27.8,20.0,23.6,3.9,11.9,26.3,78.44,970.0,5.8944,2006,6,17,168,Southwest Monsoon
2006-06-18,28.7,20.2,24.1,1.4,12.0,26.9,76.44,970.0,5.6784,2006,6,18,169,Southwest Monsoon
2006-06-19,29.8,20.0,24.0,20.0,12.7,27.5,80.7,970.0,6.3734,2006,6,19,170,Southwest Monsoon
2006-06-20,27.5,20.3,23.2,9.2,12.1,26.1,79.2,970.0,4.5658,2006,6,20,171,Southwest Monsoon
2006-06-21,28.3,20.1,23.3,12.3,10.7,26.4,89.64,970.0,5.8034,2006,6,21,172,Southwest Monsoon
2006-06-22,28.0,20.3,23.0,5.1,14.3,25.5,81.11,970.0,5.8546,2006,6,22,173,Southwest Monsoon
2006-06-23,27.5,20.3,22.8,6.3,23.9,23.7,83.22,970.0,4.4786,2006,6,23,174,Southwest Monsoon
2006-06-24,26.4,20.7,22.9,0.7,29.3,23.1,82.39,970.0,4.5358,2006,6,24,175,Southwest Monsoon
2006-06-25,24.4,20.9,22.2,0.4,29.8,22.4,78.44,970.0,4.0908,2006,6,25,176,Southwest Monsoon
2006-06-26,24.9,19.9,21.3,10.1,26.0,21.8,82.98,970.0,4.9402,2006,6,26,177,Southwest Monsoon
2006-06-27,26.6,20.1,22.6,3.6,24.6,23.4,81.75,970.0,4.6932,2006,6,27,178,Southwest Monsoon
2006-06-28,25.2,20.5,21.9,9.2,24.1,22.8,83.19,970.0,3.691,2006,6,28,179,Southwest Monsoon
2006-06-29,26.9,20.7,22.8,3.4,29.3,23.2,79.87,970.0,3.3792,2006,6,29,180,Southwest Monsoon
2006-06-30,25.5,20.4,22.8,0.7,27.6,23.1,79.37,970.0,2.7919,2006,6,30,181,Southwest Monsoon
2006-07-01,26.8,20.2,23.0,0.0,32.1,22.4,76.87,970.0,5.0522,2006,7,1,182,Southwest Monsoon
2006-07-02,25.5,21.2,22.7,0.5,36.4,21.6,78.46,970.0,3.8558,2006,7,2,183,Southwest Monsoon
2006-07-03,26.8,21.0,23.0,0.5,39.0,21.5,78.11,970.0,4.1702,2006,7,3,184,Southwest Monsoon
2006-07-04,26.2,20.9,22.8,0.3,37.6,21.4,76.92,970.0,4.4791,2006,7,4,185,Southwest Monsoon
2006-07-05,27.1,20.3,23.0,0.0,34.6,21.9,76.17,970.0,5.4132,2006,7,5,186,Southwest Monsoon
2006-07-06,27.2,20.0,22.9,0.0,29.7,22.3,75.99,970.0,5.6059,2006,7,6,187,Southwest Monsoon
2006-07-07,27.2,20.2,23.2,0.2,24.8,23.3,76.63,970.0,5.3448,2006,7,7,188,Southwest Monsoon
2006-07-08,28.0,20.8,23.5,2.5,25.2,24.0,75.16,970.0,4.5458,2006,7,8,189,Southwest Monsoon
2006-07-09,28.0,20.3,23.4,0.3,23.7,23.7,76.86,970.0,5.0167,2006,7,9,190,Southwest Monsoon
2006-07-10,27.7,19.8,23.2,0.0,23.8,23.4,76.03,970.0,5.37,2006,7,10,191,Southwest Monsoon
2006-07-11,27.5,20.4,23.2,0.3,26.0,23.2,75.16,970.0,4.769,2006,7,11,192,Southwest Monsoon
2006-07-12,27.4,20.2,22.5,8.6,26.6,22.8,78.37,970.0,3.6312,2006,7,12,193,Southwest Monsoon
2006-07-13,27.3,19.7,21.7,11.3,23.8,22.5,78.41,970.0,4.7076,2006,7,13,194,Southwest Monsoon
2006-07-14,27.1,19.9,22.5,4.5,27.0,23.0,82.28,970.0,4.0778,2006,7,14,195,Southwest Monsoon
2006-07-15,26.5,21.1,23.0,1.1,28.3,23.0,82.25,970.0,3.606,2006,7,15,196,Southwest Monsoon
2006-07-16,27.1,20.8,23.2,0.7,28.1,23.1,78.84,970.0,4.9829,2006,7,16,197,Southwest Monsoon
2006-07-17,27.3,20.5,22.9,0.2,28.6,22.6,75.95,970.0,4.8223,2006,7,17,198,Southwest Monsoon
2006-07-18,27.1,20.2,23.0,0.2,28.5,22.8,75.91,970.0,5.2056,2006,7,18,199,Southwest Monsoon
2006-07-19,26.8,19.8,22.6,0.3,25.8,22.7,74.82,970.0,4.7875,2006,7,19,200,Southwest Monsoon
2006-07-20,26.7,20.1,22.7,0.0,24.1,23.0,76.41,970.0,5.7744,2006,7,20,201,Southwest Monsoon
2006-07-21,26.5,19.4,22.5,0.0,24.9,22.5,77.02,970.0,4.9152,2006,7,21,202,Southwest Monsoon
2006-07-22,27.2,19.6,22.9,0.0,24.5,22.9,75.8,970.0,5.131,2006,7,22,203,Southwest Monsoon
2006-07-23,28.1,18.7,23.1,0.1,22.5,23.3,77.77,970.0,5.6268,2006,7,23,204,Southwest Monsoon
2006-07-24,28.5,18.8,23.5,0.0,19.9,23.9,73.2,970.0,6.4027,2006,7,24,205,Southwest Monsoon
2006-07-25,27.4,19.6,22.8,6.6,16.9,23.8,75.8,970.0,5.0482,2006,7,25,206,Southwest Monsoon
2006-07-26,24.7,19.4,21.2,11.8,18.0,22.7,78.1,970.0,3.8155,2006,7,26,207,Southwest Monsoon
2006-07-27,24.4,19.0,20.9,5.1,22.2,21.5,79.74,970.0,3.4327,2006,7,27,208,Southwest Monsoon
2006-07-28,25.7,18.9,21.5,0.8,25.9,21.4,76.48,970.0,4.2199,2006,7,28,209,Southwest Monsoon
2006-07-29,26.7,18.8,22.4,0.0,29.9,21.3,75.0,970.0,5.6422,2006,7,29,210,Southwest Monsoon
2006-07-30,26.7,19.4,22.6,0.0,28.1,22.0,73.44,970.0,5.3858,2006,7,30,211,Southwest Monsoon
2006-07-31,26.2,19.5,22.5,0.2,26.3,22.3,73.65,970.0,6.1992,2006,7,31,212,Southwest Monsoon
2006-08-01,26.6,19.1,22.8,0.0,24.6,22.6,73.11,970.0,4.6493,2006,8,1,213,Southwest Monsoon
2006-08-02,26.4,19.8,22.7,0.0,26.1,22.0,74.78,970.0,4.35,2006,8,2,214,Southwest Monsoon
2006-08-03,25.4,19.5,22.1,0.0,28.0,21.4,76.46,970.0,3.9948,2006,8,3,215,Southwest Monsoon
2006-08-04,25.0,19.8,21.7,1.1,23.4,21.8,76.55,970.0,4.2806,2006,8,4,216,Southwest Monsoon
2006-08-05,27.2,18.9,22.3,0.4,22.1,22.6,79.24,970.0,4.5218,2006,8,5,217,Southwest Monsoon
2006-08-06,27.1,19.1,22.4,0.5,19.8,23.3,72.9,970.0,5.1655,2006,8,6,218,Southwest Monsoon
2006-08-07,27.9,18.9,23.1,0.0,19.9,23.8,71.08,970.0,6.4138,2006,8,7,219,Southwest Monsoon
2006-08-08,27.7,18.4,22.6,0.3,21.0,23.2,75.21,970.0,5.9784,2006,8,8,220,Southwest Monsoon
2006-08-09,27.7,18.6,22.5,1.6,23.5,22.6,73.66,970.0,4.7846,2006,8,9,221,Southwest Monsoon
2006-08-10,26.4,19.3,22.4,0.5,26.4,22.1,76.04,970.0,4.7741,2006,8,10,222,Southwest Monsoon
2006-08-11,25.6,19.8,21.3,13.3,27.1,21.3,78.59,970.0,4.0416,2006,8,11,223,Southwest Monsoon
2006-08-12,25.9,19.6,21.6,5.9,24.5,22.3,81.51,970.0,3.9091,2006,8,12,224,Southwest Monsoon
2006-08-13,26.8,19.9,22.3,2.7,26.8,22.7,80.26,970.0,5.3275,2006,8,13,225,Southwest Monsoon
2006-08-14,26.9,20.6,23.1,0.6,28.3,22.9,76.09,970.0,5.2356,2006,8,14,226,Southwest Monsoon
2006-08-15,26.5,20.5,22.3,5.2,29.7,22.4,75.02,970.0,4.7755,2006,8,15,227,Southwest Monsoon
2006-08-16,26.0,20.8,22.7,1.0,29.6,22.4,73.86,970.0,4.4443,2006,8,16,228,Southwest Monsoon
2006-08-17,25.9,19.2,22.1,0.7,28.1,21.6,75.58,970.0,3.6094,2006,8,17,229,Southwest Monsoon
2006-08-18,27.3,19.8,22.4,2.7,22.3,23.4,76.28,970.0,4.9673,2006,8,18,230,Southwest Monsoon
2006-08-19,27.5,19.4,22.5,4.6,18.4,24.2,77.56,970.0,5.9693,2006,8,19,231,Southwest Monsoon
2006-08-20,27.0,19.8,22.7,4.5,15.0,24.7,79.71,970.0,5.1902,2006,8,20,232,Southwest Monsoon
2006-08-21,26.8,19.5,22.5,4.3,13.6,24.8,80.38,970.0,4.7554,2006,8,21,233,Southwest Monsoon
2006-08-22,26.3,19.2,22.5,0.0,15.5,23.9,73.51,970.0,5.2702,2006,8,22,234,Southwest Monsoon
2006-08-23,27.5,18.7,23.1,0.0,13.5,24.6,74.09,970.0,6.0034,2006,8,23,235,Southwest Monsoon
2006-08-24,28.0,19.1,23.5,0.0,13.8,24.7,70.15,970.0,5.8973,2006,8,24,236,Southwest Monsoon
2006-08-25,28.2,18.6,23.6,0.1,10.7,25.6,72.77,970.0,6.0137,2006,8,25,237,Southwest Monsoon
2006-08-26,28.6,19.4,23.8,0.0,17.4,24.9,73.63,970.0,6.4296,2006,8,26,238,Southwest Monsoon
2006-08-27,28.4,18.3,23.2,0.0,19.2,23.4,69.84,970.0,7.0577,2006,8,27,239,Southwest Monsoon
2006-08-28,27.2,18.9,22.6,0.7,22.9,22.8,72.73,970.0,4.9946,2006,8,28,240,Southwest Monsoon
2006-08-29,26.4,19.5,22.3,1.9,23.2,22.4,73.05,970.0,4.2014,2006,8,29,241,Southwest Monsoon
2006-08-30,27.1,18.7,22.4,0.9,19.6,23.1,74.02,970.0,4.5943,2006,8,30,242,Southwest Monsoon
2006-08-31,27.7,18.9,22.9,0.6,14.5,24.2,68.84,970.0,5.0388,2006,8,31,243,Southwest Monsoon
2006-09-01,28.7,18.8,23.0,1.3,13.4,24.7,68.2,970.0,6.5741,2006,9,1,244,Southwest Monsoon
2006-09-02,29.0,19.1,23.7,1.8,11.5,26.0,71.53,970.0,6.1718,2006,9,2,245,Southwest Monsoon
2006-09-03,27.8,19.6,23.6,1.9,12.9,26.0,77.41,970.0,6.0118,2006,9,3,246,Southwest Monsoon
2006-09-04,28.3,19.9,23.5,1.4,12.0,26.1,76.64,970.0,4.9385,2006,9,4,247,Southwest Monsoon
2006-09-05,28.9,19.2,23.8,0.0,12.6,25.3,67.15,970.0,5.934,2006,9,5,248,Southwest Monsoon
2006-09-06,29.0,19.9,23.9,3.5,8.4,26.8,75.27,970.0,6.0408,2006,9,6,249,Southwest Monsoon
2006-09-07,28.5,19.6,23.7,2.5,12.0,26.5,75.86,970.0,5.0923,2006,9,7,250,Southwest Monsoon
2006-09-08,29.4,19.8,23.8,0.5,12.1,26.6,76.96,970.0,5.6153,2006,9,8,251,Southwest Monsoon
2006-09-09,29.4,20.6,23.6,14.3,11.8,26.8,69.3,970.0,4.3337,2006,9,9,252,Southwest Monsoon
2006-09-10,27.8,19.8,23.1,2.1,9.9,26.0,78.75,970.0,5.7254,2006,9,10,253,Southwest Monsoon
2006-09-11,27.4,20.2,23.0,1.2,15.3,25.2,76.34,970.0,5.1377,2006,9,11,254,Southwest Monsoon
2006-09-12,27.5,19.8,22.7,2.2,18.4,24.0,77.78,970.0,5.5037,2006,9,12,255,Southwest Monsoon
2006-09-13,27.4,20.8,23.3,1.4,19.4,24.6,84.82,970.0,5.5975,2006,9,13,256,Southwest Monsoon
2006-09-14,24.8,19.9,21.6,7.9,18.6,22.7,84.86,970.0,3.9259,2006,9,14,257,Southwest Monsoon
2006-09-15,24.7,19.5,21.6,3.3,22.0,22.6,85.7,970.0,3.7944,2006,9,15,258,Southwest Monsoon
2006-09-16,24.2,19.6,21.0,11.9,22.9,21.8,83.38,970.0,4.1275,2006,9,16,259,Southwest Monsoon
2006-09-17,24.6,19.8,22.0,0.3,24.3,22.3,78.87,970.0,4.2802,2006,9,17,260,Southwest Monsoon
2006-09-18,26.5,19.7,22.6,0.3,24.8,22.8,75.11,970.0,4.4388,2006,9,18,261,Southwest Monsoon
2006-09-19,26.8,19.8,22.3,1.6,22.9,22.9,76.12,970.0,4.9814,2006,9,19,262,Southwest Monsoon
2006-09-20,24.8,20.0,21.8,4.0,20.9,22.8,76.89,970.0,4.9493,2006,9,20,263,Southwest Monsoon
2006-09-21,26.6,19.8,22.3,0.7,21.7,23.1,74.33,970.0,4.9349,2006,9,21,264,Southwest Monsoon
2006-09-22,26.3,19.8,22.7,0.0,21.4,23.4,76.74,970.0,5.2195,2006,9,22,265,Southwest Monsoon
2006-09-23,27.1,18.4,22.5,0.2,15.6,24.0,74.21,970.0,6.0175,2006,9,23,266,Southwest Monsoon
2006-09-24,26.4,19.4,22.8,1.3,13.0,24.6,80.66,970.0,4.993,2006,9,24,267,Southwest Monsoon
2006-09-25,26.5,19.6,22.0,5.4,16.8,23.8,83.46,970.0,4.847,2006,9,25,268,Southwest Monsoon
2006-09-26,26.9,19.1,22.0,4.4,20.7,23.2,74.24,970.0,4.5547,2006,9,26,269,Southwest Monsoon
2006-09-27,27.5,18.2,22.3,4.4,16.4,23.9,63.56,970.0,6.12,2006,9,27,270,Southwest Monsoon
2006-09-28,27.4,19.0,22.7,1.7,18.0,24.4,72.63,970.0,5.7626,2006,9,28,271,Southwest Monsoon
2006-09-29,27.4,19.5,22.3,4.8,17.3,24.0,70.82,970.0,5.977,2006,9,29,272,Southwest Monsoon
2006-09-30,27.4,19.5,22.6,1.7,19.5,23.9,74.22,970.0,5.3172,2006,9,30,273,Southwest Monsoon
2006-10-01,27.0,19.0,22.6,0.1,17.8,23.9,73.5,970.0,5.8598,2006,10,1,274,Post-Monsoon
2006-10-02,26.8,19.0,22.4,0.9,16.8,23.9,76.03,970.0,5.1898,2006,10,2,275,Post-Monsoon
2006-10-03,27.7,18.3,23.1,0.0,13.6,24.8,73.53,970.0,6.587,2006,10,3,276,Post-Monsoon
2006-10-04,28.2,19.2,23.1,0.6,15.5,25.0,73.98,970.0,5.4163,2006,10,4,277,Post-Monsoon
2006-10-05,27.4,18.9,22.8,0.2,16.6,24.1,74.35,970.0,5.659,2006,10,5,278,Post-Monsoon
2006-10-06,28.0,19.1,22.9,1.0,17.0,24.6,77.08,970.0,5.6237,2006,10,6,279,Post-Monsoon
2006-10-07,27.3,19.3,22.3,8.2,15.3,24.3,80.17,970.0,5.455,2006,10,7,280,Post-Monsoon
2006-10-08,26.1,19.9,22.0,16.0,14.2,24.1,82.04,970.0,3.9742,2006,10,8,281,Post-Monsoon
2006-10-09,26.0,19.2,22.0,4.1,14.3,24.2,77.88,970.0,5.0376,2006,10,9,282,Post-Monsoon
2006-10-10,27.4,18.0,22.3,0.0,7.8,24.8,76.26,970.0,5.3438,2006,10,10,283,Post-Monsoon
2006-10-11,27.5,18.7,22.6,1.2,9.2,25.3,71.78,970.0,4.548,2006,10,11,284,Post-Monsoon
2006-10-12,27.1,19.3,22.8,0.0,10.7,24.6,66.46,970.0,5.2793,2006,10,12,285,Post-Monsoon
2006-10-13,28.6,18.5,23.2,0.0,11.2,24.1,65.23,970.0,5.772,2006,10,13,286,Post-Monsoon
2006-10-14,28.1,17.7,22.8,0.0,10.2,24.0,64.56,970.0,5.6592,2006,10,14,287,Post-Monsoon
2006-10-15,28.1,18.9,22.9,0.0,11.4,24.3,69.98,970.0,5.7456,2006,10,15,288,Post-Monsoon
2006-10-16,27.6,19.2,22.8,0.0,12.1,24.6,73.98,970.0,5.7761,2006,10,16,289,Post-Monsoon
2006-10-17,27.1,20.0,22.6,1.1,14.1,24.4,73.78,970.0,4.6414,2006,10,17,290,Post-Monsoon
2006-10-18,28.2,19.5,22.6,4.4,10.8,25.0,74.55,970.0,5.5836,2006,10,18,291,Post-Monsoon
2006-10-19,27.0,19.1,22.1,1.0,13.1,24.3,77.86,970.0,5.3676,2006,10,19,292,Post-Monsoon
2006-10-20,27.6,19.6,22.6,1.1,13.4,24.7,74.3,970.0,5.9165,2006,10,20,293,Post-Monsoon
2006-10-21,27.3,19.4,22.2,0.6,12.6,24.5,73.32,970.0,5.3273,2006,10,21,294,Post-Monsoon
2006-10-22,28.3,18.3,22.8,0.0,15.3,23.7,64.94,970.0,6.558,2006,10,22,295,Post-Monsoon
2006-10-23,27.4,17.0,22.1,0.0,14.6,23.1,71.49,970.0,5.8332,2006,10,23,296,Post-Monsoon
2006-10-24,26.6,17.7,22.1,0.1,19.3,22.9,74.02,970.0,5.0688,2006,10,24,297,Post-Monsoon
2006-10-25,26.9,18.6,22.4,0.2,18.6,23.5,82.73,970.0,3.751,2006,10,25,298,Post-Monsoon
2006-10-26,25.1,19.8,21.6,0.5,16.8,23.0,80.52,970.0,4.2199,2006,10,26,299,Post-Monsoon
2006-10-27,25.5,18.8,20.8,8.3,18.2,22.2,82.23,970.0,3.1687,2006,10,27,300,Post-Monsoon
2006-10-28,22.8,19.2,20.4,12.5,12.4,22.6,80.9,970.0,3.0977,2006,10,28,301,Post-Monsoon
2006-10-29,24.3,19.3,20.8,5.4,11.1,23.4,84.02,970.0,3.7699,2006,10,29,302,Post-Monsoon
2006-10-30,26.0,19.3,22.2,0.3,10.5,24.5,83.01,970.0,4.039,2006,10,30,303,Post-Monsoon
2006-10-31,26.1,18.9,21.7,3.8,6.1,24.5,78.43,970.0,3.4423,2006,10,31,304,Post-Monsoon
2006-11-01,26.6,19.3,21.6,9.6,9.4,24.5,82.02,970.0,4.2485,2006,11,1,305,Post-Monsoon
2006-11-02,26.1,19.4,21.7,2.4,15.3,23.7,87.14,970.0,4.3867,2006,11,2,306,Post-Monsoon
2006-11-03,26.2,19.1,21.2,9.1,13.6,23.1,86.17,970.0,3.8386,2006,11,3,307,Post-Monsoon
2006-11-04,25.8,18.6,21.0,4.2,15.4,22.7,85.42,970.0,3.7694,2006,11,4,308,Post-Monsoon
2006-11-05,26.1,18.6,21.3,1.7,13.7,23.2,79.25,970.0,5.2418,2006,11,5,309,Post-Monsoon
2006-11-06,26.0,19.1,21.4,8.6,9.5,23.8,86.14,970.0,4.602,2006,11,6,310,Post-Monsoon
2006-11-07,24.4,18.3,20.6,4.6,8.7,23.0,80.59,970.0,3.7222,2006,11,7,311,Post-Monsoon
2006-11-08,24.4,17.2,20.2,4.1,11.0,22.1,79.69,970.0,4.5317,2006,11,8,312,Post-Monsoon
2006-11-09,24.3,18.1,20.3,4.3,9.5,22.3,83.05,970.0,4.9159,2006,11,9,313,Post-Monsoon
2006-11-10,25.0,18.0,21.1,0.0,15.8,22.2,81.15,970.0,4.909,2006,11,10,314,Post-Monsoon
2006-11-11,25.4,18.6,21.3,0.1,16.8,22.4,78.7,970.0,5.1257,2006,11,11,315,Post-Monsoon
2006-11-12,25.7,17.2,21.0,0.1,18.4,21.9,77.7,970.0,5.6126,2006,11,12,316,Post-Monsoon
2006-11-13,25.2,18.0,21.0,0.9,16.8,22.1,80.5,970.0,5.4938,2006,11,13,317,Post-Monsoon
2006-11-14,25.7,18.5,21.0,1.2,13.7,22.4,80.23,970.0,4.3661,2006,11,14,318,Post-Monsoon
2006-11-15,25.0,18.8,21.0,2.6,17.9,22.3,82.32,970.0,2.8433,2006,11,15,319,Post-Monsoon
2006-11-16,24.9,18.8,21.0,0.6,16.6,22.2,79.97,970.0,3.6869,2006,11,16,320,Post-Monsoon
2006-11-17,25.1,18.9,21.4,0.6,17.9,22.5,80.7,970.0,2.8507,2006,11,17,321,Post-Monsoon
2006-11-18,23.5,19.4,20.8,12.1,18.7,22.1,85.88,970.0,3.5477,2006,11,18,322,Post-Monsoon
2006-11-19,25.7,19.5,21.2,9.9,13.3,23.5,81.29,970.0,4.3666,2006,11,19,323,Post-Monsoon
2006-11-20,24.3,18.9,20.9,14.1,12.7,23.0,81.74,970.0,3.7322,2006,11,20,324,Post-Monsoon
2006-11-21,25.7,16.3,20.9,0.0,13.8,21.7,73.14,970.0,5.0664,2006,11,21,325,Post-Monsoon
2006-11-22,25.3,18.4,21.3,0.0,11.5,22.6,74.99,970.0,4.8334,2006,11,22,326,Post-Monsoon
2006-11-23,26.5,17.5,21.8,0.0,8.0,23.5,76.73,970.0,5.3726,2006,11,23,327,Post-Monsoon
2006-11-24,27.2,17.9,21.7,0.0,10.9,23.2,67.66,970.0,5.4744,2006,11,24,328,Post-Monsoon
2006-11-25,26.3,15.2,20.5,0.0,10.5,21.2,72.49,970.0,5.6186,2006,11,25,329,Post-Monsoon
2006-11-26,26.6,18.3,21.9,0.1,10.4,24.0,75.91,970.0,4.6906,2006,11,26,330,Post-Monsoon
2006-11-27,26.3,19.5,21.9,1.5,13.3,23.9,77.06,970.0,4.6716,2006,11,27,331,Post-Monsoon
2006-11-28,25.9,18.7,21.8,0.3,11.2,23.4,72.37,970.0,5.5188,2006,11,28,332,Post-Monsoon
2006-11-29,25.9,18.0,21.4,0.0,14.8,22.4,75.15,970.0,4.8854,2006,11,29,333,Post-Monsoon
2006-11-30,25.8,16.7,20.8,0.0,14.5,21.3,71.53,970.0,5.1053,2006,11,30,334,Post-Monsoon
2006-12-01,25.4,14.6,19.7,0.0,13.4,19.5,69.69,970.0,4.668,2006,12,1,335,Winter
2006-12-02,25.3,13.3,19.0,0.0,14.9,18.8,72.09,970.0,5.7622,2006,12,2,336,Winter
2006-12-03,25.4,15.4,19.9,0.1,20.0,20.1,76.4,970.0,3.9346,2006,12,3,337,Winter
2006-12-04,25.1,15.9,19.6,0.0,17.7,19.4,75.27,970.0,4.8929,2006,12,4,338,Winter
2006-12-05,26.4,14.8,20.3,0.0,16.6,20.2,71.97,970.0,5.6654,2006,12,5,339,Winter
2006-12-06,25.8,16.5,20.2,0.0,15.8,19.8,69.99,970.0,4.7938,2006,12,6,340,Winter
2006-12-07,26.2,13.9,19.5,0.0,16.0,18.8,68.05,970.0,5.8498,2006,12,7,341,Winter
2006-12-08,26.2,15.1,19.7,0.0,14.8,19.3,68.96,970.0,5.7139,2006,12,8,342,Winter
2006-12-09,25.6,14.0,19.2,0.0,15.3,18.8,70.09,970.0,5.7185,2006,12,9,343,Winter
2006-12-10,22.8,15.1,19.3,0.0,15.0,19.8,79.55,970.0,2.7336,2006,12,10,344,Winter
2006-12-11,25.9,19.0,21.6,0.9,12.0,23.4,79.09,970.0,3.7214,2006,12,11,345,Winter
2006-12-12,25.6,18.8,21.6,0.1,14.8,22.8,77.1,970.0,3.4867,2006,12,12,346,Winter
2006-12-13,27.2,17.6,21.4,0.0,16.6,21.7,72.35,970.0,4.8432,2006,12,13,347,Winter
2006-12-14,26.2,16.1,20.6,0.0,19.6,20.3,71.91,970.0,5.5162,2006,12,14,348,Winter
2006-12-15,26.0,14.7,19.9,0.0,15.5,19.7,69.92,970.0,5.2934,2006,12,15,349,Winter
2006-12-16,26.6,14.1,19.7,0.0,20.2,18.6,68.88,970.0,5.5085,2006,12,16,350,Winter
2006-12-17,25.3,13.0,18.4,0.0,18.4,17.6,70.33,970.0,5.3638,2006,12,17,351,Winter
2006-12-18,27.9,14.0,19.6,0.0,11.2,18.6,67.9,970.0,5.0666,2006,12,18,352,Winter
2006-12-19,27.6,14.7,19.9,0.0,12.2,19.2,62.63,970.0,4.3918,2006,12,19,353,Winter
2006-12-20,25.9,15.2,19.6,0.0,14.4,19.0,71.39,970.0,5.1946,2006,12,20,354,Winter
2006-12-21,26.8,14.1,20.1,0.0,17.0,19.6,70.79,970.0,4.7966,2006,12,21,355,Winter
2006-12-22,24.6,16.6,20.0,0.2,19.8,19.5,72.07,970.0,4.1585,2006,12,22,356,Winter
2006-12-23,26.7,15.2,20.2,0.0,15.2,19.5,71.2,970.0,5.2807,2006,12,23,357,Winter
2006-12-24,25.3,15.2,19.5,0.0,13.7,19.1,71.31,970.0,3.7819,2006,12,24,358,Winter
2006-12-25,26.3,14.1,19.6,0.0,12.0,19.4,69.64,970.0,5.0621,2006,12,25,359,Winter
2006-12-26,25.9,16.2,20.1,0.0,13.3,19.7,70.39,970.0,5.1036,2006,12,26,360,Winter
2006-12-27,26.5,15.8,19.9,0.0,13.2,19.7,68.48,970.0,5.3714,2006,12,27,361,Winter
2006-12-28,27.5,14.1,19.6,0.0,11.4,18.8,61.84,970.0,6.0372,2006,12,28,362,Winter
2006-12-29,26.9,13.7,19.2,0.0,10.8,17.7,55.7,970.0,6.0607,2006,12,29,363,Winter
2006-12-30,26.7,12.1,19.3,0.0,12.1,18.0,60.39,970.0,5.7869,2006,12,30,364,Winter
2006-12-31,26.4,12.7,19.3,0.0,10.9,18.1,61.19,970.0,5.6837,2006,12,31,365,Winter
2007-01-01,26.3,12.6,19.2,0.0,14.2,17.7,58.57,970.0,5.8685,2007,1,1,1,Winter
2007-01-02,27.0,13.3,19.7,0.0,10.7,18.9,57.69,970.0,5.8001,2007,1,2,2,Winter
2007-01-03,27.2,12.9,19.8,0.0,12.1,18.6,58.51,970.0,5.5978,2007,1,3,3,Winter
2007-01-04,27.9,12.3,20.1,0.0,9.7,19.1,54.42,970.0,5.7751,2007,1,4,4,Winter
2007-01-05,28.4,13.4,20.3,0.0,13.8,19.4,60.2,970.0,5.8058,2007,1,5,5,Winter
2007-01-06,27.7,16.2,20.6,0.0,14.6,19.8,63.16,970.0,5.843,2007,1,6,6,Winter
2007-01-07,26.3,14.3,19.3,0.0,13.6,18.4,61.77,970.0,5.5505,2007,1,7,7,Winter
2007-01-08,26.4,12.1,19.0,0.0,16.6,17.8,59.91,970.0,5.417,2007,1,8,8,Winter
2007-01-09,27.9,13.7,20.3,0.0,14.6,19.5,66.24,970.0,4.6622,2007,1,9,9,Winter
2007-01-10,27.4,16.2,20.9,0.0,15.3,20.3,60.26,970.0,5.3311,2007,1,10,10,Winter
2007-01-11,27.9,14.8,20.8,0.0,13.5,20.5,64.29,970.0,4.0922,2007,1,11,11,Winter
2007-01-12,27.9,15.0,20.7,0.0,12.5,20.3,59.34,970.0,5.0614,2007,1,12,12,Winter
2007-01-13,28.5,13.4,20.4,0.0,11.5,18.9,52.35,970.0,5.9873,2007,1,13,13,Winter
2007-01-14,28.7,11.8,20.0,0.0,11.3,18.4,52.79,970.0,6.1505,2007,1,14,14,Winter
2007-01-15,28.5,13.8,21.1,0.0,11.6,21.1,57.92,970.0,5.7362,2007,1,15,15,Winter
2007-01-16,29.3,16.2,21.9,0.0,10.7,21.5,54.59,970.0,5.9966,2007,1,16,16,Winter
2007-01-17,29.7,14.4,21.7,0.0,11.9,21.0,51.5,970.0,5.5666,2007,1,17,17,Winter
2007-01-18,28.9,13.5,20.9,0.0,16.9,18.8,49.02,970.0,5.0047,2007,1,18,18,Winter
2007-01-19,27.6,12.8,20.2,0.0,15.0,19.0,49.89,970.0,4.6841,2007,1,19,19,Winter
2007-01-20,28.7,14.5,20.9,0.0,13.8,20.0,57.17,970.0,5.7377,2007,1,20,20,Winter
2007-01-21,29.5,13.8,21.2,0.0,16.3,19.7,51.61,970.0,6.1294,2007,1,21,21,Winter
2007-01-22,29.7,12.6,21.4,0.0,12.6,19.3,48.93,970.0,6.1044,2007,1,22,22,Winter
2007-01-23,30.0,12.8,21.6,0.0,14.3,19.4,39.06,970.0,6.265,2007,1,23,23,Winter
2007-01-24,28.8,14.4,21.3,0.0,15.1,19.9,54.58,970.0,6.1673,2007,1,24,24,Winter
2007-01-25,27.5,15.3,21.1,0.0,14.7,20.8,58.4,970.0,5.8745,2007,1,25,25,Winter
2007-01-26,29.5,16.8,22.1,0.0,14.0,21.4,52.54,970.0,6.1855,2007,1,26,26,Winter
2007-01-27,28.4,15.9,21.9,0.0,16.5,21.8,63.64,970.0,4.9054,2007,1,27,27,Winter
2007-01-28,28.6,18.3,22.3,0.0,16.8,22.1,59.57,970.0,4.4556,2007,1,28,28,Winter
2007-01-29,28.1,17.3,21.9,0.0,15.2,21.5,59.8,970.0,5.6921,2007,1,29,29,Winter
2007-01-30,28.7,16.9,21.8,0.0,14.5,21.2,54.98,970.0,5.4907,2007,1,30,30,Winter
2007-01-31,29.7,15.4,21.7,0.0,12.4,20.3,47.52,970.0,6.5314,2007,1,31,31,Winter
2007-02-01,30.0,13.7,21.8,0.0,15.9,19.7,43.52,970.0,6.4973,2007,2,1,32,Winter
2007-02-02,29.2,14.6,21.7,0.0,18.4,19.4,44.63,970.0,6.6401,2007,2,2,33,Winter
2007-02-03,28.8,14.4,21.5,0.0,13.4,20.6,49.04,970.0,6.5513,2007,2,3,34,Winter
2007-02-04,29.0,15.3,22.1,0.0,14.7,21.8,47.15,970.0,6.4397,2007,2,4,35,Winter
2007-02-05,29.5,16.3,22.7,0.0,14.2,22.1,46.02,970.0,6.3881,2007,2,5,36,Winter
2007-02-06,30.0,16.4,22.7,0.0,13.2,21.1,43.74,970.0,6.4985,2007,2,6,37,Winter
2007-02-07,30.1,15.9,22.8,0.0,14.8,21.5,43.26,970.0,6.5582,2007,2,7,38,Winter
2007-02-08,29.8,16.5,22.8,0.0,16.6,20.9,46.91,970.0,6.3694,2007,2,8,39,Winter
2007-02-09,28.7,15.6,21.9,0.0,19.1,19.6,45.3,970.0,6.7502,2007,2,9,40,Winter
2007-02-10,27.9,15.6,21.1,0.0,16.1,20.5,55.04,970.0,6.0706,2007,2,10,41,Winter
2007-02-11,27.6,16.4,22.0,0.0,16.6,21.9,56.36,970.0,5.4506,2007,2,11,42,Winter
2007-02-12,29.2,18.6,23.3,0.0,17.3,23.7,57.43,970.0,5.6326,2007,2,12,43,Winter
2007-02-13,29.5,19.1,23.8,0.0,14.0,23.4,49.82,970.0,5.5284,2007,2,13,44,Winter
2007-02-14,30.0,16.4,23.2,0.0,10.8,22.1,48.52,970.0,6.8959,2007,2,14,45,Winter
2007-02-15,30.4,17.1,23.4,0.0,8.6,22.5,38.88,970.0,6.7351,2007,2,15,46,Winter
2007-02-16,30.4,17.1,23.7,0.0,12.7,22.5,37.95,970.0,6.7555,2007,2,16,47,Winter
2007-02-17,29.9,19.1,24.0,0.0,15.0,24.5,56.86,970.0,5.8471,2007,2,17,48,Winter
2007-02-18,26.3,19.1,22.5,1.7,14.9,23.3,65.36,970.0,4.1892,2007,2,18,49,Winter
2007-02-19,27.5,18.5,21.6,0.0,17.7,21.7,60.84,970.0,4.985,2007,2,19,50,Winter
2007-02-20,28.8,16.8,22.1,0.0,16.6,21.5,51.73,970.0,6.6547,2007,2,20,51,Winter
2007-02-21,27.9,15.5,21.3,0.0,14.2,20.3,49.78,970.0,6.8609,2007,2,21,52,Winter
2007-02-22,29.1,14.1,21.5,0.0,15.1,19.7,48.07,970.0,6.9497,2007,2,22,53,Winter
2007-02-23,28.8,12.6,21.0,0.0,17.7,18.7,43.07,970.0,7.2151,2007,2,23,54,Winter
2007-02-24,29.8,12.3,21.3,0.0,13.7,20.0,44.43,970.0,6.9744,2007,2,24,55,Winter
2007-02-25,31.4,16.5,24.1,0.0,15.6,24.6,46.88,970.0,6.3878,2007,2,25,56,Winter
2007-02-26,32.1,17.3,24.8,0.0,16.9,25.4,47.12,970.0,6.263,2007,2,26,57,Winter
2007-02-27,32.1,19.0,25.4,0.0,17.8,25.6,46.69,970.0,6.4279,2007,2,27,58,Winter
2007-02-28,31.8,18.1,24.7,0.0,16.3,23.7,44.94,970.0,6.8467,2007,2,28,59,Winter
2007-03-01,31.6,17.1,25.0,0.0,14.2,24.9,46.81,970.0,6.6564,2007,3,1,60,Summer
2007-03-02,31.4,19.8,25.5,0.0,10.1,25.2,41.5,970.0,6.1217,2007,3,2,61,Summer
2007-03-03,31.1,19.9,25.5,0.0,15.0,25.9,43.89,970.0,5.6866,2007,3,3,62,Summer
2007-03-04,31.2,19.4,24.9,0.0,14.3,24.6,49.78,970.0,5.9254,2007,3,4,63,Summer
2007-03-05,31.9,18.4,25.0,0.0,12.9,24.8,46.44,970.0,6.2602,2007,3,5,64,Summer
2007-03-06,33.0,18.0,25.5,0.0,15.9,25.1,40.54,970.0,7.1662,2007,3,6,65,Summer
2007-03-07,31.9,18.9,25.3,0.0,14.7,25.1,44.09,970.0,6.9938,2007,3,7,66,Summer
2007-03-08,31.8,18.8,25.6,0.0,13.5,25.7,41.3,970.0,6.4272,2007,3,8,67,Summer
2007-03-09,31.8,19.3,25.5,0.0,14.4,25.6,45.04,970.0,6.4639,2007,3,9,68,Summer
2007-03-10,32.1,19.6,25.5,0.0,16.2,25.4,47.93,970.0,6.5945,2007,3,10,69,Summer
2007-03-11,32.5,18.2,25.3,0.0,18.3,25.1,47.95,970.0,6.4985,2007,3,11,70,Summer
2007-03-12,31.8,17.6,24.8,0.0,15.1,24.0,41.77,970.0,6.9694,2007,3,12,71,Summer
2007-03-13,32.3,17.2,24.9,0.0,12.9,23.8,39.95,970.0,7.1546,2007,3,13,72,Summer
2007-03-14,32.5,18.7,25.0,0.0,14.5,25.3,50.8,970.0,6.7205,2007,3,14,73,Summer
2007-03-15,33.2,17.7,25.5,0.0,15.4,25.2,45.26,970.0,7.097,2007,3,15,74,Summer
2007-03-16,32.8,18.2,25.5,0.0,15.5,25.0,46.27,970.0,7.3157,2007,3,16,75,Summer
2007-03-17,33.0,18.1,25.7,0.0,13.2,25.4,43.39,970.0,7.2043,2007,3,17,76,Summer
2007-03-18,33.8,18.4,26.0,0.0,12.9,24.9,39.88,970.0,7.2367,2007,3,18,77,Summer
2007-03-19,33.9,18.7,26.4,0.0,12.2,25.3,33.27,970.0,7.1782,2007,3,19,78,Summer
2007-03-20,33.9,18.9,26.5,0.0,11.7,25.1,33.59,970.0,7.2787,2007,3,20,79,Summer
2007-03-21,33.7,19.7,26.9,0.0,15.0,25.9,31.01,970.0,6.498,2007,3,21,80,Summer
2007-03-22,33.5,20.5,27.0,0.0,10.8,27.1,32.72,970.0,7.0334,2007,3,22,81,Summer
2007-03-23,34.2,19.9,27.2,0.0,14.7,26.6,38.93,970.0,7.2005,2007,3,23,82,Summer
2007-03-24,34.3,20.0,27.5,0.0,13.6,27.4,32.97,970.0,6.8753,2007,3,24,83,Summer
2007-03-25,34.5,22.8,28.5,0.0,12.6,28.4,30.2,970.0,6.8388,2007,3,25,84,Summer
2007-03-26,33.3,22.5,28.1,0.0,12.9,28.0,31.16,970.0,6.6586,2007,3,26,85,Summer
2007-03-27,34.6,22.2,28.2,0.0,15.1,27.7,31.02,970.0,6.7778,2007,3,27,86,Summer
2007-03-28,34.8,20.4,27.6,0.0,15.1,27.4,35.71,970.0,6.6473,2007,3,28,87,Summer
2007-03-29,34.7,20.1,27.2,0.0,14.7,26.7,33.08,970.0,7.1282,2007,3,29,88,Summer
2007-03-30,34.5,18.9,26.5,0.0,16.8,25.3,36.28,970.0,7.2917,2007,3,30,89,Summer
2007-03-31,33.5,16.5,25.4,0.0,13.3,24.5,39.8,970.0,7.3553,2007,3,31,90,Summer
2007-04-01,34.6,20.0,27.1,0.0,13.2,28.0,46.87,970.0,6.9914,2007,4,1,91,Summer
2007-04-02,35.0,21.2,27.8,0.0,14.3,28.1,38.54,970.0,6.9502,2007,4,2,92,Summer
2007-04-03,35.7,19.9,28.0,0.0,15.5,27.5,35.56,970.0,7.0128,2007,4,3,93,Summer
2007-04-04,35.6,20.8,28.0,0.0,18.1,27.1,31.64,970.0,7.0212,2007,4,4,94,Summer
2007-04-05,34.5,19.8,27.1,0.0,20.2,26.2,39.23,970.0,7.585,2007,4,5,95,Summer
2007-04-06,34.3,18.2,26.4,0.0,17.3,25.6,40.17,970.0,7.3154,2007,4,6,96,Summer
2007-04-07,34.6,19.0,26.6,0.0,14.5,26.2,43.39,970.0,7.2926,2007,4,7,97,Summer
2007-04-08,33.8,18.9,26.2,0.0,13.7,26.2,45.74,970.0,7.0711,2007,4,8,98,Summer
2007-04-09,34.0,21.2,26.8,0.0,20.9,27.8,46.09,970.0,7.0476,2007,4,9,99,Summer
2007-04-10,34.0,20.3,26.9,0.0,17.1,28.1,47.44,970.0,7.1688,2007,4,10,100,Summer
2007-04-11,33.1,21.2,27.1,0.0,11.4,28.6,45.14,970.0,6.1668,2007,4,11,101,Summer
2007-04-12,32.0,22.5,26.7,1.4,10.9,28.8,58.8,970.0,5.7629,2007,4,12,102,Summer
2007-04-13,33.8,21.1,26.7,0.4,12.4,28.7,58.74,970.0,6.6396,2007,4,13,103,Summer
2007-04-14,32.8,21.1,26.2,0.8,10.0,27.9,54.44,970.0,6.4639,2007,4,14,104,Summer
2007-04-15,31.8,20.5,25.6,0.3,14.8,26.7,52.03,970.0,6.997,2007,4,15,105,Summer
2007-04-16,32.9,19.7,26.2,0.0,12.7,27.2,46.57,970.0,7.201,2007,4,16,106,Summer
2007-04-17,31.9,20.7,24.8,4.7,11.0,26.8,53.14,970.0,6.0989,2007,4,17,107,Summer
2007-04-18,31.0,21.0,24.7,5.3,7.4,27.7,51.47,970.0,6.2798,2007,4,18,108,Summer
2007-04-19,30.0,21.3,25.0,7.5,4.2,28.4,69.62,970.0,6.0223,2007,4,19,109,Summer
2007-04-20,29.9,20.8,24.4,13.0,7.1,27.8,67.07,970.0,6.396,2007,4,20,110,Summer
2007-04-21,30.2,19.9,24.2,8.1,10.8,27.1,76.25,970.0,6.7867,2007,4,21,111,Summer
2007-04-22,30.1,20.4,24.3,7.6,12.4,27.8,71.52,970.0,6.4613,2007,4,22,112,Summer
2007-04-23,30.4,19.7,25.0,0.1,12.0,27.6,60.85,970.0,7.1417,2007,4,23,113,Summer
2007-04-24,31.5,21.2,25.6,0.0,12.4,28.0,63.11,970.0,6.6557,2007,4,24,114,Summer
2007-04-25,32.1,20.5,26.2,0.0,10.5,27.9,57.83,970.0,7.0994,2007,4,25,115,Summer
2007-04-26,32.2,21.3,26.6,0.0,11.8,28.7,54.12,970.0,7.3375,2007,4,26,116,Summer
2007-04-27,31.8,20.6,26.2,0.0,11.7,28.1,57.19,970.0,7.3219,2007,4,27,117,Summer
2007-04-28,32.4,21.0,26.7,0.0,10.2,28.6,61.29,970.0,7.2943,2007,4,28,118,Summer
2007-04-29,32.0,21.5,26.9,0.0,7.3,29.3,52.71,970.0,6.6439,2007,4,29,119,Summer
2007-04-30,33.1,21.3,27.4,0.0,8.3,29.2,52.66,970.0,7.0637,2007,4,30,120,Summer
2007-05-01,33.6,21.8,27.6,0.4,14.3,29.1,57.73,970.0,6.3998,2007,5,1,121,Summer
2007-05-02,31.5,22.3,26.1,4.5,16.1,29.2,65.0,970.0,6.6533,2007,5,2,122,Summer
2007-05-03,30.0,21.5,24.8,12.1,12.7,28.2,73.14,970.0,4.4906,2007,5,3,123,Summer
2007-05-04,31.8,21.0,25.2,2.3,12.7,28.4,70.42,970.0,6.0934,2007,5,4,124,Summer
2007-05-05,31.3,21.7,25.4,8.1,10.8,28.9,66.75,970.0,5.737,2007,5,5,125,Summer
2007-05-06,31.4,20.8,24.6,23.2,10.9,28.2,68.21,970.0,6.6406,2007,5,6,126,Summer
2007-05-07,29.1,21.1,24.8,0.4,15.8,27.6,75.21,970.0,5.0928,2007,5,7,127,Summer
2007-05-08,28.9,21.8,24.7,2.0,17.3,27.3,81.63,970.0,6.2282,2007,5,8,128,Summer
2007-05-09,30.9,21.4,25.1,0.6,16.2,27.1,72.42,970.0,6.3763,2007,5,9,129,Summer
2007-05-10,31.2,20.8,25.5,0.0,16.6,27.2,64.08,970.0,7.3325,2007,5,10,130,Summer
2007-05-11,32.1,20.4,25.8,0.3,14.1,27.7,66.13,970.0,7.2545,2007,5,11,131,Summer
2007-05-12,30.7,21.5,25.4,0.0,18.4,26.9,77.61,970.0,6.4805,2007,5,12,132,Summer
2007-05-13,32.5,21.0,26.0,0.2,16.5,27.9,61.78,970.0,6.6029,2007,5,13,133,Summer
2007-05-14,32.2,22.2,26.4,0.0,17.1,27.8,63.1,970.0,7.147,2007,5,14,134,Summer
2007-05-15,31.9,20.9,25.9,0.0,16.5,27.0,60.51,970.0,7.2276,2007,5,15,135,Summer
2007-05-16,32.9,20.3,26.4,0.0,14.2,27.3,54.09,970.0,7.585,2007,5,16,136,Summer
2007-05-17,32.8,20.5,26.7,0.0,11.6,28.2,54.14,970.0,7.415,2007,5,17,137,Summer
2007-05-18,32.4,21.3,26.4,0.3,12.3,28.2,61.22,970.0,6.9622,2007,5,18,138,Summer
2007-05-19,32.4,21.9,26.6,0.3,11.2,28.8,59.99,970.0,6.438,2007,5,19,139,Summer
2007-05-20,33.1,22.4,27.0,1.6,14.4,28.9,59.84,970.0,6.6634,2007,5,20,140,Summer
2007-05-21,32.5,22.1,26.5,0.6,14.3,28.7,58.83,970.0,6.6912,2007,5,21,141,Summer
2007-05-22,31.9,21.8,26.6,0.5,11.9,28.9,62.84,970.0,6.9461,2007,5,22,142,Summer
2007-05-23,32.8,22.3,26.9,2.0,8.4,29.7,67.39,970.0,5.5733,2007,5,23,143,Summer
2007-05-24,30.2,21.7,25.2,5.7,10.4,28.7,75.81,970.0,6.3067,2007,5,24,144,Summer
2007-05-25,28.8,21.8,24.8,2.3,11.8,27.8,83.29,970.0,6.4231,2007,5,25,145,Summer
2007-05-26,30.2,21.6,24.9,5.9,13.6,27.6,77.64,970.0,6.2038,2007,5,26,146,Summer
2007-05-27,29.3,20.7,24.2,9.7,13.3,27.1,80.21,970.0,6.8988,2007,5,27,147,Summer
2007-05-28,28.0,20.7,23.1,13.3,14.7,25.2,81.92,970.0,5.0995,2007,5,28,148,Summer
2007-05-29,28.6,20.6,23.6,0.5,15.3,25.0,77.77,970.0,6.1901,2007,5,29,149,Summer
2007-05-30,29.0,19.4,23.4,3.2,15.3,25.6,74.44,970.0,5.6933,2007,5,30,150,Summer
2007-05-31,29.9,19.9,24.9,0.0,14.2,27.1,67.71,970.0,7.2619,2007,5,31,151,Summer
2007-06-01,30.3,20.0,25.2,0.0,13.0,27.3,66.11,970.0,7.4484,2007,6,1,152,Southwest Monsoon
2007-06-02,30.9,20.3,25.6,0.0,14.4,27.7,67.5,970.0,7.1993,2007,6,2,153,Southwest Monsoon
2007-06-03,31.6,20.8,25.4,0.9,12.5,27.9,74.69,970.0,6.5678,2007,6,3,154,Southwest Monsoon
2007-06-04,31.3,21.5,25.9,1.0,9.5,28.7,68.81,970.0,6.971,2007,6,4,155,Southwest Monsoon
2007-06-05,31.3,22.0,26.0,11.7,13.1,28.6,72.69,970.0,6.1154,2007,6,5,156,Southwest Monsoon
2007-06-06,28.9,21.5,24.6,8.6,16.5,27.5,71.58,970.0,5.4881,2007,6,6,157,Southwest Monsoon
2007-06-07,27.3,21.4,23.4,2.6,17.1,25.8,79.04,970.0,4.0054,2007,6,7,158,Southwest Monsoon
2007-06-08,29.1,20.7,23.9,11.5,13.8,27.2,72.62,970.0,5.8265,2007,6,8,159,Southwest Monsoon
2007-06-09,28.2,20.6,23.9,2.4,15.1,26.0,69.84,970.0,6.882,2007,6,9,160,Southwest Monsoon
2007-06-10,28.3,20.8,23.8,4.2,17.3,26.1,77.79,970.0,6.325,2007,6,10,161,Southwest Monsoon
2007-06-11,28.7,21.0,24.1,1.5,14.6,26.5,78.32,970.0,6.6936,2007,6,11,162,Southwest Monsoon
2007-06-12,29.1,20.7,24.1,4.6,12.3,27.3,74.21,970.0,5.9141,2007,6,12,163,Southwest Monsoon
2007-06-13,28.9,21.2,24.2,1.2,13.2,26.8,74.71,970.0,6.1625,2007,6,13,164,Southwest Monsoon
2007-06-14,28.2,20.2,23.8,0.5,12.9,25.9,79.17,970.0,5.8438,2007,6,14,165,Southwest Monsoon
2007-06-15,28.9,20.4,24.0,0.5,17.1,25.9,75.43,970.0,6.3917,2007,6,15,166,Southwest Monsoon
2007-06-16,27.9,20.8,23.3,3.6,20.7,24.4,79.68,970.0,5.6074,2007,6,16,167,Southwest Monsoon
2007-06-17,27.3,20.3,22.8,8.7,21.3,24.0,75.94,970.0,4.7066,2007,6,17,168,Southwest Monsoon
2007-06-18,27.8,19.7,22.9,14.1,19.8,24.2,80.43,970.0,5.0822,2007,6,18,169,Southwest Monsoon
2007-06-19,27.7,20.6,22.6,11.0,24.5,23.4,81.62,970.0,4.2967,2007,6,19,170,Southwest Monsoon
2007-06-20,25.0,20.1,21.9,8.8,22.9,22.5,76.29,970.0,3.8666,2007,6,20,171,Southwest Monsoon
2007-06-21,22.7,19.5,20.8,16.5,22.0,21.7,79.81,970.0,2.9546,2007,6,21,172,Southwest Monsoon
2007-06-22,22.0,20.2,21.0,14.6,27.7,21.5,86.13,970.0,2.3556,2007,6,22,173,Southwest Monsoon
2007-06-23,21.7,19.7,20.6,17.9,26.3,20.6,77.71,970.0,3.4524,2007,6,23,174,Southwest Monsoon
2007-06-24,26.5,20.0,22.4,3.5,28.6,22.8,77.18,970.0,4.187,2007,6,24,175,Southwest Monsoon
2007-06-25,26.4,20.2,22.4,4.3,25.9,23.3,74.74,970.0,4.0922,2007,6,25,176,Southwest Monsoon
2007-06-26,25.5,19.3,22.1,1.8,23.9,22.7,79.8,970.0,3.7039,2007,6,26,177,Southwest Monsoon
2007-06-27,23.8,20.0,21.4,5.1,26.3,21.8,77.85,970.0,3.5383,2007,6,27,178,Southwest Monsoon
2007-06-28,24.7,20.2,21.9,2.9,29.5,21.8,79.4,970.0,3.3761,2007,6,28,179,Southwest Monsoon
2007-06-29,25.0,19.9,21.9,5.8,33.9,21.1,75.75,970.0,4.2468,2007,6,29,180,Southwest Monsoon
2007-06-30,25.5,20.6,22.6,1.1,33.9,22.2,77.89,970.0,4.2358,2007,6,30,181,Southwest Monsoon
2007-07-01,25.8,20.9,22.5,2.2,33.6,22.5,78.2,970.0,4.8331,2007,7,1,182,Southwest Monsoon
2007-07-02,26.5,21.1,23.0,2.1,30.8,23.3,76.82,970.0,4.1102,2007,7,2,183,Southwest Monsoon
2007-07-03,26.8,21.1,23.1,1.3,31.7,23.3,74.54,970.0,4.4215,2007,7,3,184,Southwest Monsoon
2007-07-04,25.6,20.1,22.6,1.5,28.1,22.8,76.77,970.0,3.9857,2007,7,4,185,Southwest Monsoon
2007-07-05,26.2,20.6,23.0,0.0,29.3,22.9,75.93,970.0,4.577,2007,7,5,186,Southwest Monsoon
2007-07-06,26.5,20.1,22.8,1.5,30.3,22.5,76.29,970.0,4.3781,2007,7,6,187,Southwest Monsoon
2007-07-07,26.2,21.0,23.1,0.4,32.2,22.6,76.47,970.0,3.8765,2007,7,7,188,Southwest Monsoon
2007-07-08,26.7,19.8,22.7,0.1,31.1,22.0,76.98,970.0,4.8859,2007,7,8,189,Southwest Monsoon
2007-07-09,26.5,20.0,22.7,0.3,29.4,22.3,75.05,970.0,4.6846,2007,7,9,190,Southwest Monsoon
2007-07-10,26.9,21.0,22.9,1.1,26.3,23.4,80.32,970.0,4.819,2007,7,10,191,Southwest Monsoon
2007-07-11,27.4,20.7,23.0,3.3,24.1,23.8,79.5,970.0,4.6589,2007,7,11,192,Southwest Monsoon
2007-07-12,27.8,20.9,23.0,5.5,25.3,23.7,79.16,970.0,4.9366,2007,7,12,193,Southwest Monsoon
2007-07-13,26.0,20.7,22.4,4.2,26.0,22.9,81.74,970.0,4.1158,2007,7,13,194,Southwest Monsoon
2007-07-14,26.7,20.9,23.0,4.0,28.8,23.1,76.42,970.0,4.5996,2007,7,14,195,Southwest Monsoon
2007-07-15,26.5,20.5,22.3,1.3,26.3,22.7,78.43,970.0,4.3361,2007,7,15,196,Southwest Monsoon
2007-07-16,25.9,20.7,22.1,7.1,27.0,22.8,79.58,970.0,3.5395,2007,7,16,197,Southwest Monsoon
2007-07-17,23.9,20.4,21.8,2.4,22.3,22.7,80.97,970.0,4.6186,2007,7,17,198,Southwest Monsoon
2007-07-18,26.9,20.6,22.8,2.5,20.0,24.5,75.92,970.0,4.5338,2007,7,18,199,Southwest Monsoon
2007-07-19,27.6,19.6,22.8,5.2,12.3,25.2,82.78,970.0,4.8994,2007,7,19,200,Southwest Monsoon
2007-07-20,27.4,19.6,22.9,3.1,12.3,25.4,88.86,970.0,4.5226,2007,7,20,201,Southwest Monsoon
2007-07-21,25.7,19.5,22.4,1.1,13.6,24.2,81.67,970.0,4.8595,2007,7,21,202,Southwest Monsoon
2007-07-22,24.2,19.3,21.4,2.9,14.8,23.0,84.03,970.0,4.1947,2007,7,22,203,Southwest Monsoon
2007-07-23,25.7,19.5,21.9,11.3,11.2,24.3,82.29,970.0,4.9853,2007,7,23,204,Southwest Monsoon
2007-07-24,26.1,19.6,22.1,8.6,9.3,24.9,83.87,970.0,4.1218,2007,7,24,205,Southwest Monsoon
2007-07-25,25.8,19.4,21.8,4.2,12.3,24.2,86.79,970.0,4.6634,2007,7,25,206,Southwest Monsoon
2007-07-26,26.3,19.1,22.2,3.4,15.1,23.9,83.39,970.0,5.7823,2007,7,26,207,Southwest Monsoon
2007-07-27,26.4,19.7,22.1,8.5,15.3,24.0,85.52,970.0,4.7244,2007,7,27,208,Southwest Monsoon
2007-07-28,25.7,19.6,22.1,2.5,16.7,23.7,87.41,970.0,4.0529,2007,7,28,209,Southwest Monsoon
2007-07-29,25.7,19.8,21.2,17.7,15.8,22.9,83.4,970.0,4.3423,2007,7,29,210,Southwest Monsoon
2007-07-30,24.4,19.5,21.2,5.1,13.0,23.1,85.58,970.0,3.6629,2007,7,30,211,Southwest Monsoon
2007-07-31,24.2,19.5,21.1,12.3,15.1,22.8,84.83,970.0,4.067,2007,7,31,212,Southwest Monsoon
2007-08-01,24.2,19.4,21.1,13.6,19.8,22.4,88.47,970.0,4.3577,2007,8,1,213,Southwest Monsoon
2007-08-02,23.0,19.3,20.5,12.7,20.3,21.6,84.63,970.0,4.0536,2007,8,2,214,Southwest Monsoon
2007-08-03,25.3,19.4,21.7,3.8,25.6,22.3,85.31,970.0,3.2914,2007,8,3,215,Southwest Monsoon
2007-08-04,25.4,19.7,21.5,5.8,24.6,22.0,85.83,970.0,4.3358,2007,8,4,216,Southwest Monsoon
2007-08-05,24.1,19.6,20.7,17.8,28.2,21.0,83.54,970.0,3.6295,2007,8,5,217,Southwest Monsoon
2007-08-06,23.7,19.5,20.5,32.5,24.5,20.8,87.71,970.0,3.8998,2007,8,6,218,Southwest Monsoon
2007-08-07,24.9,19.3,21.2,2.3,28.9,20.9,84.79,970.0,4.3829,2007,8,7,219,Southwest Monsoon
2007-08-08,25.5,19.7,22.2,0.6,30.7,21.9,82.4,970.0,4.9159,2007,8,8,220,Southwest Monsoon
2007-08-09,25.5,19.9,22.3,1.6,28.4,22.3,83.03,970.0,4.2242,2007,8,9,221,Southwest Monsoon
2007-08-10,24.8,20.1,21.9,2.8,25.1,22.2,83.76,970.0,4.2778,2007,8,10,222,Southwest Monsoon
2007-08-11,25.5,19.0,22.0,0.3,23.9,22.3,83.75,970.0,5.2963,2007,8,11,223,Southwest Monsoon
2007-08-12,25.6,20.2,22.2,0.0,24.0,22.6,82.59,970.0,4.6548,2007,8,12,224,Southwest Monsoon
2007-08-13,26.5,19.2,22.3,0.3,24.0,22.9,81.17,970.0,5.916,2007,8,13,225,Southwest Monsoon
2007-08-14,27.2,18.4,22.3,0.0,19.2,23.1,80.48,970.0,6.8741,2007,8,14,226,Southwest Monsoon
2007-08-15,27.4,17.5,22.3,0.0,12.9,23.6,79.86,970.0,6.8366,2007,8,15,227,Southwest Monsoon
2007-08-16,27.2,18.4,22.9,0.0,11.3,24.9,82.5,970.0,6.6991,2007,8,16,228,Southwest Monsoon
2007-08-17,27.0,19.8,23.3,0.2,15.7,25.1,83.57,970.0,4.4172,2007,8,17,229,Southwest Monsoon
2007-08-18,26.3,19.1,22.5,1.3,20.5,23.5,84.2,970.0,5.4264,2007,8,18,230,Southwest Monsoon
2007-08-19,27.3,18.2,22.7,0.0,18.5,23.7,79.06,970.0,6.1608,2007,8,19,231,Southwest Monsoon
2007-08-20,27.1,19.9,22.1,11.4,18.5,23.5,84.76,970.0,5.4821,2007,8,20,232,Southwest Monsoon
2007-08-21,26.2,19.8,21.5,22.7,17.3,23.1,83.67,970.0,4.6795,2007,8,21,233,Southwest Monsoon
2007-08-22,25.2,19.4,21.3,4.8,21.0,22.5,82.15,970.0,4.7417,2007,8,22,234,Southwest Monsoon
2007-08-23,25.9,19.0,21.6,5.6,17.9,23.2,86.3,970.0,4.8708,2007,8,23,235,Southwest Monsoon
2007-08-24,26.2,19.3,21.8,11.4,16.4,24.0,86.06,970.0,4.8886,2007,8,24,236,Southwest Monsoon
2007-08-25,25.3,19.5,21.8,10.5,14.9,24.2,87.41,970.0,4.2518,2007,8,25,237,Southwest Monsoon
2007-08-26,26.7,19.5,22.3,1.5,16.0,24.2,86.34,970.0,5.3455,2007,8,26,238,Southwest Monsoon
2007-08-27,25.6,19.8,22.2,0.2,14.3,23.9,85.97,970.0,4.4201,2007,8,27,239,Southwest Monsoon
2007-08-28,26.9,19.9,22.6,2.0,15.1,24.7,87.09,970.0,5.221,2007,8,28,240,Southwest Monsoon
2007-08-29,26.1,20.2,22.2,6.3,14.8,24.2,88.79,970.0,4.2485,2007,8,29,241,Southwest Monsoon
2007-08-30,24.1,19.7,21.0,10.0,17.3,22.8,86.88,970.0,4.3027,2007,8,30,242,Southwest Monsoon
2007-08-31,23.8,19.4,21.0,4.3,22.7,21.9,86.08,970.0,4.2722,2007,8,31,243,Southwest Monsoon
2007-09-01,24.9,19.2,21.4,0.4,24.9,21.8,83.63,970.0,4.7246,2007,9,1,244,Southwest Monsoon
2007-09-02,24.8,19.9,21.3,4.9,21.3,22.3,87.35,970.0,3.961,2007,9,2,245,Southwest Monsoon
2007-09-03,25.6,18.9,21.7,1.3,26.2,22.3,84.13,970.0,5.1485,2007,9,3,246,Southwest Monsoon
2007-09-04,26.3,19.7,22.4,1.5,20.1,23.4,86.36,970.0,4.7926,2007,9,4,247,Southwest Monsoon
2007-09-05,26.6,20.4,22.4,2.7,20.5,23.8,87.03,970.0,4.0351,2007,9,5,248,Southwest Monsoon
2007-09-06,25.4,19.7,22.2,0.3,22.8,23.1,87.55,970.0,4.1698,2007,9,6,249,Southwest Monsoon
2007-09-07,26.4,20.0,22.6,0.4,19.8,23.9,86.93,970.0,5.1977,2007,9,7,250,Southwest Monsoon
2007-09-08,26.7,19.7,22.7,0.6,12.3,25.2,85.61,970.0,5.7809,2007,9,8,251,Southwest Monsoon
2007-09-09,28.0,19.4,22.7,13.9,7.2,26.1,87.67,970.0,5.8186,2007,9,9,252,Southwest Monsoon
2007-09-10,27.9,19.2,22.8,1.2,6.0,26.3,82.58,970.0,6.3802,2007,9,10,253,Southwest Monsoon
2007-09-11,27.4,20.0,23.2,2.9,10.5,26.3,83.9,970.0,5.3822,2007,9,11,254,Southwest Monsoon
2007-09-12,28.0,19.6,23.0,6.9,8.3,26.5,83.16,970.0,5.8906,2007,9,12,255,Southwest Monsoon
2007-09-13,27.3,20.3,22.9,13.9,10.9,25.9,92.49,970.0,5.8877,2007,9,13,256,Southwest Monsoon
2007-09-14,23.8,19.7,21.4,6.5,15.5,23.3,86.79,970.0,3.3643,2007,9,14,257,Southwest Monsoon
2007-09-15,24.7,19.9,21.8,1.9,17.6,23.3,91.01,970.0,3.9667,2007,9,15,258,Southwest Monsoon
2007-09-16,24.9,19.6,21.8,1.1,17.4,23.5,87.49,970.0,4.5286,2007,9,16,259,Southwest Monsoon
2007-09-17,25.0,19.7,21.3,5.2,18.5,22.9,90.47,970.0,3.851,2007,9,17,260,Southwest Monsoon
2007-09-18,21.9,19.5,20.3,9.9,18.6,21.6,90.57,970.0,4.6819,2007,9,18,261,Southwest Monsoon
2007-09-19,25.3,19.1,21.7,0.3,26.4,21.9,88.08,970.0,4.5036,2007,9,19,262,Southwest Monsoon
2007-09-20,26.0,18.6,22.1,0.0,23.2,22.2,86.86,970.0,5.0174,2007,9,20,263,Southwest Monsoon
2007-09-21,26.3,19.2,22.4,0.0,27.0,22.4,85.65,970.0,4.9342,2007,9,21,264,Southwest Monsoon
2007-09-22,25.9,19.6,22.3,0.5,24.6,22.5,87.73,970.0,5.3906,2007,9,22,265,Southwest Monsoon
2007-09-23,26.2,19.8,22.5,0.2,27.3,22.6,86.66,970.0,5.4142,2007,9,23,266,Southwest Monsoon
2007-09-24,25.4,20.2,22.3,1.6,27.9,22.5,87.49,970.0,4.1851,2007,9,24,267,Southwest Monsoon
2007-09-25,24.9,20.4,22.2,1.7,27.8,22.8,88.84,970.0,4.567,2007,9,25,268,Southwest Monsoon
2007-09-26,25.5,18.6,22.0,1.3,15.5,23.5,87.46,970.0,4.7978,2007,9,26,269,Southwest Monsoon
2007-09-27,27.0,18.6,22.1,3.0,14.0,24.3,88.39,970.0,5.4353,2007,9,27,270,Southwest Monsoon
2007-09-28,26.6,18.2,22.0,0.0,19.8,23.0,87.62,970.0,5.1958,2007,9,28,271,Southwest Monsoon
2007-09-29,27.2,19.0,22.0,4.7,18.5,23.7,88.28,970.0,5.3129,2007,9,29,272,Southwest Monsoon
2007-09-30,26.5,19.7,22.1,5.0,19.7,23.7,86.61,970.0,5.8464,2007,9,30,273,Southwest Monsoon
2007-10-01,26.1,19.6,21.4,10.4,18.8,23.1,88.97,970.0,5.0549,2007,10,1,274,Post-Monsoon
2007-10-02,25.8,18.9,21.9,0.7,17.0,23.4,87.26,970.0,4.9692,2007,10,2,275,Post-Monsoon
2007-10-03,26.4,18.2,22.1,0.1,15.7,23.6,85.73,970.0,5.4725,2007,10,3,276,Post-Monsoon
2007-10-04,26.1,19.1,22.0,0.6,14.9,23.9,85.7,970.0,5.4516,2007,10,4,277,Post-Monsoon
2007-10-05,26.3,18.6,22.0,1.3,16.2,23.5,86.16,970.0,6.33,2007,10,5,278,Post-Monsoon
2007-10-06,25.9,18.0,21.7,0.5,17.2,22.8,86.05,970.0,6.1457,2007,10,6,279,Post-Monsoon
2007-10-07,25.6,17.9,21.5,0.7,17.3,22.6,85.23,970.0,6.4291,2007,10,7,280,Post-Monsoon
2007-10-08,26.0,18.7,21.8,0.7,12.8,23.3,82.34,970.0,5.8253,2007,10,8,281,Post-Monsoon
2007-10-09,26.9,18.5,22.6,0.1,11.0,24.7,81.67,970.0,4.8509,2007,10,9,282,Post-Monsoon
2007-10-10,27.7,18.6,23.3,0.0,8.1,24.9,74.44,970.0,5.6623,2007,10,10,283,Post-Monsoon
2007-10-11,28.3,19.3,23.6,0.1,11.9,25.1,78.43,970.0,5.3801,2007,10,11,284,Post-Monsoon
2007-10-12,28.8,18.9,23.7,0.0,12.2,25.2,80.16,970.0,6.3257,2007,10,12,285,Post-Monsoon
2007-10-13,29.0,18.4,23.5,0.0,14.9,24.7,80.48,970.0,6.3919,2007,10,13,286,Post-Monsoon
2007-10-14,28.9,17.5,23.3,0.0,12.5,24.2,78.17,970.0,6.181,2007,10,14,287,Post-Monsoon
2007-10-15,29.0,17.8,23.7,0.0,9.7,24.5,75.88,970.0,5.262,2007,10,15,288,Post-Monsoon
2007-10-16,27.2,18.7,23.4,0.5,10.6,25.1,80.97,970.0,4.5115,2007,10,16,289,Post-Monsoon
2007-10-17,27.8,18.1,22.8,3.0,8.6,24.8,86.82,970.0,3.6535,2007,10,17,290,Post-Monsoon
2007-10-18,27.9,18.6,22.4,6.9,10.2,24.8,88.48,970.0,4.4328,2007,10,18,291,Post-Monsoon
2007-10-19,26.8,18.7,21.9,13.2,10.1,24.4,89.89,970.0,4.5058,2007,10,19,292,Post-Monsoon
2007-10-20,26.1,19.3,21.6,18.1,4.4,24.5,89.28,970.0,4.4556,2007,10,20,293,Post-Monsoon
2007-10-21,25.9,19.2,21.5,17.5,5.8,24.6,89.27,970.0,4.951,2007,10,21,294,Post-Monsoon
2007-10-22,24.6,18.9,20.5,21.2,15.1,22.9,90.56,970.0,3.9516,2007,10,22,295,Post-Monsoon
2007-10-23,23.6,19.2,20.7,7.8,14.0,22.7,89.1,970.0,3.114,2007,10,23,296,Post-Monsoon
2007-10-24,24.4,19.2,21.1,3.2,18.7,22.3,89.15,970.0,2.4185,2007,10,24,297,Post-Monsoon
2007-10-25,24.8,19.1,21.4,0.2,21.6,22.2,89.68,970.0,4.1258,2007,10,25,298,Post-Monsoon
2007-10-26,23.6,19.5,20.4,7.8,14.1,22.3,91.4,970.0,3.0845,2007,10,26,299,Post-Monsoon
2007-10-27,24.4,18.9,20.8,8.5,14.1,22.8,90.8,970.0,4.2278,2007,10,27,300,Post-Monsoon
2007-10-28,20.8,18.0,19.4,7.6,9.2,21.4,91.1,970.0,3.2412,2007,10,28,301,Post-Monsoon
2007-10-29,22.9,18.0,20.0,12.6,14.6,21.8,91.26,970.0,4.5298,2007,10,29,302,Post-Monsoon
2007-10-30,25.3,17.7,21.4,1.0,7.8,23.6,91.0,970.0,5.1974,2007,10,30,303,Post-Monsoon
2007-10-31,25.3,18.8,21.9,0.0,15.3,23.7,88.02,970.0,5.3894,2007,10,31,304,Post-Monsoon
2007-11-01,25.6,18.7,21.4,6.7,13.2,23.7,88.05,970.0,4.2391,2007,11,1,305,Post-Monsoon
2007-11-02,25.5,17.9,20.8,4.3,10.9,23.2,88.91,970.0,5.5099,2007,11,2,306,Post-Monsoon
2007-11-03,25.4,19.3,21.5,2.3,14.5,23.4,89.5,970.0,4.8043,2007,11,3,307,Post-Monsoon
2007-11-04,23.5,19.3,20.8,6.2,14.1,23.0,91.74,970.0,2.8164,2007,11,4,308,Post-Monsoon
2007-11-05,25.3,19.1,21.4,4.1,12.2,23.7,84.56,970.0,5.3316,2007,11,5,309,Post-Monsoon
2007-11-06,26.2,17.7,21.6,2.1,6.2,24.4,77.22,970.0,5.5159,2007,11,6,310,Post-Monsoon
2007-11-07,26.2,17.9,21.4,0.0,10.8,23.5,80.93,970.0,4.98,2007,11,7,311,Post-Monsoon
2007-11-08,26.2,15.7,21.0,0.0,9.3,22.5,81.19,970.0,5.7269,2007,11,8,312,Post-Monsoon
2007-11-09,26.0,17.6,21.2,0.0,8.6,22.9,81.3,970.0,5.7408,2007,11,9,313,Post-Monsoon
2007-11-10,25.9,16.3,20.8,0.0,9.6,21.6,82.68,970.0,5.5704,2007,11,10,314,Post-Monsoon
2007-11-11,25.8,15.0,20.4,0.0,13.1,20.8,84.17,970.0,6.1034,2007,11,11,315,Post-Monsoon
2007-11-12,25.6,15.6,20.4,0.0,13.0,20.9,84.06,970.0,6.0276,2007,11,12,316,Post-Monsoon
2007-11-13,25.3,14.5,19.8,0.0,11.3,19.8,78.69,970.0,6.1128,2007,11,13,317,Post-Monsoon
2007-11-14,25.1,12.9,19.0,0.0,14.5,18.3,76.02,970.0,6.3593,2007,11,14,318,Post-Monsoon
2007-11-15,25.7,10.9,18.6,0.0,13.4,17.5,70.29,970.0,6.4567,2007,11,15,319,Post-Monsoon
2007-11-16,25.3,12.0,18.7,0.0,10.5,17.5,69.82,970.0,6.264,2007,11,16,320,Post-Monsoon
2007-11-17,24.6,11.6,18.4,0.0,14.8,17.1,76.92,970.0,6.2208,2007,11,17,321,Post-Monsoon
2007-11-18,25.5,13.8,19.3,0.0,11.8,19.2,81.25,970.0,6.1627,2007,11,18,322,Post-Monsoon
2007-11-19,24.3,18.2,20.6,2.4,16.3,21.8,89.14,970.0,3.6905,2007,11,19,323,Post-Monsoon
2007-11-20,23.0,18.4,19.8,1.7,20.7,21.1,89.73,970.0,2.8229,2007,11,20,324,Post-Monsoon
2007-11-21,25.3,17.5,21.1,0.4,17.6,21.9,86.82,970.0,4.9894,2007,11,21,325,Post-Monsoon
2007-11-22,25.6,17.1,21.2,0.0,14.7,22.1,85.62,970.0,5.0266,2007,11,22,326,Post-Monsoon
2007-11-23,25.5,15.8,20.1,0.0,11.4,20.1,79.57,970.0,5.5058,2007,11,23,327,Post-Monsoon
2007-11-24,25.4,12.1,18.3,0.0,12.6,16.8,68.83,970.0,5.8522,2007,11,24,328,Post-Monsoon
2007-11-25,25.1,10.6,17.7,0.0,12.2,16.2,65.94,970.0,6.1658,2007,11,25,329,Post-Monsoon
2007-11-26,25.1,10.8,18.7,0.0,16.3,18.4,85.23,970.0,5.1778,2007,11,26,330,Post-Monsoon
2007-11-27,26.7,17.0,21.2,0.0,11.2,22.1,82.01,970.0,5.7449,2007,11,27,331,Post-Monsoon
2007-11-28,25.3,17.3,21.2,0.1,10.2,22.4,85.31,970.0,4.3291,2007,11,28,332,Post-Monsoon
2007-11-29,25.8,17.3,21.3,0.0,11.7,22.2,84.83,970.0,4.4383,2007,11,29,333,Post-Monsoon
2007-11-30,25.9,15.4,19.9,0.0,13.4,19.5,80.88,970.0,5.5466,2007,11,30,334,Post-Monsoon
2007-12-01,25.8,14.6,19.9,0.0,13.0,19.8,81.84,970.0,5.5548,2007,12,1,335,Winter
2007-12-02,25.0,15.4,19.8,0.0,13.1,19.9,84.31,970.0,4.6138,2007,12,2,336,Winter
2007-12-03,25.3,17.5,20.4,0.0,14.9,20.8,84.77,970.0,2.8282,2007,12,3,337,Winter
2007-12-04,25.4,17.3,20.5,0.0,20.8,20.2,83.42,970.0,4.5931,2007,12,4,338,Winter
2007-12-05,23.7,16.3,19.7,0.1,22.6,18.9,86.04,970.0,3.0979,2007,12,5,339,Winter
2007-12-06,23.3,17.4,19.8,0.2,20.0,19.5,86.24,970.0,2.8406,2007,12,6,340,Winter
2007-12-07,23.6,17.3,19.9,0.6,18.6,20.0,86.51,970.0,3.402,2007,12,7,341,Winter
2007-12-08,26.3,16.4,21.0,0.0,12.6,21.3,84.31,970.0,5.3688,2007,12,8,342,Winter
2007-12-09,25.6,17.0,20.8,0.0,13.5,21.5,83.06,970.0,4.9882,2007,12,9,343,Winter
2007-12-10,26.1,16.9,21.0,0.0,13.0,21.3,82.47,970.0,4.7952,2007,12,10,344,Winter
2007-12-11,26.7,15.5,20.6,0.0,13.5,20.8,79.63,970.0,5.1838,2007,12,11,345,Winter
2007-12-12,26.3,17.3,21.1,0.0,13.3,21.5,83.24,970.0,4.457,2007,12,12,346,Winter
2007-12-13,25.1,17.5,20.6,0.0,15.8,20.7,85.09,970.0,3.7241,2007,12,13,347,Winter
2007-12-14,21.7,17.0,19.0,0.1,16.7,18.3,86.26,970.0,2.9436,2007,12,14,348,Winter
2007-12-15,24.4,16.5,20.5,0.0,14.2,20.6,84.55,970.0,2.8802,2007,12,15,349,Winter
2007-12-16,26.0,17.0,20.6,0.0,20.4,19.9,81.76,970.0,4.4232,2007,12,16,350,Winter
2007-12-17,25.9,16.6,20.5,0.0,22.9,19.4,82.93,970.0,5.3246,2007,12,17,351,Winter
2007-12-18,20.6,17.2,18.5,4.5,24.5,18.0,88.9,970.0,2.291,2007,12,18,352,Winter
2007-12-19,19.7,17.4,18.4,22.9,23.0,18.8,93.13,970.0,0.9499,2007,12,19,353,Winter
2007-12-20,23.9,18.8,20.5,3.6,22.0,21.2,90.42,970.0,2.4365,2007,12,20,354,Winter
2007-12-21,25.9,18.3,21.3,0.2,19.3,22.1,86.26,970.0,4.0766,2007,12,21,355,Winter
2007-12-22,26.4,15.9,20.7,0.0,14.3,21.0,82.54,970.0,5.6914,2007,12,22,356,Winter
2007-12-23,26.6,13.4,19.6,0.0,12.4,19.5,75.34,970.0,5.316,2007,12,23,357,Winter
2007-12-24,27.0,11.3,18.8,0.0,14.5,17.7,60.01,970.0,6.1502,2007,12,24,358,Winter
2007-12-25,27.3,10.7,18.9,0.0,12.5,17.5,56.91,970.0,5.9705,2007,12,25,359,Winter
2007-12-26,27.3,12.9,19.7,0.0,13.0,18.8,65.08,970.0,5.7199,2007,12,26,360,Winter
2007-12-27,27.2,13.3,20.0,0.0,10.7,19.8,75.2,970.0,5.8601,2007,12,27,361,Winter
2007-12-28,27.4,14.9,20.8,0.0,9.5,21.2,77.88,970.0,5.4547,2007,12,28,362,Winter
2007-12-29,28.3,14.3,21.3,0.0,11.6,21.6,76.14,970.0,5.6011,2007,12,29,363,Winter
2007-12-30,28.1,14.7,21.3,0.0,12.6,21.9,79.09,970.0,5.4881,2007,12,30,364,Winter
2007-12-31,26.7,15.3,20.4,0.0,12.4,20.7,79.95,970.0,5.0059,2007,12,31,365,Winter
2008-01-01,27.4,15.9,20.4,0.0,12.6,20.2,78.31,970.0,5.9069,2008,1,1,1,Winter
2008-01-02,27.4,13.0,19.7,0.0,14.2,19.0,76.93,970.0,5.9575,2008,1,2,2,Winter
2008-01-03,26.8,11.9,19.0,0.0,15.3,17.5,73.79,970.0,5.9551,2008,1,3,3,Winter
2008-01-04,25.4,12.4,19.4,0.0,15.1,18.9,86.84,970.0,3.1392,2008,1,4,4,Winter
2008-01-05,24.9,16.0,20.3,0.0,15.9,19.8,80.05,970.0,2.9424,2008,1,5,5,Winter
2008-01-06,26.3,13.3,19.1,0.0,16.3,17.5,77.17,970.0,5.8286,2008,1,6,6,Winter
2008-01-07,26.2,12.6,18.9,0.0,17.6,17.7,75.19,970.0,5.8234,2008,1,7,7,Winter
2008-01-08,26.5,12.9,19.1,0.0,16.5,17.4,74.36,970.0,5.7156,2008,1,8,8,Winter
2008-01-09,27.7,13.0,19.8,0.0,11.3,18.0,73.43,970.0,6.0122,2008,1,9,9,Winter
2008-01-10,28.9,12.4,20.3,0.0,10.5,19.2,67.16,970.0,5.8051,2008,1,10,10,Winter
2008-01-11,29.1,13.0,20.6,0.0,13.3,19.2,67.86,970.0,6.1126,2008,1,11,11,Winter
2008-01-12,28.5,12.0,20.0,0.0,14.8,18.2,69.3,970.0,6.139,2008,1,12,12,Winter
2008-01-13,28.8,13.1,20.4,0.0,16.1,18.5,67.26,970.0,6.1013,2008,1,13,13,Winter
2008-01-14,28.6,12.8,20.5,0.0,11.2,19.4,65.0,970.0,5.9791,2008,1,14,14,Winter
2008-01-15,28.5,12.8,20.4,0.0,15.1,18.6,63.22,970.0,5.9892,2008,1,15,15,Winter
2008-01-16,28.8,13.2,20.6,0.0,15.1,18.9,64.15,970.0,6.065,2008,1,16,16,Winter
2008-01-17,28.1,12.6,20.2,0.0,13.7,18.7,66.59,970.0,6.155,2008,1,17,17,Winter
2008-01-18,28.0,12.4,19.9,0.0,10.5,18.2,63.68,970.0,6.2357,2008,1,18,18,Winter
2008-01-19,28.2,10.9,19.6,0.0,10.2,18.2,66.69,970.0,6.1522,2008,1,19,19,Winter
2008-01-20,29.0,12.5,20.6,0.0,9.8,20.0,66.07,970.0,6.3226,2008,1,20,20,Winter
2008-01-21,29.4,13.1,21.3,0.0,11.0,21.1,67.24,970.0,6.1908,2008,1,21,21,Winter
2008-01-22,29.3,16.6,22.3,0.0,10.3,23.0,70.04,970.0,5.6503,2008,1,22,22,Winter
2008-01-23,29.5,16.0,22.6,0.0,11.1,23.5,69.67,970.0,5.8771,2008,1,23,23,Winter
2008-01-24,29.7,17.4,23.0,0.0,11.5,23.9,69.29,970.0,5.5363,2008,1,24,24,Winter
2008-01-25,28.6,16.8,23.1,0.0,10.4,23.7,65.66,970.0,5.0474,2008,1,25,25,Winter
2008-01-26,28.8,17.9,23.3,0.0,8.6,23.6,65.09,970.0,5.9474,2008,1,26,26,Winter
2008-01-27,28.6,17.9,23.1,0.0,11.8,23.9,63.52,970.0,5.263,2008,1,27,27,Winter
2008-01-28,27.4,18.9,22.4,0.2,15.8,22.8,71.23,970.0,4.7664,2008,1,28,28,Winter
2008-01-29,28.4,18.3,22.8,0.0,16.6,23.8,68.12,970.0,5.1509,2008,1,29,29,Winter
2008-01-30,28.7,18.4,23.2,0.0,12.2,23.7,63.17,970.0,5.3126,2008,1,30,30,Winter
2008-01-31,28.7,17.7,22.9,0.0,9.2,22.5,64.24,970.0,5.845,2008,1,31,31,Winter
2008-02-01,28.6,17.8,23.0,0.0,11.8,23.9,69.25,970.0,4.9714,2008,2,1,32,Winter
2008-02-02,28.7,18.9,23.3,0.0,12.7,24.2,71.22,970.0,4.8828,2008,2,2,33,Winter
2008-02-03,27.5,19.2,22.5,0.4,14.6,23.7,71.45,970.0,4.8331,2008,2,3,34,Winter
2008-02-04,26.0,18.3,22.1,0.8,14.7,22.7,70.19,970.0,4.1508,2008,2,4,35,Winter
2008-02-05,27.9,17.8,22.6,0.0,15.1,23.3,70.36,970.0,4.4131,2008,2,5,36,Winter
2008-02-06,28.9,17.3,22.7,0.0,13.0,23.1,64.34,970.0,5.5102,2008,2,6,37,Winter
2008-02-07,27.8,16.5,22.7,0.0,10.7,23.3,68.44,970.0,4.9142,2008,2,7,38,Winter
2008-02-08,28.1,19.4,22.9,1.9,11.9,24.6,72.95,970.0,3.51,2008,2,8,39,Winter
2008-02-09,26.0,19.9,22.4,10.8,9.0,24.9,83.83,970.0,3.1901,2008,2,9,40,Winter
2008-02-10,27.2,19.0,21.9,18.4,10.5,24.4,83.57,970.0,4.1201,2008,2,10,41,Winter
2008-02-11,26.5,18.9,22.2,1.3,10.1,24.3,82.93,970.0,4.6234,2008,2,11,42,Winter
2008-02-12,26.9,19.6,22.6,0.0,11.2,24.5,77.41,970.0,4.6056,2008,2,12,43,Winter
2008-02-13,27.3,18.7,22.8,0.0,11.7,24.2,67.67,970.0,5.0098,2008,2,13,44,Winter
2008-02-14,27.2,18.7,22.4,0.4,11.5,23.8,70.16,970.0,4.1705,2008,2,14,45,Winter
2008-02-15,26.3,18.7,21.8,1.5,15.2,22.9,72.77,970.0,4.9406,2008,2,15,46,Winter
2008-02-16,28.5,18.5,22.5,0.0,10.5,23.3,62.27,970.0,6.3866,2008,2,16,47,Winter
2008-02-17,28.4,17.5,22.1,0.0,13.8,22.0,62.71,970.0,6.6665,2008,2,17,48,Winter
2008-02-18,29.4,14.8,22.0,0.0,12.0,21.0,56.53,970.0,6.875,2008,2,18,49,Winter
2008-02-19,29.5,14.7,22.4,0.0,11.0,21.9,57.05,970.0,6.863,2008,2,19,50,Winter
2008-02-20,30.2,18.3,23.9,0.0,12.1,23.6,61.19,970.0,6.4426,2008,2,20,51,Winter
2008-02-21,30.4,17.0,23.7,0.0,12.8,23.2,59.57,970.0,6.3895,2008,2,21,52,Winter
2008-02-22,30.1,16.7,23.2,0.0,12.2,22.9,59.48,970.0,6.6732,2008,2,22,53,Winter
2008-02-23,30.3,16.8,22.9,0.0,12.4,22.6,57.76,970.0,6.8803,2008,2,23,54,Winter
2008-02-24,30.4,15.8,23.0,0.0,14.2,21.5,55.52,970.0,7.0478,2008,2,24,55,Winter
2008-02-25,31.2,14.7,23.3,0.0,15.8,21.5,51.88,970.0,7.0212,2008,2,25,56,Winter
2008-02-26,30.6,16.4,23.6,0.0,17.6,22.2,45.89,970.0,7.0589,2008,2,26,57,Winter
2008-02-27,30.6,16.8,23.5,0.0,18.4,21.2,47.65,970.0,7.1561,2008,2,27,58,Winter
2008-02-28,29.9,15.1,22.6,0.0,21.9,20.1,45.26,970.0,7.2811,2008,2,28,59,Winter
2008-02-29,30.4,15.5,22.9,0.0,13.3,20.8,46.74,970.0,7.2451,2008,2,29,60,Winter
2008-03-01,31.1,16.4,23.6,0.0,13.3,22.1,48.35,970.0,7.0658,2008,3,1,61,Summer
2008-03-02,31.5,17.8,24.2,0.0,14.2,23.6,51.06,970.0,7.2192,2008,3,2,62,Summer
2008-03-03,31.3,15.9,23.4,0.0,15.1,21.1,43.68,970.0,7.3642,2008,3,3,63,Summer
2008-03-04,31.0,15.7,23.4,0.0,16.2,19.9,32.98,970.0,7.5271,2008,3,4,64,Summer
2008-03-05,31.6,15.5,23.7,0.0,18.0,20.7,32.88,970.0,7.4918,2008,3,5,65,Summer
2008-03-06,31.4,14.8,23.5,0.0,17.5,20.9,41.56,970.0,7.4616,2008,3,6,66,Summer
2008-03-07,30.8,14.5,23.0,0.0,24.5,19.9,37.03,970.0,7.4297,2008,3,7,67,Summer
2008-03-08,30.9,13.7,22.5,0.0,24.1,18.9,28.85,970.0,7.6543,2008,3,8,68,Summer
2008-03-09,31.1,12.8,22.6,0.0,17.1,19.3,27.14,970.0,7.3848,2008,3,9,69,Summer
2008-03-10,31.5,15.2,23.7,0.0,19.1,21.5,30.93,970.0,5.9986,2008,3,10,70,Summer
2008-03-11,30.6,16.7,23.7,0.0,17.5,21.4,39.94,970.0,6.7392,2008,3,11,71,Summer
2008-03-12,26.9,17.8,22.0,2.9,15.9,22.6,62.99,970.0,4.637,2008,3,12,72,Summer
2008-03-13,28.5,19.2,22.7,6.6,14.6,24.3,69.67,970.0,4.9937,2008,3,13,73,Summer
2008-03-14,24.3,19.8,21.4,30.1,9.8,23.8,75.27,970.0,4.8701,2008,3,14,74,Summer
2008-03-15,27.9,19.8,22.8,4.5,9.7,25.5,73.13,970.0,5.0134,2008,3,15,75,Summer
2008-03-16,28.7,19.2,22.9,0.4,12.7,24.9,65.02,970.0,5.2073,2008,3,16,76,Summer
2008-03-17,28.8,17.7,23.2,0.1,13.0,24.5,57.43,970.0,6.241,2008,3,17,77,Summer
2008-03-18,30.0,18.8,23.7,0.0,15.2,24.7,62.73,970.0,6.8995,2008,3,18,78,Summer
2008-03-19,30.0,18.4,23.5,0.0,15.8,24.6,64.21,970.0,6.2419,2008,3,19,79,Summer
2008-03-20,28.4,19.4,21.8,14.9,17.0,23.5,73.49,970.0,4.0044,2008,3,20,80,Summer
2008-03-21,23.5,19.5,20.5,17.2,18.1,22.2,80.33,970.0,3.4162,2008,3,21,81,Summer
2008-03-22,25.0,19.1,21.0,10.9,23.3,22.0,80.29,970.0,3.1661,2008,3,22,82,Summer
2008-03-23,24.8,19.7,21.4,9.8,18.0,23.4,84.54,970.0,4.2151,2008,3,23,83,Summer
2008-03-24,26.0,18.3,21.7,4.8,13.0,23.9,76.13,970.0,5.7142,2008,3,24,84,Summer
2008-03-25,26.9,18.0,22.4,0.0,12.4,24.4,67.4,970.0,6.7337,2008,3,25,85,Summer
2008-03-26,27.3,18.7,22.1,7.4,7.7,24.9,72.29,970.0,6.1248,2008,3,26,86,Summer
2008-03-27,28.4,17.8,22.8,2.8,8.0,25.9,71.84,970.0,6.023,2008,3,27,87,Summer
2008-03-28,28.0,19.5,22.7,15.9,7.4,26.0,68.38,970.0,5.4254,2008,3,28,88,Summer
2008-03-29,28.3,18.5,22.5,9.3,7.4,25.8,65.56,970.0,6.3986,2008,3,29,89,Summer
2008-03-30,28.6,18.8,22.5,14.8,8.2,25.6,63.4,970.0,5.6506,2008,3,30,90,Summer
2008-03-31,27.7,19.0,22.5,8.3,9.8,25.3,66.35,970.0,5.9299,2008,3,31,91,Summer
2008-04-01,27.6,19.3,22.8,1.8,9.8,25.4,67.66,970.0,5.1245,2008,4,1,92,Summer
2008-04-02,28.0,19.5,23.1,1.0,9.8,25.8,66.74,970.0,4.6865,2008,4,2,93,Summer
2008-04-03,28.2,18.8,23.1,3.9,7.1,26.3,72.49,970.0,5.1773,2008,4,3,94,Summer
2008-04-04,28.2,18.7,22.7,2.8,7.2,25.6,64.98,970.0,5.3278,2008,4,4,95,Summer
2008-04-05,27.7,18.5,22.9,0.5,10.2,25.1,67.24,970.0,6.2818,2008,4,5,96,Summer
2008-04-06,28.5,19.3,23.3,0.0,12.6,25.0,61.81,970.0,6.8515,2008,4,6,97,Summer
2008-04-07,28.5,18.9,23.4,0.0,13.1,24.4,57.37,970.0,7.709,2008,4,7,98,Summer
2008-04-08,29.8,18.3,23.5,0.0,12.5,24.0,53.62,970.0,7.7251,2008,4,8,99,Summer
2008-04-09,30.5,18.1,24.0,0.0,13.1,24.6,53.96,970.0,7.7777,2008,4,9,100,Summer
2008-04-10,30.8,17.3,24.2,0.0,15.0,24.5,55.0,970.0,7.2182,2008,4,10,101,Summer
2008-04-11,31.2,16.8,24.2,0.0,12.6,23.8,49.3,970.0,7.6068,2008,4,11,102,Summer
2008-04-12,32.1,16.7,24.7,0.0,13.9,24.2,55.6,970.0,7.5204,2008,4,12,103,Summer
2008-04-13,33.1,18.4,25.7,0.0,13.0,25.4,55.95,970.0,7.555,2008,4,13,104,Summer
2008-04-14,33.5,17.5,25.6,0.0,12.2,25.8,52.75,970.0,7.506,2008,4,14,105,Summer
2008-04-15,33.6,19.4,26.4,0.0,12.8,27.2,55.24,970.0,6.9278,2008,4,15,106,Summer
2008-04-16,32.8,20.5,26.8,0.0,13.6,28.0,57.87,970.0,7.2163,2008,4,16,107,Summer
2008-04-17,34.0,19.6,26.8,0.0,15.8,27.1,49.52,970.0,6.7286,2008,4,17,108,Summer
2008-04-18,33.3,19.6,26.8,0.0,11.0,27.1,45.06,970.0,7.1645,2008,4,18,109,Summer
2008-04-19,33.7,20.1,27.1,0.0,15.2,27.3,44.28,970.0,6.96,2008,4,19,110,Summer
2008-04-20,34.3,20.6,28.0,0.0,13.5,27.7,36.79,970.0,6.8846,2008,4,20,111,Summer
2008-04-21,35.5,19.6,28.3,0.0,14.8,27.5,38.11,970.0,7.2958,2008,4,21,112,Summer
2008-04-22,34.8,20.3,27.8,0.0,9.4,28.1,41.45,970.0,6.6919,2008,4,22,113,Summer
2008-04-23,33.8,21.1,27.7,0.0,12.2,28.4,37.17,970.0,6.5822,2008,4,23,114,Summer
2008-04-24,33.6,20.5,27.5,0.0,10.6,28.0,39.49,970.0,6.4399,2008,4,24,115,Summer
2008-04-25,33.6,20.5,27.0,0.0,14.7,27.2,47.25,970.0,7.0195,2008,4,25,116,Summer
2008-04-26,33.4,20.5,26.8,0.0,14.5,27.9,49.49,970.0,7.0358,2008,4,26,117,Summer
2008-04-27,33.9,20.2,27.4,0.0,12.9,28.3,46.09,970.0,6.0228,2008,4,27,118,Summer
2008-04-28,32.9,21.8,26.2,12.7,18.8,28.0,52.69,970.0,4.872,2008,4,28,119,Summer
2008-04-29,32.2,20.9,25.4,1.8,15.5,27.9,52.37,970.0,5.4317,2008,4,29,120,Summer
2008-04-30,33.4,21.0,26.8,0.0,14.0,28.9,60.74,970.0,7.0147,2008,4,30,121,Summer
2008-05-01,33.5,21.5,26.6,1.3,14.2,28.6,59.73,970.0,7.0586,2008,5,1,122,Summer
2008-05-02,33.4,21.4,26.9,0.0,17.4,28.1,58.44,970.0,7.0289,2008,5,2,123,Summer
2008-05-03,33.0,21.4,26.9,0.0,14.3,27.4,48.84,970.0,6.9425,2008,5,3,124,Summer
2008-05-04,33.5,20.2,26.5,0.0,12.9,26.7,46.7,970.0,7.5605,2008,5,4,125,Summer
2008-05-05,32.3,19.7,26.1,0.0,15.0,26.1,47.68,970.0,7.4462,2008,5,5,126,Summer
2008-05-06,31.8,19.9,26.1,0.0,14.8,26.6,47.06,970.0,7.1671,2008,5,6,127,Summer
2008-05-07,32.4,20.5,25.4,1.7,13.8,27.0,44.02,970.0,6.4375,2008,5,7,128,Summer
2008-05-08,31.9,21.2,25.1,1.9,11.2,27.1,53.0,970.0,5.957,2008,5,8,129,Summer
2008-05-09,32.7,20.9,25.3,2.2,16.1,27.0,55.04,970.0,5.8591,2008,5,9,130,Summer
2008-05-10,32.7,20.8,25.5,1.4,15.5,27.4,50.43,970.0,6.6098,2008,5,10,131,Summer
2008-05-11,32.1,21.2,25.5,0.6,13.4,27.5,49.8,970.0,6.2086,2008,5,11,132,Summer
2008-05-12,32.0,20.6,26.1,0.0,14.1,27.3,45.72,970.0,6.8431,2008,5,12,133,Summer
2008-05-13,33.0,20.0,26.2,0.0,15.5,26.8,44.96,970.0,7.3272,2008,5,13,134,Summer
2008-05-14,32.6,19.9,26.2,0.0,15.8,26.5,47.99,970.0,7.1772,2008,5,14,135,Summer
2008-05-15,33.1,20.4,26.3,0.1,17.9,26.8,49.63,970.0,7.1549,2008,5,15,136,Summer
2008-05-16,33.2,20.7,26.6,0.0,18.5,27.0,50.6,970.0,7.2394,2008,5,16,137,Summer
2008-05-17,32.8,21.0,26.4,0.1,17.7,26.8,49.39,970.0,7.0807,2008,5,17,138,Summer
2008-05-18,32.5,21.0,26.0,0.7,15.6,27.3,51.18,970.0,6.7176,2008,5,18,139,Summer
2008-05-19,32.9,21.4,26.3,1.3,12.8,28.2,54.81,970.0,6.6228,2008,5,19,140,Summer
2008-05-20,30.6,21.5,25.4,0.3,11.0,27.4,57.08,970.0,7.0411,2008,5,20,141,Summer
2008-05-21,31.8,21.3,25.4,8.3,12.8,27.9,67.04,970.0,6.6552,2008,5,21,142,Summer
2008-05-22,30.2,20.5,24.2,15.5,11.6,27.2,71.09,970.0,6.7843,2008,5,22,143,Summer
2008-05-23,30.1,20.9,24.2,12.0,13.3,27.3,69.21,970.0,5.5582,2008,5,23,144,Summer
2008-05-24,30.1,20.9,23.9,12.5,10.9,27.0,80.03,970.0,6.3178,2008,5,24,145,Summer
2008-05-25,30.1,20.6,24.1,10.0,10.6,27.3,69.21,970.0,6.3271,2008,5,25,146,Summer
2008-05-26,29.5,20.6,24.2,9.9,13.1,27.2,75.32,970.0,6.7058,2008,5,26,147,Summer
2008-05-27,29.7,20.3,24.1,6.2,13.9,27.2,68.69,970.0,6.377,2008,5,27,148,Summer
2008-05-28,29.8,20.9,24.1,7.3,10.2,27.7,75.39,970.0,6.233,2008,5,28,149,Summer
2008-05-29,29.5,21.2,24.1,3.4,12.9,27.1,68.08,970.0,6.6178,2008,5,29,150,Summer
2008-05-30,28.9,20.8,24.2,8.6,15.5,26.8,74.7,970.0,6.3634,2008,5,30,151,Summer
2008-05-31,27.1,20.5,22.7,11.3,16.4,25.1,84.9,970.0,5.263,2008,5,31,152,Summer
2008-06-01,27.0,20.1,23.1,11.2,13.8,25.7,79.35,970.0,5.8385,2008,6,1,153,Southwest Monsoon
2008-06-02,28.0,20.0,22.9,10.4,11.2,26.1,77.03,970.0,6.1339,2008,6,2,154,Southwest Monsoon
2008-06-03,28.4,19.8,23.4,1.6,10.5,26.4,75.88,970.0,6.3391,2008,6,3,155,Southwest Monsoon
2008-06-04,29.1,19.5,23.8,0.8,15.2,25.9,73.62,970.0,7.4347,2008,6,4,156,Southwest Monsoon
2008-06-05,29.3,19.8,23.9,0.5,20.4,25.0,75.2,970.0,7.2005,2008,6,5,157,Southwest Monsoon
2008-06-06,27.7,19.8,22.9,3.2,22.3,23.9,79.83,970.0,5.6467,2008,6,6,158,Southwest Monsoon
2008-06-07,27.8,20.2,22.4,13.5,22.0,23.9,80.11,970.0,4.921,2008,6,7,159,Southwest Monsoon
2008-06-08,26.2,20.4,22.2,7.4,26.0,23.2,81.62,970.0,4.9562,2008,6,8,160,Southwest Monsoon
2008-06-09,24.6,20.1,21.4,9.3,23.3,22.5,78.93,970.0,4.1035,2008,6,9,161,Southwest Monsoon
2008-06-10,25.4,19.9,21.8,5.2,24.1,22.6,74.54,970.0,4.4338,2008,6,10,162,Southwest Monsoon
2008-06-11,26.0,20.1,22.7,0.4,24.6,23.2,77.03,970.0,5.0916,2008,6,11,163,Southwest Monsoon
2008-06-12,24.1,20.6,21.8,7.4,24.0,22.9,75.73,970.0,3.5916,2008,6,12,164,Southwest Monsoon
2008-06-13,26.2,19.7,22.1,1.4,25.3,22.7,73.63,970.0,3.481,2008,6,13,165,Southwest Monsoon
2008-06-14,25.9,20.5,22.6,0.7,27.4,22.6,74.56,970.0,4.5744,2008,6,14,166,Southwest Monsoon
2008-06-15,26.3,20.1,22.5,1.4,29.3,22.5,77.12,970.0,4.8312,2008,6,15,167,Southwest Monsoon
2008-06-16,26.9,19.9,22.9,0.0,25.7,22.9,74.52,970.0,4.6174,2008,6,16,168,Southwest Monsoon
2008-06-17,25.5,20.2,22.2,0.9,25.2,22.7,73.16,970.0,2.9407,2008,6,17,169,Southwest Monsoon
2008-06-18,27.2,19.6,22.8,0.8,24.2,23.5,75.33,970.0,4.2946,2008,6,18,170,Southwest Monsoon
2008-06-19,25.5,20.2,22.3,11.2,19.8,23.6,76.52,970.0,4.7981,2008,6,19,171,Southwest Monsoon
2008-06-20,27.5,20.1,23.0,2.0,16.9,24.6,74.29,970.0,6.3228,2008,6,20,172,Southwest Monsoon
2008-06-21,27.6,19.9,23.6,0.1,15.9,25.0,74.85,970.0,5.9172,2008,6,21,173,Southwest Monsoon
2008-06-22,27.4,20.0,22.8,2.0,16.9,24.3,73.81,970.0,4.9279,2008,6,22,174,Southwest Monsoon
2008-06-23,27.5,19.0,23.0,0.0,21.3,23.7,72.57,970.0,5.6549,2008,6,23,175,Southwest Monsoon
2008-06-24,26.8,19.6,22.9,0.0,23.6,23.0,69.11,970.0,5.436,2008,6,24,176,Southwest Monsoon
2008-06-25,27.7,19.6,22.6,1.3,22.0,23.1,71.67,970.0,5.1571,2008,6,25,177,Southwest Monsoon
2008-06-26,26.4,20.2,23.1,0.4,24.9,23.3,73.89,970.0,5.0558,2008,6,26,178,Southwest Monsoon
2008-06-27,27.5,19.8,22.9,2.0,22.9,23.7,74.6,970.0,4.811,2008,6,27,179,Southwest Monsoon
2008-06-28,26.0,20.3,22.1,5.5,24.3,22.8,73.69,970.0,4.5792,2008,6,28,180,Southwest Monsoon
2008-06-29,26.8,19.5,22.3,1.1,27.8,22.5,71.21,970.0,4.8197,2008,6,29,181,Southwest Monsoon
2008-06-30,26.7,20.4,22.8,1.2,27.4,23.1,72.2,970.0,5.5927,2008,6,30,182,Southwest Monsoon
2008-07-01,25.0,20.2,22.0,1.9,24.0,22.5,74.85,970.0,3.9343,2008,7,1,183,Southwest Monsoon
2008-07-02,26.9,19.1,22.7,0.5,27.0,22.8,75.72,970.0,5.0858,2008,7,2,184,Southwest Monsoon
2008-07-03,27.3,19.9,23.3,0.4,19.2,24.3,75.54,970.0,6.1476,2008,7,3,185,Southwest Monsoon
2008-07-04,27.0,19.5,23.3,0.0,17.4,24.2,72.54,970.0,5.9218,2008,7,4,186,Southwest Monsoon
2008-07-05,27.3,19.3,23.2,0.1,18.7,23.8,74.44,970.0,5.5058,2008,7,5,187,Southwest Monsoon
2008-07-06,26.9,19.6,22.2,5.9,20.9,23.0,77.62,970.0,4.6531,2008,7,6,188,Southwest Monsoon
2008-07-07,26.8,19.1,22.5,0.5,24.3,22.6,75.32,970.0,4.7306,2008,7,7,189,Southwest Monsoon
2008-07-08,27.0,19.7,22.7,0.5,25.9,22.7,72.94,970.0,4.8506,2008,7,8,190,Southwest Monsoon
2008-07-09,27.0,20.1,22.9,0.7,23.1,23.6,69.74,970.0,4.1011,2008,7,9,191,Southwest Monsoon
2008-07-10,27.2,20.3,23.3,0.0,22.7,23.5,75.41,970.0,4.4196,2008,7,10,192,Southwest Monsoon
2008-07-11,28.1,20.1,23.5,0.1,23.8,24.0,71.72,970.0,5.5858,2008,7,11,193,Southwest Monsoon
2008-07-12,28.0,19.1,23.2,0.0,22.3,23.8,71.16,970.0,5.1566,2008,7,12,194,Southwest Monsoon
2008-07-13,28.9,18.9,23.8,0.2,15.4,25.1,70.77,970.0,6.7205,2008,7,13,195,Southwest Monsoon
2008-07-14,28.7,19.5,23.8,5.5,10.4,26.6,77.17,970.0,5.519,2008,7,14,196,Southwest Monsoon
2008-07-15,28.3,20.1,23.4,6.4,11.5,26.5,81.28,970.0,5.2056,2008,7,15,197,Southwest Monsoon
2008-07-16,28.1,20.0,23.2,5.7,12.1,25.8,82.76,970.0,6.0058,2008,7,16,198,Southwest Monsoon
2008-07-17,27.6,20.1,23.1,2.3,14.1,25.1,83.21,970.0,5.3362,2008,7,17,199,Southwest Monsoon
2008-07-18,27.9,19.8,23.1,2.7,16.0,25.1,86.87,970.0,5.9878,2008,7,18,200,Southwest Monsoon
2008-07-19,27.5,19.5,22.5,10.9,16.4,24.5,85.79,970.0,5.2169,2008,7,19,201,Southwest Monsoon
2008-07-20,27.5,19.7,22.8,4.6,12.9,25.1,83.77,970.0,5.7269,2008,7,20,202,Southwest Monsoon
2008-07-21,27.9,19.6,22.9,4.6,10.8,25.3,87.22,970.0,4.4801,2008,7,21,203,Southwest Monsoon
2008-07-22,27.2,19.3,22.5,6.7,10.8,25.1,89.39,970.0,5.7014,2008,7,22,204,Southwest Monsoon
2008-07-23,27.7,20.0,23.0,3.4,13.5,25.8,82.19,970.0,5.5942,2008,7,23,205,Southwest Monsoon
2008-07-24,26.6,20.2,22.2,10.5,19.8,23.7,82.52,970.0,4.9426,2008,7,24,206,Southwest Monsoon
2008-07-25,25.0,19.7,21.3,6.6,23.8,21.7,85.6,970.0,3.407,2008,7,25,207,Southwest Monsoon
2008-07-26,25.3,19.4,21.7,2.3,27.6,21.5,81.52,970.0,4.4755,2008,7,26,208,Southwest Monsoon
2008-07-27,23.4,19.5,20.5,14.9,23.5,20.8,84.81,970.0,3.4843,2008,7,27,209,Southwest Monsoon
2008-07-28,23.6,19.1,20.4,15.5,27.4,20.2,84.35,970.0,3.9734,2008,7,28,210,Southwest Monsoon
2008-07-29,25.0,19.6,21.2,8.0,25.6,21.2,82.22,970.0,4.1297,2008,7,29,211,Southwest Monsoon
2008-07-30,25.8,20.2,22.2,3.1,27.8,22.3,83.03,970.0,4.3927,2008,7,30,212,Southwest Monsoon
2008-07-31,25.8,20.5,22.7,0.3,27.8,22.8,82.72,970.0,4.9562,2008,7,31,213,Southwest Monsoon
2008-08-01,26.9,20.1,22.4,4.3,23.4,23.3,83.37,970.0,5.2697,2008,8,1,214,Southwest Monsoon
2008-08-02,26.2,19.8,22.2,0.7,22.8,22.9,84.42,970.0,4.11,2008,8,2,215,Southwest Monsoon
2008-08-03,27.0,20.2,22.3,2.8,20.4,23.6,84.21,970.0,4.0598,2008,8,3,216,Southwest Monsoon
2008-08-04,25.7,19.8,22.1,0.7,24.9,22.9,84.65,970.0,4.2053,2008,8,4,217,Southwest Monsoon
2008-08-05,26.0,19.4,22.2,0.0,21.3,22.8,81.35,970.0,5.2994,2008,8,5,218,Southwest Monsoon
2008-08-06,26.3,20.1,22.4,0.7,22.0,22.9,81.62,970.0,4.5379,2008,8,6,219,Southwest Monsoon
2008-08-07,26.7,19.1,22.2,0.8,23.5,22.5,80.67,970.0,5.0462,2008,8,7,220,Southwest Monsoon
2008-08-08,23.2,19.8,20.9,7.2,24.6,21.1,84.88,970.0,3.1018,2008,8,8,221,Southwest Monsoon
2008-08-09,24.1,19.9,21.2,1.3,31.8,20.4,82.97,970.0,2.9064,2008,8,9,222,Southwest Monsoon
2008-08-10,22.2,18.8,20.2,9.8,31.1,19.8,84.71,970.0,4.0517,2008,8,10,223,Southwest Monsoon
2008-08-11,22.3,19.0,20.3,17.5,25.9,20.3,86.47,970.0,3.9624,2008,8,11,224,Southwest Monsoon
2008-08-12,26.1,19.0,21.5,16.0,23.5,22.2,82.98,970.0,4.2996,2008,8,12,225,Southwest Monsoon
2008-08-13,24.6,19.7,21.2,6.6,22.4,22.3,83.68,970.0,4.5074,2008,8,13,226,Southwest Monsoon
2008-08-14,25.3,19.3,20.9,6.5,19.6,22.1,87.08,970.0,3.8606,2008,8,14,227,Southwest Monsoon
2008-08-15,22.2,18.5,20.3,1.0,21.2,20.4,83.95,970.0,3.4598,2008,8,15,228,Southwest Monsoon
2008-08-16,25.1,17.9,21.4,0.7,19.1,22.4,84.29,970.0,4.2953,2008,8,16,229,Southwest Monsoon
2008-08-17,25.1,18.6,21.4,9.2,14.4,23.2,84.19,970.0,4.6128,2008,8,17,230,Southwest Monsoon
2008-08-18,25.8,18.7,21.9,1.3,13.6,23.9,87.69,970.0,4.38,2008,8,18,231,Southwest Monsoon
2008-08-19,24.7,19.2,21.6,0.9,12.8,23.6,84.55,970.0,4.8036,2008,8,19,232,Southwest Monsoon
2008-08-20,25.9,18.6,21.7,1.0,14.6,23.3,81.59,970.0,4.9159,2008,8,20,233,Southwest Monsoon
2008-08-21,26.1,19.1,22.0,0.5,16.9,23.3,81.66,970.0,4.985,2008,8,21,234,Southwest Monsoon
2008-08-22,26.3,18.2,22.0,0.3,15.8,23.2,79.68,970.0,6.1169,2008,8,22,235,Southwest Monsoon
2008-08-23,26.7,18.2,22.2,0.0,16.1,23.3,80.58,970.0,6.0763,2008,8,23,236,Southwest Monsoon
2008-08-24,26.6,18.2,22.3,0.0,12.8,23.9,79.81,970.0,6.3036,2008,8,24,237,Southwest Monsoon
2008-08-25,27.8,18.5,22.8,1.3,9.9,25.4,90.98,970.0,5.6599,2008,8,25,238,Southwest Monsoon
2008-08-26,26.7,18.9,22.1,14.4,8.4,25.2,89.24,970.0,6.4704,2008,8,26,239,Southwest Monsoon
2008-08-27,27.3,18.7,22.5,20.6,6.3,25.7,88.9,970.0,6.4644,2008,8,27,240,Southwest Monsoon
2008-08-28,26.9,19.9,22.8,3.0,7.3,25.8,84.89,970.0,6.2162,2008,8,28,241,Southwest Monsoon
2008-08-29,27.2,19.8,23.1,10.8,7.3,26.4,86.02,970.0,5.8296,2008,8,29,242,Southwest Monsoon
2008-08-30,27.5,19.4,22.7,14.1,7.2,26.1,83.39,970.0,5.7761,2008,8,30,243,Southwest Monsoon
2008-08-31,27.8,19.6,22.6,23.6,8.7,26.0,84.77,970.0,4.3956,2008,8,31,244,Southwest Monsoon
2008-09-01,26.7,19.1,22.3,4.1,11.2,25.2,85.38,970.0,5.4202,2008,9,1,245,Southwest Monsoon
2008-09-02,27.0,19.3,22.5,6.8,8.7,25.6,85.35,970.0,6.1006,2008,9,2,246,Southwest Monsoon
2008-09-03,27.0,19.8,22.7,8.2,8.4,26.0,89.7,970.0,4.765,2008,9,3,247,Southwest Monsoon
2008-09-04,27.6,20.1,23.0,7.9,7.4,26.3,82.33,970.0,6.9514,2008,9,4,248,Southwest Monsoon
2008-09-05,27.3,19.6,22.9,2.7,11.7,25.9,85.86,970.0,6.4162,2008,9,5,249,Southwest Monsoon
2008-09-06,26.8,19.7,23.1,1.6,10.5,25.6,88.51,970.0,6.0864,2008,9,6,250,Southwest Monsoon
2008-09-07,26.1,19.8,22.0,5.6,17.6,23.9,89.43,970.0,4.8115,2008,9,7,251,Southwest Monsoon
2008-09-08,24.0,19.1,20.8,10.4,18.1,21.9,90.83,970.0,3.9062,2008,9,8,252,Southwest Monsoon
2008-09-09,23.3,19.0,20.5,9.7,21.8,21.1,89.95,970.0,4.4882,2008,9,9,253,Southwest Monsoon
2008-09-10,26.3,19.4,22.0,4.9,22.7,22.7,89.25,970.0,4.097,2008,9,10,254,Southwest Monsoon
2008-09-11,25.9,19.1,22.2,0.0,27.5,21.8,87.43,970.0,5.3378,2008,9,11,255,Southwest Monsoon
2008-09-12,25.5,18.5,21.4,0.0,28.4,20.9,86.29,970.0,4.7138,2008,9,12,256,Southwest Monsoon
2008-09-13,26.1,19.2,22.2,0.0,25.8,22.3,87.44,970.0,5.2032,2008,9,13,257,Southwest Monsoon
2008-09-14,26.0,18.4,21.3,8.8,22.6,22.1,86.97,970.0,4.7611,2008,9,14,258,Southwest Monsoon
2008-09-15,26.0,18.0,21.6,0.0,23.1,21.8,86.41,970.0,6.2064,2008,9,15,259,Southwest Monsoon
2008-09-16,25.3,18.6,21.7,0.5,25.7,21.8,85.08,970.0,5.2752,2008,9,16,260,Southwest Monsoon
2008-09-17,25.6,18.7,21.9,0.1,25.2,21.7,86.21,970.0,6.1961,2008,9,17,261,Southwest Monsoon
2008-09-18,26.2,18.6,21.9,0.0,22.7,22.1,85.18,970.0,6.0586,2008,9,18,262,Southwest Monsoon
2008-09-19,25.4,17.5,21.3,1.4,19.8,22.4,86.04,970.0,5.0842,2008,9,19,263,Southwest Monsoon
2008-09-20,25.2,19.4,21.5,5.8,13.9,23.6,86.86,970.0,4.3831,2008,9,20,264,Southwest Monsoon
2008-09-21,26.4,18.6,22.3,0.0,12.6,24.0,84.61,970.0,5.971,2008,9,21,265,Southwest Monsoon
2008-09-22,26.8,18.4,22.2,0.0,12.6,24.0,83.25,970.0,6.6446,2008,9,22,266,Southwest Monsoon
2008-09-23,26.7,17.4,22.2,0.1,10.4,24.1,84.98,970.0,6.3499,2008,9,23,267,Southwest Monsoon
2008-09-24,26.4,19.0,22.3,0.7,12.6,24.3,91.35,970.0,6.2146,2008,9,24,268,Southwest Monsoon
2008-09-25,27.4,18.4,22.6,0.0,15.1,24.2,84.69,970.0,6.6036,2008,9,25,269,Southwest Monsoon
2008-09-26,26.4,17.9,22.0,0.0,14.2,23.3,83.24,970.0,6.8969,2008,9,26,270,Southwest Monsoon
2008-09-27,27.4,16.4,21.9,0.0,9.0,23.5,80.39,970.0,6.9461,2008,9,27,271,Southwest Monsoon
2008-09-28,27.0,17.0,21.8,0.0,9.3,22.8,76.41,970.0,6.6835,2008,9,28,272,Southwest Monsoon
2008-09-29,27.7,16.4,22.1,0.0,6.9,23.8,76.7,970.0,6.5239,2008,9,29,273,Southwest Monsoon
2008-09-30,26.7,17.2,22.4,0.3,7.6,24.2,78.78,970.0,6.1306,2008,9,30,274,Southwest Monsoon
2008-10-01,26.5,18.0,22.5,0.6,7.4,24.5,74.93,970.0,5.6688,2008,10,1,275,Post-Monsoon
2008-10-02,27.0,18.2,22.7,0.8,7.3,25.3,76.13,970.0,6.1891,2008,10,2,276,Post-Monsoon
2008-10-03,27.4,18.7,22.7,1.3,7.1,25.7,79.6,970.0,5.3638,2008,10,3,277,Post-Monsoon
2008-10-04,27.3,19.1,22.5,3.7,10.2,25.1,81.6,970.0,4.6049,2008,10,4,278,Post-Monsoon
2008-10-05,27.2,19.2,22.4,6.9,8.4,25.3,84.63,970.0,4.3366,2008,10,5,279,Post-Monsoon
2008-10-06,26.9,19.4,22.4,6.4,8.1,25.5,82.91,970.0,5.586,2008,10,6,280,Post-Monsoon
2008-10-07,26.9,18.5,22.2,7.1,6.6,25.3,82.55,970.0,5.514,2008,10,7,281,Post-Monsoon
2008-10-08,26.7,19.1,22.5,8.0,9.4,25.6,87.78,970.0,5.7706,2008,10,8,282,Post-Monsoon
2008-10-09,27.6,19.0,22.5,8.7,8.4,25.7,84.36,970.0,5.9803,2008,10,9,283,Post-Monsoon
2008-10-10,27.7,18.9,22.8,0.8,11.6,25.0,84.61,970.0,5.7046,2008,10,10,284,Post-Monsoon
2008-10-11,27.2,19.1,22.6,2.8,12.8,24.5,83.52,970.0,5.8058,2008,10,11,285,Post-Monsoon
2008-10-12,25.1,18.6,21.4,3.5,16.0,23.2,87.88,970.0,4.5842,2008,10,12,286,Post-Monsoon
2008-10-13,25.1,18.5,21.7,1.8,17.3,23.5,86.17,970.0,3.4114,2008,10,13,287,Post-Monsoon
2008-10-14,26.0,19.4,21.4,7.6,16.3,23.4,86.1,970.0,3.5734,2008,10,14,288,Post-Monsoon
2008-10-15,26.5,19.4,21.9,3.5,17.4,23.7,89.38,970.0,4.3363,2008,10,15,289,Post-Monsoon
2008-10-16,24.9,19.1,21.5,1.7,14.5,23.4,88.05,970.0,3.9593,2008,10,16,290,Post-Monsoon
2008-10-17,26.2,20.1,22.1,5.2,13.5,24.3,87.22,970.0,4.9788,2008,10,17,291,Post-Monsoon
2008-10-18,25.6,19.7,22.0,5.2,15.9,24.0,87.01,970.0,4.0982,2008,10,18,292,Post-Monsoon
2008-10-19,26.1,20.0,22.0,5.8,15.3,24.1,86.38,970.0,4.6817,2008,10,19,293,Post-Monsoon
2008-10-20,26.2,19.1,21.7,4.6,17.3,23.7,87.51,970.0,4.8502,2008,10,20,294,Post-Monsoon
2008-10-21,24.4,19.9,21.1,5.5,14.8,23.1,92.71,970.0,3.5242,2008,10,21,295,Post-Monsoon
2008-10-22,23.9,19.5,20.7,15.4,13.4,22.9,91.28,970.0,2.963,2008,10,22,296,Post-Monsoon
2008-10-23,25.9,19.7,21.8,12.4,12.6,24.6,90.52,970.0,4.181,2008,10,23,297,Post-Monsoon
2008-10-24,24.1,19.0,21.5,6.4,12.2,24.5,91.56,970.0,3.6725,2008,10,24,298,Post-Monsoon
2008-10-25,25.0,19.6,21.8,5.7,8.0,24.8,86.45,970.0,3.7615,2008,10,25,299,Post-Monsoon
2008-10-26,25.1,19.1,21.8,1.5,9.8,23.8,84.36,970.0,4.1818,2008,10,26,300,Post-Monsoon
2008-10-27,26.1,14.8,20.4,0.0,12.3,20.4,64.18,970.0,6.4824,2008,10,27,301,Post-Monsoon
2008-10-28,26.0,16.0,20.8,0.0,9.7,20.9,65.72,970.0,6.4073,2008,10,28,302,Post-Monsoon
2008-10-29,25.5,12.7,19.5,0.0,9.9,19.6,67.96,970.0,6.6322,2008,10,29,303,Post-Monsoon
2008-10-30,26.0,14.7,20.4,0.0,9.6,21.0,75.75,970.0,6.5976,2008,10,30,304,Post-Monsoon
2008-10-31,26.2,14.7,20.3,0.0,9.8,20.7,67.37,970.0,6.563,2008,10,31,305,Post-Monsoon
2008-11-01,25.9,13.2,19.7,0.0,11.7,19.6,67.2,970.0,6.4574,2008,11,1,306,Post-Monsoon
2008-11-02,26.2,13.3,19.9,0.0,15.3,19.7,63.5,970.0,6.4123,2008,11,2,307,Post-Monsoon
2008-11-03,26.4,14.8,20.1,0.0,11.5,19.8,60.91,970.0,6.3823,2008,11,3,308,Post-Monsoon
2008-11-04,26.5,12.7,19.5,0.0,11.2,19.3,66.43,970.0,6.247,2008,11,4,309,Post-Monsoon
2008-11-05,26.4,13.7,20.0,0.0,8.7,20.4,72.2,970.0,6.1968,2008,11,5,310,Post-Monsoon
2008-11-06,26.3,13.7,20.4,0.0,10.6,20.7,76.52,970.0,6.0768,2008,11,6,311,Post-Monsoon
2008-11-07,26.7,15.2,20.7,0.0,12.3,21.0,78.08,970.0,6.054,2008,11,7,312,Post-Monsoon
2008-11-08,26.8,15.5,20.9,0.0,11.3,21.6,78.71,970.0,5.8332,2008,11,8,313,Post-Monsoon
2008-11-09,27.1,15.5,21.4,0.0,9.4,22.4,79.24,970.0,5.8402,2008,11,9,314,Post-Monsoon
2008-11-10,26.6,17.5,21.8,0.4,12.5,23.1,86.72,970.0,5.0724,2008,11,10,315,Post-Monsoon
2008-11-11,27.0,18.6,22.1,0.0,12.9,22.8,80.72,970.0,5.0712,2008,11,11,316,Post-Monsoon
2008-11-12,26.2,16.6,21.1,0.0,16.3,21.2,78.54,970.0,5.8253,2008,11,12,317,Post-Monsoon
2008-11-13,26.3,15.0,21.1,0.0,12.0,21.3,81.75,970.0,5.7684,2008,11,13,318,Post-Monsoon
2008-11-14,26.4,16.3,21.1,0.0,14.5,21.6,78.65,970.0,4.6022,2008,11,14,319,Post-Monsoon
2008-11-15,27.0,17.2,21.8,0.0,15.9,21.7,76.61,970.0,5.0047,2008,11,15,320,Post-Monsoon
2008-11-16,24.7,19.1,21.1,7.5,15.3,22.0,89.29,970.0,4.1606,2008,11,16,321,Post-Monsoon
2008-11-17,26.3,17.8,22.0,0.2,14.6,23.3,86.56,970.0,4.327,2008,11,17,322,Post-Monsoon
2008-11-18,27.0,19.0,22.1,0.6,12.7,23.8,85.41,970.0,5.4998,2008,11,18,323,Post-Monsoon
2008-11-19,26.9,19.8,22.5,0.0,16.3,23.8,86.54,970.0,3.6274,2008,11,19,324,Post-Monsoon
2008-11-20,26.3,18.3,21.8,0.6,16.9,23.4,87.39,970.0,5.1658,2008,11,20,325,Post-Monsoon
2008-11-21,27.2,18.8,22.4,0.0,14.5,23.5,83.4,970.0,5.7389,2008,11,21,326,Post-Monsoon
2008-11-22,23.0,17.8,19.9,18.7,17.7,21.1,88.99,970.0,2.4907,2008,11,22,327,Post-Monsoon
2008-11-23,25.5,19.3,20.9,4.2,18.8,22.1,89.49,970.0,3.1699,2008,11,23,328,Post-Monsoon
2008-11-24,25.4,18.7,21.1,0.8,19.2,21.9,86.97,970.0,3.6643,2008,11,24,329,Post-Monsoon
2008-11-25,24.8,18.5,20.8,0.0,19.2,21.2,84.83,970.0,4.043,2008,11,25,330,Post-Monsoon
2008-11-26,22.4,17.8,19.4,3.7,22.7,18.8,89.73,970.0,1.8182,2008,11,26,331,Post-Monsoon
2008-11-27,18.3,16.5,17.3,22.3,25.2,16.6,93.49,970.0,1.0858,2008,11,27,332,Post-Monsoon
2008-11-28,20.1,17.6,18.9,18.0,25.2,19.9,94.55,970.0,2.261,2008,11,28,333,Post-Monsoon
2008-11-29,24.7,18.9,20.9,20.6,16.8,22.5,89.04,970.0,4.1467,2008,11,29,334,Post-Monsoon
2008-11-30,24.5,19.2,21.0,1.1,17.6,22.7,88.28,970.0,2.8855,2008,11,30,335,Post-Monsoon
2008-12-01,25.6,19.1,21.4,0.9,11.9,23.3,88.6,970.0,4.681,2008,12,1,336,Winter
2008-12-02,25.6,19.1,21.5,0.8,12.1,23.4,85.86,970.0,3.6775,2008,12,2,337,Winter
2008-12-03,25.5,17.7,21.0,0.0,10.0,22.4,81.82,970.0,5.6311,2008,12,3,338,Winter
2008-12-04,25.3,14.6,19.9,0.0,15.0,20.5,83.34,970.0,5.838,2008,12,4,339,Winter
2008-12-05,24.9,16.9,20.1,0.0,12.4,20.7,82.61,970.0,5.5973,2008,12,5,340,Winter
2008-12-06,24.7,16.1,19.9,0.0,13.9,20.5,85.01,970.0,4.8262,2008,12,6,341,Winter
2008-12-07,25.3,16.5,19.8,0.0,10.7,20.5,84.11,970.0,5.5061,2008,12,7,342,Winter
2008-12-08,24.5,14.9,19.8,0.0,11.3,20.7,84.03,970.0,3.8342,2008,12,8,343,Winter
2008-12-09,23.9,18.5,20.6,0.0,15.4,21.5,87.98,970.0,2.6453,2008,12,9,344,Winter
2008-12-10,25.1,18.2,20.9,0.5,13.3,22.3,84.59,970.0,3.1642,2008,12,10,345,Winter
2008-12-11,26.2,16.8,20.8,0.0,10.5,22.1,78.62,970.0,5.5018,2008,12,11,346,Winter
2008-12-12,25.7,15.5,19.7,0.0,11.2,19.9,80.68,970.0,5.646,2008,12,12,347,Winter
2008-12-13,25.7,16.8,20.5,0.0,13.0,21.1,84.08,970.0,4.8458,2008,12,13,348,Winter
2008-12-14,25.0,14.9,19.7,0.0,16.6,19.3,82.92,970.0,4.5509,2008,12,14,349,Winter
2008-12-15,24.7,13.9,19.4,0.0,16.0,19.1,83.78,970.0,4.015,2008,12,15,350,Winter
2008-12-16,25.2,15.1,19.6,0.0,16.1,19.5,84.88,970.0,5.1727,2008,12,16,351,Winter
2008-12-17,24.8,16.1,19.7,0.0,19.6,19.3,83.32,970.0,4.896,2008,12,17,352,Winter
2008-12-18,24.4,15.4,19.2,0.0,17.4,18.7,83.49,970.0,4.0858,2008,12,18,353,Winter
2008-12-19,25.1,15.4,19.3,0.0,14.3,19.2,82.88,970.0,4.2934,2008,12,19,354,Winter
2008-12-20,25.1,13.7,18.5,0.0,10.7,18.5,82.31,970.0,4.8322,2008,12,20,355,Winter
2008-12-21,26.3,12.9,18.9,0.0,10.2,18.6,76.5,970.0,5.3659,2008,12,21,356,Winter
2008-12-22,26.1,12.2,18.7,0.0,12.8,17.9,76.4,970.0,5.7854,2008,12,22,357,Winter
2008-12-23,25.5,13.1,18.9,0.0,15.7,18.5,78.37,970.0,5.8082,2008,12,23,358,Winter
2008-12-24,26.0,14.5,19.8,0.0,15.3,19.7,80.85,970.0,4.6754,2008,12,24,359,Winter
2008-12-25,26.3,16.2,20.8,0.0,12.6,21.0,76.87,970.0,5.6124,2008,12,25,360,Winter
2008-12-26,25.4,16.0,19.8,0.0,11.3,20.0,74.3,970.0,5.3858,2008,12,26,361,Winter
2008-12-27,26.9,13.1,19.8,0.0,11.6,19.0,69.75,970.0,5.5721,2008,12,27,362,Winter
2008-12-28,26.7,12.0,19.4,0.0,10.9,18.3,65.59,970.0,5.8706,2008,12,28,363,Winter
2008-12-29,26.2,12.2,18.8,0.0,13.5,16.9,62.94,970.0,5.9143,2008,12,29,364,Winter
2008-12-30,25.6,11.6,18.3,0.0,11.2,17.1,70.8,970.0,5.987,2008,12,30,365,Winter
2008-12-31,26.2,11.8,18.5,0.0,12.4,17.1,72.08,970.0,5.9897,2008,12,31,366,Winter
2009-01-01,27.0,11.6,19.0,0.0,13.0,18.1,69.84,970.0,5.9218,2009,1,1,1,Winter
2009-01-02,26.1,14.8,19.5,0.0,13.0,19.0,72.04,970.0,5.8646,2009,1,2,2,Winter
2009-01-03,25.8,15.4,19.6,0.0,12.7,19.1,75.06,970.0,5.8087,2009,1,3,3,Winter
2009-01-04,26.1,13.4,19.4,0.0,12.6,18.9,74.18,970.0,5.6702,2009,1,4,4,Winter
2009-01-05,25.7,14.8,19.6,0.0,12.2,19.4,70.79,970.0,5.5594,2009,1,5,5,Winter
2009-01-06,26.3,13.2,19.5,0.0,12.7,19.0,70.92,970.0,5.8421,2009,1,6,6,Winter
2009-01-07,25.7,14.1,19.5,0.0,14.2,18.8,74.21,970.0,5.3798,2009,1,7,7,Winter
2009-01-08,24.0,16.3,20.0,1.1,19.0,20.1,81.37,970.0,3.2076,2009,1,8,8,Winter
2009-01-09,26.4,16.8,20.8,0.0,13.1,20.9,73.61,970.0,5.7367,2009,1,9,9,Winter
2009-01-10,26.5,15.8,20.2,0.0,16.6,19.6,73.82,970.0,5.8399,2009,1,10,10,Winter
2009-01-11,26.4,15.9,20.2,0.0,16.0,19.8,74.39,970.0,5.1233,2009,1,11,11,Winter
2009-01-12,26.5,14.6,19.7,0.0,17.8,18.4,68.75,970.0,6.0372,2009,1,12,12,Winter
2009-01-13,24.5,13.0,18.4,0.0,25.6,16.6,72.2,970.0,5.2824,2009,1,13,13,Winter
2009-01-14,25.0,14.1,18.8,0.0,21.0,17.2,72.85,970.0,4.1167,2009,1,14,14,Winter
2009-01-15,26.0,14.7,19.7,0.0,17.3,18.3,74.26,970.0,5.3534,2009,1,15,15,Winter
2009-01-16,25.4,14.3,19.5,0.0,15.2,18.3,72.47,970.0,5.3299,2009,1,16,16,Winter
2009-01-17,26.4,12.3,18.9,0.0,16.3,17.5,69.44,970.0,5.7317,2009,1,17,17,Winter
2009-01-18,25.8,11.3,18.7,0.0,13.6,17.4,66.37,970.0,6.048,2009,1,18,18,Winter
2009-01-19,26.7,12.8,19.5,0.0,16.6,17.6,65.01,970.0,6.264,2009,1,19,19,Winter
2009-01-20,27.2,12.7,19.5,0.0,16.6,18.3,68.18,970.0,6.2342,2009,1,20,20,Winter
2009-01-21,28.1,11.0,19.7,0.0,12.5,18.4,64.36,970.0,6.2705,2009,1,21,21,Winter
2009-01-22,28.4,12.6,20.4,0.0,11.8,19.2,64.25,970.0,6.1531,2009,1,22,22,Winter
2009-01-23,28.7,13.0,20.6,0.0,13.1,19.2,62.73,970.0,6.1157,2009,1,23,23,Winter
2009-01-24,30.0,11.8,20.7,0.0,16.6,18.9,63.52,970.0,6.2722,2009,1,24,24,Winter
2009-01-25,29.3,11.9,20.4,0.0,15.5,18.8,64.75,970.0,6.361,2009,1,25,25,Winter
2009-01-26,29.3,13.2,20.9,0.0,11.9,20.5,65.66,970.0,6.1082,2009,1,26,26,Winter
2009-01-27,29.9,15.7,22.6,0.0,10.7,23.2,69.3,970.0,5.4662,2009,1,27,27,Winter
2009-01-28,30.1,18.6,23.5,0.0,11.0,24.6,67.74,970.0,5.0102,2009,1,28,28,Winter
2009-01-29,31.1,17.1,23.4,0.0,15.5,23.5,63.07,970.0,5.7432,2009,1,29,29,Winter
2009-01-30,30.2,14.0,22.2,0.0,13.0,20.5,53.71,970.0,6.5206,2009,1,30,30,Winter
2009-01-31,29.6,14.8,22.2,0.0,13.7,19.9,54.16,970.0,6.5767,2009,1,31,31,Winter
2009-02-01,30.2,13.8,22.2,0.0,13.2,20.5,52.66,970.0,6.5695,2009,2,1,32,Winter
2009-02-02,30.6,14.5,22.7,0.0,13.1,21.2,58.34,970.0,6.499,2009,2,2,33,Winter
2009-02-03,30.4,15.7,23.1,0.0,12.8,22.2,60.44,970.0,6.3869,2009,2,3,34,Winter
2009-02-04,30.2,16.3,23.3,0.0,13.2,22.9,61.68,970.0,6.2453,2009,2,4,35,Winter
2009-02-05,29.9,16.8,23.2,0.0,13.0,22.9,60.1,970.0,6.3996,2009,2,5,36,Winter
2009-02-06,30.2,16.5,23.1,0.0,14.0,22.0,56.24,970.0,6.4049,2009,2,6,37,Winter
2009-02-07,29.5,16.0,22.6,0.0,16.4,21.2,59.87,970.0,6.5364,2009,2,7,38,Winter
2009-02-08,28.9,15.2,22.1,0.0,14.0,21.1,61.72,970.0,6.3269,2009,2,8,39,Winter
2009-02-09,28.9,14.1,21.6,0.0,15.7,20.4,59.8,970.0,6.3888,2009,2,9,40,Winter
2009-02-10,29.0,14.1,21.7,0.0,13.6,20.3,58.36,970.0,6.582,2009,2,10,41,Winter
2009-02-11,30.0,14.6,22.1,0.0,10.7,20.8,54.89,970.0,6.6389,2009,2,11,42,Winter
2009-02-12,30.2,15.9,23.0,0.0,10.9,21.9,52.08,970.0,6.4994,2009,2,12,43,Winter
2009-02-13,29.9,16.4,23.3,0.0,13.0,22.9,49.56,970.0,6.3936,2009,2,13,44,Winter
2009-02-14,30.0,17.1,23.6,0.0,13.1,22.5,50.3,970.0,6.4241,2009,2,14,45,Winter
2009-02-15,30.6,16.6,23.5,0.0,14.2,22.0,49.97,970.0,6.1382,2009,2,15,46,Winter
2009-02-16,30.2,16.4,23.0,0.0,16.6,20.9,47.64,970.0,6.871,2009,2,16,47,Winter
2009-02-17,29.3,13.9,21.5,0.0,20.5,19.8,51.57,970.0,6.9576,2009,2,17,48,Winter
2009-02-18,29.7,13.8,21.9,0.0,14.9,20.3,55.07,970.0,6.7344,2009,2,18,49,Winter
2009-02-19,30.4,15.6,22.8,0.0,15.6,21.1,47.67,970.0,6.8477,2009,2,19,50,Winter
2009-02-20,29.3,14.5,22.2,0.0,17.9,20.6,53.6,970.0,6.8198,2009,2,20,51,Winter
2009-02-21,30.7,16.5,23.5,0.0,16.7,23.2,57.75,970.0,6.4282,2009,2,21,52,Winter
2009-02-22,31.8,17.8,24.7,0.0,16.6,24.6,52.2,970.0,6.7061,2009,2,22,53,Winter
2009-02-23,32.5,17.1,25.0,0.0,13.9,24.8,51.11,970.0,6.8971,2009,2,23,54,Winter
2009-02-24,32.8,17.7,25.5,0.0,9.9,25.5,44.44,970.0,6.8282,2009,2,24,55,Winter
2009-02-25,33.9,19.2,26.4,0.0,10.0,26.0,41.49,970.0,6.7454,2009,2,25,56,Winter
2009-02-26,33.8,19.5,26.6,0.0,13.6,26.0,38.65,970.0,6.7495,2009,2,26,57,Winter
2009-02-27,33.7,19.3,26.2,0.0,15.6,24.5,36.23,970.0,6.8923,2009,2,27,58,Winter
2009-02-28,33.9,17.1,25.7,0.0,15.1,23.8,29.52,970.0,7.1654,2009,2,28,59,Winter
2009-03-01,34.4,18.7,26.5,0.0,12.7,24.5,27.02,970.0,7.0759,2009,3,1,60,Summer
2009-03-02,33.7,18.8,26.2,0.0,15.3,24.0,31.3,970.0,7.1052,2009,3,2,61,Summer
2009-03-03,33.3,16.9,25.4,0.0,15.2,23.8,33.47,970.0,6.8395,2009,3,3,62,Summer
2009-03-04,33.6,17.4,25.7,0.0,12.6,24.0,32.77,970.0,6.6379,2009,3,4,63,Summer
2009-03-05,33.3,17.5,25.6,0.0,10.2,24.0,24.46,970.0,6.8501,2009,3,5,64,Summer
2009-03-06,33.9,18.3,26.2,0.0,10.1,24.5,22.53,970.0,6.9151,2009,3,6,65,Summer
2009-03-07,34.4,18.9,26.5,0.0,15.8,24.5,27.24,970.0,6.9408,2009,3,7,66,Summer
2009-03-08,32.6,18.1,25.4,0.0,16.5,22.9,32.09,970.0,6.6389,2009,3,8,67,Summer
2009-03-09,30.7,15.9,22.8,0.0,17.9,21.1,39.76,970.0,5.4098,2009,3,9,68,Summer
2009-03-10,26.6,17.0,21.1,0.6,20.6,20.1,53.76,970.0,4.4335,2009,3,10,69,Summer
2009-03-11,28.4,18.9,22.8,0.4,14.6,23.8,66.09,970.0,5.3914,2009,3,11,70,Summer
2009-03-12,30.9,19.1,23.5,10.4,10.6,25.9,65.42,970.0,5.3398,2009,3,12,71,Summer
2009-03-13,31.8,19.8,25.0,0.0,13.9,25.1,46.41,970.0,6.649,2009,3,13,72,Summer
2009-03-14,31.5,17.4,24.6,0.0,11.2,25.0,47.59,970.0,6.1968,2009,3,14,73,Summer
2009-03-15,31.0,18.8,25.1,0.0,9.8,25.6,58.07,970.0,5.2044,2009,3,15,74,Summer
2009-03-16,31.7,18.1,25.1,0.0,11.2,24.8,51.08,970.0,6.8136,2009,3,16,75,Summer
2009-03-17,32.2,17.5,25.1,0.0,13.4,24.8,47.84,970.0,6.6456,2009,3,17,76,Summer
2009-03-18,33.3,19.9,26.2,0.0,12.5,26.0,49.05,970.0,6.6677,2009,3,18,77,Summer
2009-03-19,34.0,19.1,26.4,0.0,13.8,25.8,39.95,970.0,7.0001,2009,3,19,78,Summer
2009-03-20,33.2,18.4,26.3,0.0,9.3,25.5,36.04,970.0,7.039,2009,3,20,79,Summer
2009-03-21,31.9,19.7,25.8,0.8,10.1,25.8,38.85,970.0,5.8778,2009,3,21,80,Summer
2009-03-22,31.5,19.7,25.7,0.2,11.5,26.5,39.98,970.0,6.3355,2009,3,22,81,Summer
2009-03-23,31.7,20.0,25.7,0.0,12.1,25.6,39.39,970.0,6.4178,2009,3,23,82,Summer
2009-03-24,30.1,19.1,24.3,1.1,14.4,25.5,45.42,970.0,4.673,2009,3,24,83,Summer
2009-03-25,30.5,21.1,24.9,0.0,5.7,25.8,43.74,970.0,5.6158,2009,3,25,84,Summer
2009-03-26,31.0,18.9,25.1,0.0,9.3,25.9,42.81,970.0,6.3173,2009,3,26,85,Summer
2009-03-27,32.1,19.3,26.1,0.0,13.3,26.7,37.8,970.0,6.2966,2009,3,27,86,Summer
2009-03-28,32.7,19.8,26.6,0.0,13.9,26.9,38.15,970.0,6.5762,2009,3,28,87,Summer
2009-03-29,33.2,19.1,26.0,0.0,13.3,25.7,43.6,970.0,7.2893,2009,3,29,88,Summer
2009-03-30,33.7,18.0,26.1,0.0,13.3,25.5,38.11,970.0,7.4914,2009,3,30,89,Summer
2009-03-31,34.5,18.7,26.7,0.0,17.5,25.5,33.42,970.0,7.591,2009,3,31,90,Summer
2009-04-01,35.4,18.9,27.0,0.0,16.5,26.0,34.4,970.0,7.5499,2009,4,1,91,Summer
2009-04-02,34.8,19.3,27.0,0.0,17.7,25.9,35.9,970.0,7.4827,2009,4,2,92,Summer
2009-04-03,34.8,19.0,27.2,0.0,16.9,25.6,35.16,970.0,7.6421,2009,4,3,93,Summer
2009-04-04,35.4,18.5,27.3,0.0,18.4,25.8,34.4,970.0,7.6822,2009,4,4,94,Summer
2009-04-05,34.9,17.9,26.8,0.0,13.4,25.7,39.37,970.0,7.6416,2009,4,5,95,Summer
2009-04-06,35.7,19.1,27.7,0.0,14.8,27.6,42.21,970.0,7.0481,2009,4,6,96,Summer
2009-04-07,34.7,21.0,28.0,0.0,16.9,27.6,38.4,970.0,7.3104,2009,4,7,97,Summer
2009-04-08,34.4,20.3,27.6,0.0,15.2,27.9,39.54,970.0,6.5076,2009,4,8,98,Summer
2009-04-09,33.8,20.6,26.8,0.0,18.7,26.7,42.07,970.0,7.2602,2009,4,9,99,Summer
2009-04-10,32.9,19.5,26.1,0.0,15.9,25.7,45.52,970.0,6.7406,2009,4,10,100,Summer
2009-04-11,33.9,19.4,26.7,0.0,16.6,26.3,42.81,970.0,6.3343,2009,4,11,101,Summer
2009-04-12,34.1,20.2,27.1,0.0,15.3,27.0,40.18,970.0,4.705,2009,4,12,102,Summer
2009-04-13,35.1,20.7,27.8,0.0,16.4,27.2,36.7,970.0,6.3442,2009,4,13,103,Summer
2009-04-14,33.3,21.9,27.7,0.0,12.3,27.8,40.84,970.0,6.1781,2009,4,14,104,Summer
2009-04-15,34.0,21.5,28.4,0.0,9.5,28.6,37.6,970.0,6.3482,2009,4,15,105,Summer
2009-04-16,34.0,22.8,28.9,0.0,9.1,29.7,40.03,970.0,6.1908,2009,4,16,106,Summer
2009-04-17,33.7,22.0,27.9,0.0,13.0,29.0,43.47,970.0,5.9678,2009,4,17,107,Summer
2009-04-18,34.6,23.3,29.0,0.1,10.9,30.4,41.35,970.0,6.6382,2009,4,18,108,Summer
2009-04-19,33.6,23.0,27.2,6.1,11.2,29.7,44.17,970.0,6.2143,2009,4,19,109,Summer
2009-04-20,32.4,22.1,25.7,16.4,11.9,28.7,66.97,970.0,5.8622,2009,4,20,110,Summer
2009-04-21,31.8,21.5,25.8,2.1,13.2,28.4,67.86,970.0,6.5566,2009,4,21,111,Summer
2009-04-22,32.2,21.1,25.3,2.3,16.1,27.9,68.78,970.0,6.2983,2009,4,22,112,Summer
2009-04-23,32.1,20.7,25.5,1.5,9.2,28.0,59.42,970.0,6.9898,2009,4,23,113,Summer
2009-04-24,32.7,21.2,26.1,1.2,8.7,28.7,57.05,970.0,6.9854,2009,4,24,114,Summer
2009-04-25,30.7,22.3,25.2,4.5,9.9,27.8,58.8,970.0,5.4571,2009,4,25,115,Summer
2009-04-26,31.7,21.0,26.0,1.0,7.2,28.5,55.11,970.0,6.5184,2009,4,26,116,Summer
2009-04-27,32.9,20.1,26.6,0.0,8.1,28.1,53.61,970.0,6.8664,2009,4,27,117,Summer
2009-04-28,32.6,20.3,26.8,0.0,8.6,28.0,50.08,970.0,6.6684,2009,4,28,118,Summer
2009-04-29,33.7,20.2,26.9,0.0,8.6,28.0,44.98,970.0,7.0342,2009,4,29,119,Summer
2009-04-30,34.1,20.4,27.1,0.0,10.9,28.3,47.87,970.0,6.9922,2009,4,30,120,Summer
2009-05-01,32.7,21.0,26.8,0.0,16.5,28.4,57.03,970.0,6.7956,2009,5,1,121,Summer
2009-05-02,34.1,20.8,27.6,0.1,10.1,29.7,41.01,970.0,7.2667,2009,5,2,122,Summer
2009-05-03,34.2,21.5,26.4,2.3,14.1,28.6,42.23,970.0,6.709,2009,5,3,123,Summer
2009-05-04,34.0,21.5,26.1,6.0,10.7,28.2,45.8,970.0,6.2215,2009,5,4,124,Summer
2009-05-05,31.0,21.2,25.4,1.3,12.1,27.9,50.53,970.0,4.5838,2009,5,5,125,Summer
2009-05-06,32.2,20.6,25.5,1.3,13.1,28.0,46.25,970.0,6.9576,2009,5,6,126,Summer
2009-05-07,33.0,20.9,27.1,0.0,7.9,28.8,44.55,970.0,6.9514,2009,5,7,127,Summer
2009-05-08,33.1,21.9,27.1,0.9,9.3,29.2,60.64,970.0,6.5174,2009,5,8,128,Summer
2009-05-09,31.9,21.8,25.7,9.0,11.2,28.4,73.45,970.0,6.5309,2009,5,9,129,Summer
2009-05-10,32.7,21.4,26.2,0.7,15.0,28.5,57.18,970.0,6.6221,2009,5,10,130,Summer
2009-05-11,33.5,21.2,27.4,0.0,13.3,28.8,50.81,970.0,7.2029,2009,5,11,131,Summer
2009-05-12,34.7,20.9,27.8,0.0,12.2,29.0,44.75,970.0,7.2166,2009,5,12,132,Summer
2009-05-13,33.7,21.6,27.5,0.0,15.9,28.6,42.49,970.0,7.0956,2009,5,13,133,Summer
2009-05-14,33.7,20.9,27.0,0.0,16.3,27.6,49.71,970.0,7.1791,2009,5,14,134,Summer
2009-05-15,33.0,21.4,25.9,6.5,14.6,28.1,56.01,970.0,6.4757,2009,5,15,135,Summer
2009-05-16,30.9,20.6,24.9,4.4,11.4,28.0,62.39,970.0,5.9604,2009,5,16,136,Summer
2009-05-17,32.2,21.3,25.1,13.2,10.9,28.3,63.23,970.0,5.9978,2009,5,17,137,Summer
2009-05-18,31.1,21.1,24.6,20.0,12.6,28.0,70.66,970.0,5.8111,2009,5,18,138,Summer
2009-05-19,30.0,21.3,24.3,36.6,12.4,27.6,70.06,970.0,5.7456,2009,5,19,139,Summer
2009-05-20,29.1,20.9,23.8,18.7,15.3,26.6,71.18,970.0,5.3074,2009,5,20,140,Summer
2009-05-21,29.0,21.0,24.0,8.7,14.5,26.8,80.0,970.0,4.8247,2009,5,21,141,Summer
2009-05-22,28.4,21.1,23.6,13.9,16.9,26.0,74.98,970.0,4.3138,2009,5,22,142,Summer
2009-05-23,28.9,21.4,24.1,7.7,19.5,26.5,75.38,970.0,6.6149,2009,5,23,143,Summer
2009-05-24,27.5,21.5,23.7,14.9,21.6,25.6,74.26,970.0,4.9723,2009,5,24,144,Summer
2009-05-25,27.8,21.3,24.0,0.7,22.3,25.7,76.06,970.0,5.2457,2009,5,25,145,Summer
2009-05-26,29.4,20.8,24.7,0.0,14.8,26.9,72.38,970.0,5.4931,2009,5,26,146,Summer
2009-05-27,28.8,20.4,24.0,2.0,12.6,26.1,68.06,970.0,5.209,2009,5,27,147,Summer
2009-05-28,29.6,20.8,24.6,0.5,13.1,26.9,71.14,970.0,6.8832,2009,5,28,148,Summer
2009-05-29,29.5,20.6,24.0,18.8,14.9,27.0,77.56,970.0,6.0965,2009,5,29,149,Summer
2009-05-30,29.4,21.1,24.0,7.6,13.6,27.3,67.44,970.0,6.5208,2009,5,30,150,Summer
2009-05-31,28.8,20.8,23.8,8.4,11.4,26.9,84.4,970.0,5.0266,2009,5,31,151,Summer
2009-06-01,28.5,20.9,23.7,1.8,13.7,26.4,79.48,970.0,5.8387,2009,6,1,152,Southwest Monsoon
2009-06-02,29.2,19.7,24.0,0.1,15.0,25.9,72.69,970.0,7.2314,2009,6,2,153,Southwest Monsoon
2009-06-03,28.5,19.9,24.1,0.0,17.6,25.6,70.59,970.0,7.1155,2009,6,3,154,Southwest Monsoon
2009-06-04,28.9,20.1,24.2,0.0,20.8,25.0,75.7,970.0,7.1122,2009,6,4,155,Southwest Monsoon
2009-06-05,27.6,20.4,23.2,4.6,23.3,24.1,78.46,970.0,5.4989,2009,6,5,156,Southwest Monsoon
2009-06-06,24.9,19.4,21.6,4.3,28.3,21.9,75.5,970.0,3.6744,2009,6,6,157,Southwest Monsoon
2009-06-07,27.2,19.4,22.4,0.4,25.8,22.7,71.45,970.0,5.4199,2009,6,7,158,Southwest Monsoon
2009-06-08,27.4,20.5,23.1,1.0,23.4,24.0,73.12,970.0,5.7319,2009,6,8,159,Southwest Monsoon
2009-06-09,27.5,19.8,23.5,0.0,19.5,24.8,72.05,970.0,6.858,2009,6,9,160,Southwest Monsoon
2009-06-10,29.6,19.9,24.4,0.2,14.1,26.2,83.12,970.0,6.8964,2009,6,10,161,Southwest Monsoon
2009-06-11,27.7,20.7,23.3,16.0,13.7,25.5,85.43,970.0,6.318,2009,6,11,162,Southwest Monsoon
2009-06-12,28.5,20.1,23.5,6.6,15.5,25.8,76.41,970.0,6.0878,2009,6,12,163,Southwest Monsoon
2009-06-13,29.0,19.7,23.5,9.9,13.0,26.4,79.54,970.0,6.8885,2009,6,13,164,Southwest Monsoon
2009-06-14,27.9,20.0,23.4,3.2,14.9,25.9,87.36,970.0,6.2285,2009,6,14,165,Southwest Monsoon
2009-06-15,27.3,19.8,22.6,4.8,16.6,24.5,82.95,970.0,5.6926,2009,6,15,166,Southwest Monsoon
2009-06-16,27.3,19.3,22.8,1.0,16.5,24.4,81.17,970.0,6.5844,2009,6,16,167,Southwest Monsoon
2009-06-17,28.2,19.4,23.0,9.3,15.5,25.3,82.22,970.0,6.6223,2009,6,17,168,Southwest Monsoon
2009-06-18,28.5,20.4,23.6,10.9,14.8,26.3,83.77,970.0,6.3578,2009,6,18,169,Southwest Monsoon
2009-06-19,27.1,20.1,22.9,2.9,15.7,24.8,82.64,970.0,6.1166,2009,6,19,170,Southwest Monsoon
2009-06-20,27.3,19.9,23.0,1.5,18.7,24.5,86.18,970.0,5.0179,2009,6,20,171,Southwest Monsoon
2009-06-21,27.1,18.9,23.1,0.0,21.7,24.0,81.12,970.0,5.5807,2009,6,21,172,Southwest Monsoon
2009-06-22,27.7,19.4,22.7,7.2,21.3,24.0,83.07,970.0,5.5015,2009,6,22,173,Southwest Monsoon
2009-06-23,28.5,19.4,23.4,0.2,21.6,24.3,75.92,970.0,6.4243,2009,6,23,174,Southwest Monsoon
2009-06-24,28.2,20.2,23.4,1.6,22.0,24.4,76.37,970.0,4.8641,2009,6,24,175,Southwest Monsoon
2009-06-25,27.9,20.0,22.8,8.0,22.5,24.0,77.92,970.0,5.1173,2009,6,25,176,Southwest Monsoon
2009-06-26,25.2,19.8,21.5,15.7,22.8,22.6,76.86,970.0,5.161,2009,6,26,177,Southwest Monsoon
2009-06-27,27.5,19.9,22.7,4.4,22.7,23.8,74.08,970.0,4.945,2009,6,27,178,Southwest Monsoon
2009-06-28,28.0,19.5,22.9,2.0,20.6,24.3,74.19,970.0,5.683,2009,6,28,179,Southwest Monsoon
2009-06-29,27.5,20.0,22.9,5.8,16.2,24.7,78.25,970.0,6.4526,2009,6,29,180,Southwest Monsoon
2009-06-30,27.8,20.5,23.2,7.8,16.3,25.2,75.63,970.0,5.4631,2009,6,30,181,Southwest Monsoon
2009-07-01,27.0,20.0,22.5,3.3,26.3,22.9,81.49,970.0,5.3071,2009,7,1,182,Southwest Monsoon
2009-07-02,25.4,20.0,21.7,9.9,25.5,22.1,83.98,970.0,4.2895,2009,7,2,183,Southwest Monsoon
2009-07-03,25.2,20.1,21.5,12.6,28.2,21.8,79.02,970.0,4.4352,2009,7,3,184,Southwest Monsoon
2009-07-04,24.4,19.9,21.3,10.7,26.7,21.8,80.82,970.0,4.0042,2009,7,4,185,Southwest Monsoon
2009-07-05,25.2,19.8,21.3,10.9,25.0,22.0,80.84,970.0,3.6187,2009,7,5,186,Southwest Monsoon
2009-07-06,25.1,19.9,21.8,4.2,30.9,22.1,76.95,970.0,4.355,2009,7,6,187,Southwest Monsoon
2009-07-07,22.5,19.5,20.7,10.8,27.0,21.0,80.26,970.0,3.696,2009,7,7,188,Southwest Monsoon
2009-07-08,22.6,19.6,20.5,12.4,25.0,21.3,78.59,970.0,3.4452,2009,7,8,189,Southwest Monsoon
2009-07-09,24.3,19.5,21.1,5.1,27.1,21.2,75.35,970.0,3.51,2009,7,9,190,Southwest Monsoon
2009-07-10,25.6,19.7,22.2,0.3,24.2,22.5,70.18,970.0,4.4801,2009,7,10,191,Southwest Monsoon
2009-07-11,26.1,20.2,22.3,3.8,25.7,22.6,70.78,970.0,5.0503,2009,7,11,192,Southwest Monsoon
2009-07-12,26.5,19.8,22.8,0.3,27.9,22.6,75.9,970.0,4.9608,2009,7,12,193,Southwest Monsoon
2009-07-13,25.2,19.7,21.9,0.5,31.1,21.4,78.89,970.0,4.4455,2009,7,13,194,Southwest Monsoon
2009-07-14,25.7,20.5,22.3,1.6,33.6,21.7,77.46,970.0,4.1443,2009,7,14,195,Southwest Monsoon
2009-07-15,25.6,19.9,21.5,15.8,31.0,21.2,76.11,970.0,3.6533,2009,7,15,196,Southwest Monsoon
2009-07-16,24.4,19.9,21.4,9.8,29.6,21.6,81.53,970.0,4.2065,2009,7,16,197,Southwest Monsoon
2009-07-17,24.9,19.8,21.5,8.4,28.8,21.9,79.1,970.0,4.1153,2009,7,17,198,Southwest Monsoon
2009-07-18,23.0,19.9,20.9,8.0,24.4,21.5,76.48,970.0,4.0997,2009,7,18,199,Southwest Monsoon
2009-07-19,23.8,19.4,20.6,7.2,28.8,21.0,78.47,970.0,4.3109,2009,7,19,200,Southwest Monsoon
2009-07-20,24.7,19.3,21.6,0.1,27.5,21.3,77.3,970.0,4.0654,2009,7,20,201,Southwest Monsoon
2009-07-21,25.3,20.2,22.2,0.3,30.6,21.6,75.89,970.0,4.8977,2009,7,21,202,Southwest Monsoon
2009-07-22,25.4,19.3,22.1,0.0,28.8,21.4,72.87,970.0,4.4693,2009,7,22,203,Southwest Monsoon
2009-07-23,26.5,19.9,22.7,0.0,28.2,22.5,74.45,970.0,5.5814,2009,7,23,204,Southwest Monsoon
2009-07-24,26.5,19.3,22.6,0.0,26.7,22.9,71.08,970.0,5.9352,2009,7,24,205,Southwest Monsoon
2009-07-25,26.5,18.9,22.6,0.0,22.2,23.3,74.65,970.0,5.5063,2009,7,25,206,Southwest Monsoon
2009-07-26,27.1,18.9,22.7,0.0,23.3,23.0,71.62,970.0,5.8013,2009,7,26,207,Southwest Monsoon
2009-07-27,26.6,18.7,22.3,0.5,23.0,22.7,75.85,970.0,5.3189,2009,7,27,208,Southwest Monsoon
2009-07-28,25.3,19.4,22.2,0.1,22.5,22.5,76.32,970.0,4.843,2009,7,28,209,Southwest Monsoon
2009-07-29,26.4,20.2,22.0,8.2,20.8,23.3,76.48,970.0,4.4522,2009,7,29,210,Southwest Monsoon
2009-07-30,25.5,20.0,21.9,2.6,20.9,23.2,72.68,970.0,5.0369,2009,7,30,211,Southwest Monsoon
2009-07-31,26.6,19.6,22.0,5.1,17.7,23.5,79.12,970.0,4.6378,2009,7,31,212,Southwest Monsoon
2009-08-01,26.5,20.3,22.4,3.1,22.9,23.5,77.67,970.0,5.4302,2009,8,1,213,Southwest Monsoon
2009-08-02,26.8,19.7,22.8,0.0,21.4,23.4,73.12,970.0,5.5291,2009,8,2,214,Southwest Monsoon
2009-08-03,26.7,19.0,22.6,0.1,20.4,23.3,73.59,970.0,6.4248,2009,8,3,215,Southwest Monsoon
2009-08-04,26.4,18.9,22.4,0.9,22.7,22.8,72.95,970.0,5.0959,2009,8,4,216,Southwest Monsoon
2009-08-05,26.4,19.0,22.4,0.0,24.0,22.7,72.45,970.0,4.9174,2009,8,5,217,Southwest Monsoon
2009-08-06,27.1,19.0,22.8,0.0,21.9,23.2,73.67,970.0,6.1207,2009,8,6,218,Southwest Monsoon
2009-08-07,27.0,18.7,22.7,0.0,21.0,23.3,76.78,970.0,6.3595,2009,8,7,219,Southwest Monsoon
2009-08-08,27.2,19.2,22.4,0.8,18.8,23.6,78.49,970.0,5.8822,2009,8,8,220,Southwest Monsoon
2009-08-09,27.0,19.5,22.7,0.8,20.6,23.9,75.45,970.0,5.5764,2009,8,9,221,Southwest Monsoon
2009-08-10,26.6,19.4,22.5,0.8,19.5,23.6,75.55,970.0,4.9082,2009,8,10,222,Southwest Monsoon
2009-08-11,26.5,19.9,22.8,0.4,18.6,23.9,75.81,970.0,5.2843,2009,8,11,223,Southwest Monsoon
2009-08-12,27.5,19.7,23.1,0.6,17.7,24.6,71.8,970.0,6.1694,2009,8,12,224,Southwest Monsoon
2009-08-13,27.3,19.4,23.3,0.2,17.7,24.7,74.73,970.0,5.9707,2009,8,13,225,Southwest Monsoon
2009-08-14,27.7,19.4,23.6,0.2,14.6,25.5,74.9,970.0,5.85,2009,8,14,226,Southwest Monsoon
2009-08-15,26.1,20.4,22.8,2.0,16.5,24.8,77.2,970.0,3.3554,2009,8,15,227,Southwest Monsoon
2009-08-16,27.4,19.4,22.4,12.5,15.1,24.6,76.58,970.0,4.4249,2009,8,16,228,Southwest Monsoon
2009-08-17,24.9,19.9,21.4,21.6,14.4,23.8,85.61,970.0,3.8674,2009,8,17,229,Southwest Monsoon
2009-08-18,26.7,19.5,22.7,0.7,8.7,25.2,84.14,970.0,5.6153,2009,8,18,230,Southwest Monsoon
2009-08-19,27.8,20.0,23.3,2.3,12.4,26.0,81.01,970.0,6.0602,2009,8,19,231,Southwest Monsoon
2009-08-20,27.3,20.2,23.3,0.3,11.6,25.9,79.17,970.0,5.7734,2009,8,20,232,Southwest Monsoon
2009-08-21,27.3,20.1,22.7,9.8,9.8,25.7,83.33,970.0,5.9803,2009,8,21,233,Southwest Monsoon
2009-08-22,26.4,19.6,22.2,3.3,15.6,24.0,82.75,970.0,4.3313,2009,8,22,234,Southwest Monsoon
2009-08-23,25.5,20.2,21.9,6.3,15.9,23.6,83.05,970.0,4.483,2009,8,23,235,Southwest Monsoon
2009-08-24,24.4,19.7,21.5,0.8,24.7,22.0,84.05,970.0,3.9089,2009,8,24,236,Southwest Monsoon
2009-08-25,25.8,19.1,21.4,4.2,23.4,22.0,83.42,970.0,4.0553,2009,8,25,237,Southwest Monsoon
2009-08-26,25.6,19.4,22.2,0.2,23.4,22.6,80.68,970.0,5.2687,2009,8,26,238,Southwest Monsoon
2009-08-27,25.9,19.0,22.2,0.0,20.8,22.6,80.86,970.0,5.4725,2009,8,27,239,Southwest Monsoon
2009-08-28,26.5,19.1,22.5,0.1,22.0,23.1,80.1,970.0,5.1802,2009,8,28,240,Southwest Monsoon
2009-08-29,26.7,18.6,22.5,0.0,21.3,23.2,80.09,970.0,6.6209,2009,8,29,241,Southwest Monsoon
2009-08-30,26.9,18.6,22.3,0.6,17.6,23.6,78.77,970.0,6.7253,2009,8,30,242,Southwest Monsoon
2009-08-31,25.1,19.9,21.7,5.9,17.4,23.2,84.63,970.0,3.9166,2009,8,31,243,Southwest Monsoon
2009-09-01,23.2,19.8,20.9,22.2,16.3,22.8,81.89,970.0,3.7068,2009,9,1,244,Southwest Monsoon
2009-09-02,24.3,19.6,21.1,5.3,23.6,21.9,78.67,970.0,3.8647,2009,9,2,245,Southwest Monsoon
2009-09-03,25.1,20.2,21.8,2.0,27.4,22.3,82.92,970.0,4.3267,2009,9,3,246,Southwest Monsoon
2009-09-04,25.1,20.3,21.8,3.8,27.8,22.1,83.43,970.0,4.1844,2009,9,4,247,Southwest Monsoon
2009-09-05,25.4,20.4,22.0,5.5,29.3,21.8,84.27,970.0,4.0524,2009,9,5,248,Southwest Monsoon
2009-09-06,26.4,20.2,22.3,3.7,24.8,22.8,79.72,970.0,4.2322,2009,9,6,249,Southwest Monsoon
2009-09-07,27.0,20.2,22.5,0.6,24.5,23.1,80.67,970.0,5.0395,2009,9,7,250,Southwest Monsoon
2009-09-08,26.7,18.8,22.2,0.0,20.9,22.7,78.67,970.0,5.6393,2009,9,8,251,Southwest Monsoon
2009-09-09,26.7,18.7,22.3,0.0,20.3,23.0,76.18,970.0,6.4829,2009,9,9,252,Southwest Monsoon
2009-09-10,26.9,18.0,22.1,0.0,14.9,23.4,74.39,970.0,6.9943,2009,9,10,253,Southwest Monsoon
2009-09-11,27.3,18.2,22.7,0.0,8.9,25.2,74.29,970.0,6.9936,2009,9,11,254,Southwest Monsoon
2009-09-12,27.5,19.1,23.0,3.7,8.9,26.0,82.99,970.0,3.8609,2009,9,12,255,Southwest Monsoon
2009-09-13,28.5,20.0,23.4,10.6,8.8,27.2,83.18,970.0,5.538,2009,9,13,256,Southwest Monsoon
2009-09-14,27.3,20.3,22.9,10.5,11.8,25.8,87.62,970.0,6.6766,2009,9,14,257,Southwest Monsoon
2009-09-15,27.3,19.9,22.6,1.7,14.1,25.0,83.55,970.0,5.7367,2009,9,15,258,Southwest Monsoon
2009-09-16,27.0,19.4,22.5,17.1,11.7,25.5,82.63,970.0,5.2325,2009,9,16,259,Southwest Monsoon
2009-09-17,27.5,19.7,22.8,10.4,10.3,25.8,83.59,970.0,4.4806,2009,9,17,260,Southwest Monsoon
2009-09-18,27.8,19.2,22.5,32.6,5.4,26.1,83.82,970.0,5.1535,2009,9,18,261,Southwest Monsoon
2009-09-19,26.7,19.6,22.4,17.2,11.2,25.3,83.2,970.0,5.5452,2009,9,19,262,Southwest Monsoon
2009-09-20,26.5,19.4,22.4,16.4,9.5,25.6,83.79,970.0,5.0957,2009,9,20,263,Southwest Monsoon
2009-09-21,27.0,20.2,22.6,9.5,8.2,25.9,84.88,970.0,5.059,2009,9,21,264,Southwest Monsoon
2009-09-22,26.8,19.4,22.3,3.4,9.8,25.5,87.88,970.0,5.4295,2009,9,22,265,Southwest Monsoon
2009-09-23,27.4,19.3,22.5,1.0,12.4,25.1,88.91,970.0,5.7984,2009,9,23,266,Southwest Monsoon
2009-09-24,27.5,19.1,22.3,3.0,14.4,24.6,87.12,970.0,5.4667,2009,9,24,267,Southwest Monsoon
2009-09-25,26.6,18.9,22.1,2.0,15.9,24.3,85.12,970.0,5.8366,2009,9,25,268,Southwest Monsoon
2009-09-26,27.6,19.8,22.9,0.0,14.7,25.2,84.3,970.0,5.4295,2009,9,26,269,Southwest Monsoon
2009-09-27,26.8,19.4,22.5,0.3,15.5,24.7,84.33,970.0,5.413,2009,9,27,270,Southwest Monsoon
2009-09-28,26.0,20.2,22.3,3.5,16.5,24.0,86.77,970.0,5.0467,2009,9,28,271,Southwest Monsoon
2009-09-29,24.3,19.9,21.6,4.5,23.4,22.5,91.21,970.0,3.205,2009,9,29,272,Southwest Monsoon
2009-09-30,23.3,19.0,20.9,6.2,25.6,21.0,87.17,970.0,3.672,2009,9,30,273,Southwest Monsoon
2009-10-01,21.1,18.5,20.0,8.6,28.2,20.1,93.54,970.0,2.9374,2009,10,1,274,Post-Monsoon
2009-10-02,25.1,18.3,21.0,1.5,26.3,20.7,89.55,970.0,3.5858,2009,10,2,275,Post-Monsoon
2009-10-03,24.8,19.6,21.4,4.3,29.8,21.3,86.77,970.0,4.2206,2009,10,3,276,Post-Monsoon
2009-10-04,25.9,19.5,22.2,0.8,27.3,22.3,85.27,970.0,5.6304,2009,10,4,277,Post-Monsoon
2009-10-05,26.4,19.0,22.1,0.1,25.8,22.3,86.61,970.0,5.712,2009,10,5,278,Post-Monsoon
2009-10-06,26.6,18.8,22.2,0.1,20.5,23.0,84.68,970.0,6.2866,2009,10,6,279,Post-Monsoon
2009-10-07,26.4,17.7,21.8,0.0,17.3,23.0,83.3,970.0,6.0538,2009,10,7,280,Post-Monsoon
2009-10-08,25.6,17.9,21.9,0.3,12.7,23.6,83.47,970.0,6.2093,2009,10,8,281,Post-Monsoon
2009-10-09,26.6,17.7,21.9,0.2,8.3,24.2,83.46,970.0,5.8183,2009,10,9,282,Post-Monsoon
2009-10-10,26.3,18.4,22.3,1.0,8.0,25.0,83.4,970.0,5.5987,2009,10,10,283,Post-Monsoon
2009-10-11,25.7,18.7,21.6,17.0,6.8,24.6,84.53,970.0,4.4278,2009,10,11,284,Post-Monsoon
2009-10-12,26.5,18.3,21.7,9.4,8.3,24.4,85.79,970.0,4.2905,2009,10,12,285,Post-Monsoon
2009-10-13,27.1,18.8,22.3,0.4,6.6,25.1,84.64,970.0,5.682,2009,10,13,286,Post-Monsoon
2009-10-14,26.6,17.8,22.3,0.7,9.3,24.9,81.21,970.0,5.2639,2009,10,14,287,Post-Monsoon
2009-10-15,26.9,17.2,22.3,0.0,9.8,23.9,80.61,970.0,6.1723,2009,10,15,288,Post-Monsoon
2009-10-16,27.6,16.7,22.3,0.0,8.5,23.5,72.83,970.0,6.3062,2009,10,16,289,Post-Monsoon
2009-10-17,27.4,16.4,22.2,0.0,7.9,23.6,75.19,970.0,6.2098,2009,10,17,290,Post-Monsoon
2009-10-18,27.6,17.3,22.8,0.0,10.5,24.2,73.71,970.0,6.3341,2009,10,18,291,Post-Monsoon
2009-10-19,28.4,18.1,23.1,0.0,11.2,24.3,74.34,970.0,6.2472,2009,10,19,292,Post-Monsoon
2009-10-20,28.5,17.2,22.9,0.0,10.3,23.5,76.22,970.0,5.9674,2009,10,20,293,Post-Monsoon
2009-10-21,28.7,18.2,23.1,0.0,11.6,23.4,73.37,970.0,6.253,2009,10,21,294,Post-Monsoon
2009-10-22,28.3,17.1,22.8,0.0,13.1,22.6,74.1,970.0,6.181,2009,10,22,295,Post-Monsoon
2009-10-23,27.9,16.8,22.2,0.0,10.5,21.9,69.5,970.0,6.2899,2009,10,23,296,Post-Monsoon
2009-10-24,27.1,16.3,21.7,0.0,8.7,22.1,71.14,970.0,5.6921,2009,10,24,297,Post-Monsoon
2009-10-25,27.6,17.5,22.6,0.0,10.1,23.5,73.2,970.0,5.5322,2009,10,25,298,Post-Monsoon
2009-10-26,28.8,17.4,23.1,0.0,12.5,23.5,75.09,970.0,6.1078,2009,10,26,299,Post-Monsoon
2009-10-27,28.9,17.0,22.8,0.0,12.7,23.9,81.33,970.0,5.3275,2009,10,27,300,Post-Monsoon
2009-10-28,27.2,19.2,22.1,6.1,15.8,23.8,83.39,970.0,4.7599,2009,10,28,301,Post-Monsoon
2009-10-29,24.8,19.8,21.8,2.5,17.7,23.5,85.71,970.0,3.8959,2009,10,29,302,Post-Monsoon
2009-10-30,26.9,19.5,22.5,0.6,18.4,23.9,77.33,970.0,4.77,2009,10,30,303,Post-Monsoon
2009-10-31,28.3,17.2,22.4,0.0,18.6,22.9,80.49,970.0,5.6856,2009,10,31,304,Post-Monsoon
2009-11-01,28.3,16.7,22.5,0.0,18.3,22.6,77.02,970.0,5.707,2009,11,1,305,Post-Monsoon
2009-11-02,28.1,17.0,22.2,0.0,18.6,21.6,78.82,970.0,6.0895,2009,11,2,306,Post-Monsoon
2009-11-03,26.1,16.9,21.2,0.5,20.6,21.8,84.02,970.0,3.9516,2009,11,3,307,Post-Monsoon
2009-11-04,25.4,18.9,21.8,1.3,18.9,22.6,85.19,970.0,3.9569,2009,11,4,308,Post-Monsoon
2009-11-05,25.8,18.9,21.2,1.4,19.9,22.5,85.02,970.0,2.8982,2009,11,5,309,Post-Monsoon
2009-11-06,23.0,18.7,20.9,2.4,16.5,22.4,84.07,970.0,3.2628,2009,11,6,310,Post-Monsoon
2009-11-07,21.3,19.4,20.3,4.8,16.9,21.9,88.95,970.0,3.0557,2009,11,7,311,Post-Monsoon
2009-11-08,21.9,19.8,20.4,14.2,20.6,21.5,90.17,970.0,1.7518,2009,11,8,312,Post-Monsoon
2009-11-09,23.4,19.5,20.9,3.2,25.8,21.6,90.76,970.0,3.6912,2009,11,9,313,Post-Monsoon
2009-11-10,21.5,19.2,20.1,12.7,20.8,21.5,92.39,970.0,3.2177,2009,11,10,314,Post-Monsoon
2009-11-11,25.6,18.9,21.3,0.4,12.4,23.2,86.53,970.0,4.8346,2009,11,11,315,Post-Monsoon
2009-11-12,27.2,17.9,22.1,1.0,12.1,25.0,85.87,970.0,5.3208,2009,11,12,316,Post-Monsoon
2009-11-13,26.2,19.8,22.2,2.1,12.5,24.5,85.2,970.0,3.8064,2009,11,13,317,Post-Monsoon
2009-11-14,24.8,19.3,21.1,3.9,16.8,23.0,88.15,970.0,3.1075,2009,11,14,318,Post-Monsoon
2009-11-15,22.9,19.6,20.7,9.1,15.5,22.8,87.16,970.0,2.8073,2009,11,15,319,Post-Monsoon
2009-11-16,25.0,19.3,21.7,0.3,13.2,23.6,84.08,970.0,4.327,2009,11,16,320,Post-Monsoon
2009-11-17,25.7,18.7,21.5,4.8,8.0,24.2,91.01,970.0,3.7512,2009,11,17,321,Post-Monsoon
2009-11-18,25.4,18.1,21.2,9.7,6.5,23.9,86.99,970.0,4.3711,2009,11,18,322,Post-Monsoon
2009-11-19,25.6,17.9,20.9,17.7,8.3,23.6,86.11,970.0,4.3198,2009,11,19,323,Post-Monsoon
2009-11-20,26.1,18.8,21.5,4.3,9.4,23.9,86.36,970.0,4.7849,2009,11,20,324,Post-Monsoon
2009-11-21,24.9,19.2,21.3,3.2,10.2,23.6,83.81,970.0,5.2421,2009,11,21,325,Post-Monsoon
2009-11-22,26.1,19.1,21.9,0.2,13.4,23.8,81.78,970.0,4.607,2009,11,22,326,Post-Monsoon
2009-11-23,25.4,18.4,21.6,0.1,12.7,23.3,84.09,970.0,5.0861,2009,11,23,327,Post-Monsoon
2009-11-24,25.1,19.5,21.7,2.0,8.6,24.1,82.89,970.0,3.8093,2009,11,24,328,Post-Monsoon
2009-11-25,26.4,18.3,21.6,0.0,11.7,23.4,81.12,970.0,4.9829,2009,11,25,329,Post-Monsoon
2009-11-26,26.5,17.9,21.3,0.0,13.0,22.7,79.2,970.0,5.4509,2009,11,26,330,Post-Monsoon
2009-11-27,25.6,17.1,20.4,0.0,13.6,21.3,76.31,970.0,5.7612,2009,11,27,331,Post-Monsoon
2009-11-28,24.8,16.0,19.6,0.0,12.1,20.1,75.51,970.0,5.7166,2009,11,28,332,Post-Monsoon
2009-11-29,25.6,14.5,20.1,0.0,9.5,20.7,74.04,970.0,5.0839,2009,11,29,333,Post-Monsoon
2009-11-30,26.0,15.6,20.7,0.0,9.8,21.6,74.36,970.0,4.9294,2009,11,30,334,Post-Monsoon
2009-12-01,26.5,16.3,20.8,0.0,11.6,21.2,78.5,970.0,5.0887,2009,12,1,335,Winter
2009-12-02,25.2,17.4,20.6,5.0,16.9,21.8,80.22,970.0,4.007,2009,12,2,336,Winter
2009-12-03,25.3,19.1,21.3,2.4,10.6,23.3,83.79,970.0,3.5426,2009,12,3,337,Winter
2009-12-04,24.8,18.7,20.8,7.5,10.3,23.0,83.32,970.0,3.6547,2009,12,4,338,Winter
2009-12-05,25.4,16.4,20.6,0.0,10.6,21.8,76.25,970.0,5.0278,2009,12,5,339,Winter
2009-12-06,24.8,14.9,19.1,0.0,10.6,19.6,76.17,970.0,4.7321,2009,12,6,340,Winter
2009-12-07,25.1,14.0,18.7,0.0,9.1,18.9,71.9,970.0,5.5502,2009,12,7,341,Winter
2009-12-08,24.9,14.5,18.8,0.0,11.6,19.2,71.98,970.0,5.9021,2009,12,8,342,Winter
2009-12-09,25.8,15.1,19.5,0.0,17.6,19.3,72.52,970.0,5.3794,2009,12,9,343,Winter
2009-12-10,25.4,13.4,19.1,0.0,14.7,18.6,74.16,970.0,5.6153,2009,12,10,344,Winter
2009-12-11,25.3,13.8,19.2,0.0,17.6,18.7,72.82,970.0,5.5178,2009,12,11,345,Winter
2009-12-12,24.0,15.9,19.7,0.3,15.8,19.8,79.54,970.0,3.323,2009,12,12,346,Winter
2009-12-13,24.7,16.7,20.6,0.6,18.1,21.0,78.35,970.0,3.0742,2009,12,13,347,Winter
2009-12-14,26.0,15.6,20.8,0.0,14.0,20.5,77.77,970.0,4.9627,2009,12,14,348,Winter
2009-12-15,24.7,16.3,20.0,1.2,17.7,20.7,83.53,970.0,3.9113,2009,12,15,349,Winter
2009-12-16,24.2,18.5,20.6,5.5,16.9,21.8,77.52,970.0,2.699,2009,12,16,350,Winter
2009-12-17,23.9,17.5,19.6,1.9,11.8,20.8,80.3,970.0,2.6362,2009,12,17,351,Winter
2009-12-18,24.7,16.4,20.4,0.1,13.0,21.5,74.97,970.0,4.6493,2009,12,18,352,Winter
2009-12-19,25.5,17.2,20.8,0.0,15.0,21.2,71.95,970.0,4.4825,2009,12,19,353,Winter
2009-12-20,25.3,18.0,21.2,0.0,16.4,21.5,73.59,970.0,4.1916,2009,12,20,354,Winter
2009-12-21,23.3,18.1,20.2,1.0,20.3,20.7,78.53,970.0,2.0882,2009,12,21,355,Winter
2009-12-22,24.2,17.7,20.4,0.8,18.6,21.0,75.28,970.0,3.6756,2009,12,22,356,Winter
2009-12-23,25.2,16.9,20.5,0.0,17.9,20.7,73.35,970.0,4.3068,2009,12,23,357,Winter
2009-12-24,26.1,16.9,20.9,0.0,16.5,20.9,73.67,970.0,4.3318,2009,12,24,358,Winter
2009-12-25,25.3,17.4,20.7,0.0,11.9,21.2,68.71,970.0,4.1998,2009,12,25,359,Winter
2009-12-26,26.3,15.6,20.4,0.1,11.8,21.2,71.33,970.0,4.8127,2009,12,26,360,Winter
2009-12-27,24.6,16.3,20.6,0.9,12.1,21.5,85.61,970.0,3.8542,2009,12,27,361,Winter
2009-12-28,24.2,16.6,19.8,2.1,11.5,20.8,79.59,970.0,3.3377,2009,12,28,362,Winter
2009-12-29,24.9,17.1,20.6,0.4,13.8,21.2,79.5,970.0,4.5343,2009,12,29,363,Winter
2009-12-30,26.6,16.7,21.0,0.0,12.1,21.6,72.13,970.0,5.017,2009,12,30,364,Winter
2009-12-31,26.8,17.1,21.0,8.8,8.7,23.2,72.8,970.0,4.4035,2009,12,31,365,Winter
2010-01-01,26.3,16.7,20.8,0.0,15.0,21.3,72.15,970.0,5.0662,2010,1,1,1,Winter
2010-01-02,25.9,15.4,20.1,0.0,13.0,19.9,66.76,970.0,5.4979,2010,1,2,2,Winter
2010-01-03,25.4,16.2,19.7,0.0,10.2,20.0,70.37,970.0,5.2274,2010,1,3,3,Winter
2010-01-04,26.8,13.8,19.6,0.0,12.1,19.2,64.02,970.0,5.7089,2010,1,4,4,Winter
2010-01-05,27.4,13.2,20.1,0.0,13.8,19.6,63.2,970.0,5.735,2010,1,5,5,Winter
2010-01-06,26.3,14.9,20.3,0.0,14.4,19.7,67.19,970.0,5.1814,2010,1,6,6,Winter
2010-01-07,26.2,14.1,19.7,0.0,14.1,19.7,68.88,970.0,4.8125,2010,1,7,7,Winter
2010-01-08,27.0,14.6,20.5,0.0,11.3,20.6,69.21,970.0,4.9915,2010,1,8,8,Winter
2010-01-09,26.5,18.2,21.4,0.5,13.9,22.1,75.17,970.0,3.691,2010,1,9,9,Winter
2010-01-10,27.4,19.0,22.1,0.0,13.0,23.2,74.92,970.0,4.243,2010,1,10,10,Winter
2010-01-11,27.0,18.7,22.3,0.0,13.1,23.3,75.16,970.0,4.4662,2010,1,11,11,Winter
2010-01-12,26.6,18.8,22.0,1.0,10.8,23.9,72.78,970.0,3.9922,2010,1,12,12,Winter
2010-01-13,26.1,19.2,21.8,1.1,8.4,24.2,76.0,970.0,3.7769,2010,1,13,13,Winter
2010-01-14,27.8,19.1,22.5,0.0,13.8,23.7,71.18,970.0,4.8173,2010,1,14,14,Winter
2010-01-15,27.4,17.2,21.7,0.0,16.9,21.7,69.47,970.0,5.3513,2010,1,15,15,Winter
2010-01-16,26.8,13.9,19.8,0.0,16.6,19.0,66.68,970.0,5.5404,2010,1,16,16,Winter
2010-01-17,27.2,15.8,20.9,0.0,15.4,21.0,65.98,970.0,5.6626,2010,1,17,17,Winter
2010-01-18,26.7,17.7,21.7,0.0,11.7,22.3,69.34,970.0,5.2073,2010,1,18,18,Winter
2010-01-19,26.6,17.7,21.5,0.0,13.1,22.1,68.47,970.0,4.5166,2010,1,19,19,Winter
2010-01-20,27.2,17.0,21.7,0.0,12.8,21.8,61.36,970.0,4.7198,2010,1,20,20,Winter
2010-01-21,27.2,15.1,20.6,0.0,12.6,19.9,59.0,970.0,5.9784,2010,1,21,21,Winter
2010-01-22,27.2,13.3,19.8,0.0,12.6,18.8,60.35,970.0,6.1195,2010,1,22,22,Winter
2010-01-23,26.9,14.3,19.7,0.0,14.0,18.3,60.74,970.0,6.1987,2010,1,23,23,Winter
2010-01-24,27.0,12.8,19.7,0.0,13.2,19.0,61.25,970.0,6.1634,2010,1,24,24,Winter
2010-01-25,26.7,16.5,21.1,0.0,14.4,20.8,65.32,970.0,5.3683,2010,1,25,25,Winter
2010-01-26,27.2,16.8,21.4,0.0,14.6,21.0,65.09,970.0,5.4382,2010,1,26,26,Winter
2010-01-27,26.7,15.9,21.0,0.0,14.5,20.6,66.61,970.0,5.7622,2010,1,27,27,Winter
2010-01-28,27.4,15.7,21.3,0.0,17.1,20.8,64.79,970.0,5.7269,2010,1,28,28,Winter
2010-01-29,28.0,15.2,21.4,0.0,16.1,20.7,61.52,970.0,6.0691,2010,1,29,29,Winter
2010-01-30,28.5,14.9,21.6,0.0,13.4,20.9,58.4,970.0,6.2138,2010,1,30,30,Winter
2010-01-31,28.5,14.9,21.6,0.0,12.4,21.2,58.68,970.0,5.6491,2010,1,31,31,Winter
2010-02-01,28.4,14.7,21.4,0.0,14.1,20.9,58.47,970.0,5.855,2010,2,1,32,Winter
2010-02-02,28.3,14.6,21.0,0.0,16.3,19.8,56.01,970.0,6.181,2010,2,2,33,Winter
2010-02-03,28.4,14.0,20.9,0.0,14.4,19.0,53.02,970.0,6.431,2010,2,3,34,Winter
2010-02-04,28.4,14.0,20.9,0.0,14.7,18.9,51.67,970.0,6.4841,2010,2,4,35,Winter
2010-02-05,27.9,13.3,20.5,0.0,15.6,18.6,53.26,970.0,6.5827,2010,2,5,36,Winter
2010-02-06,27.9,13.5,20.6,0.0,20.9,18.4,53.38,970.0,6.4754,2010,2,6,37,Winter
2010-02-07,27.2,13.6,20.5,0.0,17.7,19.6,60.69,970.0,5.7768,2010,2,7,38,Winter
2010-02-08,29.0,14.9,21.8,0.0,13.1,20.7,52.27,970.0,6.3175,2010,2,8,39,Winter
2010-02-09,30.4,14.9,22.5,0.0,12.9,21.8,51.25,970.0,6.5107,2010,2,9,40,Winter
2010-02-10,30.0,15.6,23.0,0.0,15.3,23.2,53.26,970.0,6.4087,2010,2,10,41,Winter
2010-02-11,30.3,18.0,24.0,0.0,14.0,24.1,54.66,970.0,5.0196,2010,2,11,42,Winter
2010-02-12,31.1,18.0,24.2,0.0,14.8,25.1,55.48,970.0,5.8471,2010,2,12,43,Winter
2010-02-13,31.6,17.3,24.3,0.0,13.7,24.6,51.44,970.0,6.3679,2010,2,13,44,Winter
2010-02-14,32.5,17.2,24.9,0.0,14.3,25.4,48.33,970.0,6.4973,2010,2,14,45,Winter
2010-02-15,32.4,17.2,24.7,0.0,15.8,24.7,50.65,970.0,6.5645,2010,2,15,46,Winter
2010-02-16,31.5,16.6,23.7,0.0,14.0,23.2,47.49,970.0,6.4178,2010,2,16,47,Winter
2010-02-17,32.4,15.0,24.0,0.0,12.6,23.8,50.34,970.0,6.7747,2010,2,17,48,Winter
2010-02-18,32.8,16.2,24.8,0.0,11.8,24.7,43.55,970.0,6.509,2010,2,18,49,Winter
2010-02-19,32.6,19.2,25.5,0.0,14.4,25.4,34.73,970.0,6.5885,2010,2,19,50,Winter
2010-02-20,33.1,17.8,25.3,0.0,13.5,24.9,42.46,970.0,6.6024,2010,2,20,51,Winter
2010-02-21,32.6,17.6,25.3,0.0,13.7,25.2,48.65,970.0,6.2462,2010,2,21,52,Winter
2010-02-22,32.9,18.1,25.8,0.0,15.1,26.1,45.96,970.0,6.8455,2010,2,22,53,Winter
2010-02-23,32.1,19.0,25.7,0.0,12.3,26.3,46.72,970.0,6.738,2010,2,23,54,Winter
2010-02-24,30.4,20.0,25.1,0.0,9.4,26.3,43.17,970.0,5.9342,2010,2,24,55,Winter
2010-02-25,29.9,20.3,25.5,0.0,9.1,26.7,42.24,970.0,5.9988,2010,2,25,56,Winter
2010-02-26,29.8,21.2,25.8,0.0,9.1,26.7,41.63,970.0,5.7221,2010,2,26,57,Winter
2010-02-27,33.1,20.6,26.7,0.0,14.7,26.6,38.31,970.0,6.4097,2010,2,27,58,Winter
2010-02-28,32.8,18.4,25.6,0.0,12.8,24.9,41.52,970.0,6.9722,2010,2,28,59,Winter
2010-03-01,32.4,18.3,25.2,0.0,14.2,23.3,35.53,970.0,7.2005,2010,3,1,60,Summer
2010-03-02,32.9,17.0,24.9,0.0,14.5,22.8,35.87,970.0,7.1844,2010,3,2,61,Summer
2010-03-03,33.3,16.1,25.1,0.0,13.6,23.5,29.2,970.0,6.8882,2010,3,3,62,Summer
2010-03-04,32.7,17.5,25.6,0.0,11.6,24.9,31.14,970.0,6.8222,2010,3,4,63,Summer
2010-03-05,32.7,19.2,26.5,0.0,11.1,26.2,32.93,970.0,6.719,2010,3,5,64,Summer
2010-03-06,33.1,21.0,27.4,0.0,8.0,28.4,33.49,970.0,6.0535,2010,3,6,65,Summer
2010-03-07,33.8,21.0,27.8,0.0,10.0,28.9,34.67,970.0,6.389,2010,3,7,66,Summer
2010-03-08,34.7,22.6,28.2,0.0,16.2,28.7,40.62,970.0,6.5645,2010,3,8,67,Summer
2010-03-09,34.5,19.2,26.7,0.0,16.1,25.9,37.61,970.0,7.3104,2010,3,9,68,Summer
2010-03-10,33.1,18.6,25.9,0.0,16.9,24.9,43.84,970.0,7.1664,2010,3,10,69,Summer
2010-03-11,33.0,19.1,26.0,0.0,21.7,25.2,46.81,970.0,6.8378,2010,3,11,70,Summer
2010-03-12,32.8,18.4,25.2,0.0,17.6,24.8,47.92,970.0,7.2605,2010,3,12,71,Summer
2010-03-13,33.2,17.6,25.5,0.0,14.8,24.6,40.14,970.0,5.67,2010,3,13,72,Summer
2010-03-14,33.8,18.4,26.5,0.0,9.7,26.3,40.64,970.0,6.2798,2010,3,14,73,Summer
2010-03-15,34.8,19.9,27.6,0.0,13.6,27.5,36.77,970.0,6.4421,2010,3,15,74,Summer
2010-03-16,32.9,22.2,27.4,0.0,13.9,27.3,35.29,970.0,6.0773,2010,3,16,75,Summer
2010-03-17,33.6,20.0,26.7,0.0,18.6,25.8,36.07,970.0,6.7598,2010,3,17,76,Summer
2010-03-18,32.5,18.6,25.5,0.0,19.6,23.8,38.43,970.0,7.0848,2010,3,18,77,Summer
2010-03-19,33.0,17.0,25.4,0.0,13.0,24.3,38.4,970.0,7.0339,2010,3,19,78,Summer
2010-03-20,34.1,17.7,26.4,0.0,13.8,24.8,35.41,970.0,6.911,2010,3,20,79,Summer
2010-03-21,34.6,19.1,27.1,0.0,15.5,25.0,27.33,970.0,7.098,2010,3,21,80,Summer
2010-03-22,34.6,18.2,26.7,0.0,12.3,24.8,23.77,970.0,7.169,2010,3,22,81,Summer
2010-03-23,34.8,18.3,26.9,0.0,12.2,25.1,28.62,970.0,7.1582,2010,3,23,82,Summer
2010-03-24,34.9,18.2,26.9,0.0,12.7,25.4,32.71,970.0,7.1424,2010,3,24,83,Summer
2010-03-25,35.1,18.0,26.9,0.0,15.5,26.1,33.92,970.0,7.0529,2010,3,25,84,Summer
2010-03-26,34.7,19.4,27.1,0.0,14.8,27.0,42.22,970.0,6.7202,2010,3,26,85,Summer
2010-03-27,34.0,21.4,27.7,0.0,11.2,28.8,48.45,970.0,5.9086,2010,3,27,86,Summer
2010-03-28,34.2,21.7,28.0,0.0,14.6,28.8,48.11,970.0,6.163,2010,3,28,87,Summer
2010-03-29,34.1,22.3,28.2,0.0,10.4,29.7,42.54,970.0,6.353,2010,3,29,88,Summer
2010-03-30,33.0,22.1,27.3,0.9,10.3,29.6,40.1,970.0,6.3204,2010,3,30,89,Summer
2010-03-31,30.2,22.6,26.4,0.4,12.3,28.0,53.28,970.0,4.3046,2010,3,31,90,Summer
2010-04-01,34.2,20.9,27.8,0.0,11.3,27.9,36.18,970.0,7.0848,2010,4,1,91,Summer
2010-04-02,34.9,20.1,28.4,0.0,7.6,28.5,28.29,970.0,6.7783,2010,4,2,92,Summer
2010-04-03,34.1,23.6,29.0,0.0,13.0,29.4,40.05,970.0,6.5806,2010,4,3,93,Summer
2010-04-04,34.6,22.1,28.4,0.0,14.5,28.5,38.69,970.0,6.6562,2010,4,4,94,Summer
2010-04-05,35.1,20.5,28.1,0.0,13.7,28.1,39.05,970.0,7.301,2010,4,5,95,Summer
2010-04-06,35.7,21.8,28.6,0.0,16.6,28.7,48.98,970.0,6.9773,2010,4,6,96,Summer
2010-04-07,35.6,21.3,28.4,0.0,19.5,28.2,37.64,970.0,7.2742,2010,4,7,97,Summer
2010-04-08,33.5,20.9,27.4,0.2,17.1,28.1,41.44,970.0,5.3431,2010,4,8,98,Summer
2010-04-09,35.4,21.6,28.6,0.0,9.0,30.1,35.53,970.0,7.4038,2010,4,9,99,Summer
2010-04-10,36.1,22.3,29.4,0.0,11.0,29.8,33.59,970.0,7.0306,2010,4,10,100,Summer
2010-04-11,36.8,23.3,30.3,0.0,13.0,30.5,30.44,970.0,6.9482,2010,4,11,101,Summer
2010-04-12,35.0,23.7,29.0,0.0,13.7,30.4,49.79,970.0,6.137,2010,4,12,102,Summer
2010-04-13,35.7,22.7,28.2,1.1,8.7,30.6,65.02,970.0,6.4999,2010,4,13,103,Summer
2010-04-14,33.9,22.5,27.2,2.3,9.5,29.9,66.91,970.0,6.1073,2010,4,14,104,Summer
2010-04-15,35.9,21.9,28.6,0.1,16.3,30.4,62.76,970.0,6.4502,2010,4,15,105,Summer
2010-04-16,34.8,22.7,28.3,0.0,10.9,30.1,54.77,970.0,7.0289,2010,4,16,106,Summer
2010-04-17,34.7,21.8,28.2,0.0,11.6,30.1,56.36,970.0,6.8174,2010,4,17,107,Summer
2010-04-18,34.2,22.9,27.5,1.0,13.3,29.9,68.89,970.0,6.0756,2010,4,18,108,Summer
2010-04-19,32.3,22.3,25.5,12.5,11.9,28.6,73.74,970.0,6.5114,2010,4,19,109,Summer
2010-04-20,32.6,21.6,25.8,2.8,10.5,29.0,68.14,970.0,6.5374,2010,4,20,110,Summer
2010-04-21,32.8,22.0,25.9,4.5,11.0,29.1,72.31,970.0,6.6562,2010,4,21,111,Summer
2010-04-22,33.3,21.1,25.7,6.7,9.5,29.5,60.91,970.0,6.7867,2010,4,22,112,Summer
2010-04-23,33.6,21.2,27.2,0.2,9.5,30.1,58.0,970.0,7.0879,2010,4,23,113,Summer
2010-04-24,31.3,21.5,25.9,4.4,11.9,29.4,63.5,970.0,5.9801,2010,4,24,114,Summer
2010-04-25,33.2,20.9,27.0,0.0,11.6,29.5,63.33,970.0,6.9473,2010,4,25,115,Summer
2010-04-26,32.6,21.5,26.5,4.4,7.7,30.0,55.44,970.0,6.7157,2010,4,26,116,Summer
2010-04-27,33.1,21.7,26.6,2.5,10.0,30.0,62.4,970.0,6.8609,2010,4,27,117,Summer
2010-04-28,33.3,21.5,26.8,1.3,8.2,30.3,61.47,970.0,6.5508,2010,4,28,118,Summer
2010-04-29,33.7,21.8,27.6,0.0,10.9,30.2,64.71,970.0,6.745,2010,4,29,119,Summer
2010-04-30,31.5,21.8,25.6,6.6,14.3,28.1,71.99,970.0,5.5908,2010,4,30,120,Summer
2010-05-01,31.2,21.6,25.7,0.5,14.8,27.9,65.62,970.0,6.7675,2010,5,1,121,Summer
2010-05-02,32.0,21.4,25.5,4.2,6.5,29.1,63.38,970.0,6.521,2010,5,2,122,Summer
2010-05-03,31.9,21.1,26.0,0.8,9.9,28.7,66.7,970.0,6.9715,2010,5,3,123,Summer
2010-05-04,31.8,21.8,26.2,0.4,11.0,29.0,68.22,970.0,6.6948,2010,5,4,124,Summer
2010-05-05,31.6,21.5,26.1,1.2,10.5,29.1,61.33,970.0,6.786,2010,5,5,125,Summer
2010-05-06,33.7,21.8,27.7,0.0,10.6,30.4,61.54,970.0,7.2048,2010,5,6,126,Summer
2010-05-07,32.4,22.8,27.9,1.1,9.9,30.6,58.19,970.0,6.7226,2010,5,7,127,Summer
2010-05-08,33.0,22.4,26.2,32.7,12.1,29.8,58.4,970.0,6.4315,2010,5,8,128,Summer
2010-05-09,32.0,21.2,26.5,0.2,6.9,30.0,61.77,970.0,6.4272,2010,5,9,129,Summer
2010-05-10,32.5,21.8,27.1,0.2,7.4,30.0,62.64,970.0,6.5172,2010,5,10,130,Summer
2010-05-11,32.9,22.3,27.6,0.0,8.4,30.7,63.77,970.0,6.6955,2010,5,11,131,Summer
2010-05-12,32.7,22.4,27.7,0.0,11.3,30.8,63.05,970.0,6.726,2010,5,12,132,Summer
2010-05-13,32.2,22.9,27.6,0.5,13.7,30.9,57.18,970.0,6.7282,2010,5,13,133,Summer
2010-05-14,32.1,22.6,26.6,4.3,10.6,30.5,64.38,970.0,6.5107,2010,5,14,134,Summer
2010-05-15,32.9,22.0,27.0,3.6,9.3,30.7,62.18,970.0,6.3775,2010,5,15,135,Summer
2010-05-16,32.3,21.9,26.0,12.9,9.7,30.1,66.7,970.0,5.8267,2010,5,16,136,Summer
2010-05-17,32.1,21.7,25.8,7.4,14.9,29.1,71.05,970.0,6.7147,2010,5,17,137,Summer
2010-05-18,31.9,21.5,25.5,24.2,15.2,28.9,73.94,970.0,5.7295,2010,5,18,138,Summer
2010-05-19,26.1,21.3,23.1,9.2,20.6,25.3,86.19,970.0,2.0153,2010,5,19,139,Summer
2010-05-20,26.3,21.0,23.0,12.6,29.3,24.7,80.85,970.0,3.3182,2010,5,20,140,Summer
2010-05-21,27.7,21.7,24.0,2.9,20.9,25.8,76.1,970.0,3.1894,2010,5,21,141,Summer
2010-05-22,30.7,20.2,24.8,0.2,18.1,26.9,73.99,970.0,6.4445,2010,5,22,142,Summer
2010-05-23,29.7,20.8,24.7,4.3,15.6,27.3,78.2,970.0,6.8587,2010,5,23,143,Summer
2010-05-24,31.4,21.6,25.4,3.4,18.2,28.1,73.01,970.0,6.9624,2010,5,24,144,Summer
2010-05-25,31.5,21.1,25.8,0.0,21.3,27.9,72.37,970.0,6.8722,2010,5,25,145,Summer
2010-05-26,31.1,21.7,25.7,0.2,21.3,27.2,77.8,970.0,6.6463,2010,5,26,146,Summer
2010-05-27,31.7,20.7,25.9,0.0,19.5,27.6,63.88,970.0,7.4105,2010,5,27,147,Summer
2010-05-28,31.9,20.9,26.1,0.0,17.1,28.1,65.25,970.0,7.3774,2010,5,28,148,Summer
2010-05-29,31.7,21.2,26.2,0.0,14.7,28.4,69.71,970.0,7.0526,2010,5,29,149,Summer
2010-05-30,30.7,21.4,25.3,5.8,16.4,28.0,74.64,970.0,6.569,2010,5,30,150,Summer
2010-05-31,29.8,21.3,24.3,3.6,20.9,26.3,76.08,970.0,6.8676,2010,5,31,151,Summer
2010-06-01,31.7,20.6,25.4,1.7,14.1,27.7,69.83,970.0,7.0704,2010,6,1,152,Southwest Monsoon
2010-06-02,31.6,21.6,25.6,9.7,19.1,28.1,70.46,970.0,6.9598,2010,6,2,153,Southwest Monsoon
2010-06-03,30.9,21.7,25.3,10.6,15.8,28.9,73.09,970.0,6.9067,2010,6,3,154,Southwest Monsoon
2010-06-04,30.7,21.9,25.4,10.3,15.2,28.7,76.3,970.0,6.4354,2010,6,4,155,Southwest Monsoon
2010-06-05,29.0,21.8,24.7,3.7,17.6,26.7,75.53,970.0,5.5426,2010,6,5,156,Southwest Monsoon
2010-06-06,29.7,20.9,24.7,0.4,21.6,25.9,82.59,970.0,4.9481,2010,6,6,157,Southwest Monsoon
2010-06-07,28.2,21.2,23.6,12.3,19.3,25.2,78.63,970.0,4.5718,2010,6,7,158,Southwest Monsoon
2010-06-08,28.3,20.5,23.7,4.8,20.1,25.4,76.55,970.0,5.7926,2010,6,8,159,Southwest Monsoon
2010-06-09,26.7,20.7,23.6,1.7,18.1,26.0,80.53,970.0,4.9944,2010,6,9,160,Southwest Monsoon
2010-06-10,27.8,20.8,23.5,5.2,15.2,26.1,80.81,970.0,4.1066,2010,6,10,161,Southwest Monsoon
2010-06-11,24.5,20.1,22.2,5.4,19.9,23.5,75.37,970.0,4.1947,2010,6,11,162,Southwest Monsoon
2010-06-12,27.3,20.3,22.5,13.4,24.2,23.8,83.71,970.0,4.2636,2010,6,12,163,Southwest Monsoon
2010-06-13,25.7,20.2,22.4,4.6,26.9,23.4,80.58,970.0,4.2322,2010,6,13,164,Southwest Monsoon
2010-06-14,24.1,20.6,21.7,7.2,23.4,22.7,77.85,970.0,4.0642,2010,6,14,165,Southwest Monsoon
2010-06-15,25.3,20.5,22.4,2.0,26.5,23.2,77.76,970.0,4.2624,2010,6,15,166,Southwest Monsoon
2010-06-16,27.6,20.7,23.2,2.9,20.2,24.9,79.85,970.0,5.6885,2010,6,16,167,Southwest Monsoon
2010-06-17,27.5,21.1,23.1,4.6,21.0,24.8,77.6,970.0,4.0764,2010,6,17,168,Southwest Monsoon
2010-06-18,27.5,20.8,23.3,3.4,20.8,24.8,77.52,970.0,4.2542,2010,6,18,169,Southwest Monsoon
2010-06-19,27.5,20.4,23.1,3.5,20.3,24.8,75.74,970.0,5.615,2010,6,19,170,Southwest Monsoon
2010-06-20,27.0,20.0,23.3,0.0,15.6,25.2,79.66,970.0,6.0643,2010,6,20,171,Southwest Monsoon
2010-06-21,28.2,20.1,24.2,0.2,15.2,26.3,77.84,970.0,5.5846,2010,6,21,172,Southwest Monsoon
2010-06-22,28.1,20.6,23.7,2.4,17.7,25.6,79.35,970.0,6.3828,2010,6,22,173,Southwest Monsoon
2010-06-23,27.9,20.5,23.3,2.9,20.8,24.6,74.3,970.0,4.9128,2010,6,23,174,Southwest Monsoon
2010-06-24,25.6,20.7,22.5,0.5,24.1,23.0,79.81,970.0,4.6774,2010,6,24,175,Southwest Monsoon
2010-06-25,25.7,20.1,22.3,3.0,28.8,22.6,75.08,970.0,4.8914,2010,6,25,176,Southwest Monsoon
2010-06-26,26.0,21.0,22.7,3.5,23.4,23.6,76.02,970.0,5.1797,2010,6,26,177,Southwest Monsoon
2010-06-27,28.1,20.9,23.5,1.1,20.8,25.0,75.22,970.0,6.2376,2010,6,27,178,Southwest Monsoon
2010-06-28,27.8,20.9,23.9,0.7,16.9,25.7,72.32,970.0,5.585,2010,6,28,179,Southwest Monsoon
2010-06-29,28.2,20.4,23.5,3.4,18.4,25.4,74.54,970.0,6.3965,2010,6,29,180,Southwest Monsoon
2010-06-30,27.5,20.4,23.1,4.3,20.4,24.5,76.65,970.0,5.6518,2010,6,30,181,Southwest Monsoon
2010-07-01,26.1,20.5,22.2,17.9,19.8,23.6,78.56,970.0,4.1383,2010,7,1,182,Southwest Monsoon
2010-07-02,22.7,20.1,20.9,50.8,21.6,22.0,73.4,970.0,3.99,2010,7,2,183,Southwest Monsoon
2010-07-03,23.9,20.1,21.3,18.0,20.2,22.8,75.44,970.0,4.2014,2010,7,3,184,Southwest Monsoon
2010-07-04,26.1,20.3,22.3,8.8,21.1,24.0,77.4,970.0,5.5078,2010,7,4,185,Southwest Monsoon
2010-07-05,25.2,20.6,22.1,7.5,22.5,23.7,78.58,970.0,4.002,2010,7,5,186,Southwest Monsoon
2010-07-06,25.8,20.1,22.0,5.8,17.4,23.6,81.39,970.0,3.959,2010,7,6,187,Southwest Monsoon
2010-07-07,25.6,19.9,21.8,5.7,18.3,23.6,80.05,970.0,4.1777,2010,7,7,188,Southwest Monsoon
2010-07-08,25.2,20.2,22.4,5.9,12.8,24.7,79.26,970.0,4.5854,2010,7,8,189,Southwest Monsoon
2010-07-09,27.1,19.7,22.7,7.5,11.9,25.8,83.61,970.0,5.0074,2010,7,9,190,Southwest Monsoon
2010-07-10,28.0,19.4,23.4,3.4,7.0,26.7,77.23,970.0,5.809,2010,7,10,191,Southwest Monsoon
2010-07-11,27.8,19.8,23.5,5.3,11.0,26.3,79.77,970.0,6.2902,2010,7,11,192,Southwest Monsoon
2010-07-12,27.3,20.4,23.0,6.3,15.4,25.4,83.75,970.0,5.4192,2010,7,12,193,Southwest Monsoon
2010-07-13,26.9,19.9,22.7,4.1,15.1,24.7,77.03,970.0,5.2346,2010,7,13,194,Southwest Monsoon
2010-07-14,27.7,19.4,23.2,0.0,19.2,24.4,72.92,970.0,6.0857,2010,7,14,195,Southwest Monsoon
2010-07-15,27.2,19.5,22.7,1.4,20.1,24.2,77.35,970.0,5.8594,2010,7,15,196,Southwest Monsoon
2010-07-16,26.6,20.4,22.3,10.2,16.8,23.8,82.29,970.0,3.9403,2010,7,16,197,Southwest Monsoon
2010-07-17,25.7,20.0,21.8,6.2,19.9,23.1,80.66,970.0,4.9037,2010,7,17,198,Southwest Monsoon
2010-07-18,25.4,20.2,22.1,7.4,22.5,23.3,77.13,970.0,5.2277,2010,7,18,199,Southwest Monsoon
2010-07-19,25.2,20.4,22.1,14.5,25.2,23.1,80.59,970.0,4.3406,2010,7,19,200,Southwest Monsoon
2010-07-20,24.3,20.2,21.1,16.3,26.6,21.4,79.74,970.0,3.4138,2010,7,20,201,Southwest Monsoon
2010-07-21,24.3,19.9,21.2,12.9,23.1,22.2,81.76,970.0,3.317,2010,7,21,202,Southwest Monsoon
2010-07-22,24.0,19.6,21.1,6.7,23.5,22.0,80.07,970.0,2.9741,2010,7,22,203,Southwest Monsoon
2010-07-23,25.2,19.1,22.0,0.0,24.9,22.5,76.66,970.0,5.1394,2010,7,23,204,Southwest Monsoon
2010-07-24,24.4,19.7,21.8,0.2,27.0,21.8,79.41,970.0,3.1018,2010,7,24,205,Southwest Monsoon
2010-07-25,24.8,19.6,21.3,7.5,29.9,21.0,82.21,970.0,3.9247,2010,7,25,206,Southwest Monsoon
2010-07-26,26.1,19.5,21.9,1.8,30.8,21.5,76.64,970.0,3.5969,2010,7,26,207,Southwest Monsoon
2010-07-27,26.1,20.3,22.6,0.6,27.7,22.7,77.29,970.0,4.1484,2010,7,27,208,Southwest Monsoon
2010-07-28,24.8,20.1,21.7,11.5,23.2,22.3,80.02,970.0,3.4742,2010,7,28,209,Southwest Monsoon
2010-07-29,24.5,19.4,21.0,7.9,21.2,21.8,84.98,970.0,3.4644,2010,7,29,210,Southwest Monsoon
2010-07-30,24.8,19.5,20.8,13.6,26.7,21.6,80.33,970.0,3.8484,2010,7,30,211,Southwest Monsoon
2010-07-31,25.1,19.6,21.9,0.0,27.7,21.9,79.85,970.0,4.5017,2010,7,31,212,Southwest Monsoon
2010-08-01,25.2,20.0,22.1,0.1,26.0,22.2,76.72,970.0,4.5437,2010,8,1,213,Southwest Monsoon
2010-08-02,25.7,19.6,22.4,0.1,24.6,22.7,79.01,970.0,4.7683,2010,8,2,214,Southwest Monsoon
2010-08-03,25.8,19.9,21.6,6.6,25.7,22.2,81.44,970.0,4.2749,2010,8,3,215,Southwest Monsoon
2010-08-04,26.0,19.9,21.9,8.0,27.5,22.4,82.85,970.0,3.1445,2010,8,4,216,Southwest Monsoon
2010-08-05,26.3,20.2,22.6,0.5,22.6,23.5,79.29,970.0,5.219,2010,8,5,217,Southwest Monsoon
2010-08-06,26.1,18.8,22.1,1.1,21.6,23.1,75.97,970.0,4.8559,2010,8,6,218,Southwest Monsoon
2010-08-07,26.3,18.9,22.0,3.6,18.8,23.7,77.86,970.0,5.2814,2010,8,7,219,Southwest Monsoon
2010-08-08,27.4,19.4,22.6,1.9,15.9,24.3,79.9,970.0,4.8883,2010,8,8,220,Southwest Monsoon
2010-08-09,27.0,20.0,22.9,0.5,20.5,24.1,76.48,970.0,5.3537,2010,8,9,221,Southwest Monsoon
2010-08-10,27.0,19.1,22.9,0.0,19.9,23.9,73.71,970.0,6.4274,2010,8,10,222,Southwest Monsoon
2010-08-11,26.9,19.7,22.9,0.7,20.5,24.2,75.46,970.0,4.4959,2010,8,11,223,Southwest Monsoon
2010-08-12,27.5,19.9,22.9,5.3,17.1,25.0,83.98,970.0,5.6765,2010,8,12,224,Southwest Monsoon
2010-08-13,26.3,20.4,22.5,4.1,17.4,24.6,76.69,970.0,4.4506,2010,8,13,225,Southwest Monsoon
2010-08-14,26.9,20.3,22.6,5.6,14.2,24.7,77.51,970.0,4.751,2010,8,14,226,Southwest Monsoon
2010-08-15,26.5,20.5,22.7,3.3,11.7,25.3,85.33,970.0,2.681,2010,8,15,227,Southwest Monsoon
2010-08-16,26.5,20.3,22.3,11.0,14.1,24.5,86.13,970.0,3.9221,2010,8,16,228,Southwest Monsoon
2010-08-17,25.6,20.2,22.4,0.6,22.0,23.5,79.82,970.0,4.0618,2010,8,17,229,Southwest Monsoon
2010-08-18,24.8,19.9,22.1,0.6,23.7,22.8,80.32,970.0,4.207,2010,8,18,230,Southwest Monsoon
2010-08-19,26.5,20.0,22.9,0.4,18.1,24.2,79.47,970.0,4.579,2010,8,19,231,Southwest Monsoon
2010-08-20,25.8,20.0,22.5,9.2,10.7,25.1,88.51,970.0,3.9468,2010,8,20,232,Southwest Monsoon
2010-08-21,24.8,20.0,21.8,15.2,11.3,24.5,89.0,970.0,2.4502,2010,8,21,233,Southwest Monsoon
2010-08-22,26.1,19.7,21.7,9.4,19.2,23.5,88.27,970.0,3.3744,2010,8,22,234,Southwest Monsoon
2010-08-23,25.8,19.7,21.9,3.6,20.4,23.3,87.68,970.0,3.7524,2010,8,23,235,Southwest Monsoon
2010-08-24,24.9,20.1,21.4,14.2,19.7,23.0,89.18,970.0,3.8258,2010,8,24,236,Southwest Monsoon
2010-08-25,21.7,19.7,20.4,26.9,18.5,21.9,85.67,970.0,2.4833,2010,8,25,237,Southwest Monsoon
2010-08-26,25.3,19.6,21.5,6.8,19.2,22.8,85.26,970.0,3.3226,2010,8,26,238,Southwest Monsoon
2010-08-27,26.3,19.5,22.3,2.5,22.8,23.5,85.81,970.0,4.8002,2010,8,27,239,Southwest Monsoon
2010-08-28,26.9,20.2,22.7,2.5,19.0,24.3,84.4,970.0,5.0458,2010,8,28,240,Southwest Monsoon
2010-08-29,25.8,20.4,22.4,4.4,20.7,23.8,87.6,970.0,4.0896,2010,8,29,241,Southwest Monsoon
2010-08-30,25.1,19.8,21.4,9.8,21.4,22.5,89.43,970.0,3.4613,2010,8,30,242,Southwest Monsoon
2010-08-31,24.2,19.3,21.1,5.9,22.0,21.8,81.58,970.0,5.2502,2010,8,31,243,Southwest Monsoon
2010-09-01,25.9,18.2,21.9,0.0,22.8,22.3,80.23,970.0,6.7762,2010,9,1,244,Southwest Monsoon
2010-09-02,26.3,18.2,21.8,0.5,21.1,22.7,82.05,970.0,5.4672,2010,9,2,245,Southwest Monsoon
2010-09-03,25.0,19.2,21.9,0.2,21.1,22.8,83.86,970.0,3.3521,2010,9,3,246,Southwest Monsoon
2010-09-04,26.3,19.6,22.1,0.6,20.0,23.1,82.3,970.0,3.9838,2010,9,4,247,Southwest Monsoon
2010-09-05,25.8,18.7,21.5,3.8,18.5,22.7,83.42,970.0,5.0352,2010,9,5,248,Southwest Monsoon
2010-09-06,25.8,18.8,21.7,1.4,21.0,22.5,80.38,970.0,4.3493,2010,9,6,249,Southwest Monsoon
2010-09-07,26.1,20.1,22.3,1.2,22.3,23.0,84.7,970.0,4.0147,2010,9,7,250,Southwest Monsoon
2010-09-08,25.9,19.9,22.0,5.5,22.3,23.0,81.82,970.0,3.3912,2010,9,8,251,Southwest Monsoon
2010-09-09,26.8,19.6,22.3,0.5,21.9,23.4,84.68,970.0,4.1004,2010,9,9,252,Southwest Monsoon
2010-09-10,26.5,19.0,22.0,5.7,17.0,23.8,84.76,970.0,5.3798,2010,9,10,253,Southwest Monsoon
2010-09-11,25.0,19.3,21.7,2.9,16.0,23.5,83.17,970.0,3.3665,2010,9,11,254,Southwest Monsoon
2010-09-12,26.1,19.2,22.3,0.0,13.8,24.1,84.82,970.0,5.4434,2010,9,12,255,Southwest Monsoon
2010-09-13,25.6,19.4,21.8,2.6,14.8,23.5,82.37,970.0,4.7926,2010,9,13,256,Southwest Monsoon
2010-09-14,24.4,19.4,21.5,0.5,17.3,23.0,84.0,970.0,3.3818,2010,9,14,257,Southwest Monsoon
2010-09-15,25.6,19.5,21.8,1.2,18.8,23.3,87.84,970.0,4.4215,2010,9,15,258,Southwest Monsoon
2010-09-16,26.3,19.2,22.0,4.1,19.1,23.7,83.09,970.0,4.6805,2010,9,16,259,Southwest Monsoon
2010-09-17,26.2,19.0,21.9,4.9,18.2,23.4,84.79,970.0,4.483,2010,9,17,260,Southwest Monsoon
2010-09-18,24.6,18.4,21.5,0.0,20.1,22.2,84.01,970.0,4.3152,2010,9,18,261,Southwest Monsoon
2010-09-19,25.7,18.1,21.7,0.0,11.9,23.0,82.32,970.0,6.2076,2010,9,19,262,Southwest Monsoon
2010-09-20,26.5,18.2,22.5,0.1,8.3,24.9,78.64,970.0,6.413,2010,9,20,263,Southwest Monsoon
2010-09-21,27.5,19.6,22.5,24.7,7.7,25.8,85.35,970.0,5.4881,2010,9,21,264,Southwest Monsoon
2010-09-22,26.8,19.1,22.5,5.4,4.9,25.8,84.31,970.0,5.8723,2010,9,22,265,Southwest Monsoon
2010-09-23,27.6,19.6,23.1,12.6,5.2,26.8,83.41,970.0,6.0317,2010,9,23,266,Southwest Monsoon
2010-09-24,26.9,19.2,22.7,7.7,12.1,25.9,80.75,970.0,5.8721,2010,9,24,267,Southwest Monsoon
2010-09-25,26.7,18.8,22.4,0.2,7.9,25.4,85.05,970.0,6.5928,2010,9,25,268,Southwest Monsoon
2010-09-26,27.6,19.4,22.8,3.2,11.5,25.7,85.37,970.0,4.7227,2010,9,26,269,Southwest Monsoon
2010-09-27,26.4,20.0,22.4,10.0,13.4,25.1,85.61,970.0,4.7189,2010,9,27,270,Southwest Monsoon
2010-09-28,27.1,19.9,22.8,0.0,14.5,25.0,87.17,970.0,5.0801,2010,9,28,271,Southwest Monsoon
2010-09-29,27.4,19.7,22.5,7.2,10.0,25.4,85.17,970.0,5.8248,2010,9,29,272,Southwest Monsoon
2010-09-30,28.2,19.0,23.0,1.5,10.9,26.0,80.41,970.0,6.0526,2010,9,30,273,Southwest Monsoon
2010-10-01,27.4,19.3,22.3,2.9,10.7,25.4,85.42,970.0,4.9658,2010,10,1,274,Post-Monsoon
2010-10-02,27.0,19.3,22.2,16.3,7.4,25.2,86.62,970.0,5.2541,2010,10,2,275,Post-Monsoon
2010-10-03,26.7,19.8,22.4,2.6,10.0,25.0,86.75,970.0,5.4888,2010,10,3,276,Post-Monsoon
2010-10-04,27.6,19.3,22.6,2.8,7.9,26.0,82.3,970.0,5.7955,2010,10,4,277,Post-Monsoon
2010-10-05,27.6,19.4,22.7,3.4,7.3,26.2,80.11,970.0,5.4576,2010,10,5,278,Post-Monsoon
2010-10-06,26.7,20.3,22.4,6.1,15.1,24.7,89.06,970.0,4.4842,2010,10,6,279,Post-Monsoon
2010-10-07,26.6,19.9,22.7,2.5,14.1,25.1,82.3,970.0,5.0558,2010,10,7,280,Post-Monsoon
2010-10-08,27.3,19.1,22.8,0.7,11.3,25.5,86.08,970.0,4.8014,2010,10,8,281,Post-Monsoon
2010-10-09,26.2,20.2,23.0,0.4,11.4,25.6,84.87,970.0,3.3451,2010,10,9,282,Post-Monsoon
2010-10-10,25.9,19.7,22.3,0.3,10.5,24.8,85.35,970.0,5.3014,2010,10,10,283,Post-Monsoon
2010-10-11,27.0,19.2,22.6,0.0,13.7,24.3,86.64,970.0,6.2184,2010,10,11,284,Post-Monsoon
2010-10-12,25.8,18.5,22.2,0.0,10.9,23.8,82.75,970.0,5.9378,2010,10,12,285,Post-Monsoon
2010-10-13,26.3,19.4,22.3,3.6,8.7,24.6,86.92,970.0,5.1763,2010,10,13,286,Post-Monsoon
2010-10-14,26.6,18.8,22.0,7.8,13.0,24.5,86.86,970.0,5.3642,2010,10,14,287,Post-Monsoon
2010-10-15,26.2,19.2,21.6,2.7,16.2,23.2,87.38,970.0,4.615,2010,10,15,288,Post-Monsoon
2010-10-16,25.5,17.9,21.6,0.9,20.0,22.4,85.6,970.0,5.9194,2010,10,16,289,Post-Monsoon
2010-10-17,24.6,17.6,21.1,0.0,16.8,21.8,84.73,970.0,6.1171,2010,10,17,290,Post-Monsoon
2010-10-18,25.5,18.1,21.6,0.2,13.4,23.2,82.95,970.0,5.9069,2010,10,18,291,Post-Monsoon
2010-10-19,26.4,18.3,22.2,0.2,9.5,24.6,83.69,970.0,6.1171,2010,10,19,292,Post-Monsoon
2010-10-20,26.0,19.2,22.1,5.4,7.8,25.2,92.8,970.0,4.8002,2010,10,20,293,Post-Monsoon
2010-10-21,26.1,19.7,22.3,5.8,9.4,25.2,86.12,970.0,4.8242,2010,10,21,294,Post-Monsoon
2010-10-22,25.9,20.1,22.2,1.4,15.3,24.1,88.62,970.0,4.4964,2010,10,22,295,Post-Monsoon
2010-10-23,25.1,19.5,21.2,9.2,15.7,23.2,89.23,970.0,4.3073,2010,10,23,296,Post-Monsoon
2010-10-24,25.7,19.4,21.9,0.0,14.8,23.6,85.35,970.0,5.6724,2010,10,24,297,Post-Monsoon
2010-10-25,26.3,19.1,22.4,0.8,11.8,24.7,86.85,970.0,5.7178,2010,10,25,298,Post-Monsoon
2010-10-26,27.1,18.1,22.3,3.8,7.1,25.3,86.05,970.0,3.3874,2010,10,26,299,Post-Monsoon
2010-10-27,26.2,19.1,22.1,0.4,10.2,25.0,87.35,970.0,2.8346,2010,10,27,300,Post-Monsoon
2010-10-28,26.3,19.1,22.2,0.0,15.9,24.2,89.59,970.0,4.5377,2010,10,28,301,Post-Monsoon
2010-10-29,24.7,18.6,21.3,0.5,16.5,22.9,87.46,970.0,4.5994,2010,10,29,302,Post-Monsoon
2010-10-30,23.3,19.2,20.8,6.0,13.6,22.9,91.27,970.0,2.7283,2010,10,30,303,Post-Monsoon
2010-10-31,23.0,19.0,20.5,0.8,14.5,22.5,89.84,970.0,3.4032,2010,10,31,304,Post-Monsoon
2010-11-01,23.4,18.9,20.4,15.4,12.8,23.0,88.02,970.0,2.9698,2010,11,1,305,Post-Monsoon
2010-11-02,23.5,19.2,20.6,18.9,12.0,23.1,86.89,970.0,4.1868,2010,11,2,306,Post-Monsoon
2010-11-03,26.0,18.9,21.7,3.4,8.5,24.3,88.66,970.0,3.7766,2010,11,3,307,Post-Monsoon
2010-11-04,25.6,18.8,21.6,4.3,9.0,24.1,87.94,970.0,3.9641,2010,11,4,308,Post-Monsoon
2010-11-05,25.8,18.9,21.5,2.7,10.5,24.2,87.34,970.0,4.6692,2010,11,5,309,Post-Monsoon
2010-11-06,25.7,18.4,21.4,0.0,11.2,23.1,89.0,970.0,3.9242,2010,11,6,310,Post-Monsoon
2010-11-07,20.7,18.3,19.1,20.0,15.9,19.9,91.96,970.0,0.9955,2010,11,7,311,Post-Monsoon
2010-11-08,23.2,17.8,19.8,7.8,17.1,21.0,89.17,970.0,3.2942,2010,11,8,312,Post-Monsoon
2010-11-09,26.2,18.8,21.7,4.1,15.1,23.6,91.52,970.0,3.5921,2010,11,9,313,Post-Monsoon
2010-11-10,25.7,18.8,21.5,7.5,10.3,24.0,87.79,970.0,4.8094,2010,11,10,314,Post-Monsoon
2010-11-11,25.9,18.2,21.2,27.4,8.6,24.1,89.71,970.0,4.0603,2010,11,11,315,Post-Monsoon
2010-11-12,25.8,18.3,21.6,0.6,10.7,23.9,87.13,970.0,4.6248,2010,11,12,316,Post-Monsoon
2010-11-13,26.5,19.2,22.0,0.9,9.7,24.8,86.45,970.0,5.3698,2010,11,13,317,Post-Monsoon
2010-11-14,26.2,18.2,21.9,0.2,10.4,24.1,86.51,970.0,5.1778,2010,11,14,318,Post-Monsoon
2010-11-15,26.0,18.4,21.2,5.4,10.6,23.4,85.45,970.0,4.35,2010,11,15,319,Post-Monsoon
2010-11-16,24.5,17.7,20.4,3.9,17.8,21.9,89.61,970.0,3.5239,2010,11,16,320,Post-Monsoon
2010-11-17,23.4,18.9,20.2,11.6,22.1,21.4,90.65,970.0,2.3222,2010,11,17,321,Post-Monsoon
2010-11-18,24.9,18.9,21.1,2.6,17.6,22.7,88.24,970.0,3.7418,2010,11,18,322,Post-Monsoon
2010-11-19,25.1,18.6,21.5,0.4,16.2,23.0,87.48,970.0,4.7122,2010,11,19,323,Post-Monsoon
2010-11-20,26.2,17.8,21.5,0.0,9.7,23.2,81.77,970.0,5.5382,2010,11,20,324,Post-Monsoon
2010-11-21,24.9,18.8,21.2,2.2,10.5,23.2,87.05,970.0,4.3754,2010,11,21,325,Post-Monsoon
2010-11-22,25.8,18.3,21.4,0.0,13.4,23.3,84.89,970.0,4.9102,2010,11,22,326,Post-Monsoon
2010-11-23,25.5,18.8,21.5,1.0,11.4,23.6,84.95,970.0,3.8806,2010,11,23,327,Post-Monsoon
2010-11-24,24.9,18.6,21.2,0.0,13.0,22.5,85.81,970.0,3.1757,2010,11,24,328,Post-Monsoon
2010-11-25,24.9,17.8,20.8,0.0,13.0,21.8,88.03,970.0,3.5522,2010,11,25,329,Post-Monsoon
2010-11-26,22.9,18.2,20.4,3.0,12.7,21.3,87.04,970.0,3.0674,2010,11,26,330,Post-Monsoon
2010-11-27,21.8,18.3,20.0,3.2,12.5,21.8,90.7,970.0,3.197,2010,11,27,331,Post-Monsoon
2010-11-28,23.8,16.9,20.2,0.0,15.9,20.6,87.57,970.0,3.06,2010,11,28,332,Post-Monsoon
2010-11-29,25.2,16.9,20.3,0.0,15.1,20.7,84.82,970.0,5.6059,2010,11,29,333,Post-Monsoon
2010-11-30,25.1,17.0,20.7,0.0,19.9,21.1,85.51,970.0,3.9958,2010,11,30,334,Post-Monsoon
2010-12-01,23.4,17.3,20.3,0.0,16.6,21.0,89.23,970.0,1.7976,2010,12,1,335,Winter
2010-12-02,24.3,18.1,20.8,1.3,17.7,21.7,89.13,970.0,2.6486,2010,12,2,336,Winter
2010-12-03,24.8,17.2,20.6,0.0,17.2,21.0,86.64,970.0,4.0534,2010,12,3,337,Winter
2010-12-04,23.8,15.6,19.6,0.0,16.4,19.6,84.58,970.0,3.545,2010,12,4,338,Winter
2010-12-05,23.2,16.3,19.2,0.0,19.5,18.7,85.4,970.0,3.9629,2010,12,5,339,Winter
2010-12-06,22.8,14.7,18.9,0.5,19.4,18.2,81.19,970.0,2.7062,2010,12,6,340,Winter
2010-12-07,22.8,14.6,18.8,0.4,12.6,19.8,90.37,970.0,3.0773,2010,12,7,341,Winter
2010-12-08,24.4,18.0,20.6,2.4,10.4,22.6,87.77,970.0,4.5787,2010,12,8,342,Winter
2010-12-09,24.4,17.6,21.1,0.3,9.8,23.0,90.43,970.0,4.7393,2010,12,9,343,Winter
2010-12-10,25.9,15.5,20.7,0.0,10.9,21.7,84.99,970.0,4.86,2010,12,10,344,Winter
2010-12-11,25.4,16.0,20.5,0.0,9.9,22.0,82.92,970.0,4.5319,2010,12,11,345,Winter
2010-12-12,24.8,16.1,20.3,0.0,11.1,21.4,81.43,970.0,4.4299,2010,12,12,346,Winter
2010-12-13,25.3,15.7,20.5,0.0,7.9,21.9,83.09,970.0,4.5098,2010,12,13,347,Winter
2010-12-14,24.9,16.9,20.7,0.4,8.9,22.5,87.2,970.0,4.0579,2010,12,14,348,Winter
2010-12-15,23.9,18.6,20.5,2.4,12.4,22.0,87.53,970.0,3.5059,2010,12,15,349,Winter
2010-12-16,22.1,17.9,19.8,3.3,13.0,21.1,86.05,970.0,2.574,2010,12,16,350,Winter
2010-12-17,23.8,17.5,20.1,0.9,14.5,21.3,84.38,970.0,3.1126,2010,12,17,351,Winter
2010-12-18,24.7,16.0,20.0,0.0,11.7,20.6,83.17,970.0,4.2158,2010,12,18,352,Winter
2010-12-19,23.9,12.6,18.4,0.0,16.2,18.0,81.71,970.0,4.4342,2010,12,19,353,Winter
2010-12-20,21.9,17.6,19.1,0.6,17.3,19.4,87.18,970.0,3.3242,2010,12,20,354,Winter
2010-12-21,25.5,15.2,19.6,0.0,13.0,19.2,77.61,970.0,5.4746,2010,12,21,355,Winter
2010-12-22,25.5,11.5,18.0,0.0,9.6,16.9,70.89,970.0,5.9707,2010,12,22,356,Winter
2010-12-23,25.9,9.8,17.5,0.0,9.1,16.6,74.44,970.0,5.8519,2010,12,23,357,Winter
2010-12-24,25.2,10.5,17.3,0.0,9.2,16.5,77.49,970.0,5.221,2010,12,24,358,Winter
2010-12-25,25.4,10.6,18.0,0.0,9.2,17.7,76.94,970.0,5.6652,2010,12,25,359,Winter
2010-12-26,25.4,12.4,18.5,0.0,13.1,18.1,77.47,970.0,5.6587,2010,12,26,360,Winter
2010-12-27,25.2,13.0,18.5,0.0,13.2,18.3,77.5,970.0,5.4326,2010,12,27,361,Winter
2010-12-28,25.2,13.4,18.6,0.7,14.0,18.0,78.84,970.0,4.83,2010,12,28,362,Winter
2010-12-29,23.8,15.4,19.1,0.9,13.1,19.6,84.14,970.0,3.4308,2010,12,29,363,Winter
2010-12-30,25.6,16.6,20.0,0.0,12.0,20.6,80.28,970.0,5.178,2010,12,30,364,Winter
2010-12-31,26.6,16.0,20.4,0.0,9.3,21.1,77.66,970.0,4.9987,2010,12,31,365,Winter
2011-01-01,27.0,16.1,21.1,0.0,12.7,22.1,76.75,970.0,4.9855,2011,1,1,1,Winter
2011-01-02,26.7,16.3,21.4,0.0,13.6,22.4,79.39,970.0,4.4909,2011,1,2,2,Winter
2011-01-03,25.6,17.9,21.2,0.7,14.3,21.8,80.42,970.0,3.7301,2011,1,3,3,Winter
2011-01-04,25.3,16.5,20.5,0.0,18.1,20.3,83.0,970.0,4.0529,2011,1,4,4,Winter
2011-01-05,23.6,17.6,19.9,0.0,13.7,20.3,82.76,970.0,3.4786,2011,1,5,5,Winter
2011-01-06,26.6,15.7,20.8,0.0,14.8,20.8,75.47,970.0,5.148,2011,1,6,6,Winter
2011-01-07,27.9,14.9,20.8,0.0,10.6,20.9,73.03,970.0,5.5848,2011,1,7,7,Winter
2011-01-08,28.3,14.6,21.1,0.0,10.5,21.4,75.47,970.0,5.5342,2011,1,8,8,Winter
2011-01-09,28.3,15.1,21.2,0.0,10.0,20.7,71.58,970.0,5.3126,2011,1,9,9,Winter
2011-01-10,28.2,13.8,20.6,0.0,14.2,19.5,61.38,970.0,5.8222,2011,1,10,10,Winter
2011-01-11,27.6,12.3,19.6,0.0,10.9,17.4,49.78,970.0,6.0281,2011,1,11,11,Winter
2011-01-12,27.8,10.5,19.0,0.0,10.9,16.8,66.54,970.0,6.1853,2011,1,12,12,Winter
2011-01-13,28.0,10.5,19.2,0.0,13.0,17.4,65.26,970.0,6.125,2011,1,13,13,Winter
2011-01-14,27.5,12.0,19.4,0.0,14.0,17.3,67.38,970.0,6.1378,2011,1,14,14,Winter
2011-01-15,27.5,11.5,19.4,0.0,12.6,18.1,70.8,970.0,6.0569,2011,1,15,15,Winter
2011-01-16,28.9,14.2,21.6,0.0,12.3,22.3,71.1,970.0,5.9395,2011,1,16,16,Winter
2011-01-17,28.9,16.5,22.4,0.0,11.2,23.2,70.18,970.0,5.8668,2011,1,17,17,Winter
2011-01-18,28.9,15.4,21.8,0.0,10.9,21.1,62.98,970.0,6.1087,2011,1,18,18,Winter
2011-01-19,29.2,12.6,21.0,0.0,10.5,19.4,61.68,970.0,6.3178,2011,1,19,19,Winter
2011-01-20,30.2,13.6,21.8,0.0,14.2,19.6,61.78,970.0,6.2626,2011,1,20,20,Winter
2011-01-21,28.9,14.1,21.2,0.0,17.4,19.7,65.08,970.0,6.1999,2011,1,21,21,Winter
2011-01-22,27.6,15.0,20.3,0.0,16.3,19.6,68.71,970.0,6.1454,2011,1,22,22,Winter
2011-01-23,26.8,15.4,20.1,0.0,17.0,19.4,69.59,970.0,6.0626,2011,1,23,23,Winter
2011-01-24,26.7,12.8,19.4,0.0,17.6,18.1,69.68,970.0,6.0898,2011,1,24,24,Winter
2011-01-25,26.4,12.1,19.0,0.0,15.6,17.9,69.29,970.0,6.1294,2011,1,25,25,Winter
2011-01-26,26.8,13.8,19.5,0.0,16.6,18.8,71.19,970.0,5.8399,2011,1,26,26,Winter
2011-01-27,28.2,14.3,20.4,0.0,14.4,19.1,66.59,970.0,6.3811,2011,1,27,27,Winter
2011-01-28,28.4,11.9,20.2,0.0,13.4,18.6,64.23,970.0,6.4454,2011,1,28,28,Winter
2011-01-29,28.3,13.9,20.9,0.0,16.7,18.9,64.99,970.0,6.3787,2011,1,29,29,Winter
2011-01-30,28.1,13.5,20.7,0.0,16.6,18.7,62.5,970.0,6.3859,2011,1,30,30,Winter
2011-01-31,28.6,13.9,21.1,0.0,15.9,19.3,61.97,970.0,6.5124,2011,1,31,31,Winter
2011-02-01,28.4,14.4,21.0,0.0,15.5,19.0,51.92,970.0,6.6264,2011,2,1,32,Winter
2011-02-02,27.6,13.8,20.7,0.0,18.5,18.4,62.19,970.0,6.4618,2011,2,2,33,Winter
2011-02-03,27.8,13.7,20.5,0.0,20.5,18.7,64.61,970.0,6.3214,2011,2,3,34,Winter
2011-02-04,27.8,13.7,20.6,0.0,13.3,18.7,59.46,970.0,6.1918,2011,2,4,35,Winter
2011-02-05,28.6,13.6,20.9,0.0,14.0,19.3,58.24,970.0,6.4862,2011,2,5,36,Winter
2011-02-06,28.7,12.6,20.6,0.0,14.5,18.4,56.34,970.0,6.7954,2011,2,6,37,Winter
2011-02-07,28.9,12.2,20.5,0.0,10.4,18.9,55.5,970.0,6.4373,2011,2,7,38,Winter
2011-02-08,29.4,12.6,21.1,0.0,11.9,19.1,51.52,970.0,6.4673,2011,2,8,39,Winter
2011-02-09,29.6,12.3,21.0,0.0,14.8,18.1,47.5,970.0,6.5983,2011,2,9,40,Winter
2011-02-10,29.4,12.7,21.0,0.0,15.9,17.7,42.16,970.0,6.8866,2011,2,10,41,Winter
2011-02-11,28.6,14.1,21.1,0.0,16.6,17.7,47.13,970.0,6.9353,2011,2,11,42,Winter
2011-02-12,28.4,12.8,20.7,0.0,14.4,18.0,50.92,970.0,6.7558,2011,2,12,43,Winter
2011-02-13,28.8,13.5,21.0,0.0,14.1,17.7,46.68,970.0,6.8839,2011,2,13,44,Winter
2011-02-14,29.2,12.9,21.2,0.0,14.5,18.6,53.83,970.0,6.8585,2011,2,14,45,Winter
2011-02-15,29.4,14.0,21.8,0.0,15.0,21.3,59.31,970.0,6.7166,2011,2,15,46,Winter
2011-02-16,29.0,15.5,22.3,0.0,12.8,22.6,59.88,970.0,5.6107,2011,2,16,47,Winter
2011-02-17,30.1,15.6,23.1,0.0,7.6,23.2,58.86,970.0,6.2458,2011,2,17,48,Winter
2011-02-18,29.8,17.3,23.4,0.0,9.4,23.7,60.17,970.0,5.7948,2011,2,18,49,Winter
2011-02-19,29.8,17.1,23.5,0.0,13.8,24.2,58.94,970.0,5.5188,2011,2,19,50,Winter
2011-02-20,28.7,19.2,23.8,0.0,13.8,24.6,60.27,970.0,5.6822,2011,2,20,51,Winter
2011-02-21,28.3,19.4,23.3,0.6,13.0,25.0,64.3,970.0,5.1607,2011,2,21,52,Winter
2011-02-22,27.4,18.3,21.9,1.2,15.8,23.2,71.65,970.0,3.8695,2011,2,22,53,Winter
2011-02-23,27.4,18.3,21.6,5.6,12.8,22.8,71.37,970.0,4.8893,2011,2,23,54,Winter
2011-02-24,27.1,17.6,22.2,0.1,9.3,23.8,66.37,970.0,5.0969,2011,2,24,55,Winter
2011-02-25,27.4,18.6,22.3,0.5,7.6,24.3,66.92,970.0,5.1842,2011,2,25,56,Winter
2011-02-26,27.4,18.0,22.6,0.3,15.5,23.8,67.91,970.0,4.6049,2011,2,26,57,Winter
2011-02-27,30.1,17.1,23.2,0.0,15.2,23.3,57.45,970.0,5.9359,2011,2,27,58,Winter
2011-02-28,30.3,15.7,22.7,0.0,16.8,21.5,52.38,970.0,6.9547,2011,2,28,59,Winter
2011-03-01,29.4,15.5,22.3,0.0,15.5,20.7,55.78,970.0,6.9449,2011,3,1,60,Summer
2011-03-02,30.1,15.1,22.6,0.0,16.2,21.0,51.77,970.0,6.9902,2011,3,2,61,Summer
2011-03-03,31.1,13.8,22.5,0.0,16.6,19.8,40.87,970.0,7.3466,2011,3,3,62,Summer
2011-03-04,32.2,12.4,22.9,0.0,13.2,20.4,34.01,970.0,7.501,2011,3,4,63,Summer
2011-03-05,32.7,15.2,23.7,0.0,13.9,21.8,39.23,970.0,7.2643,2011,3,5,64,Summer
2011-03-06,33.2,13.9,23.9,0.0,18.4,21.3,29.89,970.0,7.4717,2011,3,6,65,Summer
2011-03-07,32.7,15.0,24.2,0.0,19.5,21.3,27.76,970.0,7.399,2011,3,7,66,Summer
2011-03-08,33.3,16.3,25.6,0.0,13.9,23.7,31.74,970.0,7.1902,2011,3,8,67,Summer
2011-03-09,32.8,18.9,26.4,0.0,11.9,25.6,34.08,970.0,6.6202,2011,3,9,68,Summer
2011-03-10,33.0,20.2,26.4,0.0,14.3,24.8,31.52,970.0,7.14,2011,3,10,69,Summer
2011-03-11,33.1,18.0,25.9,0.0,15.8,24.3,32.15,970.0,7.2367,2011,3,11,70,Summer
2011-03-12,33.0,17.2,25.0,0.0,16.6,23.8,42.4,970.0,7.3541,2011,3,12,71,Summer
2011-03-13,32.0,17.7,24.9,0.0,15.9,23.9,46.64,970.0,7.5228,2011,3,13,72,Summer
2011-03-14,32.5,16.9,24.8,0.0,17.1,23.3,48.68,970.0,7.332,2011,3,14,73,Summer
2011-03-15,32.3,17.6,25.0,0.0,15.5,23.8,47.42,970.0,7.4436,2011,3,15,74,Summer
2011-03-16,31.8,17.8,25.0,0.0,18.7,23.3,44.74,970.0,7.1496,2011,3,16,75,Summer
2011-03-17,30.8,17.0,23.9,0.0,21.4,21.9,38.76,970.0,7.4741,2011,3,17,76,Summer
2011-03-18,31.3,14.0,23.0,0.0,18.3,21.1,42.48,970.0,7.6303,2011,3,18,77,Summer
2011-03-19,32.5,14.3,23.9,0.0,15.2,21.9,36.39,970.0,7.6745,2011,3,19,78,Summer
2011-03-20,33.4,16.3,25.0,0.0,10.7,23.5,41.89,970.0,7.5449,2011,3,20,79,Summer
2011-03-21,33.0,17.9,25.7,0.0,12.3,25.4,41.28,970.0,6.9362,2011,3,21,80,Summer
2011-03-22,33.5,19.4,26.8,0.0,12.4,27.1,45.02,970.0,6.9634,2011,3,22,81,Summer
2011-03-23,33.7,20.3,27.0,0.0,14.5,26.8,36.28,970.0,6.9281,2011,3,23,82,Summer
2011-03-24,33.2,20.8,26.8,0.0,9.0,26.9,32.32,970.0,6.8203,2011,3,24,83,Summer
2011-03-25,32.9,20.8,26.7,0.0,16.7,26.9,41.66,970.0,6.3048,2011,3,25,84,Summer
2011-03-26,30.9,20.5,24.7,1.1,13.4,26.2,40.85,970.0,5.4132,2011,3,26,85,Summer
2011-03-27,32.7,21.0,26.4,0.0,11.8,26.9,45.39,970.0,5.8901,2011,3,27,86,Summer
2011-03-28,33.1,19.6,26.6,0.0,13.0,26.9,38.87,970.0,6.2177,2011,3,28,87,Summer
2011-03-29,33.7,20.1,26.9,0.0,11.9,27.0,38.06,970.0,6.1394,2011,3,29,88,Summer
2011-03-30,33.8,19.6,27.1,0.0,9.1,27.0,31.75,970.0,6.7037,2011,3,30,89,Summer
2011-03-31,32.2,20.6,26.7,0.0,8.8,26.7,32.74,970.0,6.4003,2011,3,31,90,Summer
2011-04-01,31.9,21.5,27.0,0.0,7.9,27.4,33.57,970.0,6.1517,2011,4,1,91,Summer
2011-04-02,32.4,21.4,26.9,0.0,12.1,27.8,34.2,970.0,5.8958,2011,4,2,92,Summer
2011-04-03,31.6,20.4,26.0,0.0,12.6,27.3,35.04,970.0,6.2297,2011,4,3,93,Summer
2011-04-04,32.8,19.7,26.8,0.0,9.7,27.4,34.38,970.0,6.7526,2011,4,4,94,Summer
2011-04-05,31.4,20.1,26.3,0.0,9.7,26.9,36.57,970.0,6.2983,2011,4,5,95,Summer
2011-04-06,32.1,21.1,26.4,0.2,10.9,26.5,36.53,970.0,6.5338,2011,4,6,96,Summer
2011-04-07,32.9,19.8,26.3,0.0,13.6,26.0,38.25,970.0,7.1921,2011,4,7,97,Summer
2011-04-08,32.9,18.7,26.2,0.0,12.9,26.2,40.31,970.0,7.1014,2011,4,8,98,Summer
2011-04-09,33.5,19.5,26.8,0.0,14.0,26.9,43.33,970.0,7.2646,2011,4,9,99,Summer
2011-04-10,32.7,20.7,26.3,0.0,14.5,26.9,47.81,970.0,6.8011,2011,4,10,100,Summer
2011-04-11,33.4,20.2,26.4,0.0,12.9,27.2,45.36,970.0,7.1352,2011,4,11,101,Summer
2011-04-12,33.7,20.9,26.8,0.0,11.9,27.5,41.1,970.0,7.0548,2011,4,12,102,Summer
2011-04-13,33.7,21.1,27.4,0.0,12.9,27.9,39.57,970.0,6.7913,2011,4,13,103,Summer
2011-04-14,31.8,21.6,25.5,4.5,11.3,27.4,42.33,970.0,5.8243,2011,4,14,104,Summer
2011-04-15,31.7,20.5,24.7,9.8,8.3,27.6,47.55,970.0,5.6669,2011,4,15,105,Summer
2011-04-16,31.8,19.6,25.8,0.0,8.3,28.0,48.54,970.0,7.0591,2011,4,16,106,Summer
2011-04-17,33.0,20.0,26.5,0.0,9.9,27.4,44.89,970.0,6.5246,2011,4,17,107,Summer
2011-04-18,33.5,20.5,27.1,0.0,15.3,28.6,41.04,970.0,6.456,2011,4,18,108,Summer
2011-04-19,32.0,21.4,26.0,5.3,13.5,28.1,53.85,970.0,6.0782,2011,4,19,109,Summer
2011-04-20,31.5,20.7,25.5,0.9,16.0,27.9,66.68,970.0,6.4625,2011,4,20,110,Summer
2011-04-21,30.1,21.0,24.2,26.2,9.7,27.3,62.49,970.0,6.012,2011,4,21,111,Summer
2011-04-22,27.6,20.4,22.5,42.6,10.5,25.9,76.42,970.0,5.6657,2011,4,22,112,Summer
2011-04-23,27.0,20.1,22.8,44.5,12.8,25.3,79.64,970.0,4.723,2011,4,23,113,Summer
2011-04-24,28.4,20.1,23.2,4.8,9.8,26.4,73.4,970.0,6.0478,2011,4,24,114,Summer
2011-04-25,28.9,19.5,24.1,0.0,10.6,26.8,72.2,970.0,6.343,2011,4,25,115,Summer
2011-04-26,29.4,20.4,24.4,0.0,11.2,27.0,68.38,970.0,6.9478,2011,4,26,116,Summer
2011-04-27,30.5,20.5,24.9,0.0,9.9,27.4,62.93,970.0,7.303,2011,4,27,117,Summer
2011-04-28,31.0,20.3,25.2,0.0,11.9,27.3,68.98,970.0,6.5033,2011,4,28,118,Summer
2011-04-29,30.4,20.9,25.2,0.0,14.4,27.8,64.3,970.0,6.8302,2011,4,29,119,Summer
2011-04-30,30.5,20.8,24.6,6.3,9.3,28.0,66.54,970.0,4.8847,2011,4,30,120,Summer
2011-05-01,30.3,20.1,24.8,1.5,8.6,28.1,65.46,970.0,6.3818,2011,5,1,121,Summer
2011-05-02,30.4,20.2,24.5,5.7,9.7,27.8,68.8,970.0,6.0893,2011,5,2,122,Summer
2011-05-03,31.0,21.0,24.9,4.8,14.0,28.0,67.89,970.0,6.6859,2011,5,3,123,Summer
2011-05-04,30.9,21.2,25.3,1.3,14.7,27.9,63.1,970.0,6.0744,2011,5,4,124,Summer
2011-05-05,32.2,20.8,26.0,0.0,17.1,27.3,58.37,970.0,7.2833,2011,5,5,125,Summer
2011-05-06,32.3,19.5,26.0,0.0,13.8,27.3,56.8,970.0,7.5612,2011,5,6,126,Summer
2011-05-07,31.3,19.4,25.1,0.0,18.3,25.4,59.22,970.0,7.6346,2011,5,7,127,Summer
2011-05-08,30.6,18.0,24.3,0.0,13.6,25.3,58.01,970.0,7.89,2011,5,8,128,Summer
2011-05-09,31.8,19.2,25.3,0.0,14.2,26.4,59.23,970.0,7.7383,2011,5,9,129,Summer
2011-05-10,30.5,20.0,25.1,0.0,12.6,26.8,60.12,970.0,7.477,2011,5,10,130,Summer
2011-05-11,30.1,20.4,25.4,0.0,10.2,27.7,63.64,970.0,7.0706,2011,5,11,131,Summer
2011-05-12,30.4,21.1,25.0,3.5,11.6,27.7,62.04,970.0,6.9562,2011,5,12,132,Summer
2011-05-13,31.1,20.7,25.0,2.8,8.6,28.0,63.15,970.0,6.2462,2011,5,13,133,Summer
2011-05-14,29.9,21.0,24.7,14.0,12.2,28.0,65.45,970.0,6.491,2011,5,14,134,Summer
2011-05-15,31.2,21.0,24.8,4.0,9.2,28.4,59.46,970.0,6.7649,2011,5,15,135,Summer
2011-05-16,31.9,19.8,25.3,1.2,10.5,28.3,57.48,970.0,6.9703,2011,5,16,136,Summer
2011-05-17,30.7,20.4,25.6,0.7,8.7,28.7,59.1,970.0,6.1949,2011,5,17,137,Summer
2011-05-18,30.1,20.8,25.1,0.7,7.4,28.3,70.73,970.0,6.0698,2011,5,18,138,Summer
2011-05-19,30.5,21.3,25.0,4.2,12.0,28.2,68.89,970.0,6.2494,2011,5,19,139,Summer
2011-05-20,29.0,21.3,24.9,1.4,13.1,27.9,70.66,970.0,5.5558,2011,5,20,140,Summer
2011-05-21,30.6,20.8,24.7,1.8,14.7,27.0,77.94,970.0,5.7146,2011,5,21,141,Summer
2011-05-22,30.4,19.8,25.1,0.0,11.3,26.7,63.84,970.0,5.9062,2011,5,22,142,Summer
2011-05-23,30.6,20.8,25.3,0.3,13.4,27.8,62.86,970.0,6.5378,2011,5,23,143,Summer
2011-05-24,30.8,21.7,25.5,1.9,10.7,28.9,67.05,970.0,6.0557,2011,5,24,144,Summer
2011-05-25,29.7,21.6,25.4,1.6,10.4,28.7,76.58,970.0,4.6891,2011,5,25,145,Summer
2011-05-26,29.9,20.5,25.0,2.4,15.5,27.9,65.04,970.0,6.2582,2011,5,26,146,Summer
2011-05-27,29.8,21.4,24.9,14.2,10.2,28.0,66.36,970.0,5.771,2011,5,27,147,Summer
2011-05-28,29.5,20.9,24.2,4.9,19.4,26.5,74.99,970.0,5.0729,2011,5,28,148,Summer
2011-05-29,29.6,20.9,24.2,9.8,16.9,27.0,68.95,970.0,5.6974,2011,5,29,149,Summer
2011-05-30,30.7,20.6,24.8,10.4,15.3,27.7,78.32,970.0,5.899,2011,5,30,150,Summer
2011-05-31,30.5,21.2,24.2,10.2,17.3,27.2,70.49,970.0,6.6077,2011,5,31,151,Summer
2011-06-01,29.0,20.9,23.8,8.0,13.3,26.8,79.86,970.0,5.3782,2011,6,1,152,Southwest Monsoon
2011-06-02,26.4,20.5,22.4,5.1,22.2,24.1,79.5,970.0,4.6238,2011,6,2,153,Southwest Monsoon
2011-06-03,25.1,19.7,22.0,11.3,22.1,23.3,77.66,970.0,4.4333,2011,6,3,154,Southwest Monsoon
2011-06-04,26.8,20.4,23.2,0.0,23.9,24.3,75.14,970.0,5.0798,2011,6,4,155,Southwest Monsoon
2011-06-05,27.9,20.8,23.2,2.9,21.9,24.6,73.68,970.0,4.8528,2011,6,5,156,Southwest Monsoon
2011-06-06,27.5,21.1,23.0,5.8,22.6,24.5,71.31,970.0,4.5437,2011,6,6,157,Southwest Monsoon
2011-06-07,27.2,20.3,23.4,0.2,22.5,24.4,66.4,970.0,5.5846,2011,6,7,158,Southwest Monsoon
2011-06-08,27.3,20.2,23.2,1.3,21.8,24.3,66.86,970.0,5.1893,2011,6,8,159,Southwest Monsoon
2011-06-09,27.5,20.1,23.6,0.2,22.6,24.4,71.23,970.0,5.9167,2011,6,9,160,Southwest Monsoon
2011-06-10,27.8,20.1,23.2,0.6,23.5,24.0,73.75,970.0,5.6947,2011,6,10,161,Southwest Monsoon
2011-06-11,27.2,20.5,22.9,2.1,23.1,23.9,67.02,970.0,4.9164,2011,6,11,162,Southwest Monsoon
2011-06-12,27.1,20.7,23.3,0.7,26.4,23.8,74.26,970.0,5.4091,2011,6,12,163,Southwest Monsoon
2011-06-13,26.8,20.9,23.0,2.3,24.8,23.6,70.82,970.0,4.2156,2011,6,13,164,Southwest Monsoon
2011-06-14,27.0,20.3,22.4,5.9,25.6,23.0,68.14,970.0,4.2619,2011,6,14,165,Southwest Monsoon
2011-06-15,24.4,19.9,21.4,0.4,26.7,21.7,73.4,970.0,3.8976,2011,6,15,166,Southwest Monsoon
2011-06-16,25.3,20.2,22.2,0.1,30.2,22.0,69.97,970.0,5.1005,2011,6,16,167,Southwest Monsoon
2011-06-17,25.3,19.9,21.5,6.0,26.4,22.1,73.35,970.0,4.4959,2011,6,17,168,Southwest Monsoon
2011-06-18,27.2,20.4,23.3,0.0,29.2,23.1,69.8,970.0,5.227,2011,6,18,169,Southwest Monsoon
2011-06-19,27.7,19.2,23.1,0.0,29.1,22.9,69.25,970.0,5.4946,2011,6,19,170,Southwest Monsoon
2011-06-20,27.5,19.3,23.3,0.0,26.0,23.2,68.5,970.0,5.9414,2011,6,20,171,Southwest Monsoon
2011-06-21,28.5,19.3,23.3,0.0,26.0,22.9,66.26,970.0,6.7133,2011,6,21,172,Southwest Monsoon
2011-06-22,27.6,18.9,23.1,0.0,24.5,23.1,68.06,970.0,5.2745,2011,6,22,173,Southwest Monsoon
2011-06-23,28.0,19.9,22.8,1.1,18.6,24.0,68.97,970.0,4.2612,2011,6,23,174,Southwest Monsoon
2011-06-24,27.7,20.0,23.4,0.8,21.0,24.3,72.05,970.0,4.9512,2011,6,24,175,Southwest Monsoon
2011-06-25,27.3,20.9,23.0,6.7,20.9,24.3,76.1,970.0,4.9039,2011,6,25,176,Southwest Monsoon
2011-06-26,27.5,20.5,22.7,3.5,24.8,23.2,77.9,970.0,4.643,2011,6,26,177,Southwest Monsoon
2011-06-27,25.9,20.2,22.1,4.3,24.9,22.9,74.68,970.0,4.3884,2011,6,27,178,Southwest Monsoon
2011-06-28,25.9,19.7,21.9,2.1,25.0,22.2,71.34,970.0,4.5814,2011,6,28,179,Southwest Monsoon
2011-06-29,26.6,20.6,23.1,0.0,21.3,23.6,71.74,970.0,6.1344,2011,6,29,180,Southwest Monsoon
2011-06-30,28.0,19.1,23.1,3.3,15.8,24.9,69.9,970.0,5.8478,2011,6,30,181,Southwest Monsoon
2011-07-01,28.0,20.1,22.7,8.3,15.9,24.8,75.11,970.0,5.7079,2011,7,1,182,Southwest Monsoon
2011-07-02,25.2,19.8,21.9,5.4,19.1,23.4,76.52,970.0,4.4004,2011,7,2,183,Southwest Monsoon
2011-07-03,26.9,19.8,21.8,5.9,21.7,23.3,72.51,970.0,5.4098,2011,7,3,184,Southwest Monsoon
2011-07-04,26.8,20.0,22.2,9.5,19.2,23.5,71.8,970.0,4.9915,2011,7,4,185,Southwest Monsoon
2011-07-05,26.4,19.7,21.8,3.4,19.9,23.2,70.12,970.0,4.4849,2011,7,5,186,Southwest Monsoon
2011-07-06,25.3,19.8,21.5,5.9,20.9,22.6,70.56,970.0,4.409,2011,7,6,187,Southwest Monsoon
2011-07-07,25.9,19.2,22.1,0.6,17.8,23.2,75.93,970.0,4.2782,2011,7,7,188,Southwest Monsoon
2011-07-08,27.1,20.3,23.2,0.1,20.0,24.5,76.31,970.0,5.7322,2011,7,8,189,Southwest Monsoon
2011-07-09,27.6,19.7,23.4,0.0,18.0,24.6,73.2,970.0,5.8673,2011,7,9,190,Southwest Monsoon
2011-07-10,28.1,19.1,23.5,0.0,17.7,24.4,65.46,970.0,6.1788,2011,7,10,191,Southwest Monsoon
2011-07-11,27.2,19.4,22.6,3.3,20.8,23.6,70.65,970.0,4.3114,2011,7,11,192,Southwest Monsoon
2011-07-12,27.5,20.0,22.5,5.0,22.5,23.2,73.86,970.0,4.2686,2011,7,12,193,Southwest Monsoon
2011-07-13,25.6,20.1,22.3,0.2,25.3,22.3,72.83,970.0,3.535,2011,7,13,194,Southwest Monsoon
2011-07-14,25.5,19.9,21.9,0.9,26.6,21.9,70.61,970.0,3.9943,2011,7,14,195,Southwest Monsoon
2011-07-15,25.7,20.1,21.9,2.7,29.9,21.8,72.14,970.0,4.4338,2011,7,15,196,Southwest Monsoon
2011-07-16,22.6,20.2,21.2,4.2,24.6,21.8,77.4,970.0,4.0586,2011,7,16,197,Southwest Monsoon
2011-07-17,25.0,19.9,21.5,9.3,26.9,22.0,76.92,970.0,4.3565,2011,7,17,198,Southwest Monsoon
2011-07-18,23.7,19.9,21.1,11.8,27.6,22.0,79.66,970.0,4.4906,2011,7,18,199,Southwest Monsoon
2011-07-19,26.0,20.0,21.9,10.7,26.2,22.8,74.16,970.0,4.38,2011,7,19,200,Southwest Monsoon
2011-07-20,25.7,19.8,22.3,3.5,26.0,22.6,75.03,970.0,4.3826,2011,7,20,201,Southwest Monsoon
2011-07-21,24.8,20.3,22.1,4.0,23.4,22.6,70.92,970.0,3.9672,2011,7,21,202,Southwest Monsoon
2011-07-22,26.4,20.0,22.4,2.5,24.9,22.8,70.16,970.0,4.3358,2011,7,22,203,Southwest Monsoon
2011-07-23,25.3,19.8,22.1,0.8,25.3,22.5,73.75,970.0,3.9679,2011,7,23,204,Southwest Monsoon
2011-07-24,26.6,20.5,22.3,4.8,23.6,23.2,72.71,970.0,4.2084,2011,7,24,205,Southwest Monsoon
2011-07-25,27.2,20.0,22.0,8.2,18.8,23.7,75.56,970.0,4.8746,2011,7,25,206,Southwest Monsoon
2011-07-26,27.0,19.5,22.1,9.7,15.6,23.9,78.07,970.0,5.6323,2011,7,26,207,Southwest Monsoon
2011-07-27,27.4,20.0,22.3,7.3,20.5,23.7,77.38,970.0,5.1974,2011,7,27,208,Southwest Monsoon
2011-07-28,26.2,19.8,22.1,7.0,21.1,23.0,79.9,970.0,4.6721,2011,7,28,209,Southwest Monsoon
2011-07-29,25.7,19.8,21.5,21.5,21.2,22.7,75.59,970.0,4.1525,2011,7,29,210,Southwest Monsoon
2011-07-30,24.5,19.6,21.3,3.9,20.8,22.3,80.6,970.0,4.1635,2011,7,30,211,Southwest Monsoon
2011-07-31,24.0,19.5,21.0,13.6,17.8,22.3,71.42,970.0,2.9359,2011,7,31,212,Southwest Monsoon
2011-08-01,25.8,19.7,22.3,0.0,27.7,22.4,70.95,970.0,5.6861,2011,8,1,213,Southwest Monsoon
2011-08-02,23.5,19.2,20.9,9.0,24.9,21.6,73.98,970.0,3.9967,2011,8,2,214,Southwest Monsoon
2011-08-03,23.3,19.2,20.6,10.2,26.9,21.2,79.42,970.0,3.6254,2011,8,3,215,Southwest Monsoon
2011-08-04,24.8,19.5,21.1,9.3,24.9,22.0,74.89,970.0,4.6591,2011,8,4,216,Southwest Monsoon
2011-08-05,24.5,19.6,21.4,6.6,20.1,22.6,76.99,970.0,4.6102,2011,8,5,217,Southwest Monsoon
2011-08-06,24.9,19.9,21.9,3.0,23.2,22.7,77.68,970.0,4.2314,2011,8,6,218,Southwest Monsoon
2011-08-07,25.8,20.0,21.9,6.4,23.1,22.8,78.08,970.0,4.1966,2011,8,7,219,Southwest Monsoon
2011-08-08,26.1,19.6,21.9,2.0,20.9,22.9,80.56,970.0,4.4323,2011,8,8,220,Southwest Monsoon
2011-08-09,26.9,20.1,22.8,0.4,20.4,24.1,74.94,970.0,5.3311,2011,8,9,221,Southwest Monsoon
2011-08-10,26.6,19.2,22.5,0.4,19.6,23.7,74.22,970.0,5.3592,2011,8,10,222,Southwest Monsoon
2011-08-11,26.4,18.8,22.1,3.3,18.8,23.3,78.33,970.0,5.431,2011,8,11,223,Southwest Monsoon
2011-08-12,26.3,19.6,22.1,1.4,21.4,22.9,78.23,970.0,4.8331,2011,8,12,224,Southwest Monsoon
2011-08-13,25.8,19.7,22.6,0.0,21.6,23.2,73.74,970.0,4.8612,2011,8,13,225,Southwest Monsoon
2011-08-14,26.5,18.3,22.4,0.1,16.2,23.6,72.82,970.0,5.8229,2011,8,14,226,Southwest Monsoon
2011-08-15,27.0,18.8,22.6,3.8,13.5,24.9,76.95,970.0,6.2268,2011,8,15,227,Southwest Monsoon
2011-08-16,25.4,19.4,21.8,17.8,12.6,24.2,83.37,970.0,4.6812,2011,8,16,228,Southwest Monsoon
2011-08-17,25.2,19.2,21.4,16.7,16.3,23.5,81.9,970.0,4.4263,2011,8,17,229,Southwest Monsoon
2011-08-18,23.3,19.1,20.8,22.6,14.1,22.8,80.05,970.0,3.8695,2011,8,18,230,Southwest Monsoon
2011-08-19,24.6,19.2,21.1,3.2,17.8,22.6,83.08,970.0,3.6754,2011,8,19,231,Southwest Monsoon
2011-08-20,24.6,18.9,21.0,27.9,16.2,22.5,85.43,970.0,4.7213,2011,8,20,232,Southwest Monsoon
2011-08-21,24.5,19.7,21.0,12.3,14.6,23.0,81.2,970.0,3.2789,2011,8,21,233,Southwest Monsoon
2011-08-22,26.5,19.3,22.0,8.9,14.0,24.3,76.95,970.0,5.0558,2011,8,22,234,Southwest Monsoon
2011-08-23,27.0,19.7,22.3,8.9,14.1,24.7,78.76,970.0,4.9771,2011,8,23,235,Southwest Monsoon
2011-08-24,25.6,19.8,22.0,10.5,16.7,23.8,85.35,970.0,4.2542,2011,8,24,236,Southwest Monsoon
2011-08-25,26.3,19.7,22.0,5.1,17.4,23.6,82.25,970.0,4.722,2011,8,25,237,Southwest Monsoon
2011-08-26,26.5,19.7,22.2,2.5,17.2,23.6,78.43,970.0,4.8672,2011,8,26,238,Southwest Monsoon
2011-08-27,24.7,20.0,21.6,2.7,22.4,22.5,78.13,970.0,3.941,2011,8,27,239,Southwest Monsoon
2011-08-28,26.4,19.5,22.3,0.5,28.1,22.1,77.79,970.0,5.3369,2011,8,28,240,Southwest Monsoon
2011-08-29,24.6,19.4,21.4,3.4,27.4,21.4,79.21,970.0,4.0704,2011,8,29,241,Southwest Monsoon
2011-08-30,25.2,19.7,21.1,12.7,26.7,21.8,75.31,970.0,4.2293,2011,8,30,242,Southwest Monsoon
2011-08-31,25.2,20.0,21.5,4.8,23.8,22.4,80.42,970.0,3.8146,2011,8,31,243,Southwest Monsoon
2011-09-01,23.4,20.0,20.8,15.8,27.3,21.3,83.61,970.0,4.1064,2011,9,1,244,Southwest Monsoon
2011-09-02,25.8,19.7,22.0,2.3,27.3,22.3,81.5,970.0,4.3646,2011,9,2,245,Southwest Monsoon
2011-09-03,25.0,19.6,21.6,3.4,25.1,22.2,79.57,970.0,4.4407,2011,9,3,246,Southwest Monsoon
2011-09-04,26.1,19.9,22.4,0.9,22.9,23.3,79.36,970.0,4.9286,2011,9,4,247,Southwest Monsoon
2011-09-05,25.8,19.9,22.5,0.0,22.6,23.3,78.86,970.0,4.8048,2011,9,5,248,Southwest Monsoon
2011-09-06,26.1,18.8,21.9,4.1,21.0,22.8,78.71,970.0,4.9397,2011,9,6,249,Southwest Monsoon
2011-09-07,26.3,19.3,22.0,2.1,22.5,22.8,79.69,970.0,5.047,2011,9,7,250,Southwest Monsoon
2011-09-08,26.4,19.6,22.2,1.6,21.2,23.4,80.83,970.0,4.963,2011,9,8,251,Southwest Monsoon
2011-09-09,26.4,19.6,22.2,4.4,19.8,23.8,78.35,970.0,5.2646,2011,9,9,252,Southwest Monsoon
2011-09-10,26.2,19.1,22.2,1.0,15.6,23.8,77.38,970.0,5.7127,2011,9,10,253,Southwest Monsoon
2011-09-11,26.2,19.2,22.0,1.8,15.9,23.7,75.75,970.0,6.2568,2011,9,11,254,Southwest Monsoon
2011-09-12,26.9,19.7,22.3,9.0,14.6,24.5,76.22,970.0,4.7851,2011,9,12,255,Southwest Monsoon
2011-09-13,26.7,19.3,21.9,7.3,14.4,24.2,76.57,970.0,5.5632,2011,9,13,256,Southwest Monsoon
2011-09-14,25.2,19.5,21.7,3.8,18.7,23.4,76.69,970.0,4.3526,2011,9,14,257,Southwest Monsoon
2011-09-15,25.9,19.5,21.6,4.3,19.1,23.1,82.51,970.0,4.7647,2011,9,15,258,Southwest Monsoon
2011-09-16,25.7,19.5,21.9,2.2,18.8,23.4,77.54,970.0,5.0755,2011,9,16,259,Southwest Monsoon
2011-09-17,25.9,19.3,22.1,1.3,17.7,23.7,73.65,970.0,5.6458,2011,9,17,260,Southwest Monsoon
2011-09-18,26.1,18.3,21.8,1.7,16.1,23.3,80.12,970.0,5.8498,2011,9,18,261,Southwest Monsoon
2011-09-19,26.0,19.0,22.0,6.0,15.2,23.9,80.69,970.0,4.7506,2011,9,19,262,Southwest Monsoon
2011-09-20,25.8,19.1,21.8,3.3,14.7,23.6,84.12,970.0,4.2319,2011,9,20,263,Southwest Monsoon
2011-09-21,25.6,18.1,21.7,0.2,19.2,22.6,77.32,970.0,5.629,2011,9,21,264,Southwest Monsoon
2011-09-22,26.1,18.1,21.5,0.0,21.0,22.2,75.58,970.0,6.3802,2011,9,22,265,Southwest Monsoon
2011-09-23,26.4,16.3,21.1,0.0,12.4,22.1,69.41,970.0,7.1856,2011,9,23,266,Southwest Monsoon
2011-09-24,26.5,16.7,21.3,0.0,12.0,22.5,67.88,970.0,7.1993,2011,9,24,267,Southwest Monsoon
2011-09-25,26.9,18.7,22.3,0.0,8.7,24.0,67.94,970.0,7.0126,2011,9,25,268,Southwest Monsoon
2011-09-26,27.1,17.3,22.2,0.1,11.2,23.7,69.63,970.0,6.5201,2011,9,26,269,Southwest Monsoon
2011-09-27,26.8,17.5,22.1,0.3,10.6,23.8,69.09,970.0,6.4903,2011,9,27,270,Southwest Monsoon
2011-09-28,27.5,17.4,22.3,0.0,12.4,23.7,72.24,970.0,6.5249,2011,9,28,271,Southwest Monsoon
2011-09-29,27.3,17.9,22.6,0.2,15.1,24.2,69.71,970.0,6.2642,2011,9,29,272,Southwest Monsoon
2011-09-30,27.5,18.0,22.9,0.1,10.5,25.3,77.87,970.0,5.113,2011,9,30,273,Southwest Monsoon
2011-10-01,27.1,18.3,22.4,8.3,7.0,25.3,79.72,970.0,4.8794,2011,10,1,274,Post-Monsoon
2011-10-02,26.3,19.6,22.4,0.8,10.1,25.1,81.65,970.0,4.8211,2011,10,2,275,Post-Monsoon
2011-10-03,27.3,19.2,22.7,1.5,10.0,25.6,80.77,970.0,5.3546,2011,10,3,276,Post-Monsoon
2011-10-04,26.9,18.5,22.2,0.0,13.0,23.6,73.63,970.0,6.6996,2011,10,4,277,Post-Monsoon
2011-10-05,28.0,16.3,22.1,0.0,7.9,23.5,70.05,970.0,7.0949,2011,10,5,278,Post-Monsoon
2011-10-06,27.2,17.2,22.3,0.0,12.4,23.8,73.96,970.0,6.5141,2011,10,6,279,Post-Monsoon
2011-10-07,26.9,17.7,22.6,1.1,6.5,25.2,74.62,970.0,5.423,2011,10,7,280,Post-Monsoon
2011-10-08,27.5,19.2,22.8,0.4,11.6,25.4,76.78,970.0,4.8487,2011,10,8,281,Post-Monsoon
2011-10-09,27.7,19.1,22.6,13.3,11.5,25.4,81.46,970.0,5.2265,2011,10,9,282,Post-Monsoon
2011-10-10,26.7,19.4,22.0,23.1,8.5,25.3,83.75,970.0,5.1293,2011,10,10,283,Post-Monsoon
2011-10-11,26.7,19.2,22.0,14.3,10.2,24.9,84.05,970.0,4.9049,2011,10,11,284,Post-Monsoon
2011-10-12,25.9,19.1,21.5,16.0,7.8,24.6,83.55,970.0,4.8086,2011,10,12,285,Post-Monsoon
2011-10-13,26.3,19.1,21.7,5.6,7.9,24.8,79.6,970.0,5.2884,2011,10,13,286,Post-Monsoon
2011-10-14,27.0,18.8,22.0,17.4,9.4,25.3,80.11,970.0,5.6371,2011,10,14,287,Post-Monsoon
2011-10-15,27.3,19.1,22.3,7.5,6.8,25.7,80.15,970.0,5.3059,2011,10,15,288,Post-Monsoon
2011-10-16,27.2,18.8,22.9,0.0,11.3,25.5,76.58,970.0,5.5865,2011,10,16,289,Post-Monsoon
2011-10-17,27.0,19.6,22.8,1.1,7.6,26.0,79.51,970.0,5.4226,2011,10,17,290,Post-Monsoon
2011-10-18,27.9,18.8,23.0,0.0,10.8,25.3,75.02,970.0,5.4492,2011,10,18,291,Post-Monsoon
2011-10-19,27.9,18.2,23.1,0.0,7.9,25.4,74.99,970.0,6.0689,2011,10,19,292,Post-Monsoon
2011-10-20,26.7,19.4,22.6,3.6,8.4,25.4,72.81,970.0,5.4725,2011,10,20,293,Post-Monsoon
2011-10-21,26.9,18.7,23.0,0.4,10.8,25.6,74.31,970.0,5.28,2011,10,21,294,Post-Monsoon
2011-10-22,26.9,18.9,22.8,0.0,13.4,24.6,73.21,970.0,5.299,2011,10,22,295,Post-Monsoon
2011-10-23,26.9,19.5,22.4,15.5,9.5,25.1,78.34,970.0,5.2061,2011,10,23,296,Post-Monsoon
2011-10-24,26.6,19.1,21.7,10.6,12.7,23.9,81.52,970.0,5.0189,2011,10,24,297,Post-Monsoon
2011-10-25,25.1,19.6,21.2,16.0,14.1,23.3,84.07,970.0,3.3528,2011,10,25,298,Post-Monsoon
2011-10-26,25.2,19.3,21.0,11.6,19.5,22.6,84.12,970.0,4.255,2011,10,26,299,Post-Monsoon
2011-10-27,25.1,19.3,21.2,4.3,18.8,23.0,82.56,970.0,4.2156,2011,10,27,300,Post-Monsoon
2011-10-28,26.2,18.8,21.5,3.6,16.6,23.2,81.08,970.0,5.3866,2011,10,28,301,Post-Monsoon
2011-10-29,25.8,19.4,21.2,8.1,15.8,23.1,84.48,970.0,4.289,2011,10,29,302,Post-Monsoon
2011-10-30,24.8,19.3,21.1,6.3,16.2,22.8,83.83,970.0,4.6267,2011,10,30,303,Post-Monsoon
2011-10-31,24.0,19.0,20.8,2.5,19.1,22.3,82.85,970.0,3.7946,2011,10,31,304,Post-Monsoon
2011-11-01,23.1,19.0,20.6,8.2,18.0,22.3,84.31,970.0,2.855,2011,11,1,305,Post-Monsoon
2011-11-02,24.3,19.5,20.9,9.7,12.2,23.2,84.38,970.0,3.7162,2011,11,2,306,Post-Monsoon
2011-11-03,23.7,18.8,20.6,11.1,11.9,22.9,87.81,970.0,3.9696,2011,11,3,307,Post-Monsoon
2011-11-04,24.6,19.5,21.0,6.2,13.7,23.1,85.88,970.0,3.7378,2011,11,4,308,Post-Monsoon
2011-11-05,24.5,19.5,21.3,4.5,17.7,23.2,85.73,970.0,3.7565,2011,11,5,309,Post-Monsoon
2011-11-06,25.6,18.0,21.4,1.4,12.2,23.3,80.74,970.0,4.7446,2011,11,6,310,Post-Monsoon
2011-11-07,25.8,15.5,20.4,0.0,11.4,20.9,65.15,970.0,5.9887,2011,11,7,311,Post-Monsoon
2011-11-08,25.5,13.4,19.5,0.0,14.6,19.0,64.88,970.0,6.4418,2011,11,8,312,Post-Monsoon
2011-11-09,25.3,13.7,19.8,0.0,14.4,19.8,68.97,970.0,6.2177,2011,11,9,313,Post-Monsoon
2011-11-10,25.2,14.4,19.7,0.0,14.1,19.7,69.54,970.0,5.9309,2011,11,10,314,Post-Monsoon
2011-11-11,25.9,13.5,19.8,0.0,11.3,20.1,72.88,970.0,5.6753,2011,11,11,315,Post-Monsoon
2011-11-12,26.4,14.2,20.3,0.0,10.1,20.6,65.88,970.0,5.7641,2011,11,12,316,Post-Monsoon
2011-11-13,26.4,13.4,19.9,0.0,10.4,19.8,70.27,970.0,5.857,2011,11,13,317,Post-Monsoon
2011-11-14,26.7,14.7,20.4,0.0,15.3,20.1,68.95,970.0,6.1133,2011,11,14,318,Post-Monsoon
2011-11-15,26.5,14.4,20.4,0.0,17.6,20.1,70.21,970.0,6.3518,2011,11,15,319,Post-Monsoon
2011-11-16,26.5,14.9,20.5,0.0,14.8,20.0,67.83,970.0,6.1918,2011,11,16,320,Post-Monsoon
2011-11-17,25.5,15.9,20.7,0.0,19.5,20.8,76.19,970.0,3.954,2011,11,17,321,Post-Monsoon
2011-11-18,24.8,17.5,20.8,0.3,18.9,21.5,74.57,970.0,3.3545,2011,11,18,322,Post-Monsoon
2011-11-19,26.4,15.5,20.5,0.0,15.8,19.6,63.07,970.0,6.1181,2011,11,19,323,Post-Monsoon
2011-11-20,26.1,12.3,18.9,0.0,18.7,17.2,67.8,970.0,6.0742,2011,11,20,324,Post-Monsoon
2011-11-21,26.1,13.2,19.3,0.0,17.1,18.5,69.17,970.0,5.8409,2011,11,21,325,Post-Monsoon
2011-11-22,26.0,14.6,19.8,0.0,15.4,19.3,65.63,970.0,5.9086,2011,11,22,326,Post-Monsoon
2011-11-23,26.4,14.7,20.3,0.0,14.5,20.1,72.4,970.0,4.8919,2011,11,23,327,Post-Monsoon
2011-11-24,25.7,15.1,20.6,0.0,19.1,20.6,74.79,970.0,4.2494,2011,11,24,328,Post-Monsoon
2011-11-25,24.1,19.0,20.9,2.2,25.6,21.3,82.4,970.0,2.1746,2011,11,25,329,Post-Monsoon
2011-11-26,22.3,19.5,20.5,3.5,29.6,20.6,87.55,970.0,2.177,2011,11,26,330,Post-Monsoon
2011-11-27,23.7,19.2,20.8,6.4,23.8,21.9,86.2,970.0,2.9234,2011,11,27,331,Post-Monsoon
2011-11-28,23.4,19.4,20.7,1.8,15.9,22.4,84.92,970.0,3.0137,2011,11,28,332,Post-Monsoon
2011-11-29,24.6,18.9,21.4,2.6,12.1,23.4,78.16,970.0,3.1728,2011,11,29,333,Post-Monsoon
2011-11-30,26.4,19.0,21.9,0.2,13.3,23.5,74.75,970.0,3.5102,2011,11,30,334,Post-Monsoon
2011-12-01,26.6,18.6,22.0,0.0,11.4,23.7,73.14,970.0,4.2082,2011,12,1,335,Winter
2011-12-02,26.8,17.7,21.7,0.0,8.2,23.6,73.9,970.0,4.453,2011,12,2,336,Winter
2011-12-03,26.5,17.3,21.8,0.0,11.2,23.3,69.3,970.0,4.3752,2011,12,3,337,Winter
2011-12-04,26.8,17.6,21.5,0.1,9.8,23.1,69.52,970.0,3.8767,2011,12,4,338,Winter
2011-12-05,26.6,16.9,20.8,0.0,10.8,21.3,66.89,970.0,5.1629,2011,12,5,339,Winter
2011-12-06,26.2,13.2,19.7,0.0,13.4,19.6,67.14,970.0,5.6006,2011,12,6,340,Winter
2011-12-07,25.9,15.5,19.8,0.0,14.7,19.6,70.7,970.0,5.0966,2011,12,7,341,Winter
2011-12-08,25.1,14.8,19.4,0.0,18.7,19.0,74.42,970.0,4.6795,2011,12,8,342,Winter
2011-12-09,25.5,16.9,20.8,0.8,22.0,21.4,79.1,970.0,3.9144,2011,12,9,343,Winter
2011-12-10,26.5,18.9,22.1,0.0,13.9,23.4,75.33,970.0,4.7542,2011,12,10,344,Winter
2011-12-11,26.7,18.3,21.9,0.0,16.4,22.7,72.08,970.0,4.3898,2011,12,11,345,Winter
2011-12-12,27.1,15.7,21.0,0.0,12.8,21.2,69.6,970.0,5.2406,2011,12,12,346,Winter
2011-12-13,26.8,15.4,20.7,0.0,14.2,20.4,67.21,970.0,5.2606,2011,12,13,347,Winter
2011-12-14,27.1,15.9,21.0,0.0,13.5,20.8,66.03,970.0,5.141,2011,12,14,348,Winter
2011-12-15,24.4,15.4,19.9,1.0,16.3,20.2,73.43,970.0,2.839,2011,12,15,349,Winter
2011-12-16,25.8,15.3,19.8,0.0,12.7,19.6,67.62,970.0,5.231,2011,12,16,350,Winter
2011-12-17,25.6,12.9,18.7,0.0,13.8,18.0,67.33,970.0,5.7634,2011,12,17,351,Winter
2011-12-18,25.9,12.0,18.5,0.0,16.2,17.0,65.99,970.0,5.3741,2011,12,18,352,Winter
2011-12-19,26.9,12.3,19.3,0.0,10.4,18.9,64.14,970.0,4.1827,2011,12,19,353,Winter
2011-12-20,25.3,14.4,19.2,0.0,15.8,17.9,65.32,970.0,2.4857,2011,12,20,354,Winter
2011-12-21,25.5,14.0,19.1,0.0,14.7,18.6,66.2,970.0,5.5037,2011,12,21,355,Winter
2011-12-22,25.2,13.2,18.7,0.0,14.5,17.9,64.91,970.0,5.1816,2011,12,22,356,Winter
2011-12-23,24.5,13.1,18.5,0.0,13.4,17.6,65.65,970.0,4.4371,2011,12,23,357,Winter
2011-12-24,27.3,12.8,19.3,0.0,16.3,17.4,58.3,970.0,5.8747,2011,12,24,358,Winter
2011-12-25,27.4,11.8,19.1,0.0,13.3,17.6,58.72,970.0,5.7655,2011,12,25,359,Winter
2011-12-26,27.7,11.7,19.4,0.0,10.9,17.7,51.17,970.0,5.8236,2011,12,26,360,Winter
2011-12-27,27.6,11.5,19.5,0.0,11.1,17.3,43.63,970.0,4.7803,2011,12,27,361,Winter
2011-12-28,28.1,14.2,20.6,0.0,13.7,18.1,36.82,970.0,5.1936,2011,12,28,362,Winter
2011-12-29,26.4,15.7,20.8,0.0,22.1,18.6,62.49,970.0,5.5824,2011,12,29,363,Winter
2011-12-30,19.9,17.6,18.9,8.7,22.7,18.8,81.97,970.0,1.6889,2011,12,30,364,Winter
2011-12-31,23.6,17.6,19.7,0.2,22.9,19.4,74.07,970.0,2.8198,2011,12,31,365,Winter
2012-01-01,26.2,16.1,20.4,0.0,17.0,20.3,74.4,970.0,5.8044,2012,1,1,1,Winter
2012-01-02,26.9,17.6,21.2,0.0,11.0,22.2,71.17,970.0,5.9844,2012,1,2,2,Winter
2012-01-03,27.7,16.5,21.2,0.0,11.9,22.2,69.94,970.0,5.8212,2012,1,3,3,Winter
2012-01-04,28.1,18.2,22.2,0.0,13.3,23.2,68.12,970.0,5.4341,2012,1,4,4,Winter
2012-01-05,28.2,18.2,22.0,0.0,11.9,22.7,66.5,970.0,5.6578,2012,1,5,5,Winter
2012-01-06,28.3,16.7,21.4,0.0,11.3,21.6,59.03,970.0,5.4132,2012,1,6,6,Winter
2012-01-07,28.5,14.2,20.7,0.0,12.4,20.2,58.61,970.0,6.0785,2012,1,7,7,Winter
2012-01-08,28.8,12.5,20.5,0.0,12.5,19.9,51.23,970.0,6.1505,2012,1,8,8,Winter
2012-01-09,28.7,15.2,21.4,0.0,11.6,22.0,61.08,970.0,5.9496,2012,1,9,9,Winter
2012-01-10,27.4,17.7,21.8,0.0,13.2,22.1,63.59,970.0,5.0462,2012,1,10,10,Winter
2012-01-11,27.7,16.7,21.5,0.0,11.3,21.8,65.58,970.0,4.7842,2012,1,11,11,Winter
2012-01-12,26.3,17.9,21.1,0.0,12.1,21.7,66.29,970.0,4.8096,2012,1,12,12,Winter
2012-01-13,26.0,17.1,21.0,0.0,13.5,20.6,64.12,970.0,4.758,2012,1,13,13,Winter
2012-01-14,25.8,15.7,19.8,0.0,12.1,18.8,52.47,970.0,5.4809,2012,1,14,14,Winter
2012-01-15,25.7,11.2,18.2,0.0,11.0,16.2,49.85,970.0,6.251,2012,1,15,15,Winter
2012-01-16,27.1,9.9,18.4,0.0,10.4,16.6,48.69,970.0,6.3341,2012,1,16,16,Winter
2012-01-17,27.6,10.3,18.9,0.0,11.0,17.3,50.27,970.0,6.3334,2012,1,17,17,Winter
2012-01-18,28.2,12.6,20.1,0.0,10.4,18.6,48.33,970.0,6.2549,2012,1,18,18,Winter
2012-01-19,28.0,13.0,20.5,0.0,10.2,19.7,49.29,970.0,6.2074,2012,1,19,19,Winter
2012-01-20,28.0,13.6,20.9,0.0,12.9,20.7,53.22,970.0,6.1236,2012,1,20,20,Winter
2012-01-21,28.5,14.5,21.2,0.0,13.3,20.1,53.94,970.0,6.139,2012,1,21,21,Winter
2012-01-22,28.0,13.7,20.5,0.0,14.9,19.1,54.71,970.0,5.9702,2012,1,22,22,Winter
2012-01-23,27.5,13.2,20.1,0.0,12.8,18.9,57.03,970.0,5.6986,2012,1,23,23,Winter
2012-01-24,27.2,13.7,19.9,0.0,14.3,18.7,58.04,970.0,6.2304,2012,1,24,24,Winter
2012-01-25,26.5,12.1,19.2,0.0,13.1,17.2,54.5,970.0,6.2798,2012,1,25,25,Winter
2012-01-26,27.4,11.4,19.5,0.0,12.0,18.0,53.85,970.0,6.1704,2012,1,26,26,Winter
2012-01-27,27.2,13.3,20.2,0.0,13.5,19.8,56.36,970.0,6.2909,2012,1,27,27,Winter
2012-01-28,27.3,16.0,21.1,0.0,14.0,20.9,60.29,970.0,5.0628,2012,1,28,28,Winter
2012-01-29,27.1,15.9,21.1,0.0,17.0,20.8,57.17,970.0,5.1797,2012,1,29,29,Winter
2012-01-30,27.1,15.6,20.7,0.0,16.9,19.8,57.68,970.0,5.676,2012,1,30,30,Winter
2012-01-31,26.4,14.7,20.0,0.0,14.5,18.7,53.38,970.0,5.5615,2012,1,31,31,Winter
2012-02-01,27.3,13.1,20.1,0.0,19.9,18.0,54.76,970.0,6.3792,2012,2,1,32,Winter
2012-02-02,27.2,13.9,20.2,0.0,22.2,18.1,58.1,970.0,6.2726,2012,2,2,33,Winter
2012-02-03,27.3,14.2,20.3,0.0,17.7,19.1,54.02,970.0,6.1884,2012,2,3,34,Winter
2012-02-04,28.7,14.6,21.0,0.0,13.4,20.3,50.94,970.0,5.7574,2012,2,4,35,Winter
2012-02-05,29.4,13.9,21.6,0.0,12.5,21.2,51.45,970.0,6.0614,2012,2,5,36,Winter
2012-02-06,29.3,15.1,22.1,0.0,11.4,22.0,48.5,970.0,6.1042,2012,2,6,37,Winter
2012-02-07,29.6,16.8,22.9,0.0,13.8,22.9,43.13,970.0,5.9282,2012,2,7,38,Winter
2012-02-08,31.0,16.5,23.6,0.0,12.6,23.9,45.34,970.0,6.2782,2012,2,8,39,Winter
2012-02-09,31.5,17.3,24.1,0.0,13.6,24.4,55.95,970.0,5.9815,2012,2,9,40,Winter
2012-02-10,30.6,17.8,23.7,0.0,11.7,24.1,57.92,970.0,5.5015,2012,2,10,41,Winter
2012-02-11,29.5,17.7,23.3,0.0,12.8,23.9,51.82,970.0,4.9001,2012,2,11,42,Winter
2012-02-12,29.8,18.4,23.5,0.0,12.7,23.4,54.16,970.0,5.7492,2012,2,12,43,Winter
2012-02-13,30.3,17.1,23.0,0.0,15.5,22.9,52.9,970.0,6.3305,2012,2,13,44,Winter
2012-02-14,29.9,16.2,22.7,0.0,11.9,22.1,47.96,970.0,6.859,2012,2,14,45,Winter
2012-02-15,30.1,15.2,22.9,0.0,9.8,22.6,49.04,970.0,6.3746,2012,2,15,46,Winter
2012-02-16,30.5,16.3,23.6,0.0,11.0,23.5,47.64,970.0,6.473,2012,2,16,47,Winter
2012-02-17,30.8,18.1,24.1,0.0,17.1,23.9,53.11,970.0,6.4682,2012,2,17,48,Winter
2012-02-18,30.3,16.9,23.0,0.0,14.3,22.0,45.36,970.0,6.8734,2012,2,18,49,Winter
2012-02-19,30.8,14.7,22.8,0.0,14.5,20.6,38.77,970.0,7.1767,2012,2,19,50,Winter
2012-02-20,31.5,14.8,23.4,0.0,14.5,21.1,32.79,970.0,7.0454,2012,2,20,51,Winter
2012-02-21,31.9,15.9,24.0,0.0,16.3,21.9,41.57,970.0,6.7541,2012,2,21,52,Winter
2012-02-22,31.0,15.8,23.5,0.0,19.4,21.1,41.74,970.0,6.335,2012,2,22,53,Winter
2012-02-23,31.4,14.8,23.2,0.0,18.7,20.2,33.3,970.0,5.6489,2012,2,23,54,Winter
2012-02-24,31.9,15.4,23.5,0.0,19.2,20.1,26.13,970.0,6.8378,2012,2,24,55,Winter
2012-02-25,31.4,14.5,23.0,0.0,18.7,19.4,25.1,970.0,6.8755,2012,2,25,56,Winter
2012-02-26,31.5,14.3,23.0,0.0,22.6,19.2,24.67,970.0,7.0373,2012,2,26,57,Winter
2012-02-27,32.3,14.2,23.3,0.0,19.9,19.8,25.33,970.0,7.1995,2012,2,27,58,Winter
2012-02-28,33.3,14.0,24.0,0.0,9.5,21.5,23.37,970.0,7.1724,2012,2,28,59,Winter
2012-02-29,32.7,15.8,24.4,0.0,10.5,22.9,29.71,970.0,6.9708,2012,2,29,60,Winter
2012-03-01,33.3,18.3,26.0,0.0,9.4,25.9,41.29,970.0,6.6948,2012,3,1,61,Summer
2012-03-02,32.9,19.7,26.2,0.0,11.0,25.9,40.92,970.0,6.4337,2012,3,2,62,Summer
2012-03-03,32.7,19.9,26.0,0.0,11.5,24.1,20.0,970.0,7.1947,2012,3,3,63,Summer
2012-03-04,33.8,16.2,25.4,0.0,12.4,22.9,25.95,970.0,7.1873,2012,3,4,64,Summer
2012-03-05,32.9,18.9,25.8,0.0,12.6,25.7,45.86,970.0,6.2508,2012,3,5,65,Summer
2012-03-06,32.1,18.6,25.5,0.0,12.0,26.1,45.21,970.0,6.4358,2012,3,6,66,Summer
2012-03-07,32.4,19.0,26.1,0.0,11.6,25.8,33.88,970.0,6.091,2012,3,7,67,Summer
2012-03-08,32.2,19.2,25.8,0.0,10.7,25.3,32.1,970.0,6.4584,2012,3,8,68,Summer
2012-03-09,31.7,17.4,24.8,0.0,10.1,23.4,31.23,970.0,6.6398,2012,3,9,69,Summer
2012-03-10,32.1,19.4,25.6,0.0,15.0,25.0,40.56,970.0,6.2105,2012,3,10,70,Summer
2012-03-11,32.0,18.3,25.2,0.0,18.1,23.5,43.47,970.0,6.9168,2012,3,11,71,Summer
2012-03-12,31.1,18.5,24.7,0.0,16.6,24.3,52.26,970.0,5.8358,2012,3,12,72,Summer
2012-03-13,31.0,19.8,25.1,0.0,16.7,26.0,48.43,970.0,5.586,2012,3,13,73,Summer
2012-03-14,30.5,19.5,25.1,0.2,13.0,26.0,52.0,970.0,5.9138,2012,3,14,74,Summer
2012-03-15,32.0,19.3,25.5,0.0,14.5,25.8,50.84,970.0,6.0924,2012,3,15,75,Summer
2012-03-16,33.2,18.9,26.2,0.0,13.0,26.5,43.67,970.0,6.7603,2012,3,16,76,Summer
2012-03-17,33.8,20.1,26.9,0.0,16.5,26.8,41.23,970.0,6.9103,2012,3,17,77,Summer
2012-03-18,34.9,19.0,27.2,0.0,13.0,26.3,36.75,970.0,7.1258,2012,3,18,78,Summer
2012-03-19,34.6,19.5,27.3,0.0,11.9,26.6,33.8,970.0,6.9619,2012,3,19,79,Summer
2012-03-20,34.3,20.9,27.7,0.0,12.7,27.1,29.16,970.0,6.6989,2012,3,20,80,Summer
2012-03-21,34.1,20.9,27.8,0.0,14.5,26.9,32.76,970.0,6.54,2012,3,21,81,Summer
2012-03-22,34.3,20.1,27.2,0.0,13.4,26.5,36.41,970.0,6.4543,2012,3,22,82,Summer
2012-03-23,34.6,19.0,26.9,0.0,16.0,25.6,40.34,970.0,6.5254,2012,3,23,83,Summer
2012-03-24,34.2,19.1,26.8,0.0,15.8,24.4,34.95,970.0,7.3618,2012,3,24,84,Summer
2012-03-25,34.2,17.1,26.0,0.0,16.4,23.2,29.33,970.0,7.403,2012,3,25,85,Summer
2012-03-26,33.8,17.2,25.8,0.0,21.1,22.9,38.45,970.0,7.4916,2012,3,26,86,Summer
2012-03-27,33.0,15.1,24.9,0.0,15.0,23.0,41.96,970.0,7.6918,2012,3,27,87,Summer
2012-03-28,33.5,17.9,25.5,0.0,14.3,25.7,43.74,970.0,7.1928,2012,3,28,88,Summer
2012-03-29,34.7,18.8,26.8,0.0,13.9,26.5,40.74,970.0,7.0836,2012,3,29,89,Summer
2012-03-30,34.0,19.3,26.7,0.0,10.9,26.5,42.57,970.0,6.7843,2012,3,30,90,Summer
2012-03-31,32.7,19.8,26.2,0.7,13.4,25.8,40.84,970.0,6.4351,2012,3,31,91,Summer
2012-04-01,31.6,19.3,25.7,0.0,14.4,25.9,45.06,970.0,6.4824,2012,4,1,92,Summer
2012-04-02,32.8,18.7,25.7,0.0,14.8,25.6,41.47,970.0,7.2581,2012,4,2,93,Summer
2012-04-03,33.4,19.1,26.2,0.0,11.3,25.8,41.63,970.0,7.3848,2012,4,3,94,Summer
2012-04-04,34.0,18.4,26.5,0.0,10.3,25.6,34.59,970.0,7.3442,2012,4,4,95,Summer
2012-04-05,33.5,19.3,27.0,0.0,9.2,27.2,31.69,970.0,6.8976,2012,4,5,96,Summer
2012-04-06,33.4,20.9,27.6,0.0,7.1,27.5,34.22,970.0,6.3646,2012,4,6,97,Summer
2012-04-07,33.3,21.5,27.7,0.0,8.8,27.7,37.26,970.0,6.6643,2012,4,7,98,Summer
2012-04-08,33.5,21.7,27.7,0.0,12.0,28.1,40.84,970.0,6.5354,2012,4,8,99,Summer
2012-04-09,33.4,22.0,27.8,0.0,10.0,28.2,41.81,970.0,6.6197,2012,4,9,100,Summer
2012-04-10,34.4,21.8,28.1,0.0,11.7,28.9,40.49,970.0,6.5666,2012,4,10,101,Summer
2012-04-11,35.1,22.5,28.3,0.3,11.3,28.5,36.05,970.0,7.279,2012,4,11,102,Summer
2012-04-12,33.3,21.7,27.7,0.0,9.4,28.5,39.35,970.0,7.1827,2012,4,12,103,Summer
2012-04-13,34.3,22.0,28.2,0.0,13.8,28.3,40.66,970.0,6.9874,2012,4,13,104,Summer
2012-04-14,35.0,21.4,27.9,0.0,20.8,27.6,44.78,970.0,7.1386,2012,4,14,105,Summer
2012-04-15,35.1,19.9,27.4,0.0,16.4,27.3,43.49,970.0,7.7182,2012,4,15,106,Summer
2012-04-16,35.2,21.7,28.5,0.0,13.2,29.2,43.35,970.0,7.1688,2012,4,16,107,Summer
2012-04-17,35.4,22.8,28.1,1.1,11.0,29.3,42.12,970.0,6.7913,2012,4,17,108,Summer
2012-04-18,34.9,21.9,27.8,1.2,15.5,29.5,42.62,970.0,6.6394,2012,4,18,109,Summer
2012-04-19,34.9,21.0,28.2,0.0,8.4,29.8,52.74,970.0,6.6094,2012,4,19,110,Summer
2012-04-20,34.5,22.8,28.4,0.0,10.9,29.0,44.67,970.0,6.1447,2012,4,20,111,Summer
2012-04-21,35.4,22.6,28.9,0.0,13.2,29.5,43.65,970.0,5.0638,2012,4,21,112,Summer
2012-04-22,35.5,22.7,29.3,0.0,11.3,30.3,43.5,970.0,6.3322,2012,4,22,113,Summer
2012-04-23,34.3,22.1,28.5,0.2,10.4,29.1,41.08,970.0,5.965,2012,4,23,114,Summer
2012-04-24,35.8,21.9,28.9,0.0,13.4,29.9,45.02,970.0,6.6187,2012,4,24,115,Summer
2012-04-25,34.2,23.0,26.8,2.9,19.4,29.0,68.31,970.0,5.7722,2012,4,25,116,Summer
2012-04-26,30.6,20.6,24.0,12.7,16.2,26.9,75.5,970.0,5.6743,2012,4,26,117,Summer
2012-04-27,30.4,21.0,24.4,7.6,10.8,27.6,73.87,970.0,4.3906,2012,4,27,118,Summer
2012-04-28,29.0,21.3,24.0,8.3,9.7,27.2,80.89,970.0,5.4782,2012,4,28,119,Summer
2012-04-29,30.1,20.6,24.7,1.4,10.5,27.7,69.84,970.0,5.7382,2012,4,29,120,Summer
2012-04-30,29.9,21.0,24.7,0.3,10.5,27.4,71.45,970.0,3.6274,2012,4,30,121,Summer
2012-05-01,31.0,21.1,25.6,0.0,12.5,27.7,66.11,970.0,5.3681,2012,5,1,122,Summer
2012-05-02,31.5,20.8,25.4,0.5,13.0,27.7,65.77,970.0,6.3473,2012,5,2,123,Summer
2012-05-03,31.8,20.8,26.0,0.0,12.4,27.9,61.8,970.0,6.1884,2012,5,3,124,Summer
2012-05-04,31.7,20.5,26.0,0.0,13.1,27.4,60.96,970.0,6.9883,2012,5,4,125,Summer
2012-05-05,32.1,20.0,25.8,0.0,15.1,26.3,55.86,970.0,7.3565,2012,5,5,126,Summer
2012-05-06,32.1,19.4,25.6,0.0,13.7,26.1,51.59,970.0,7.153,2012,5,6,127,Summer
2012-05-07,32.3,19.3,26.2,0.0,9.6,26.9,49.55,970.0,7.2749,2012,5,7,128,Summer
2012-05-08,32.3,20.8,26.5,0.5,9.8,27.6,57.57,970.0,6.0782,2012,5,8,129,Summer
2012-05-09,31.8,21.3,25.7,1.8,11.4,27.7,65.64,970.0,6.1968,2012,5,9,130,Summer
2012-05-10,31.4,21.3,25.0,9.7,12.0,27.6,69.95,970.0,5.6189,2012,5,10,131,Summer
2012-05-11,30.0,20.7,23.8,23.5,8.6,27.1,65.28,970.0,5.8642,2012,5,11,132,Summer
2012-05-12,29.2,21.1,23.8,10.2,14.4,27.0,77.54,970.0,5.4007,2012,5,12,133,Summer
2012-05-13,29.4,21.3,24.4,2.1,13.5,27.8,63.18,970.0,5.6009,2012,5,13,134,Summer
2012-05-14,29.9,20.9,24.9,1.4,8.0,28.3,59.99,970.0,5.7082,2012,5,14,135,Summer
2012-05-15,29.9,20.9,24.4,8.9,10.1,28.1,72.7,970.0,6.5674,2012,5,15,136,Summer
2012-05-16,29.9,20.6,24.9,0.2,11.6,27.7,68.41,970.0,5.772,2012,5,16,137,Summer
2012-05-17,30.7,21.2,25.7,0.0,15.8,28.1,63.51,970.0,6.3209,2012,5,17,138,Summer
2012-05-18,32.1,20.9,26.3,0.0,13.8,28.4,59.42,970.0,6.9286,2012,5,18,139,Summer
2012-05-19,32.7,20.9,26.2,0.0,14.4,27.8,57.71,970.0,6.8311,2012,5,19,140,Summer
2012-05-20,32.6,21.3,26.6,0.2,14.3,28.3,67.93,970.0,6.7944,2012,5,20,141,Summer
2012-05-21,31.9,21.6,25.8,0.6,17.0,27.0,65.73,970.0,6.6895,2012,5,21,142,Summer
2012-05-22,32.6,21.6,26.7,0.1,13.2,28.1,67.64,970.0,5.8366,2012,5,22,143,Summer
2012-05-23,32.4,21.2,26.0,0.0,15.5,27.3,63.53,970.0,6.6814,2012,5,23,144,Summer
2012-05-24,32.1,20.8,25.7,1.0,15.6,26.8,64.57,970.0,6.6002,2012,5,24,145,Summer
2012-05-25,30.7,20.8,25.7,0.0,15.5,26.7,55.68,970.0,6.7673,2012,5,25,146,Summer
2012-05-26,29.5,20.8,25.0,0.2,19.1,25.8,61.03,970.0,4.1923,2012,5,26,147,Summer
2012-05-27,32.0,20.8,25.3,3.4,21.0,26.9,60.99,970.0,6.6048,2012,5,27,148,Summer
2012-05-28,32.0,20.9,25.6,2.2,17.8,27.3,60.14,970.0,6.4639,2012,5,28,149,Summer
2012-05-29,32.1,21.2,25.8,0.9,16.5,27.4,70.49,970.0,5.1938,2012,5,29,150,Summer
2012-05-30,31.5,21.5,25.3,6.4,18.7,27.1,63.22,970.0,6.2558,2012,5,30,151,Summer
2012-05-31,32.3,20.7,25.9,0.3,16.9,27.2,61.51,970.0,5.6222,2012,5,31,152,Summer
2012-06-01,31.8,20.3,25.7,0.2,20.5,26.1,58.96,970.0,6.6929,2012,6,1,153,Southwest Monsoon
2012-06-02,32.2,20.8,26.3,0.0,17.6,27.1,53.75,970.0,6.5263,2012,6,2,154,Southwest Monsoon
2012-06-03,30.7,21.1,25.4,1.0,21.6,26.7,58.11,970.0,6.5354,2012,6,3,155,Southwest Monsoon
2012-06-04,32.4,20.9,25.7,0.1,20.5,27.0,60.6,970.0,6.6864,2012,6,4,156,Southwest Monsoon
2012-06-05,30.8,21.5,25.0,0.5,23.7,25.9,60.9,970.0,5.8394,2012,6,5,157,Southwest Monsoon
2012-06-06,28.6,21.3,24.4,0.5,24.4,24.9,60.71,970.0,4.9277,2012,6,6,158,Southwest Monsoon
2012-06-07,28.6,20.7,23.9,3.3,23.8,24.8,59.39,970.0,5.5486,2012,6,7,159,Southwest Monsoon
2012-06-08,29.2,20.2,23.7,2.4,21.7,24.4,60.59,970.0,5.0556,2012,6,8,160,Southwest Monsoon
2012-06-09,29.5,20.4,24.5,0.1,23.1,24.8,62.57,970.0,5.5673,2012,6,9,161,Southwest Monsoon
2012-06-10,29.5,20.2,24.6,0.0,24.3,24.5,58.99,970.0,5.5318,2012,6,10,162,Southwest Monsoon
2012-06-11,30.6,19.4,24.7,0.0,22.4,24.5,57.84,970.0,6.5611,2012,6,11,163,Southwest Monsoon
2012-06-12,29.3,19.6,23.8,0.2,19.2,24.3,61.55,970.0,5.5982,2012,6,12,164,Southwest Monsoon
2012-06-13,29.0,20.1,23.6,6.9,17.3,25.0,58.73,970.0,6.047,2012,6,13,165,Southwest Monsoon
2012-06-14,30.2,20.5,24.3,0.7,15.5,26.0,65.57,970.0,6.0144,2012,6,14,166,Southwest Monsoon
2012-06-15,29.8,20.6,24.0,4.5,17.3,25.3,63.12,970.0,6.2539,2012,6,15,167,Southwest Monsoon
2012-06-16,28.8,20.8,23.7,5.2,20.5,24.8,66.08,970.0,5.4898,2012,6,16,168,Southwest Monsoon
2012-06-17,26.9,20.7,22.7,5.0,24.1,23.1,73.47,970.0,4.0771,2012,6,17,169,Southwest Monsoon
2012-06-18,21.8,19.2,20.4,16.3,25.4,20.9,73.97,970.0,3.4505,2012,6,18,170,Southwest Monsoon
2012-06-19,26.3,19.1,22.2,4.4,27.8,22.0,64.58,970.0,4.8415,2012,6,19,171,Southwest Monsoon
2012-06-20,27.9,20.7,23.5,0.5,28.0,23.3,67.09,970.0,5.5886,2012,6,20,172,Southwest Monsoon
2012-06-21,26.9,20.4,23.0,0.4,23.2,23.1,66.48,970.0,5.2358,2012,6,21,173,Southwest Monsoon
2012-06-22,27.9,20.5,23.2,2.8,21.6,24.0,61.7,970.0,4.849,2012,6,22,174,Southwest Monsoon
2012-06-23,28.7,20.1,23.9,0.0,18.4,25.1,62.16,970.0,5.9398,2012,6,23,175,Southwest Monsoon
2012-06-24,28.2,20.2,23.7,0.0,18.8,24.5,63.93,970.0,6.4579,2012,6,24,176,Southwest Monsoon
2012-06-25,28.4,20.1,23.9,0.2,18.0,24.8,62.57,970.0,5.4238,2012,6,25,177,Southwest Monsoon
2012-06-26,28.2,20.1,23.1,7.4,18.8,24.5,67.49,970.0,5.0846,2012,6,26,178,Southwest Monsoon
2012-06-27,26.5,20.1,22.9,0.5,21.3,23.7,69.61,970.0,5.6856,2012,6,27,179,Southwest Monsoon
2012-06-28,24.4,20.0,21.9,2.2,20.3,22.7,74.09,970.0,5.0702,2012,6,28,180,Southwest Monsoon
2012-06-29,26.0,19.7,22.0,3.3,21.6,22.8,71.83,970.0,4.705,2012,6,29,181,Southwest Monsoon
2012-06-30,28.6,20.1,23.4,0.0,23.8,23.4,69.0,970.0,6.085,2012,6,30,182,Southwest Monsoon
2012-07-01,22.6,19.2,20.7,10.6,19.2,21.7,73.2,970.0,4.3246,2012,7,1,183,Southwest Monsoon
2012-07-02,22.0,19.2,20.2,12.6,26.0,20.6,73.21,970.0,4.2173,2012,7,2,184,Southwest Monsoon
2012-07-03,25.5,19.7,21.9,3.5,27.8,21.8,69.68,970.0,5.1828,2012,7,3,185,Southwest Monsoon
2012-07-04,27.1,20.1,23.1,0.0,26.9,22.9,67.81,970.0,5.3215,2012,7,4,186,Southwest Monsoon
2012-07-05,28.1,20.2,23.6,0.1,23.4,23.8,64.42,970.0,6.5213,2012,7,5,187,Southwest Monsoon
2012-07-06,28.2,19.5,23.6,0.2,21.3,24.1,62.54,970.0,6.5141,2012,7,6,188,Southwest Monsoon
2012-07-07,27.9,20.0,23.2,1.2,18.8,24.3,63.99,970.0,5.1382,2012,7,7,189,Southwest Monsoon
2012-07-08,26.7,20.2,23.1,0.0,18.1,24.0,65.92,970.0,5.2423,2012,7,8,190,Southwest Monsoon
2012-07-09,27.8,20.7,23.0,7.3,19.2,24.4,69.32,970.0,5.2898,2012,7,9,191,Southwest Monsoon
2012-07-10,28.0,20.5,22.9,5.3,18.4,24.4,73.43,970.0,4.4376,2012,7,10,192,Southwest Monsoon
2012-07-11,27.4,20.6,23.2,0.3,22.3,24.0,66.48,970.0,5.7427,2012,7,11,193,Southwest Monsoon
2012-07-12,27.8,20.5,23.5,0.3,19.6,24.5,68.2,970.0,5.2351,2012,7,12,194,Southwest Monsoon
2012-07-13,28.3,20.3,23.6,0.3,19.7,24.7,67.73,970.0,5.6064,2012,7,13,195,Southwest Monsoon
2012-07-14,27.6,20.1,23.2,3.3,19.4,24.4,78.16,970.0,3.935,2012,7,14,196,Southwest Monsoon
2012-07-15,27.2,19.6,22.6,7.4,16.5,24.1,77.81,970.0,3.6696,2012,7,15,197,Southwest Monsoon
2012-07-16,28.0,19.5,22.5,9.9,14.8,24.7,72.77,970.0,4.6416,2012,7,16,198,Southwest Monsoon
2012-07-17,26.9,19.8,22.3,6.3,15.2,24.4,70.96,970.0,5.7259,2012,7,17,199,Southwest Monsoon
2012-07-18,25.9,20.0,21.9,9.2,19.1,23.3,74.28,970.0,3.9178,2012,7,18,200,Southwest Monsoon
2012-07-19,26.8,19.5,22.6,1.5,25.6,22.7,67.48,970.0,5.2594,2012,7,19,201,Southwest Monsoon
2012-07-20,26.8,19.8,21.9,4.2,25.9,22.1,73.82,970.0,4.3795,2012,7,20,202,Southwest Monsoon
2012-07-21,24.9,20.1,21.7,8.2,26.7,22.0,73.08,970.0,3.773,2012,7,21,203,Southwest Monsoon
2012-07-22,26.1,20.4,22.6,0.9,24.6,23.0,74.14,970.0,4.0774,2012,7,22,204,Southwest Monsoon
2012-07-23,27.2,20.6,23.2,0.5,22.5,23.9,69.88,970.0,4.9757,2012,7,23,205,Southwest Monsoon
2012-07-24,27.4,20.6,23.5,0.4,23.1,24.0,68.32,970.0,4.7422,2012,7,24,206,Southwest Monsoon
2012-07-25,27.6,20.7,23.0,2.1,22.0,23.7,69.36,970.0,5.6338,2012,7,25,207,Southwest Monsoon
2012-07-26,26.7,20.2,22.7,1.2,25.0,22.9,71.33,970.0,3.8398,2012,7,26,208,Southwest Monsoon
2012-07-27,26.5,20.1,22.0,3.5,22.0,22.9,70.16,970.0,4.5492,2012,7,27,209,Southwest Monsoon
2012-07-28,25.7,20.3,22.5,0.2,24.1,22.9,68.83,970.0,4.8689,2012,7,28,210,Southwest Monsoon
2012-07-29,27.2,20.5,23.0,0.3,21.6,23.6,67.82,970.0,5.3736,2012,7,29,211,Southwest Monsoon
2012-07-30,26.8,19.1,22.8,0.1,24.1,22.6,68.23,970.0,5.4034,2012,7,30,212,Southwest Monsoon
2012-07-31,27.0,19.1,22.6,0.0,28.2,21.9,67.72,970.0,5.3114,2012,7,31,213,Southwest Monsoon
2012-08-01,26.9,18.9,22.4,0.0,24.5,22.0,67.45,970.0,4.8583,2012,8,1,214,Southwest Monsoon
2012-08-02,27.3,18.9,22.9,0.1,26.0,22.5,65.81,970.0,5.1492,2012,8,2,215,Southwest Monsoon
2012-08-03,25.6,19.5,22.0,0.1,27.2,21.8,71.52,970.0,4.9714,2012,8,3,216,Southwest Monsoon
2012-08-04,27.7,19.6,22.5,1.3,28.9,22.2,72.71,970.0,4.3954,2012,8,4,217,Southwest Monsoon
2012-08-05,27.2,19.9,22.8,0.5,28.1,22.6,69.43,970.0,4.8941,2012,8,5,218,Southwest Monsoon
2012-08-06,24.4,20.4,21.8,3.1,24.1,22.3,71.36,970.0,4.2341,2012,8,6,219,Southwest Monsoon
2012-08-07,24.7,19.6,21.1,15.0,19.8,22.7,73.01,970.0,3.5532,2012,8,7,220,Southwest Monsoon
2012-08-08,26.3,19.5,21.8,3.0,19.5,23.1,77.81,970.0,4.433,2012,8,8,221,Southwest Monsoon
2012-08-09,25.9,19.8,21.8,10.4,22.9,22.6,75.59,970.0,3.7944,2012,8,9,222,Southwest Monsoon
2012-08-10,25.8,19.6,21.3,7.1,20.5,22.3,74.12,970.0,3.7711,2012,8,10,223,Southwest Monsoon
2012-08-11,24.3,19.4,20.9,8.1,21.1,21.9,76.03,970.0,4.1206,2012,8,11,224,Southwest Monsoon
2012-08-12,23.2,19.1,20.5,17.5,18.7,22.0,76.71,970.0,4.4117,2012,8,12,225,Southwest Monsoon
2012-08-13,26.3,18.9,22.0,4.6,20.0,23.5,70.68,970.0,5.0638,2012,8,13,226,Southwest Monsoon
2012-08-14,27.2,19.1,22.9,0.0,14.8,24.6,71.64,970.0,5.5898,2012,8,14,227,Southwest Monsoon
2012-08-15,26.9,19.7,22.6,1.6,17.1,24.1,68.08,970.0,5.9086,2012,8,15,228,Southwest Monsoon
2012-08-16,26.9,19.5,22.6,1.2,16.2,24.1,68.85,970.0,5.5392,2012,8,16,229,Southwest Monsoon
2012-08-17,26.5,19.5,21.8,5.2,18.8,22.9,69.62,970.0,5.1115,2012,8,17,230,Southwest Monsoon
2012-08-18,25.9,19.5,22.2,0.4,24.0,22.3,71.73,970.0,3.8035,2012,8,18,231,Southwest Monsoon
2012-08-19,26.6,19.7,22.6,0.0,25.0,22.8,68.68,970.0,6.047,2012,8,19,232,Southwest Monsoon
2012-08-20,27.9,18.1,22.6,0.0,16.9,23.4,62.39,970.0,6.7814,2012,8,20,233,Southwest Monsoon
2012-08-21,27.5,18.6,22.9,0.2,16.2,24.4,69.68,970.0,5.6969,2012,8,21,234,Southwest Monsoon
2012-08-22,27.2,18.8,23.2,0.2,9.1,25.3,76.78,970.0,4.9308,2012,8,22,235,Southwest Monsoon
2012-08-23,28.6,19.2,23.1,12.9,8.7,25.9,73.19,970.0,5.329,2012,8,23,236,Southwest Monsoon
2012-08-24,24.4,20.1,21.8,20.3,13.9,24.3,79.3,970.0,6.3065,2012,8,24,237,Southwest Monsoon
2012-08-25,26.2,20.0,22.2,9.0,15.5,24.4,81.64,970.0,5.2344,2012,8,25,238,Southwest Monsoon
2012-08-26,25.2,19.4,21.1,13.3,18.1,22.7,79.61,970.0,4.2883,2012,8,26,239,Southwest Monsoon
2012-08-27,24.2,19.3,21.1,0.5,20.8,21.8,77.26,970.0,3.6245,2012,8,27,240,Southwest Monsoon
2012-08-28,24.5,19.5,21.5,2.5,24.7,22.0,78.68,970.0,4.3457,2012,8,28,241,Southwest Monsoon
2012-08-29,24.6,19.5,21.2,18.4,22.7,22.2,81.84,970.0,4.3843,2012,8,29,242,Southwest Monsoon
2012-08-30,22.7,19.7,20.6,12.1,18.9,22.0,83.84,970.0,3.9286,2012,8,30,243,Southwest Monsoon
2012-08-31,23.3,19.3,20.7,14.3,24.8,21.2,79.43,970.0,4.1105,2012,8,31,244,Southwest Monsoon
2012-09-01,25.4,19.0,21.8,1.1,25.5,22.3,78.93,970.0,4.4011,2012,9,1,245,Southwest Monsoon
2012-09-02,26.2,19.9,22.1,7.9,26.3,23.3,81.24,970.0,4.8,2012,9,2,246,Southwest Monsoon
2012-09-03,24.8,20.1,21.7,6.2,24.8,22.8,81.04,970.0,3.2659,2012,9,3,247,Southwest Monsoon
2012-09-04,25.2,20.0,22.0,2.1,24.0,22.5,78.97,970.0,4.1506,2012,9,4,248,Southwest Monsoon
2012-09-05,26.0,19.5,22.2,0.6,25.2,22.7,74.66,970.0,4.7513,2012,9,5,249,Southwest Monsoon
2012-09-06,26.4,18.4,21.9,1.2,19.5,23.1,77.89,970.0,5.7874,2012,9,6,250,Southwest Monsoon
2012-09-07,25.8,19.0,21.7,4.1,17.9,23.0,77.22,970.0,5.0717,2012,9,7,251,Southwest Monsoon
2012-09-08,24.5,19.6,21.5,7.3,17.6,23.1,78.84,970.0,4.163,2012,9,8,252,Southwest Monsoon
2012-09-09,25.1,19.3,21.6,3.8,19.6,22.9,80.23,970.0,4.3764,2012,9,9,253,Southwest Monsoon
2012-09-10,26.5,19.3,21.9,1.3,23.4,22.8,76.27,970.0,5.1797,2012,9,10,254,Southwest Monsoon
2012-09-11,26.4,19.4,22.3,0.3,23.1,23.1,74.51,970.0,5.0686,2012,9,11,255,Southwest Monsoon
2012-09-12,26.4,19.4,22.2,0.6,18.2,23.5,71.76,970.0,5.9851,2012,9,12,256,Southwest Monsoon
2012-09-13,26.5,19.1,22.3,1.0,15.2,24.0,75.11,970.0,5.5649,2012,9,13,257,Southwest Monsoon
2012-09-14,26.5,19.5,22.7,0.1,17.5,23.9,73.57,970.0,6.2011,2012,9,14,258,Southwest Monsoon
2012-09-15,27.2,19.5,22.0,5.0,18.8,23.3,73.48,970.0,4.5134,2012,9,15,259,Southwest Monsoon
2012-09-16,26.6,18.5,22.2,0.0,20.5,22.9,71.11,970.0,5.6306,2012,9,16,260,Southwest Monsoon
2012-09-17,26.3,18.9,22.2,0.7,14.0,23.6,74.49,970.0,6.2808,2012,9,17,261,Southwest Monsoon
2012-09-18,26.4,18.5,22.1,0.0,14.9,23.5,70.54,970.0,6.4877,2012,9,18,262,Southwest Monsoon
2012-09-19,27.0,18.0,22.3,0.0,9.2,24.0,74.02,970.0,6.2285,2012,9,19,263,Southwest Monsoon
2012-09-20,27.0,17.4,22.5,0.0,10.4,24.1,72.19,970.0,6.6636,2012,9,20,264,Southwest Monsoon
2012-09-21,28.3,17.1,22.8,0.0,9.8,24.4,67.92,970.0,6.2969,2012,9,21,265,Southwest Monsoon
2012-09-22,28.1,16.9,22.8,0.0,11.6,24.1,64.07,970.0,6.589,2012,9,22,266,Southwest Monsoon
2012-09-23,28.9,17.3,23.2,0.0,10.4,24.3,59.66,970.0,6.3646,2012,9,23,267,Southwest Monsoon
2012-09-24,28.2,17.9,23.0,0.0,11.8,24.1,61.34,970.0,6.9898,2012,9,24,268,Southwest Monsoon
2012-09-25,28.2,17.5,22.8,0.0,13.1,23.6,64.34,970.0,7.1177,2012,9,25,269,Southwest Monsoon
2012-09-26,28.3,17.8,23.3,0.0,11.5,24.7,69.51,970.0,6.6782,2012,9,26,270,Southwest Monsoon
2012-09-27,27.2,19.7,22.7,14.3,10.7,25.2,78.33,970.0,4.6416,2012,9,27,271,Southwest Monsoon
2012-09-28,25.9,18.8,21.4,15.1,15.3,23.6,83.42,970.0,5.3717,2012,9,28,272,Southwest Monsoon
2012-09-29,26.4,19.6,21.9,40.4,11.5,24.9,76.83,970.0,4.8746,2012,9,29,273,Southwest Monsoon
2012-09-30,25.0,19.5,21.5,8.5,10.5,24.0,84.89,970.0,3.7997,2012,9,30,274,Southwest Monsoon
2012-10-01,25.3,19.7,21.5,2.5,13.6,23.5,83.34,970.0,4.3188,2012,10,1,275,Post-Monsoon
2012-10-02,26.8,18.8,22.2,0.0,20.0,22.9,75.47,970.0,5.6772,2012,10,2,276,Post-Monsoon
2012-10-03,27.2,16.2,21.5,0.0,18.2,21.9,75.0,970.0,7.111,2012,10,3,277,Post-Monsoon
2012-10-04,27.3,16.1,21.7,0.0,13.2,22.9,68.62,970.0,7.0692,2012,10,4,278,Post-Monsoon
2012-10-05,27.8,17.4,22.6,0.0,9.6,24.6,65.96,970.0,7.1419,2012,10,5,279,Post-Monsoon
2012-10-06,28.1,17.8,22.9,0.0,7.8,25.2,76.05,970.0,5.3926,2012,10,6,280,Post-Monsoon
2012-10-07,26.4,19.0,22.0,0.9,10.6,24.5,76.29,970.0,4.0003,2012,10,7,281,Post-Monsoon
2012-10-08,27.1,20.0,22.9,2.2,9.5,25.7,73.94,970.0,5.2409,2012,10,8,282,Post-Monsoon
2012-10-09,25.3,19.4,21.9,2.3,9.0,24.7,80.05,970.0,2.9827,2012,10,9,283,Post-Monsoon
2012-10-10,27.6,16.3,22.4,0.0,10.9,23.6,63.34,970.0,6.2225,2012,10,10,284,Post-Monsoon
2012-10-11,28.4,17.5,22.9,0.0,9.7,23.5,61.19,970.0,5.8442,2012,10,11,285,Post-Monsoon
2012-10-12,26.6,18.2,22.9,0.4,8.7,25.0,65.06,970.0,3.6269,2012,10,12,286,Post-Monsoon
2012-10-13,27.4,20.0,22.7,1.1,12.0,25.3,72.75,970.0,4.47,2012,10,13,287,Post-Monsoon
2012-10-14,28.2,19.2,22.8,4.2,8.2,25.6,84.43,970.0,4.7748,2012,10,14,288,Post-Monsoon
2012-10-15,27.1,19.8,22.0,30.7,5.4,25.4,86.82,970.0,4.4964,2012,10,15,289,Post-Monsoon
2012-10-16,25.3,19.0,22.1,1.5,8.7,24.7,81.01,970.0,3.9372,2012,10,16,290,Post-Monsoon
2012-10-17,27.5,18.2,22.3,0.0,17.3,23.4,71.62,970.0,6.2827,2012,10,17,291,Post-Monsoon
2012-10-18,27.1,18.7,22.3,0.0,16.8,22.8,75.4,970.0,5.7619,2012,10,18,292,Post-Monsoon
2012-10-19,25.5,18.2,21.1,7.9,17.1,22.6,82.81,970.0,3.9146,2012,10,19,293,Post-Monsoon
2012-10-20,22.9,19.4,20.2,17.3,17.0,21.7,83.24,970.0,2.8517,2012,10,20,294,Post-Monsoon
2012-10-21,25.1,19.4,21.1,1.9,21.3,22.4,83.04,970.0,3.7874,2012,10,21,295,Post-Monsoon
2012-10-22,24.8,19.2,21.5,1.5,15.2,23.2,80.9,970.0,4.89,2012,10,22,296,Post-Monsoon
2012-10-23,25.1,18.2,21.3,0.6,17.2,22.5,80.23,970.0,4.0505,2012,10,23,297,Post-Monsoon
2012-10-24,25.3,18.9,21.3,3.0,15.0,23.1,79.03,970.0,4.8178,2012,10,24,298,Post-Monsoon
2012-10-25,26.0,19.5,22.0,0.3,10.9,24.1,74.01,970.0,4.9872,2012,10,25,299,Post-Monsoon
2012-10-26,26.9,19.1,22.3,0.0,11.1,23.8,70.19,970.0,6.217,2012,10,26,300,Post-Monsoon
2012-10-27,26.1,17.6,21.2,0.0,14.2,22.0,68.99,970.0,6.0979,2012,10,27,301,Post-Monsoon
2012-10-28,26.2,16.4,20.9,0.0,19.3,21.0,72.15,970.0,6.1562,2012,10,28,302,Post-Monsoon
2012-10-29,25.3,16.3,20.9,0.4,20.1,21.4,77.29,970.0,4.3519,2012,10,29,303,Post-Monsoon
2012-10-30,25.0,17.8,20.7,0.2,19.7,21.1,79.22,970.0,3.624,2012,10,30,304,Post-Monsoon
2012-10-31,20.2,17.0,18.5,45.7,29.8,18.5,89.9,970.0,1.2379,2012,10,31,305,Post-Monsoon
2012-11-01,19.4,17.5,18.5,30.0,28.5,18.1,88.66,970.0,1.9181,2012,11,1,306,Post-Monsoon
2012-11-02,25.0,18.8,20.6,3.4,23.4,21.1,83.12,970.0,4.2394,2012,11,2,307,Post-Monsoon
2012-11-03,25.0,17.9,21.0,5.3,18.5,22.5,81.36,970.0,4.3596,2012,11,3,308,Post-Monsoon
2012-11-04,26.0,18.1,21.8,2.3,13.0,23.8,83.33,970.0,5.6215,2012,11,4,309,Post-Monsoon
2012-11-05,25.1,19.5,21.8,2.9,9.2,24.7,81.29,970.0,5.4235,2012,11,5,310,Post-Monsoon
2012-11-06,27.2,17.7,21.8,0.0,11.6,23.5,76.51,970.0,5.6515,2012,11,6,311,Post-Monsoon
2012-11-07,25.9,16.5,21.5,0.3,7.2,23.7,77.63,970.0,5.5073,2012,11,7,312,Post-Monsoon
2012-11-08,26.6,17.8,22.2,0.0,9.1,24.1,76.77,970.0,5.1542,2012,11,8,313,Post-Monsoon
2012-11-09,26.8,17.4,21.9,0.0,10.6,23.1,70.86,970.0,5.7019,2012,11,9,314,Post-Monsoon
2012-11-10,27.2,16.6,21.8,0.0,11.7,23.1,73.42,970.0,5.7456,2012,11,10,315,Post-Monsoon
2012-11-11,26.7,17.7,21.7,0.0,12.4,22.9,74.62,970.0,5.1377,2012,11,11,316,Post-Monsoon
2012-11-12,27.0,15.5,21.2,0.0,12.3,21.7,69.59,970.0,5.8733,2012,11,12,317,Post-Monsoon
2012-11-13,26.5,15.3,20.4,0.0,11.8,20.6,64.26,970.0,5.928,2012,11,13,318,Post-Monsoon
2012-11-14,25.3,14.0,19.2,0.0,15.0,18.1,56.85,970.0,6.3209,2012,11,14,319,Post-Monsoon
2012-11-15,25.0,12.5,18.6,0.0,14.5,17.3,57.07,970.0,6.3082,2012,11,15,320,Post-Monsoon
2012-11-16,25.1,12.6,18.5,0.0,13.5,17.6,57.16,970.0,6.209,2012,11,16,321,Post-Monsoon
2012-11-17,25.9,11.2,18.6,0.0,10.3,17.8,57.11,970.0,6.0725,2012,11,17,322,Post-Monsoon
2012-11-18,26.4,11.5,18.7,0.0,9.8,17.7,48.25,970.0,5.657,2012,11,18,323,Post-Monsoon
2012-11-19,26.8,11.4,19.2,0.0,8.9,18.4,51.35,970.0,5.7763,2012,11,19,324,Post-Monsoon
2012-11-20,27.9,14.5,21.4,0.0,8.7,22.1,63.95,970.0,5.7158,2012,11,20,325,Post-Monsoon
2012-11-21,27.8,17.3,22.9,0.0,8.7,24.4,72.82,970.0,4.8202,2012,11,21,326,Post-Monsoon
2012-11-22,26.5,17.7,22.4,0.1,13.4,23.9,78.73,970.0,3.8873,2012,11,22,327,Post-Monsoon
2012-11-23,24.0,19.7,21.0,12.4,13.6,23.1,88.46,970.0,3.6595,2012,11,23,328,Post-Monsoon
2012-11-24,26.1,18.4,21.8,0.0,14.8,22.7,75.48,970.0,4.6238,2012,11,24,329,Post-Monsoon
2012-11-25,27.2,16.1,21.6,0.0,13.2,22.5,72.85,970.0,5.555,2012,11,25,330,Post-Monsoon
2012-11-26,26.7,17.8,21.7,0.0,13.8,22.5,71.89,970.0,5.4269,2012,11,26,331,Post-Monsoon
2012-11-27,26.5,16.1,21.0,0.0,14.1,21.3,68.07,970.0,5.4677,2012,11,27,332,Post-Monsoon
2012-11-28,26.5,15.2,20.1,0.0,14.9,19.6,64.77,970.0,5.862,2012,11,28,333,Post-Monsoon
2012-11-29,26.5,12.8,19.5,0.0,14.0,18.4,64.69,970.0,5.9472,2012,11,29,334,Post-Monsoon
2012-11-30,26.4,12.8,19.6,0.0,9.0,19.4,67.09,970.0,4.758,2012,11,30,335,Post-Monsoon
2012-12-01,26.9,13.1,20.3,0.0,13.0,19.7,66.13,970.0,5.5366,2012,12,1,336,Winter
2012-12-02,27.0,14.0,20.4,0.0,12.6,19.5,66.21,970.0,5.4478,2012,12,2,337,Winter
2012-12-03,24.7,16.7,20.2,0.3,19.0,19.9,80.28,970.0,4.8482,2012,12,3,338,Winter
2012-12-04,21.2,18.5,19.5,22.1,17.9,21.0,83.71,970.0,2.0779,2012,12,4,339,Winter
2012-12-05,25.8,18.8,21.7,1.2,21.0,22.4,81.23,970.0,4.9159,2012,12,5,340,Winter
2012-12-06,26.1,18.0,21.8,0.0,18.5,22.5,75.1,970.0,4.6728,2012,12,6,341,Winter
2012-12-07,26.2,15.8,20.3,0.0,12.0,20.8,76.92,970.0,5.8402,2012,12,7,342,Winter
2012-12-08,26.6,13.1,20.0,0.0,9.7,20.2,64.67,970.0,5.6933,2012,12,8,343,Winter
2012-12-09,27.2,13.2,20.1,0.0,8.9,20.1,61.86,970.0,5.7199,2012,12,9,344,Winter
2012-12-10,27.7,12.9,20.2,0.0,9.5,19.5,59.52,970.0,5.9837,2012,12,10,345,Winter
2012-12-11,27.4,13.3,20.4,0.0,11.2,19.9,65.44,970.0,5.741,2012,12,11,346,Winter
2012-12-12,28.2,13.9,21.0,0.0,10.3,21.0,66.19,970.0,5.8046,2012,12,12,347,Winter
2012-12-13,27.6,14.1,20.9,0.0,13.7,20.9,67.55,970.0,5.4886,2012,12,13,348,Winter
2012-12-14,27.1,15.4,20.6,0.0,13.2,20.0,66.81,970.0,5.5301,2012,12,14,349,Winter
2012-12-15,26.2,13.7,19.4,0.0,15.2,18.5,68.17,970.0,5.7694,2012,12,15,350,Winter
2012-12-16,25.6,12.6,19.0,0.0,19.5,17.9,69.01,970.0,4.2715,2012,12,16,351,Winter
2012-12-17,25.9,14.8,19.8,0.0,24.7,18.8,70.23,970.0,5.0527,2012,12,17,352,Winter
2012-12-18,25.2,16.0,20.1,0.0,19.3,19.1,66.83,970.0,4.2379,2012,12,18,353,Winter
2012-12-19,26.1,13.9,19.7,0.0,15.6,19.0,67.3,970.0,5.3479,2012,12,19,354,Winter
2012-12-20,27.3,14.7,20.3,0.0,14.2,19.6,70.21,970.0,5.6878,2012,12,20,355,Winter
2012-12-21,26.8,14.3,20.0,0.0,13.9,19.8,67.22,970.0,5.6232,2012,12,21,356,Winter
2012-12-22,27.3,14.2,20.0,0.0,12.2,19.0,64.52,970.0,5.8349,2012,12,22,357,Winter
2012-12-23,26.9,13.6,19.9,0.0,13.7,19.3,66.76,970.0,5.1886,2012,12,23,358,Winter
2012-12-24,27.0,15.8,20.3,0.0,11.9,20.0,65.34,970.0,5.6184,2012,12,24,359,Winter
2012-12-25,27.0,14.6,20.4,0.0,14.8,19.9,65.62,970.0,5.2574,2012,12,25,360,Winter
2012-12-26,27.3,14.7,20.8,0.0,15.9,20.4,66.59,970.0,4.8252,2012,12,26,361,Winter
2012-12-27,27.6,15.4,21.0,0.0,14.8,20.8,66.73,970.0,5.1902,2012,12,27,362,Winter
2012-12-28,26.2,16.0,20.9,0.0,11.6,20.9,74.53,970.0,3.7853,2012,12,28,363,Winter
2012-12-29,24.7,18.5,21.4,1.0,15.5,22.5,78.57,970.0,3.1546,2012,12,29,364,Winter
2012-12-30,26.6,20.1,22.5,2.0,14.2,24.5,75.06,970.0,3.7001,2012,12,30,365,Winter
2012-12-31,26.8,19.3,22.3,0.1,13.9,23.5,72.61,970.0,4.734,2012,12,31,366,Winter
2013-01-01,29.0,18.9,22.9,0.0,11.7,24.2,66.15,970.0,5.7629,2013,1,1,1,Winter
2013-01-02,29.5,16.8,22.1,0.0,10.8,22.4,57.25,970.0,5.6988,2013,1,2,2,Winter
2013-01-03,30.4,14.9,22.6,0.0,12.8,22.9,59.36,970.0,5.8222,2013,1,3,3,Winter
2013-01-04,30.3,16.4,23.3,0.0,13.7,23.7,61.64,970.0,5.4386,2013,1,4,4,Winter
2013-01-05,29.5,17.1,23.0,0.0,13.7,23.3,60.59,970.0,5.5159,2013,1,5,5,Winter
2013-01-06,28.7,17.6,22.5,0.0,14.7,23.1,61.68,970.0,5.261,2013,1,6,6,Winter
2013-01-07,29.1,17.4,22.6,0.0,13.7,22.5,60.61,970.0,5.5915,2013,1,7,7,Winter
2013-01-08,29.4,16.0,22.4,0.0,12.3,21.6,54.55,970.0,5.5332,2013,1,8,8,Winter
2013-01-09,28.5,16.7,22.4,0.0,15.1,21.6,59.17,970.0,5.6582,2013,1,9,9,Winter
2013-01-10,28.3,15.8,21.8,0.0,11.7,21.5,56.1,970.0,6.0166,2013,1,10,10,Winter
2013-01-11,28.3,15.2,21.3,0.0,12.4,20.9,55.26,970.0,5.8584,2013,1,11,11,Winter
2013-01-12,28.1,14.6,21.0,0.0,12.2,20.3,55.6,970.0,5.79,2013,1,12,12,Winter
2013-01-13,28.4,13.0,20.7,0.0,14.1,19.2,49.86,970.0,6.0593,2013,1,13,13,Winter
2013-01-14,28.8,12.4,20.7,0.0,14.4,18.7,44.1,970.0,6.1258,2013,1,14,14,Winter
2013-01-15,28.3,12.3,20.4,0.0,16.6,18.3,51.73,970.0,6.1822,2013,1,15,15,Winter
2013-01-16,27.7,13.4,20.2,0.0,17.5,18.7,57.68,970.0,6.1102,2013,1,16,16,Winter
2013-01-17,26.9,14.1,19.9,0.0,13.7,18.9,55.53,970.0,6.0506,2013,1,17,17,Winter
2013-01-18,27.5,13.2,19.8,0.0,13.8,19.1,56.62,970.0,6.1013,2013,1,18,18,Winter
2013-01-19,28.5,15.3,21.0,0.0,13.4,20.5,55.85,970.0,6.0761,2013,1,19,19,Winter
2013-01-20,28.0,13.7,20.8,0.0,11.9,20.0,51.63,970.0,6.3576,2013,1,20,20,Winter
2013-01-21,28.3,16.4,21.5,0.0,15.1,21.0,52.72,970.0,6.049,2013,1,21,21,Winter
2013-01-22,27.8,14.7,20.9,0.0,14.4,19.2,52.43,970.0,6.2698,2013,1,22,22,Winter
2013-01-23,27.5,14.1,20.4,0.0,14.3,19.0,51.5,970.0,6.245,2013,1,23,23,Winter
2013-01-24,27.9,13.4,20.3,0.0,15.5,18.6,48.37,970.0,6.3031,2013,1,24,24,Winter
2013-01-25,27.9,13.8,20.2,0.0,14.7,18.5,50.55,970.0,6.2556,2013,1,25,25,Winter
2013-01-26,27.7,12.7,20.2,0.0,14.5,18.1,49.8,970.0,6.551,2013,1,26,26,Winter
2013-01-27,27.7,13.7,20.7,0.0,14.6,18.8,52.2,970.0,6.439,2013,1,27,27,Winter
2013-01-28,28.2,14.2,21.1,0.0,13.6,20.2,52.54,970.0,6.2568,2013,1,28,28,Winter
2013-01-29,28.2,15.1,21.7,0.0,13.9,21.6,53.34,970.0,5.8867,2013,1,29,29,Winter
2013-01-30,28.5,15.7,21.9,0.0,17.0,21.4,55.16,970.0,5.8596,2013,1,30,30,Winter
2013-01-31,28.6,16.9,21.9,0.0,16.6,20.8,54.29,970.0,6.0691,2013,1,31,31,Winter
2013-02-01,28.2,14.3,21.0,0.0,14.2,19.6,49.84,970.0,6.2832,2013,2,1,32,Winter
2013-02-02,27.8,13.8,20.5,0.0,11.0,18.9,44.11,970.0,6.5621,2013,2,2,33,Winter
2013-02-03,28.2,13.0,20.6,0.0,12.6,18.4,45.55,970.0,6.509,2013,2,3,34,Winter
2013-02-04,28.5,13.7,21.1,0.0,13.8,19.9,48.08,970.0,6.3667,2013,2,4,35,Winter
2013-02-05,28.6,16.3,21.9,0.0,14.3,22.1,62.18,970.0,5.5764,2013,2,5,36,Winter
2013-02-06,28.7,18.1,23.0,0.0,11.9,23.7,56.01,970.0,5.1648,2013,2,6,37,Winter
2013-02-07,29.3,17.3,23.6,0.0,11.8,24.6,49.05,970.0,6.0617,2013,2,7,38,Winter
2013-02-08,28.2,19.0,23.9,0.0,7.7,24.8,45.0,970.0,5.0549,2013,2,8,39,Winter
2013-02-09,30.3,18.3,23.9,0.0,17.8,23.6,48.73,970.0,5.7331,2013,2,9,40,Winter
2013-02-10,30.0,16.0,22.5,0.0,16.7,21.5,51.54,970.0,6.4128,2013,2,10,41,Winter
2013-02-11,28.3,15.6,21.7,0.0,19.5,20.5,54.45,970.0,6.3396,2013,2,11,42,Winter
2013-02-12,29.9,16.7,22.9,0.0,16.2,21.7,51.94,970.0,6.1939,2013,2,12,43,Winter
2013-02-13,28.1,17.5,22.5,0.1,14.8,20.9,49.09,970.0,5.8373,2013,2,13,44,Winter
2013-02-14,26.3,19.3,22.3,0.0,13.8,22.4,61.84,970.0,4.7114,2013,2,14,45,Winter
2013-02-15,28.8,18.3,22.9,1.7,12.0,24.4,67.7,970.0,4.0922,2013,2,15,46,Winter
2013-02-16,28.7,18.8,22.9,1.8,15.3,24.8,71.25,970.0,4.1417,2013,2,16,47,Winter
2013-02-17,28.3,19.7,23.4,1.4,13.0,25.1,67.38,970.0,5.4324,2013,2,17,48,Winter
2013-02-18,26.9,19.2,22.5,6.9,12.0,24.4,74.35,970.0,5.1691,2013,2,18,49,Winter
2013-02-19,29.4,19.3,23.6,0.0,15.4,24.9,62.03,970.0,5.1905,2013,2,19,50,Winter
2013-02-20,30.0,18.5,23.3,0.0,15.1,24.0,57.19,970.0,6.108,2013,2,20,51,Winter
2013-02-21,30.1,16.4,22.7,0.0,15.5,22.2,53.2,970.0,6.965,2013,2,21,52,Winter
2013-02-22,29.9,15.2,22.4,0.0,14.1,21.4,54.4,970.0,6.8705,2013,2,22,53,Winter
2013-02-23,30.3,15.2,22.3,0.0,13.1,21.6,47.76,970.0,7.0757,2013,2,23,54,Winter
2013-02-24,31.3,14.0,22.7,0.0,12.6,21.0,41.87,970.0,7.2317,2013,2,24,55,Winter
2013-02-25,31.0,13.2,22.3,0.0,13.8,19.9,29.64,970.0,7.3668,2013,2,25,56,Winter
2013-02-26,31.1,14.0,22.8,0.0,18.0,19.7,31.8,970.0,7.3726,2013,2,26,57,Winter
2013-02-27,31.3,15.7,23.5,0.0,14.6,21.6,35.08,970.0,7.3243,2013,2,27,58,Winter
2013-02-28,31.7,15.9,23.9,0.0,16.2,21.6,41.09,970.0,7.1534,2013,2,28,59,Winter
2013-03-01,31.9,16.7,24.1,0.0,15.6,21.5,36.52,970.0,7.1244,2013,3,1,60,Summer
2013-03-02,31.6,18.2,24.5,0.0,19.4,21.4,32.02,970.0,7.0718,2013,3,2,61,Summer
2013-03-03,31.6,16.4,24.0,0.0,17.3,21.7,34.45,970.0,7.127,2013,3,3,62,Summer
2013-03-04,31.4,15.4,23.6,0.0,15.6,21.0,38.5,970.0,6.3142,2013,3,4,63,Summer
2013-03-05,30.6,17.9,23.9,0.0,17.5,23.3,56.68,970.0,6.3984,2013,3,5,64,Summer
2013-03-06,28.0,19.1,23.1,1.7,20.6,23.7,66.0,970.0,3.2928,2013,3,6,65,Summer
2013-03-07,29.6,19.7,23.0,4.6,16.5,24.7,66.59,970.0,4.6704,2013,3,7,66,Summer
2013-03-08,30.2,19.5,24.5,0.0,12.9,25.6,58.11,970.0,5.4264,2013,3,8,67,Summer
2013-03-09,31.8,19.1,25.5,0.0,15.1,26.2,52.52,970.0,6.0646,2013,3,9,68,Summer
2013-03-10,32.3,19.2,25.8,0.0,14.3,26.4,49.72,970.0,6.3043,2013,3,10,69,Summer
2013-03-11,32.5,19.0,25.9,0.0,13.7,26.3,44.39,970.0,6.1692,2013,3,11,70,Summer
2013-03-12,32.6,19.2,26.3,0.0,9.2,26.5,37.68,970.0,6.5095,2013,3,12,71,Summer
2013-03-13,33.5,19.4,26.6,0.0,14.4,25.6,33.38,970.0,6.8858,2013,3,13,72,Summer
2013-03-14,32.9,18.5,25.8,0.0,16.5,24.6,39.47,970.0,6.2628,2013,3,14,73,Summer
2013-03-15,32.2,17.5,25.0,0.0,16.3,24.1,34.69,970.0,6.839,2013,3,15,74,Summer
2013-03-16,31.6,17.6,24.8,0.0,16.0,24.5,45.94,970.0,6.9454,2013,3,16,75,Summer
2013-03-17,32.6,19.1,26.0,0.0,14.5,26.1,41.43,970.0,6.7171,2013,3,17,76,Summer
2013-03-18,32.9,19.4,26.0,0.0,16.1,24.4,39.85,970.0,6.7591,2013,3,18,77,Summer
2013-03-19,33.7,17.4,26.0,0.0,16.8,24.6,42.62,970.0,6.8141,2013,3,19,78,Summer
2013-03-20,34.3,18.4,26.7,0.0,15.6,25.9,44.21,970.0,6.5009,2013,3,20,79,Summer
2013-03-21,34.2,19.7,27.2,0.0,13.2,26.3,35.68,970.0,5.8435,2013,3,21,80,Summer
2013-03-22,33.6,20.2,27.1,0.0,16.9,26.3,29.11,970.0,6.6648,2013,3,22,81,Summer
2013-03-23,33.3,22.2,27.3,0.0,15.1,25.4,34.27,970.0,6.8263,2013,3,23,82,Summer
2013-03-24,34.3,18.6,26.5,0.0,17.6,25.6,39.36,970.0,7.343,2013,3,24,83,Summer
2013-03-25,33.9,18.8,26.8,0.0,13.8,27.5,35.41,970.0,6.4358,2013,3,25,84,Summer
2013-03-26,32.8,21.5,27.5,0.0,11.2,28.5,39.52,970.0,6.2335,2013,3,26,85,Summer
2013-03-27,33.6,21.5,27.7,0.0,10.4,28.8,35.56,970.0,6.8239,2013,3,27,86,Summer
2013-03-28,34.3,21.7,28.0,0.0,11.8,28.2,38.92,970.0,7.3118,2013,3,28,87,Summer
2013-03-29,33.8,21.4,27.9,0.0,10.9,28.6,39.33,970.0,6.6146,2013,3,29,88,Summer
2013-03-30,34.7,22.3,28.6,0.0,11.6,30.1,46.04,970.0,5.9981,2013,3,30,89,Summer
2013-03-31,34.5,23.1,28.7,0.2,10.5,30.2,49.35,970.0,6.5167,2013,3,31,90,Summer
2013-04-01,32.1,23.1,26.8,6.3,11.2,29.3,57.98,970.0,6.4332,2013,4,1,91,Summer
2013-04-02,31.8,21.9,25.9,3.6,6.6,29.2,57.65,970.0,5.8392,2013,4,2,92,Summer
2013-04-03,31.8,22.1,26.8,0.4,8.7,29.6,58.34,970.0,5.8723,2013,4,3,93,Summer
2013-04-04,33.4,21.3,27.6,0.0,8.9,29.3,49.27,970.0,6.6317,2013,4,4,94,Summer
2013-04-05,33.2,22.1,28.1,0.0,10.1,29.6,51.3,970.0,6.1502,2013,4,5,95,Summer
2013-04-06,34.4,22.6,28.4,0.0,12.4,28.5,50.87,970.0,6.252,2013,4,6,96,Summer
2013-04-07,35.4,19.9,28.1,0.0,11.2,27.8,42.78,970.0,6.7594,2013,4,7,97,Summer
2013-04-08,34.7,21.3,28.4,0.0,10.8,29.2,41.44,970.0,6.3228,2013,4,8,98,Summer
2013-04-09,33.3,22.7,28.3,0.0,13.7,29.0,40.36,970.0,6.8174,2013,4,9,99,Summer
2013-04-10,34.1,22.1,28.1,0.0,10.5,28.5,38.77,970.0,7.1064,2013,4,10,100,Summer
2013-04-11,34.8,20.5,27.7,0.0,10.1,28.1,34.79,970.0,6.9233,2013,4,11,101,Summer
2013-04-12,35.6,20.9,28.0,0.0,15.9,27.5,42.11,970.0,7.5386,2013,4,12,102,Summer
2013-04-13,34.4,19.4,26.9,0.0,11.8,26.4,44.37,970.0,7.32,2013,4,13,103,Summer
2013-04-14,34.5,21.1,27.8,0.0,15.3,28.9,48.21,970.0,7.3397,2013,4,14,104,Summer
2013-04-15,32.9,22.4,27.7,0.0,13.8,29.4,47.25,970.0,6.2069,2013,4,15,105,Summer
2013-04-16,34.5,21.9,28.1,0.0,12.8,28.8,38.07,970.0,7.075,2013,4,16,106,Summer
2013-04-17,35.0,21.3,28.5,0.0,9.7,29.0,30.9,970.0,7.301,2013,4,17,107,Summer
2013-04-18,34.3,21.4,28.1,0.0,9.2,28.5,38.98,970.0,6.552,2013,4,18,108,Summer
2013-04-19,32.9,21.7,27.6,0.0,11.3,27.8,39.0,970.0,7.0838,2013,4,19,109,Summer
2013-04-20,32.9,21.3,27.5,0.0,11.7,27.8,39.82,970.0,7.0555,2013,4,20,110,Summer
2013-04-21,33.4,21.7,27.6,0.0,10.1,28.1,42.59,970.0,7.1062,2013,4,21,111,Summer
2013-04-22,32.2,21.8,27.2,0.0,12.6,28.3,49.69,970.0,6.1915,2013,4,22,112,Summer
2013-04-23,31.4,21.9,26.6,0.0,15.3,28.4,45.5,970.0,5.9945,2013,4,23,113,Summer
2013-04-24,32.5,21.5,25.9,3.0,10.8,28.5,55.31,970.0,6.1879,2013,4,24,114,Summer
2013-04-25,31.1,21.5,25.1,8.1,10.5,27.9,52.46,970.0,6.4366,2013,4,25,115,Summer
2013-04-26,31.4,21.0,26.0,1.0,10.2,28.7,50.01,970.0,6.1872,2013,4,26,116,Summer
2013-04-27,31.3,21.0,26.2,0.0,8.3,28.9,48.28,970.0,6.4925,2013,4,27,117,Summer
2013-04-28,32.1,21.7,26.7,0.2,13.7,28.8,47.36,970.0,6.109,2013,4,28,118,Summer
2013-04-29,32.9,20.8,26.9,0.0,10.7,28.8,49.49,970.0,5.705,2013,4,29,119,Summer
2013-04-30,34.8,21.7,28.1,0.0,14.5,28.9,41.43,970.0,7.3006,2013,4,30,120,Summer
2013-05-01,34.8,20.1,27.6,0.0,13.0,28.3,45.53,970.0,7.3949,2013,5,1,121,Summer
2013-05-02,34.4,22.1,28.2,0.0,12.0,29.7,40.24,970.0,7.0066,2013,5,2,122,Summer
2013-05-03,34.2,22.3,27.5,0.7,15.1,29.4,43.8,970.0,5.8094,2013,5,3,123,Summer
2013-05-04,33.5,22.9,27.2,2.2,11.3,30.0,54.94,970.0,6.2746,2013,5,4,124,Summer
2013-05-05,32.7,22.1,26.4,3.2,10.3,30.0,63.37,970.0,6.4627,2013,5,5,125,Summer
2013-05-06,32.3,21.7,27.4,0.0,6.9,29.9,52.67,970.0,5.364,2013,5,6,126,Summer
2013-05-07,33.0,22.5,27.8,0.0,7.7,29.9,47.71,970.0,6.1944,2013,5,7,127,Summer
2013-05-08,33.7,22.5,27.4,1.0,11.7,30.1,55.68,970.0,6.4366,2013,5,8,128,Summer
2013-05-09,34.3,22.3,27.4,4.6,11.5,30.5,68.71,970.0,6.6989,2013,5,9,129,Summer
2013-05-10,33.2,22.3,27.5,0.3,12.2,30.1,71.86,970.0,6.9545,2013,5,10,130,Summer
2013-05-11,33.7,22.1,26.5,7.7,10.9,29.3,65.16,970.0,6.5093,2013,5,11,131,Summer
2013-05-12,30.5,21.7,25.6,0.6,17.7,28.0,65.63,970.0,5.0179,2013,5,12,132,Summer
2013-05-13,31.2,22.6,26.5,0.0,12.8,28.3,61.49,970.0,4.4474,2013,5,13,133,Summer
2013-05-14,31.9,21.5,26.3,0.0,20.5,27.1,64.29,970.0,5.9556,2013,5,14,134,Summer
2013-05-15,32.4,20.9,26.4,0.0,17.1,27.1,60.53,970.0,6.7039,2013,5,15,135,Summer
2013-05-16,31.9,20.6,26.2,0.0,16.0,26.9,61.44,970.0,6.2592,2013,5,16,136,Summer
2013-05-17,33.2,21.5,27.4,0.0,9.5,29.0,56.54,970.0,6.5446,2013,5,17,137,Summer
2013-05-18,33.4,22.8,27.0,7.2,10.8,29.7,62.3,970.0,6.6535,2013,5,18,138,Summer
2013-05-19,32.1,21.5,25.5,21.9,11.0,29.1,69.6,970.0,5.9251,2013,5,19,139,Summer
2013-05-20,31.7,21.8,25.9,24.4,9.7,29.8,68.35,970.0,5.647,2013,5,20,140,Summer
2013-05-21,31.3,20.2,25.5,66.4,17.8,28.3,67.55,970.0,6.893,2013,5,21,141,Summer
2013-05-22,30.8,21.3,25.5,2.2,15.4,28.3,69.06,970.0,6.7769,2013,5,22,142,Summer
2013-05-23,31.1,21.5,25.6,0.4,17.5,27.9,66.53,970.0,6.9012,2013,5,23,143,Summer
2013-05-24,30.9,20.6,25.5,0.0,19.7,26.0,63.52,970.0,6.9439,2013,5,24,144,Summer
2013-05-25,30.3,20.8,25.0,0.4,20.4,25.8,73.61,970.0,6.3415,2013,5,25,145,Summer
2013-05-26,29.7,20.8,24.4,1.1,22.3,25.6,76.05,970.0,6.1601,2013,5,26,146,Summer
2013-05-27,28.9,21.0,23.8,13.5,20.2,25.7,78.29,970.0,5.8162,2013,5,27,147,Summer
2013-05-28,27.3,21.1,23.3,11.3,19.4,25.5,77.87,970.0,6.2489,2013,5,28,148,Summer
2013-05-29,27.2,20.7,23.0,4.7,19.4,24.7,74.12,970.0,5.8346,2013,5,29,149,Summer
2013-05-30,28.0,20.6,23.1,18.0,13.7,25.7,79.24,970.0,4.7194,2013,5,30,150,Summer
2013-05-31,27.5,20.4,23.1,5.8,15.7,25.6,85.51,970.0,4.6145,2013,5,31,151,Summer
2013-06-01,24.4,20.0,21.6,16.9,15.9,23.8,87.49,970.0,4.236,2013,6,1,152,Southwest Monsoon
2013-06-02,24.0,19.5,21.1,16.3,18.2,22.4,83.32,970.0,3.9782,2013,6,2,153,Southwest Monsoon
2013-06-03,23.9,19.4,21.6,0.8,19.5,22.7,80.35,970.0,4.2211,2013,6,3,154,Southwest Monsoon
2013-06-04,27.1,19.7,22.7,2.9,19.9,24.0,79.96,970.0,5.8579,2013,6,4,155,Southwest Monsoon
2013-06-05,26.7,19.3,22.9,2.1,15.9,24.9,72.9,970.0,6.0641,2013,6,5,156,Southwest Monsoon
2013-06-06,27.2,20.1,22.6,7.0,17.1,24.6,82.62,970.0,5.8404,2013,6,6,157,Southwest Monsoon
2013-06-07,27.5,20.4,22.7,5.6,19.4,24.3,85.14,970.0,4.5708,2013,6,7,158,Southwest Monsoon
2013-06-08,26.0,20.0,22.6,1.2,22.0,23.2,81.71,970.0,5.0544,2013,6,8,159,Southwest Monsoon
2013-06-09,26.7,20.4,23.0,0.0,27.8,23.1,78.27,970.0,5.1677,2013,6,9,160,Southwest Monsoon
2013-06-10,26.6,19.8,22.6,5.1,26.6,23.2,78.9,970.0,4.8948,2013,6,10,161,Southwest Monsoon
2013-06-11,25.2,20.5,22.1,16.2,24.5,23.1,81.17,970.0,3.6996,2013,6,11,162,Southwest Monsoon
2013-06-12,22.9,20.1,21.3,1.9,23.5,22.0,79.25,970.0,3.5261,2013,6,12,163,Southwest Monsoon
2013-06-13,25.9,19.7,22.3,0.3,28.4,22.0,74.94,970.0,4.3001,2013,6,13,164,Southwest Monsoon
2013-06-14,26.4,20.4,22.4,3.9,28.5,22.4,73.16,970.0,4.3133,2013,6,14,165,Southwest Monsoon
2013-06-15,26.4,20.7,22.7,1.7,29.1,22.8,76.09,970.0,4.5432,2013,6,15,166,Southwest Monsoon
2013-06-16,26.5,20.3,22.7,1.2,30.0,22.8,78.46,970.0,4.6058,2013,6,16,167,Southwest Monsoon
2013-06-17,25.2,20.4,22.0,10.1,25.6,22.8,77.71,970.0,4.1338,2013,6,17,168,Southwest Monsoon
2013-06-18,24.6,19.8,21.6,4.6,22.7,22.4,78.84,970.0,4.2708,2013,6,18,169,Southwest Monsoon
2013-06-19,24.2,19.7,21.5,3.4,22.1,22.4,77.14,970.0,4.2156,2013,6,19,170,Southwest Monsoon
2013-06-20,25.4,19.8,21.5,7.8,20.7,22.6,75.8,970.0,5.2973,2013,6,20,171,Southwest Monsoon
2013-06-21,25.1,20.2,22.0,0.7,21.6,22.9,78.43,970.0,4.9507,2013,6,21,172,Southwest Monsoon
2013-06-22,25.5,20.3,21.8,8.6,21.1,22.9,77.91,970.0,4.5864,2013,6,22,173,Southwest Monsoon
2013-06-23,25.3,20.3,21.9,3.6,24.9,22.3,74.25,970.0,4.3994,2013,6,23,174,Southwest Monsoon
2013-06-24,25.6,20.6,22.1,3.2,28.5,22.2,78.13,970.0,3.8489,2013,6,24,175,Southwest Monsoon
2013-06-25,25.6,20.1,21.6,5.3,27.0,22.0,76.0,970.0,4.0279,2013,6,25,176,Southwest Monsoon
2013-06-26,26.0,20.0,22.0,4.6,23.0,23.0,79.41,970.0,4.2694,2013,6,26,177,Southwest Monsoon
2013-06-27,25.3,20.0,21.8,10.4,21.8,23.1,82.41,970.0,4.8686,2013,6,27,178,Southwest Monsoon
2013-06-28,26.3,19.0,22.2,0.4,20.9,23.1,78.53,970.0,5.2387,2013,6,28,179,Southwest Monsoon
2013-06-29,25.6,19.1,21.9,1.9,21.0,22.8,76.59,970.0,4.9308,2013,6,29,180,Southwest Monsoon
2013-06-30,26.0,19.0,22.2,0.6,23.4,22.8,78.63,970.0,5.2699,2013,6,30,181,Southwest Monsoon
2013-07-01,25.9,19.7,22.3,0.1,26.3,22.3,77.41,970.0,5.7163,2013,7,1,182,Southwest Monsoon
2013-07-02,25.9,19.5,21.7,5.7,23.8,22.0,75.15,970.0,4.0584,2013,7,2,183,Southwest Monsoon
2013-07-03,26.2,19.6,21.7,7.0,27.0,22.2,81.4,970.0,4.3421,2013,7,3,184,Southwest Monsoon
2013-07-04,26.3,19.3,21.8,3.7,23.9,22.7,79.08,970.0,4.579,2013,7,4,185,Southwest Monsoon
2013-07-05,25.7,20.0,22.3,0.6,21.2,23.0,77.99,970.0,3.6079,2013,7,5,186,Southwest Monsoon
2013-07-06,25.8,20.4,22.5,1.0,22.6,23.3,77.46,970.0,5.4766,2013,7,6,187,Southwest Monsoon
2013-07-07,26.0,19.7,21.6,6.9,21.7,22.6,83.24,970.0,4.4218,2013,7,7,188,Southwest Monsoon
2013-07-08,26.1,19.3,21.3,7.3,24.2,22.0,78.16,970.0,4.6157,2013,7,8,189,Southwest Monsoon
2013-07-09,25.7,20.1,21.9,2.9,22.0,22.8,80.84,970.0,4.2449,2013,7,9,190,Southwest Monsoon
2013-07-10,24.9,19.4,21.7,1.5,25.3,22.1,79.92,970.0,4.2823,2013,7,10,191,Southwest Monsoon
2013-07-11,24.0,18.8,20.6,6.3,23.8,20.8,78.75,970.0,4.3846,2013,7,11,192,Southwest Monsoon
2013-07-12,23.2,18.9,20.4,9.2,23.8,20.9,82.64,970.0,3.9463,2013,7,12,193,Southwest Monsoon
2013-07-13,25.9,19.2,21.8,3.0,23.3,22.4,79.39,970.0,3.6302,2013,7,13,194,Southwest Monsoon
2013-07-14,26.4,20.2,22.4,1.9,21.6,23.3,80.95,970.0,3.9269,2013,7,14,195,Southwest Monsoon
2013-07-15,26.1,19.9,22.0,8.7,21.3,23.3,80.65,970.0,4.3013,2013,7,15,196,Southwest Monsoon
2013-07-16,26.1,19.7,21.8,8.9,23.0,22.7,84.3,970.0,3.7692,2013,7,16,197,Southwest Monsoon
2013-07-17,25.9,19.8,21.8,3.2,23.5,22.5,82.21,970.0,3.5105,2013,7,17,198,Southwest Monsoon
2013-07-18,25.3,19.5,21.3,4.4,25.6,21.5,82.53,970.0,4.2612,2013,7,18,199,Southwest Monsoon
2013-07-19,22.0,19.5,20.4,10.1,22.3,21.1,88.16,970.0,3.4891,2013,7,19,200,Southwest Monsoon
2013-07-20,24.9,18.8,21.1,4.6,28.2,21.1,84.61,970.0,3.8676,2013,7,20,201,Southwest Monsoon
2013-07-21,24.6,19.4,21.0,6.9,28.3,21.4,84.16,970.0,3.4706,2013,7,21,202,Southwest Monsoon
2013-07-22,23.3,19.3,20.9,4.4,29.2,20.7,83.89,970.0,3.9396,2013,7,22,203,Southwest Monsoon
2013-07-23,23.9,18.5,20.8,4.1,31.7,20.0,82.69,970.0,4.2646,2013,7,23,204,Southwest Monsoon
2013-07-24,24.5,18.4,20.4,10.4,28.6,20.0,80.72,970.0,3.8503,2013,7,24,205,Southwest Monsoon
2013-07-25,24.1,19.8,21.4,1.6,31.2,21.0,78.52,970.0,4.5374,2013,7,25,206,Southwest Monsoon
2013-07-26,24.2,19.6,21.5,2.3,26.1,21.2,81.71,970.0,3.719,2013,7,26,207,Southwest Monsoon
2013-07-27,24.2,19.5,21.8,0.0,23.1,22.3,80.26,970.0,3.9713,2013,7,27,208,Southwest Monsoon
2013-07-28,25.2,19.8,21.6,9.7,22.0,22.8,82.43,970.0,4.3034,2013,7,28,209,Southwest Monsoon
2013-07-29,25.5,19.0,22.1,0.2,28.0,21.9,80.1,970.0,3.9523,2013,7,29,210,Southwest Monsoon
2013-07-30,25.0,18.7,21.7,0.6,29.5,21.1,81.59,970.0,4.3334,2013,7,30,211,Southwest Monsoon
2013-07-31,24.9,19.5,21.6,0.1,34.6,20.3,81.43,970.0,3.8731,2013,7,31,212,Southwest Monsoon
2013-08-01,24.3,19.9,21.6,2.6,35.8,20.8,80.87,970.0,3.9158,2013,8,1,213,Southwest Monsoon
2013-08-02,25.7,20.3,22.3,1.3,32.8,21.7,78.29,970.0,4.2612,2013,8,2,214,Southwest Monsoon
2013-08-03,25.3,19.5,21.8,4.3,24.1,22.0,82.75,970.0,4.5713,2013,8,3,215,Southwest Monsoon
2013-08-04,26.1,20.2,21.8,2.5,21.5,22.7,81.03,970.0,4.9603,2013,8,4,216,Southwest Monsoon
2013-08-05,24.6,19.4,21.1,5.0,20.7,22.1,82.57,970.0,3.6648,2013,8,5,217,Southwest Monsoon
2013-08-06,25.9,19.6,21.4,4.0,20.9,22.3,81.1,970.0,4.8355,2013,8,6,218,Southwest Monsoon
2013-08-07,25.7,19.7,22.2,0.7,20.8,23.0,78.17,970.0,5.3002,2013,8,7,219,Southwest Monsoon
2013-08-08,25.7,19.4,22.0,1.3,18.8,23.0,81.14,970.0,5.6844,2013,8,8,220,Southwest Monsoon
2013-08-09,26.2,19.0,22.1,1.2,18.4,23.1,80.94,970.0,5.1794,2013,8,9,221,Southwest Monsoon
2013-08-10,25.9,19.4,21.5,7.0,17.9,22.7,80.93,970.0,4.6733,2013,8,10,222,Southwest Monsoon
2013-08-11,25.9,18.6,21.7,1.5,18.7,22.9,80.79,970.0,5.849,2013,8,11,223,Southwest Monsoon
2013-08-12,26.5,19.2,21.9,2.7,19.9,23.3,80.5,970.0,4.9142,2013,8,12,224,Southwest Monsoon
2013-08-13,25.3,19.8,21.8,9.5,18.6,23.1,81.93,970.0,4.5206,2013,8,13,225,Southwest Monsoon
2013-08-14,25.0,19.6,21.5,5.3,21.0,22.6,82.79,970.0,3.6142,2013,8,14,226,Southwest Monsoon
2013-08-15,23.7,18.7,20.9,10.2,16.5,22.3,85.75,970.0,3.4015,2013,8,15,227,Southwest Monsoon
2013-08-16,23.2,19.4,20.6,17.7,16.6,22.3,85.44,970.0,3.7166,2013,8,16,228,Southwest Monsoon
2013-08-17,25.3,19.3,21.1,6.4,18.0,22.7,81.15,970.0,4.097,2013,8,17,229,Southwest Monsoon
2013-08-18,24.3,19.6,20.9,9.6,18.6,22.2,84.78,970.0,4.3776,2013,8,18,230,Southwest Monsoon
2013-08-19,24.4,19.0,21.3,3.8,22.1,21.9,82.88,970.0,4.5089,2013,8,19,231,Southwest Monsoon
2013-08-20,25.8,19.5,21.7,4.3,22.7,22.4,81.89,970.0,4.5223,2013,8,20,232,Southwest Monsoon
2013-08-21,25.8,20.2,22.2,1.2,26.6,22.4,80.72,970.0,4.2725,2013,8,21,233,Southwest Monsoon
2013-08-22,25.5,18.9,21.9,0.7,23.9,21.8,78.01,970.0,5.5812,2013,8,22,234,Southwest Monsoon
2013-08-23,26.0,19.3,22.1,0.8,22.1,22.5,78.42,970.0,4.5871,2013,8,23,235,Southwest Monsoon
2013-08-24,26.5,19.5,22.2,1.2,20.1,23.3,78.52,970.0,4.5142,2013,8,24,236,Southwest Monsoon
2013-08-25,26.4,19.9,22.4,0.5,16.9,23.8,81.57,970.0,4.5293,2013,8,25,237,Southwest Monsoon
2013-08-26,26.5,18.4,22.3,0.0,16.9,23.5,78.25,970.0,6.2753,2013,8,26,238,Southwest Monsoon
2013-08-27,27.1,18.7,22.7,0.0,14.0,24.5,73.93,970.0,6.5366,2013,8,27,239,Southwest Monsoon
2013-08-28,26.9,18.8,22.7,0.0,13.2,24.5,77.77,970.0,6.2249,2013,8,28,240,Southwest Monsoon
2013-08-29,26.9,19.6,23.1,0.1,14.6,25.1,81.22,970.0,5.1144,2013,8,29,241,Southwest Monsoon
2013-08-30,27.4,19.5,23.3,2.0,10.2,26.1,78.64,970.0,5.5536,2013,8,30,242,Southwest Monsoon
2013-08-31,27.4,19.8,23.1,9.6,8.2,26.5,81.18,970.0,5.2202,2013,8,31,243,Southwest Monsoon
2013-09-01,28.3,19.3,23.3,14.3,7.9,26.8,82.78,970.0,6.4454,2013,9,1,244,Southwest Monsoon
2013-09-02,27.7,19.5,22.7,14.2,10.1,25.9,82.01,970.0,6.8549,2013,9,2,245,Southwest Monsoon
2013-09-03,27.1,19.4,22.2,11.1,14.8,24.6,89.03,970.0,5.8428,2013,9,3,246,Southwest Monsoon
2013-09-04,25.7,19.5,21.9,11.1,13.4,24.1,83.47,970.0,5.479,2013,9,4,247,Southwest Monsoon
2013-09-05,25.7,19.4,21.7,6.0,15.3,23.7,80.72,970.0,5.9162,2013,9,5,248,Southwest Monsoon
2013-09-06,25.7,19.1,21.9,3.3,16.4,23.3,82.24,970.0,5.555,2013,9,6,249,Southwest Monsoon
2013-09-07,24.6,18.8,20.9,10.5,16.3,22.8,86.11,970.0,3.9463,2013,9,7,250,Southwest Monsoon
2013-09-08,23.0,19.1,20.6,3.3,14.2,22.3,84.38,970.0,4.0865,2013,9,8,251,Southwest Monsoon
2013-09-09,24.8,18.9,21.1,7.2,17.0,22.6,88.39,970.0,3.7853,2013,9,9,252,Southwest Monsoon
2013-09-10,24.9,18.7,21.4,2.8,18.3,22.7,91.07,970.0,4.2953,2013,9,10,253,Southwest Monsoon
2013-09-11,23.8,19.3,21.0,9.0,13.1,23.1,86.92,970.0,3.587,2013,9,11,254,Southwest Monsoon
2013-09-12,23.9,19.6,21.0,31.8,14.7,23.1,88.85,970.0,4.1899,2013,9,12,255,Southwest Monsoon
2013-09-13,25.3,18.8,21.2,18.5,14.5,23.1,88.68,970.0,4.8739,2013,9,13,256,Southwest Monsoon
2013-09-14,26.7,19.4,22.1,11.0,14.6,24.3,87.33,970.0,4.6613,2013,9,14,257,Southwest Monsoon
2013-09-15,26.0,19.5,22.2,0.5,16.3,23.9,89.01,970.0,5.3383,2013,9,15,258,Southwest Monsoon
2013-09-16,25.7,19.7,22.0,7.2,17.7,23.8,86.86,970.0,5.0614,2013,9,16,259,Southwest Monsoon
2013-09-17,25.8,19.9,21.5,28.2,17.1,23.7,88.58,970.0,4.092,2013,9,17,260,Southwest Monsoon
2013-09-18,23.8,20.1,21.6,8.3,19.6,23.1,89.36,970.0,4.6279,2013,9,18,261,Southwest Monsoon
2013-09-19,26.2,19.9,22.5,1.0,23.8,23.2,86.92,970.0,4.387,2013,9,19,262,Southwest Monsoon
2013-09-20,24.5,20.2,21.6,5.9,25.8,22.2,89.9,970.0,3.6727,2013,9,20,263,Southwest Monsoon
2013-09-21,26.1,20.0,22.3,0.8,22.0,23.2,83.91,970.0,5.0146,2013,9,21,264,Southwest Monsoon
2013-09-22,26.2,19.0,22.0,0.0,22.5,22.2,84.93,970.0,6.6857,2013,9,22,265,Southwest Monsoon
2013-09-23,26.9,17.5,21.7,0.0,18.2,22.5,82.05,970.0,6.889,2013,9,23,266,Southwest Monsoon
2013-09-24,25.9,17.4,21.6,0.2,18.5,22.8,83.83,970.0,6.1102,2013,9,24,267,Southwest Monsoon
2013-09-25,26.1,17.5,21.6,0.2,15.2,23.2,84.36,970.0,5.7713,2013,9,25,268,Southwest Monsoon
2013-09-26,27.5,18.1,22.6,0.0,11.6,24.6,81.12,970.0,6.9298,2013,9,26,269,Southwest Monsoon
2013-09-27,27.7,17.9,22.7,0.0,11.2,24.7,80.19,970.0,7.0397,2013,9,27,270,Southwest Monsoon
2013-09-28,26.3,19.1,22.5,0.0,16.6,24.0,86.4,970.0,4.903,2013,9,28,271,Southwest Monsoon
2013-09-29,26.1,17.7,21.8,0.0,16.5,22.7,83.29,970.0,5.6695,2013,9,29,272,Southwest Monsoon
2013-09-30,25.2,18.1,21.1,2.4,16.6,22.4,86.96,970.0,5.4394,2013,9,30,273,Southwest Monsoon
2013-10-01,25.9,18.7,22.0,0.0,15.4,23.3,86.9,970.0,5.3683,2013,10,1,274,Post-Monsoon
2013-10-02,26.4,18.8,22.2,0.4,15.1,23.9,86.03,970.0,5.2229,2013,10,2,275,Post-Monsoon
2013-10-03,26.6,19.3,22.5,0.0,13.8,24.0,87.3,970.0,5.1365,2013,10,3,276,Post-Monsoon
2013-10-04,27.4,17.3,22.1,0.0,17.1,22.9,85.42,970.0,6.6722,2013,10,4,277,Post-Monsoon
2013-10-05,24.9,16.3,20.8,1.1,19.4,21.6,84.79,970.0,5.7994,2013,10,5,278,Post-Monsoon
2013-10-06,25.5,19.0,21.8,0.4,19.1,23.1,84.67,970.0,5.777,2013,10,6,279,Post-Monsoon
2013-10-07,27.3,18.6,22.5,6.6,10.2,25.2,86.84,970.0,5.533,2013,10,7,280,Post-Monsoon
2013-10-08,26.5,19.3,22.2,8.8,14.1,24.7,92.92,970.0,5.6016,2013,10,8,281,Post-Monsoon
2013-10-09,25.2,19.3,21.5,7.2,15.5,23.5,89.5,970.0,4.512,2013,10,9,282,Post-Monsoon
2013-10-10,26.1,18.8,22.1,0.1,16.1,23.7,85.7,970.0,5.3575,2013,10,10,283,Post-Monsoon
2013-10-11,25.9,18.2,21.8,0.0,17.0,22.6,83.16,970.0,6.1879,2013,10,11,284,Post-Monsoon
2013-10-12,26.1,17.3,21.7,0.0,21.3,22.1,82.69,970.0,6.1922,2013,10,12,285,Post-Monsoon
2013-10-13,26.1,19.1,22.0,0.4,20.3,22.9,84.29,970.0,5.3002,2013,10,13,286,Post-Monsoon
2013-10-14,26.5,19.0,22.4,0.3,16.1,23.9,84.73,970.0,5.7106,2013,10,14,287,Post-Monsoon
2013-10-15,27.4,19.0,22.7,3.9,10.4,25.5,85.87,970.0,3.719,2013,10,15,288,Post-Monsoon
2013-10-16,27.0,19.6,22.3,10.2,11.3,25.1,87.73,970.0,4.506,2013,10,16,289,Post-Monsoon
2013-10-17,27.2,18.7,22.6,1.8,10.7,25.1,87.58,970.0,5.1857,2013,10,17,290,Post-Monsoon
2013-10-18,27.2,18.1,22.2,4.5,12.7,24.4,85.71,970.0,5.7012,2013,10,18,291,Post-Monsoon
2013-10-19,26.2,16.9,21.6,0.3,7.8,23.9,83.35,970.0,5.369,2013,10,19,292,Post-Monsoon
2013-10-20,25.1,18.8,21.3,3.8,8.9,23.9,86.21,970.0,3.7558,2013,10,20,293,Post-Monsoon
2013-10-21,24.2,18.6,20.7,2.1,14.1,22.4,89.46,970.0,3.4385,2013,10,21,294,Post-Monsoon
2013-10-22,22.0,18.5,19.8,6.0,13.6,21.5,89.88,970.0,3.091,2013,10,22,295,Post-Monsoon
2013-10-23,23.2,19.1,20.6,5.0,16.4,22.4,86.67,970.0,3.8316,2013,10,23,296,Post-Monsoon
2013-10-24,24.3,19.6,21.0,7.7,13.8,22.9,90.49,970.0,3.5858,2013,10,24,297,Post-Monsoon
2013-10-25,24.8,19.5,21.0,10.5,15.0,23.1,87.22,970.0,4.7326,2013,10,25,298,Post-Monsoon
2013-10-26,25.8,19.2,22.0,0.3,12.3,23.8,86.69,970.0,5.3923,2013,10,26,299,Post-Monsoon
2013-10-27,25.4,18.5,21.8,0.0,13.0,23.5,85.46,970.0,5.5855,2013,10,27,300,Post-Monsoon
2013-10-28,24.9,18.4,21.2,3.3,11.5,23.6,87.33,970.0,4.7758,2013,10,28,301,Post-Monsoon
2013-10-29,26.1,19.1,22.5,0.5,11.7,24.5,88.48,970.0,5.2104,2013,10,29,302,Post-Monsoon
2013-10-30,26.2,19.8,22.5,0.3,8.1,24.7,86.53,970.0,4.4789,2013,10,30,303,Post-Monsoon
2013-10-31,26.1,18.2,21.9,0.0,10.9,23.5,84.75,970.0,5.5769,2013,10,31,304,Post-Monsoon
2013-11-01,26.5,17.4,21.9,0.1,12.4,23.6,84.88,970.0,5.7886,2013,11,1,305,Post-Monsoon
2013-11-02,26.3,19.9,22.1,1.5,14.4,23.9,86.3,970.0,5.3695,2013,11,2,306,Post-Monsoon
2013-11-03,25.8,19.4,21.5,1.6,15.3,23.2,88.08,970.0,4.7126,2013,11,3,307,Post-Monsoon
2013-11-04,25.4,19.0,21.6,1.4,17.4,22.9,85.45,970.0,4.1011,2013,11,4,308,Post-Monsoon
2013-11-05,25.6,17.0,21.1,0.0,18.7,21.6,82.68,970.0,4.4561,2013,11,5,309,Post-Monsoon
2013-11-06,26.1,17.2,21.3,0.0,14.1,22.0,82.94,970.0,5.3402,2013,11,6,310,Post-Monsoon
2013-11-07,26.7,17.7,21.9,0.0,12.4,22.7,82.25,970.0,5.6011,2013,11,7,311,Post-Monsoon
2013-11-08,26.2,17.5,21.1,0.0,10.7,22.0,79.92,970.0,5.3957,2013,11,8,312,Post-Monsoon
2013-11-09,25.9,15.4,20.3,0.0,13.8,20.3,78.9,970.0,5.9525,2013,11,9,313,Post-Monsoon
2013-11-10,26.6,16.0,21.1,0.0,11.4,21.8,80.08,970.0,6.0168,2013,11,10,314,Post-Monsoon
2013-11-11,26.6,16.5,21.2,0.0,13.6,21.9,81.17,970.0,5.0172,2013,11,11,315,Post-Monsoon
2013-11-12,26.1,16.4,21.2,0.0,10.3,21.8,81.2,970.0,4.1009,2013,11,12,316,Post-Monsoon
2013-11-13,26.3,15.7,20.9,0.0,9.2,21.5,80.37,970.0,4.531,2013,11,13,317,Post-Monsoon
2013-11-14,26.1,15.2,20.5,0.0,10.9,20.5,78.3,970.0,4.7018,2013,11,14,318,Post-Monsoon
2013-11-15,25.9,13.6,19.9,0.0,14.2,19.1,77.33,970.0,5.8678,2013,11,15,319,Post-Monsoon
2013-11-16,23.6,16.2,19.0,4.1,18.6,18.6,87.79,970.0,2.2322,2013,11,16,320,Post-Monsoon
2013-11-17,24.7,16.8,20.1,0.8,19.8,20.3,89.95,970.0,3.5532,2013,11,17,321,Post-Monsoon
2013-11-18,26.2,18.9,21.0,8.1,17.1,22.4,87.82,970.0,3.8566,2013,11,18,322,Post-Monsoon
2013-11-19,26.8,17.6,21.8,0.0,11.2,22.8,79.63,970.0,5.9297,2013,11,19,323,Post-Monsoon
2013-11-20,27.0,16.1,21.4,0.0,9.6,22.5,79.36,970.0,5.5697,2013,11,20,324,Post-Monsoon
2013-11-21,27.1,14.1,20.7,0.0,8.5,21.4,77.27,970.0,5.8243,2013,11,21,325,Post-Monsoon
2013-11-22,27.4,15.2,21.3,0.0,9.4,22.0,77.79,970.0,5.5106,2013,11,22,326,Post-Monsoon
2013-11-23,26.8,17.2,21.9,0.0,9.5,23.3,85.65,970.0,3.4855,2013,11,23,327,Post-Monsoon
2013-11-24,26.2,18.7,22.1,0.1,12.6,23.7,87.03,970.0,4.2814,2013,11,24,328,Post-Monsoon
2013-11-25,25.7,18.8,21.9,0.2,8.8,23.7,83.49,970.0,4.2036,2013,11,25,329,Post-Monsoon
2013-11-26,27.3,18.8,22.6,0.0,10.1,24.0,82.75,970.0,5.4358,2013,11,26,330,Post-Monsoon
2013-11-27,28.0,17.0,22.4,0.0,13.5,23.2,82.44,970.0,5.1996,2013,11,27,331,Post-Monsoon
2013-11-28,25.0,15.6,20.4,0.0,10.6,20.2,69.65,970.0,5.3213,2013,11,28,332,Post-Monsoon
2013-11-29,26.1,15.3,21.1,0.0,11.3,21.6,80.36,970.0,3.9919,2013,11,29,333,Post-Monsoon
2013-11-30,27.9,17.0,21.9,0.0,13.0,22.6,77.85,970.0,4.7443,2013,11,30,334,Post-Monsoon
2013-12-01,26.8,18.9,22.2,0.4,14.4,23.5,81.41,970.0,4.2106,2013,12,1,335,Winter
2013-12-02,25.6,18.7,20.9,4.8,14.1,22.3,80.48,970.0,4.1974,2013,12,2,336,Winter
2013-12-03,26.5,17.8,21.3,0.0,18.8,21.6,78.8,970.0,4.565,2013,12,3,337,Winter
2013-12-04,26.2,14.5,20.4,0.0,22.2,19.4,74.15,970.0,5.2025,2013,12,4,338,Winter
2013-12-05,26.4,16.8,20.9,0.0,17.9,20.0,73.62,970.0,5.7127,2013,12,5,339,Winter
2013-12-06,26.6,14.3,20.1,0.0,16.2,19.0,68.3,970.0,5.5966,2013,12,6,340,Winter
2013-12-07,26.3,14.7,20.3,0.0,14.3,19.4,70.79,970.0,4.7158,2013,12,7,341,Winter
2013-12-08,26.8,16.0,21.0,0.0,16.1,20.8,76.75,970.0,5.0076,2013,12,8,342,Winter
2013-12-09,27.1,14.7,20.4,0.0,14.1,19.3,65.65,970.0,5.8202,2013,12,9,343,Winter
2013-12-10,27.7,12.3,19.8,0.0,12.3,17.3,52.08,970.0,6.0187,2013,12,10,344,Winter
2013-12-11,27.8,13.6,20.4,0.0,12.8,18.5,53.39,970.0,5.7871,2013,12,11,345,Winter
2013-12-12,24.4,17.8,20.9,0.0,23.4,19.6,82.12,970.0,3.7034,2013,12,12,346,Winter
2013-12-13,26.1,19.0,22.1,0.0,22.2,22.0,78.73,970.0,2.9878,2013,12,13,347,Winter
2013-12-14,27.1,18.5,21.9,0.0,14.8,22.5,77.93,970.0,3.7625,2013,12,14,348,Winter
2013-12-15,28.5,16.7,21.5,0.0,11.5,21.3,64.18,970.0,5.6318,2013,12,15,349,Winter
2013-12-16,27.2,12.1,19.6,0.0,12.2,17.7,55.05,970.0,5.993,2013,12,16,350,Winter
2013-12-17,25.5,12.4,18.4,0.0,12.2,17.3,70.63,970.0,5.724,2013,12,17,351,Winter
2013-12-18,25.4,12.2,18.4,0.0,12.2,17.5,69.36,970.0,5.7708,2013,12,18,352,Winter
2013-12-19,25.8,12.3,18.6,0.0,9.7,18.0,67.24,970.0,5.8152,2013,12,19,353,Winter
2013-12-20,26.9,11.4,19.1,0.0,11.2,18.2,63.69,970.0,5.8685,2013,12,20,354,Winter
2013-12-21,27.1,12.8,19.6,0.0,13.0,18.9,67.09,970.0,5.8426,2013,12,21,355,Winter
2013-12-22,26.1,12.5,18.8,0.0,13.5,17.6,70.21,970.0,5.869,2013,12,22,356,Winter
2013-12-23,24.4,15.6,19.1,0.0,16.2,18.2,71.23,970.0,5.2454,2013,12,23,357,Winter
2013-12-24,24.5,14.1,18.6,0.0,18.8,17.7,69.48,970.0,4.3735,2013,12,24,358,Winter
2013-12-25,26.1,14.9,19.5,0.0,14.5,19.1,69.97,970.0,4.8012,2013,12,25,359,Winter
2013-12-26,26.1,13.1,19.1,0.0,13.0,17.9,66.91,970.0,5.6568,2013,12,26,360,Winter
2013-12-27,26.4,12.9,19.2,0.0,13.0,18.4,68.54,970.0,5.5342,2013,12,27,361,Winter
2013-12-28,26.1,15.4,19.6,0.0,14.0,19.2,68.19,970.0,5.1062,2013,12,28,362,Winter
2013-12-29,26.6,13.3,19.4,0.0,14.9,18.8,67.42,970.0,5.0978,2013,12,29,363,Winter
2013-12-30,26.6,13.0,19.2,0.0,15.7,18.1,65.02,970.0,5.8034,2013,12,30,364,Winter
2013-12-31,25.3,13.7,18.9,0.0,16.7,17.8,68.3,970.0,5.8284,2013,12,31,365,Winter
2014-01-01,25.5,15.7,19.6,0.0,15.5,18.8,71.24,970.0,4.6718,2014,1,1,1,Winter
2014-01-02,26.1,15.4,19.6,0.0,13.4,19.0,68.59,970.0,4.7998,2014,1,2,2,Winter
2014-01-03,27.4,13.6,19.9,0.0,15.5,19.5,71.18,970.0,5.4089,2014,1,3,3,Winter
2014-01-04,26.5,14.7,20.0,0.0,12.5,18.9,64.52,970.0,5.4509,2014,1,4,4,Winter
2014-01-05,28.0,14.0,20.4,0.0,10.7,19.5,62.5,970.0,5.7437,2014,1,5,5,Winter
2014-01-06,28.6,14.0,20.7,0.0,13.0,19.4,60.33,970.0,5.7809,2014,1,6,6,Winter
2014-01-07,27.6,13.7,20.2,0.0,14.4,19.1,61.75,970.0,5.8807,2014,1,7,7,Winter
2014-01-08,27.3,14.0,20.2,0.0,16.2,19.4,68.56,970.0,5.5238,2014,1,8,8,Winter
2014-01-09,27.1,15.1,20.6,0.0,13.7,20.4,65.39,970.0,5.5625,2014,1,9,9,Winter
2014-01-10,27.8,15.9,21.3,0.0,13.7,21.4,67.35,970.0,5.3026,2014,1,10,10,Winter
2014-01-11,27.8,15.7,21.2,0.0,13.5,20.9,65.03,970.0,5.2658,2014,1,11,11,Winter
2014-01-12,28.4,14.7,21.1,0.0,12.7,20.6,62.28,970.0,6.0242,2014,1,12,12,Winter
2014-01-13,27.5,15.0,20.9,0.0,13.8,19.6,60.3,970.0,5.9498,2014,1,13,13,Winter
2014-01-14,27.5,15.9,21.1,0.0,13.9,20.2,61.71,970.0,5.8133,2014,1,14,14,Winter
2014-01-15,27.8,15.5,21.4,0.0,14.3,21.0,63.15,970.0,5.4379,2014,1,15,15,Winter
2014-01-16,26.2,15.8,21.3,0.0,14.0,21.4,65.99,970.0,4.9951,2014,1,16,16,Winter
2014-01-17,27.0,16.8,21.3,0.0,14.3,21.1,66.34,970.0,4.5766,2014,1,17,17,Winter
2014-01-18,27.5,15.2,21.0,0.0,13.2,20.5,64.01,970.0,5.3009,2014,1,18,18,Winter
2014-01-19,27.5,14.8,20.8,0.0,14.9,19.9,64.37,970.0,4.8355,2014,1,19,19,Winter
2014-01-20,27.0,16.7,21.0,0.0,18.0,20.2,64.44,970.0,4.0454,2014,1,20,20,Winter
2014-01-21,26.0,14.2,19.6,0.0,17.0,18.4,62.52,970.0,5.8135,2014,1,21,21,Winter
2014-01-22,26.1,15.1,19.9,0.0,19.0,18.7,61.46,970.0,5.766,2014,1,22,22,Winter
2014-01-23,27.2,13.6,20.1,0.0,15.0,18.6,60.55,970.0,6.1272,2014,1,23,23,Winter
2014-01-24,28.2,14.6,21.2,0.0,14.3,20.6,59.64,970.0,5.8046,2014,1,24,24,Winter
2014-01-25,27.2,14.7,20.6,0.0,15.8,19.8,59.64,970.0,5.8831,2014,1,25,25,Winter
2014-01-26,26.5,14.2,20.0,0.0,19.8,18.8,61.62,970.0,5.9638,2014,1,26,26,Winter
2014-01-27,25.8,13.9,19.4,0.0,22.9,17.9,62.16,970.0,5.3407,2014,1,27,27,Winter
2014-01-28,26.3,14.7,19.9,0.0,15.9,18.9,58.25,970.0,6.2503,2014,1,28,28,Winter
2014-01-29,27.0,15.7,20.6,0.0,14.1,19.8,56.49,970.0,6.2359,2014,1,29,29,Winter
2014-01-30,27.1,14.8,20.5,0.0,14.4,19.7,56.57,970.0,5.4905,2014,1,30,30,Winter
2014-01-31,27.8,14.5,20.9,0.0,15.2,19.5,52.93,970.0,6.1716,2014,1,31,31,Winter
2014-02-01,27.5,14.8,20.8,0.0,15.7,20.4,57.87,970.0,5.6854,2014,2,1,32,Winter
2014-02-02,27.7,16.8,21.6,0.0,15.1,21.3,56.35,970.0,6.1514,2014,2,2,33,Winter
2014-02-03,29.1,15.0,21.6,0.0,13.7,20.1,48.79,970.0,6.4416,2014,2,3,34,Winter
2014-02-04,30.1,14.4,22.1,0.0,12.0,21.1,48.2,970.0,6.2383,2014,2,4,35,Winter
2014-02-05,30.0,14.8,22.1,0.0,11.6,20.7,44.48,970.0,6.5724,2014,2,5,36,Winter
2014-02-06,30.6,14.7,22.5,0.0,13.9,20.1,43.14,970.0,6.5875,2014,2,6,37,Winter
2014-02-07,29.7,14.7,22.0,0.0,13.3,19.3,36.42,970.0,6.8789,2014,2,7,38,Winter
2014-02-08,29.8,14.1,22.0,0.0,11.8,19.7,41.15,970.0,6.8018,2014,2,8,39,Winter
2014-02-09,30.1,14.8,22.6,0.0,10.5,20.9,42.3,970.0,6.6708,2014,2,9,40,Winter
2014-02-10,29.5,15.5,22.6,0.0,11.4,21.7,41.14,970.0,6.5585,2014,2,10,41,Winter
2014-02-11,29.2,16.2,22.7,0.0,13.7,21.5,51.86,970.0,6.3511,2014,2,11,42,Winter
2014-02-12,28.9,15.9,22.6,0.0,16.2,21.7,49.84,970.0,5.9611,2014,2,12,43,Winter
2014-02-13,29.5,16.9,23.0,0.0,15.5,22.4,52.93,970.0,5.7773,2014,2,13,44,Winter
2014-02-14,28.7,17.2,22.7,0.0,11.6,23.0,52.73,970.0,5.1161,2014,2,14,45,Winter
2014-02-15,27.7,17.6,22.7,0.0,12.3,23.1,48.11,970.0,4.4381,2014,2,15,46,Winter
2014-02-16,28.7,18.5,23.2,0.2,13.4,23.6,46.92,970.0,4.649,2014,2,16,47,Winter
2014-02-17,29.4,17.7,23.5,0.0,16.8,23.7,51.18,970.0,5.8783,2014,2,17,48,Winter
2014-02-18,27.8,18.6,22.9,0.0,16.9,23.3,58.65,970.0,4.511,2014,2,18,49,Winter
2014-02-19,27.5,17.9,22.6,0.0,16.3,23.0,57.65,970.0,4.8444,2014,2,19,50,Winter
2014-02-20,27.9,18.3,22.4,0.0,14.7,23.0,56.4,970.0,4.5617,2014,2,20,51,Winter
2014-02-21,28.0,18.0,23.0,0.0,13.9,23.6,52.22,970.0,5.0062,2014,2,21,52,Winter
2014-02-22,29.1,17.7,23.4,0.0,14.0,23.9,48.35,970.0,5.2423,2014,2,22,53,Winter
2014-02-23,30.3,16.2,23.0,0.0,15.6,21.9,44.79,970.0,6.2738,2014,2,23,54,Winter
2014-02-24,29.1,14.7,21.6,0.0,19.5,21.0,54.85,970.0,6.0686,2014,2,24,55,Winter
2014-02-25,27.6,19.1,22.9,0.1,15.0,23.1,60.27,970.0,4.9594,2014,2,25,56,Winter
2014-02-26,30.1,17.5,23.0,0.0,14.7,22.8,47.94,970.0,6.9958,2014,2,26,57,Winter
2014-02-27,30.7,15.5,23.2,0.0,15.7,23.0,47.01,970.0,6.7282,2014,2,27,58,Winter
2014-02-28,27.9,17.8,22.9,0.0,10.3,23.7,54.05,970.0,5.1986,2014,2,28,59,Winter
2014-03-01,28.0,18.6,22.4,2.1,16.1,23.9,56.25,970.0,4.5751,2014,3,1,60,Summer
2014-03-02,28.1,19.3,23.2,0.1,15.9,24.6,52.4,970.0,5.7554,2014,3,2,61,Summer
2014-03-03,27.3,19.2,22.3,1.7,13.6,23.1,55.44,970.0,4.8449,2014,3,3,62,Summer
2014-03-04,27.3,18.5,22.4,0.9,14.8,23.1,58.49,970.0,5.3186,2014,3,4,63,Summer
2014-03-05,27.1,18.6,22.4,0.2,16.8,22.8,55.2,970.0,5.5975,2014,3,5,64,Summer
2014-03-06,27.4,18.5,22.4,0.1,16.1,23.4,57.77,970.0,5.3081,2014,3,6,65,Summer
2014-03-07,27.8,18.4,22.8,1.7,13.3,23.8,57.75,970.0,5.2466,2014,3,7,66,Summer
2014-03-08,30.5,18.0,23.6,0.0,16.6,23.5,52.1,970.0,6.5369,2014,3,8,67,Summer
2014-03-09,29.2,17.0,22.6,0.0,16.1,22.2,51.71,970.0,6.5808,2014,3,9,68,Summer
2014-03-10,30.3,17.5,23.9,0.1,16.9,23.8,50.65,970.0,6.0526,2014,3,10,69,Summer
2014-03-11,30.0,18.2,23.6,0.0,15.1,23.0,50.86,970.0,6.3408,2014,3,11,70,Summer
2014-03-12,30.2,16.3,23.2,0.0,16.3,22.0,45.8,970.0,7.0502,2014,3,12,71,Summer
2014-03-13,31.0,15.3,23.6,0.0,15.3,21.7,40.36,970.0,7.3373,2014,3,13,72,Summer
2014-03-14,31.8,15.7,24.0,0.0,16.5,22.0,35.27,970.0,7.554,2014,3,14,73,Summer
2014-03-15,32.4,16.1,24.4,0.0,17.3,21.9,31.73,970.0,7.3126,2014,3,15,74,Summer
2014-03-16,32.8,16.1,24.7,0.0,21.0,22.4,35.06,970.0,7.499,2014,3,16,75,Summer
2014-03-17,33.3,17.4,25.5,0.0,17.7,23.5,34.36,970.0,7.6363,2014,3,17,76,Summer
2014-03-18,33.7,17.5,25.8,0.0,15.0,23.8,31.07,970.0,7.6654,2014,3,18,77,Summer
2014-03-19,33.7,17.7,26.0,0.0,15.5,24.3,36.31,970.0,7.3346,2014,3,19,78,Summer
2014-03-20,34.4,18.3,26.6,0.0,15.1,26.3,38.81,970.0,7.3428,2014,3,20,79,Summer
2014-03-21,34.4,20.0,27.4,0.0,13.4,27.4,36.74,970.0,7.0459,2014,3,21,80,Summer
2014-03-22,33.2,21.0,27.5,0.0,13.5,27.3,36.37,970.0,6.1327,2014,3,22,81,Summer
2014-03-23,34.0,21.3,27.6,0.0,17.1,26.4,39.73,970.0,6.8093,2014,3,23,82,Summer
2014-03-24,34.1,19.4,26.9,0.0,14.9,24.9,35.28,970.0,7.5667,2014,3,24,83,Summer
2014-03-25,34.0,18.3,26.4,0.0,16.3,25.2,35.43,970.0,7.7633,2014,3,25,84,Summer
2014-03-26,34.0,19.1,26.6,0.0,19.0,24.2,31.82,970.0,7.543,2014,3,26,85,Summer
2014-03-27,33.6,17.1,25.8,0.0,12.6,23.9,25.84,970.0,7.8778,2014,3,27,86,Summer
2014-03-28,34.1,17.4,26.3,0.0,12.6,24.3,26.5,970.0,7.0793,2014,3,28,87,Summer
2014-03-29,34.9,18.9,27.4,0.0,15.8,25.0,25.74,970.0,7.5811,2014,3,29,88,Summer
2014-03-30,35.2,19.1,27.7,0.0,15.6,25.7,27.47,970.0,7.223,2014,3,30,89,Summer
2014-03-31,35.0,19.8,27.9,0.0,11.5,26.8,29.64,970.0,6.8506,2014,3,31,90,Summer
2014-04-01,34.8,20.5,28.2,0.0,10.8,27.4,25.34,970.0,6.7634,2014,4,1,91,Summer
2014-04-02,33.6,22.1,28.1,0.0,13.5,27.8,29.54,970.0,5.9573,2014,4,2,92,Summer
2014-04-03,35.1,20.4,28.1,0.0,15.9,27.1,28.22,970.0,6.5472,2014,4,3,93,Summer
2014-04-04,34.3,19.5,27.2,0.0,14.5,26.4,28.55,970.0,7.3282,2014,4,4,94,Summer
2014-04-05,34.9,19.8,27.5,0.0,16.8,27.0,34.06,970.0,7.369,2014,4,5,95,Summer
2014-04-06,34.8,20.2,27.6,0.0,16.3,26.7,42.02,970.0,7.355,2014,4,6,96,Summer
2014-04-07,34.8,20.6,27.8,0.0,13.7,27.4,38.8,970.0,7.5149,2014,4,7,97,Summer
2014-04-08,35.2,21.3,28.4,0.0,11.7,28.4,40.0,970.0,6.5606,2014,4,8,98,Summer
2014-04-09,32.8,22.3,26.8,0.9,16.0,28.2,46.54,970.0,5.2651,2014,4,9,99,Summer
2014-04-10,33.3,21.4,25.5,1.6,14.6,26.6,43.8,970.0,4.9925,2014,4,10,100,Summer
2014-04-11,32.9,20.3,27.0,0.0,10.7,27.4,35.23,970.0,6.6756,2014,4,11,101,Summer
2014-04-12,32.0,21.2,27.1,0.2,10.6,28.4,37.35,970.0,5.9232,2014,4,12,102,Summer
2014-04-13,32.8,21.7,26.8,0.8,9.4,28.4,40.25,970.0,6.4229,2014,4,13,103,Summer
2014-04-14,32.4,22.1,27.1,0.7,11.6,28.0,42.65,970.0,5.9844,2014,4,14,104,Summer
2014-04-15,31.8,20.8,26.8,0.1,11.6,28.0,43.82,970.0,6.1322,2014,4,15,105,Summer
2014-04-16,33.4,20.7,27.4,0.0,8.7,28.8,37.06,970.0,6.4745,2014,4,16,106,Summer
2014-04-17,31.5,21.3,26.5,0.2,12.4,28.1,33.8,970.0,6.7106,2014,4,17,107,Summer
2014-04-18,32.2,21.6,26.1,2.8,17.7,28.4,33.72,970.0,6.149,2014,4,18,108,Summer
2014-04-19,33.6,20.5,27.2,0.0,6.2,29.2,36.85,970.0,6.6926,2014,4,19,109,Summer
2014-04-20,35.2,22.2,28.2,0.0,15.3,27.5,33.97,970.0,7.3567,2014,4,20,110,Summer
2014-04-21,35.1,19.1,27.6,0.0,17.1,26.5,34.61,970.0,7.5967,2014,4,21,111,Summer
2014-04-22,35.4,19.2,27.8,0.0,15.6,26.3,37.07,970.0,7.5662,2014,4,22,112,Summer
2014-04-23,34.9,19.8,27.8,0.0,12.8,27.4,37.27,970.0,6.3326,2014,4,23,113,Summer
2014-04-24,36.1,21.0,28.7,0.0,14.1,28.6,40.15,970.0,6.6598,2014,4,24,114,Summer
2014-04-25,36.1,22.2,29.4,0.0,13.0,30.4,39.06,970.0,6.2292,2014,4,25,115,Summer
2014-04-26,34.9,23.8,29.2,0.2,12.2,30.4,41.35,970.0,6.6595,2014,4,26,116,Summer
2014-04-27,35.1,23.1,29.4,0.0,10.6,30.5,38.92,970.0,6.355,2014,4,27,117,Summer
2014-04-28,35.5,23.4,29.3,0.0,9.7,30.3,45.39,970.0,6.0031,2014,4,28,118,Summer
2014-04-29,36.3,23.1,29.4,0.0,12.4,30.3,39.72,970.0,6.5014,2014,4,29,119,Summer
2014-04-30,36.0,23.3,29.3,0.0,16.0,29.9,35.77,970.0,6.3238,2014,4,30,120,Summer
2014-05-01,35.3,24.0,29.4,0.0,11.9,30.7,44.43,970.0,6.0766,2014,5,1,121,Summer
2014-05-02,34.7,23.5,28.8,0.0,16.9,29.9,46.12,970.0,6.4344,2014,5,2,122,Summer
2014-05-03,33.9,22.8,28.0,1.4,13.6,29.7,50.44,970.0,6.799,2014,5,3,123,Summer
2014-05-04,34.8,22.3,27.6,3.9,13.6,29.4,53.16,970.0,6.3658,2014,5,4,124,Summer
2014-05-05,32.1,21.7,25.8,0.7,15.1,27.4,53.48,970.0,5.9861,2014,5,5,125,Summer
2014-05-06,31.7,21.7,24.9,7.7,18.6,26.9,64.55,970.0,4.4338,2014,5,6,126,Summer
2014-05-07,26.5,20.6,22.7,7.7,18.6,24.7,72.63,970.0,3.8362,2014,5,7,127,Summer
2014-05-08,22.4,20.2,21.0,18.8,21.1,22.3,83.13,970.0,2.987,2014,5,8,128,Summer
2014-05-09,26.9,20.1,22.6,29.2,20.6,24.3,72.09,970.0,4.8958,2014,5,9,129,Summer
2014-05-10,29.5,20.2,24.7,0.0,12.4,26.8,69.04,970.0,6.8412,2014,5,10,130,Summer
2014-05-11,29.9,20.7,25.4,0.0,10.2,27.8,64.19,970.0,5.9148,2014,5,11,131,Summer
2014-05-12,31.5,19.6,26.0,0.0,10.2,27.1,54.8,970.0,6.637,2014,5,12,132,Summer
2014-05-13,31.5,19.9,26.1,0.0,8.9,27.2,56.22,970.0,6.2306,2014,5,13,133,Summer
2014-05-14,32.5,21.2,26.6,0.0,13.2,27.4,55.8,970.0,6.895,2014,5,14,134,Summer
2014-05-15,32.1,21.1,26.6,0.0,11.3,27.1,50.46,970.0,6.7445,2014,5,15,135,Summer
2014-05-16,32.1,20.3,26.4,0.0,10.8,26.9,51.35,970.0,6.9629,2014,5,16,136,Summer
2014-05-17,31.7,20.8,25.4,2.3,11.6,27.1,60.14,970.0,6.3254,2014,5,17,137,Summer
2014-05-18,33.0,21.7,26.7,1.4,10.8,28.9,58.86,970.0,6.2921,2014,5,18,138,Summer
2014-05-19,33.5,22.5,27.7,0.3,13.8,29.8,54.14,970.0,6.3559,2014,5,19,139,Summer
2014-05-20,32.1,21.8,25.5,23.8,10.9,28.8,65.56,970.0,5.7007,2014,5,20,140,Summer
2014-05-21,30.8,21.5,25.1,6.2,15.2,28.0,59.42,970.0,6.475,2014,5,21,141,Summer
2014-05-22,31.4,20.9,25.2,5.8,13.8,27.8,64.5,970.0,6.7608,2014,5,22,142,Summer
2014-05-23,31.9,21.3,26.3,0.0,14.0,28.7,68.4,970.0,6.863,2014,5,23,143,Summer
2014-05-24,32.1,21.8,26.6,0.0,13.6,29.0,64.94,970.0,6.5112,2014,5,24,144,Summer
2014-05-25,32.5,21.5,26.6,0.0,16.9,28.2,67.32,970.0,5.3554,2014,5,25,145,Summer
2014-05-26,32.2,21.5,26.3,0.6,13.0,28.6,67.57,970.0,6.0166,2014,5,26,146,Summer
2014-05-27,31.6,22.4,25.8,12.3,11.2,29.2,68.54,970.0,5.3477,2014,5,27,147,Summer
2014-05-28,31.5,21.0,24.9,17.7,11.2,28.5,62.34,970.0,6.2957,2014,5,28,148,Summer
2014-05-29,30.5,20.7,25.5,0.1,11.7,28.3,66.61,970.0,6.7774,2014,5,29,149,Summer
2014-05-30,31.5,21.4,25.8,6.0,11.2,28.9,65.38,970.0,6.6698,2014,5,30,150,Summer
2014-05-31,31.5,21.6,25.6,9.1,11.9,28.7,64.31,970.0,6.7886,2014,5,31,151,Summer
2014-06-01,30.0,21.5,24.6,15.3,14.5,28.0,63.36,970.0,6.5054,2014,6,1,152,Southwest Monsoon
2014-06-02,30.2,21.6,25.0,20.1,15.1,28.3,73.01,970.0,5.9458,2014,6,2,153,Southwest Monsoon
2014-06-03,27.6,21.2,23.7,5.8,13.9,26.2,74.78,970.0,5.3786,2014,6,3,154,Southwest Monsoon
2014-06-04,29.7,20.5,24.7,1.5,13.0,27.4,65.6,970.0,6.1061,2014,6,4,155,Southwest Monsoon
2014-06-05,29.8,21.1,24.7,5.0,13.0,27.5,74.92,970.0,6.5489,2014,6,5,156,Southwest Monsoon
2014-06-06,29.7,21.1,24.2,4.5,17.3,26.5,76.8,970.0,6.3557,2014,6,6,157,Southwest Monsoon
2014-06-07,30.3,21.6,25.1,0.3,17.7,27.2,75.64,970.0,6.0816,2014,6,7,158,Southwest Monsoon
2014-06-08,30.4,21.2,25.3,0.6,20.1,26.8,71.77,970.0,6.168,2014,6,8,159,Southwest Monsoon
2014-06-09,28.6,20.7,23.7,0.9,23.7,24.9,81.33,970.0,4.3824,2014,6,9,160,Southwest Monsoon
2014-06-10,27.8,20.8,24.1,1.0,27.4,24.8,74.2,970.0,4.4251,2014,6,10,161,Southwest Monsoon
2014-06-11,28.6,22.0,24.6,0.2,24.9,25.4,68.57,970.0,6.5515,2014,6,11,162,Southwest Monsoon
2014-06-12,29.0,20.9,24.1,1.6,21.3,25.2,67.61,970.0,6.0274,2014,6,12,163,Southwest Monsoon
2014-06-13,28.5,20.9,23.6,6.9,23.9,24.6,71.75,970.0,5.8265,2014,6,13,164,Southwest Monsoon
2014-06-14,29.1,21.1,24.4,0.0,22.1,25.3,68.89,970.0,6.2825,2014,6,14,165,Southwest Monsoon
2014-06-15,28.4,20.5,24.1,0.3,22.9,24.8,64.41,970.0,5.7744,2014,6,15,166,Southwest Monsoon
2014-06-16,29.0,20.7,24.3,0.0,23.4,24.7,64.7,970.0,6.809,2014,6,16,167,Southwest Monsoon
2014-06-17,28.8,21.4,24.3,0.2,27.4,24.5,71.28,970.0,5.1986,2014,6,17,168,Southwest Monsoon
2014-06-18,27.2,21.3,23.6,1.0,27.4,23.8,72.52,970.0,4.795,2014,6,18,169,Southwest Monsoon
2014-06-19,28.5,21.0,23.9,0.1,28.9,23.5,73.7,970.0,4.7738,2014,6,19,170,Southwest Monsoon
2014-06-20,28.2,21.0,24.0,0.1,28.5,23.8,69.66,970.0,5.2685,2014,6,20,171,Southwest Monsoon
2014-06-21,28.2,21.5,24.0,1.2,27.0,24.1,72.44,970.0,5.2704,2014,6,21,172,Southwest Monsoon
2014-06-22,27.9,21.3,24.0,0.2,27.0,24.0,71.75,970.0,5.1972,2014,6,22,173,Southwest Monsoon
2014-06-23,28.8,21.4,24.5,0.2,25.3,24.7,71.79,970.0,5.4389,2014,6,23,174,Southwest Monsoon
2014-06-24,30.9,20.4,24.9,0.1,22.7,25.1,70.92,970.0,5.8992,2014,6,24,175,Southwest Monsoon
2014-06-25,30.6,20.3,24.9,0.0,20.4,25.2,64.36,970.0,5.6194,2014,6,25,176,Southwest Monsoon
2014-06-26,30.6,19.7,25.2,0.0,19.8,25.8,63.01,970.0,6.2537,2014,6,26,177,Southwest Monsoon
2014-06-27,30.8,20.9,25.9,0.2,11.0,27.4,66.41,970.0,6.6082,2014,6,27,178,Southwest Monsoon
2014-06-28,30.3,21.8,25.6,0.4,12.1,27.6,73.38,970.0,4.9776,2014,6,28,179,Southwest Monsoon
2014-06-29,31.6,21.5,25.6,1.4,17.9,27.4,72.45,970.0,6.6418,2014,6,29,180,Southwest Monsoon
2014-06-30,30.2,21.4,25.1,1.5,14.1,26.9,75.37,970.0,6.2376,2014,6,30,181,Southwest Monsoon
2014-07-01,31.4,20.8,25.4,0.0,17.0,26.5,78.15,970.0,6.2971,2014,7,1,182,Southwest Monsoon
2014-07-02,30.5,21.0,24.8,0.5,20.0,25.8,70.77,970.0,5.8718,2014,7,2,183,Southwest Monsoon
2014-07-03,30.5,20.6,25.2,0.1,19.5,25.5,68.15,970.0,6.8779,2014,7,3,184,Southwest Monsoon
2014-07-04,29.1,20.7,24.0,6.4,20.9,24.8,69.94,970.0,5.3345,2014,7,4,185,Southwest Monsoon
2014-07-05,29.3,20.6,23.3,13.9,18.6,24.8,72.77,970.0,4.6018,2014,7,5,186,Southwest Monsoon
2014-07-06,26.2,20.5,22.2,11.9,15.0,24.1,72.08,970.0,3.6761,2014,7,6,187,Southwest Monsoon
2014-07-07,26.7,20.1,22.5,9.7,20.5,23.9,74.74,970.0,5.0527,2014,7,7,188,Southwest Monsoon
2014-07-08,26.6,20.3,22.1,9.3,21.1,23.3,72.57,970.0,4.249,2014,7,8,189,Southwest Monsoon
2014-07-09,26.8,20.8,22.7,2.1,23.1,23.5,71.22,970.0,4.9867,2014,7,9,190,Southwest Monsoon
2014-07-10,24.9,19.7,21.6,2.9,24.9,22.0,76.11,970.0,4.153,2014,7,10,191,Southwest Monsoon
2014-07-11,25.0,19.1,21.5,0.9,30.3,21.0,74.92,970.0,4.3325,2014,7,11,192,Southwest Monsoon
2014-07-12,25.3,19.6,21.8,1.0,31.5,21.2,77.73,970.0,4.7143,2014,7,12,193,Southwest Monsoon
2014-07-13,22.4,20.3,21.1,5.6,23.1,21.8,77.64,970.0,3.5508,2014,7,13,194,Southwest Monsoon
2014-07-14,23.4,19.9,21.1,6.6,25.6,21.6,75.98,970.0,4.1741,2014,7,14,195,Southwest Monsoon
2014-07-15,24.3,19.8,21.3,6.6,27.2,21.5,76.11,970.0,3.5988,2014,7,15,196,Southwest Monsoon
2014-07-16,26.0,19.8,22.5,1.0,30.4,22.1,75.25,970.0,4.5631,2014,7,16,197,Southwest Monsoon
2014-07-17,26.4,20.1,22.8,0.0,26.9,22.4,72.81,970.0,4.4885,2014,7,17,198,Southwest Monsoon
2014-07-18,26.7,19.8,22.7,0.6,29.4,22.4,74.53,970.0,5.1017,2014,7,18,199,Southwest Monsoon
2014-07-19,25.3,20.5,22.3,0.5,29.7,21.9,75.63,970.0,3.9614,2014,7,19,200,Southwest Monsoon
2014-07-20,25.0,20.7,22.4,0.0,31.3,21.7,75.42,970.0,4.1609,2014,7,20,201,Southwest Monsoon
2014-07-21,25.7,20.3,22.6,0.4,31.0,21.9,76.72,970.0,4.8254,2014,7,21,202,Southwest Monsoon
2014-07-22,26.3,20.3,22.0,2.0,29.2,21.6,74.66,970.0,5.0129,2014,7,22,203,Southwest Monsoon
2014-07-23,26.2,20.0,21.8,5.1,31.4,21.6,77.1,970.0,4.0344,2014,7,23,204,Southwest Monsoon
2014-07-24,26.4,19.8,22.6,1.6,28.9,22.4,75.9,970.0,4.8468,2014,7,24,205,Southwest Monsoon
2014-07-25,26.5,20.0,22.8,1.9,24.8,22.9,72.98,970.0,4.6781,2014,7,25,206,Southwest Monsoon
2014-07-26,26.2,20.5,22.8,0.9,24.7,23.1,80.01,970.0,4.9457,2014,7,26,207,Southwest Monsoon
2014-07-27,26.6,20.1,22.4,3.3,25.3,22.7,80.95,970.0,4.6814,2014,7,27,208,Southwest Monsoon
2014-07-28,25.7,20.5,22.4,0.0,26.0,22.3,75.2,970.0,3.3007,2014,7,28,209,Southwest Monsoon
2014-07-29,26.8,20.4,22.9,0.2,28.1,22.5,74.27,970.0,5.3621,2014,7,29,210,Southwest Monsoon
2014-07-30,25.6,20.0,21.9,2.7,28.7,21.7,77.03,970.0,4.6613,2014,7,30,211,Southwest Monsoon
2014-07-31,25.5,19.4,21.7,8.8,26.1,22.0,77.36,970.0,4.0702,2014,7,31,212,Southwest Monsoon
2014-08-01,25.4,20.4,22.0,20.1,19.2,23.2,78.49,970.0,3.7313,2014,8,1,213,Southwest Monsoon
2014-08-02,24.9,19.3,21.9,4.5,24.2,22.3,77.33,970.0,3.1277,2014,8,2,214,Southwest Monsoon
2014-08-03,26.0,20.0,22.5,2.2,25.2,22.8,77.38,970.0,3.9991,2014,8,3,215,Southwest Monsoon
2014-08-04,25.9,20.7,22.7,0.7,27.7,22.6,78.47,970.0,4.2089,2014,8,4,216,Southwest Monsoon
2014-08-05,25.2,20.3,22.3,1.7,28.5,22.4,75.8,970.0,4.2278,2014,8,5,217,Southwest Monsoon
2014-08-06,26.3,19.9,22.0,5.8,25.6,22.4,75.0,970.0,4.3903,2014,8,6,218,Southwest Monsoon
2014-08-07,24.9,19.5,21.6,5.9,21.3,22.4,78.57,970.0,3.9132,2014,8,7,219,Southwest Monsoon
2014-08-08,24.5,19.6,21.7,0.3,20.7,22.7,77.48,970.0,3.9372,2014,8,8,220,Southwest Monsoon
2014-08-09,25.9,19.3,21.7,3.9,20.2,22.7,80.08,970.0,5.3846,2014,8,9,221,Southwest Monsoon
2014-08-10,25.3,19.7,21.6,8.4,18.7,22.9,79.94,970.0,4.8552,2014,8,10,222,Southwest Monsoon
2014-08-11,24.6,19.7,21.3,7.1,17.3,22.7,80.32,970.0,5.3148,2014,8,11,223,Southwest Monsoon
2014-08-12,24.1,19.6,21.0,9.6,17.8,22.4,75.18,970.0,4.6642,2014,8,12,224,Southwest Monsoon
2014-08-13,25.6,19.0,22.0,0.3,20.1,22.7,77.38,970.0,4.6992,2014,8,13,225,Southwest Monsoon
2014-08-14,26.9,19.4,22.5,0.8,18.7,23.7,76.88,970.0,5.6014,2014,8,14,226,Southwest Monsoon
2014-08-15,26.7,19.6,22.8,0.0,19.1,23.7,79.62,970.0,5.9359,2014,8,15,227,Southwest Monsoon
2014-08-16,26.4,19.0,22.7,0.2,18.8,23.5,73.56,970.0,5.7012,2014,8,16,228,Southwest Monsoon
2014-08-17,26.6,18.8,22.2,7.1,15.1,23.9,78.08,970.0,5.945,2014,8,17,229,Southwest Monsoon
2014-08-18,27.0,19.1,22.4,11.9,12.6,24.9,85.37,970.0,4.1258,2014,8,18,230,Southwest Monsoon
2014-08-19,27.3,19.5,22.5,16.4,6.8,25.9,79.78,970.0,5.8308,2014,8,19,231,Southwest Monsoon
2014-08-20,28.0,18.8,22.9,4.7,6.6,26.2,76.75,970.0,6.3902,2014,8,20,232,Southwest Monsoon
2014-08-21,28.0,20.1,23.6,3.2,7.0,26.8,74.09,970.0,6.2714,2014,8,21,233,Southwest Monsoon
2014-08-22,28.8,19.6,23.7,2.0,10.4,26.8,71.11,970.0,5.9722,2014,8,22,234,Southwest Monsoon
2014-08-23,28.1,20.2,22.9,9.6,11.3,25.7,74.68,970.0,5.1185,2014,8,23,235,Southwest Monsoon
2014-08-24,26.4,19.2,22.5,0.6,18.0,24.1,77.9,970.0,5.1617,2014,8,24,236,Southwest Monsoon
2014-08-25,25.6,19.7,22.6,0.0,17.7,23.7,83.32,970.0,5.8145,2014,8,25,237,Southwest Monsoon
2014-08-26,25.8,19.3,21.9,3.3,20.4,22.7,79.67,970.0,5.3484,2014,8,26,238,Southwest Monsoon
2014-08-27,23.0,19.2,20.7,8.8,20.5,21.5,82.47,970.0,3.1944,2014,8,27,239,Southwest Monsoon
2014-08-28,23.8,18.7,20.4,8.5,22.7,20.8,79.14,970.0,3.8386,2014,8,28,240,Southwest Monsoon
2014-08-29,24.2,18.8,20.8,1.3,25.6,21.1,79.44,970.0,3.5134,2014,8,29,241,Southwest Monsoon
2014-08-30,25.3,20.0,22.2,0.2,28.0,22.2,75.8,970.0,4.2106,2014,8,30,242,Southwest Monsoon
2014-08-31,25.5,20.5,22.3,1.1,28.6,22.1,73.92,970.0,4.3094,2014,8,31,243,Southwest Monsoon
2014-09-01,25.5,20.4,22.1,2.5,27.2,22.4,77.44,970.0,4.3687,2014,9,1,244,Southwest Monsoon
2014-09-02,25.9,20.0,21.9,8.1,23.9,23.0,78.94,970.0,4.1496,2014,9,2,245,Southwest Monsoon
2014-09-03,25.4,19.3,21.5,6.2,16.4,22.9,77.99,970.0,4.8007,2014,9,3,246,Southwest Monsoon
2014-09-04,25.4,19.6,21.9,2.8,22.8,22.9,77.36,970.0,4.6694,2014,9,4,247,Southwest Monsoon
2014-09-05,25.5,19.8,21.7,1.1,22.5,22.3,76.92,970.0,4.2122,2014,9,5,248,Southwest Monsoon
2014-09-06,24.9,19.7,21.8,0.9,23.1,22.0,80.04,970.0,4.5245,2014,9,6,249,Southwest Monsoon
2014-09-07,25.5,19.3,21.6,2.0,22.4,22.2,76.87,970.0,4.7093,2014,9,7,250,Southwest Monsoon
2014-09-08,26.2,19.6,22.4,0.0,23.5,22.6,74.4,970.0,5.321,2014,9,8,251,Southwest Monsoon
2014-09-09,26.6,19.5,22.3,0.2,20.5,22.9,74.15,970.0,5.94,2014,9,9,252,Southwest Monsoon
2014-09-10,26.9,18.7,22.4,0.0,19.1,23.0,71.79,970.0,6.6737,2014,9,10,253,Southwest Monsoon
2014-09-11,27.3,18.5,22.6,0.0,15.8,23.4,69.78,970.0,7.152,2014,9,11,254,Southwest Monsoon
2014-09-12,28.0,18.8,23.0,0.0,14.9,24.1,69.13,970.0,6.5962,2014,9,12,255,Southwest Monsoon
2014-09-13,27.1,18.9,22.8,0.0,16.3,23.9,72.44,970.0,5.8884,2014,9,13,256,Southwest Monsoon
2014-09-14,27.4,19.6,22.6,2.6,17.4,24.2,79.41,970.0,5.3998,2014,9,14,257,Southwest Monsoon
2014-09-15,27.4,19.6,22.7,0.9,20.1,23.9,80.39,970.0,5.2884,2014,9,15,258,Southwest Monsoon
2014-09-16,26.9,19.5,22.2,1.5,19.7,22.9,75.79,970.0,5.1636,2014,9,16,259,Southwest Monsoon
2014-09-17,26.6,19.1,22.3,0.6,20.9,22.7,77.42,970.0,4.7957,2014,9,17,260,Southwest Monsoon
2014-09-18,25.7,19.5,21.5,8.1,17.7,22.6,74.52,970.0,5.3796,2014,9,18,261,Southwest Monsoon
2014-09-19,25.5,18.8,21.7,8.4,16.0,23.2,73.1,970.0,4.6387,2014,9,19,262,Southwest Monsoon
2014-09-20,25.7,19.0,22.1,0.2,21.3,23.0,78.88,970.0,4.1362,2014,9,20,263,Southwest Monsoon
2014-09-21,26.4,18.9,22.6,0.1,15.8,24.1,76.55,970.0,4.9831,2014,9,21,264,Southwest Monsoon
2014-09-22,27.6,19.6,23.3,6.3,12.0,25.6,84.19,970.0,5.1605,2014,9,22,265,Southwest Monsoon
2014-09-23,27.7,19.5,22.7,4.9,10.9,25.9,82.66,970.0,5.7893,2014,9,23,266,Southwest Monsoon
2014-09-24,27.6,19.3,22.9,14.5,7.0,26.2,81.93,970.0,5.3527,2014,9,24,267,Southwest Monsoon
2014-09-25,27.8,18.9,22.8,14.9,8.8,26.2,86.45,970.0,6.013,2014,9,25,268,Southwest Monsoon
2014-09-26,28.0,19.5,22.9,10.4,9.2,26.0,84.58,970.0,5.6592,2014,9,26,269,Southwest Monsoon
2014-09-27,28.1,19.3,23.3,0.0,11.9,25.5,81.57,970.0,6.2501,2014,9,27,270,Southwest Monsoon
2014-09-28,27.3,20.1,22.9,9.0,13.4,25.3,83.43,970.0,5.9623,2014,9,28,271,Southwest Monsoon
2014-09-29,27.9,20.2,23.2,3.8,12.1,25.8,81.04,970.0,5.9914,2014,9,29,272,Southwest Monsoon
2014-09-30,28.1,19.8,23.0,3.9,10.7,25.6,81.13,970.0,6.2494,2014,9,30,273,Southwest Monsoon
2014-10-01,28.0,19.2,23.2,2.8,8.7,25.6,77.13,970.0,6.3614,2014,10,1,274,Post-Monsoon
2014-10-02,29.5,17.9,23.7,0.0,10.8,25.4,73.64,970.0,6.6624,2014,10,2,275,Post-Monsoon
2014-10-03,27.3,18.0,23.2,0.1,7.1,25.4,71.91,970.0,5.67,2014,10,3,276,Post-Monsoon
2014-10-04,28.2,18.4,23.1,12.9,8.6,26.1,73.98,970.0,5.3772,2014,10,4,277,Post-Monsoon
2014-10-05,28.0,18.7,22.8,4.9,7.7,25.9,73.52,970.0,5.1991,2014,10,5,278,Post-Monsoon
2014-10-06,28.2,19.4,22.9,11.9,9.9,26.0,77.28,970.0,4.9838,2014,10,6,279,Post-Monsoon
2014-10-07,27.0,19.4,22.3,11.6,11.5,25.1,86.3,970.0,5.6496,2014,10,7,280,Post-Monsoon
2014-10-08,25.0,19.3,21.7,2.7,10.6,24.4,86.9,970.0,5.1427,2014,10,8,281,Post-Monsoon
2014-10-09,26.6,19.1,22.2,8.9,8.9,25.3,83.11,970.0,5.6597,2014,10,9,282,Post-Monsoon
2014-10-10,27.6,19.5,22.6,8.2,11.1,25.4,82.94,970.0,4.7448,2014,10,10,283,Post-Monsoon
2014-10-11,26.7,20.3,22.4,7.9,14.8,24.7,84.0,970.0,4.2682,2014,10,11,284,Post-Monsoon
2014-10-12,27.0,20.6,23.1,0.6,13.5,25.2,83.85,970.0,3.9854,2014,10,12,285,Post-Monsoon
2014-10-13,27.9,19.0,23.0,0.0,11.2,25.0,76.46,970.0,5.7379,2014,10,13,286,Post-Monsoon
2014-10-14,28.1,18.4,23.2,0.0,7.4,25.5,76.47,970.0,5.9131,2014,10,14,287,Post-Monsoon
2014-10-15,27.5,20.0,23.5,0.0,13.5,25.6,82.4,970.0,5.7223,2014,10,15,288,Post-Monsoon
2014-10-16,26.2,20.5,22.8,0.5,14.8,24.8,78.6,970.0,5.5037,2014,10,16,289,Post-Monsoon
2014-10-17,27.0,19.4,22.3,1.4,14.7,24.1,78.47,970.0,4.9183,2014,10,17,290,Post-Monsoon
2014-10-18,23.7,19.4,21.0,3.5,18.0,23.0,83.67,970.0,3.6142,2014,10,18,291,Post-Monsoon
2014-10-19,23.1,19.3,20.6,9.8,16.0,22.5,82.7,970.0,2.9806,2014,10,19,292,Post-Monsoon
2014-10-20,22.6,19.3,20.4,11.0,18.3,22.0,77.01,970.0,3.4301,2014,10,20,293,Post-Monsoon
2014-10-21,24.8,19.3,21.5,0.6,19.7,22.8,76.12,970.0,3.6955,2014,10,21,294,Post-Monsoon
2014-10-22,25.9,19.1,21.5,1.5,16.6,22.9,80.42,970.0,5.4502,2014,10,22,295,Post-Monsoon
2014-10-23,25.2,18.8,21.1,4.9,15.8,22.7,84.84,970.0,4.1378,2014,10,23,296,Post-Monsoon
2014-10-24,25.4,18.8,21.2,7.9,10.9,23.6,82.93,970.0,4.6128,2014,10,24,297,Post-Monsoon
2014-10-25,25.8,19.6,21.5,15.8,9.8,24.1,87.77,970.0,3.8722,2014,10,25,298,Post-Monsoon
2014-10-26,25.4,19.0,21.7,5.0,8.1,24.6,88.07,970.0,5.0734,2014,10,26,299,Post-Monsoon
2014-10-27,25.4,19.1,21.5,20.1,5.8,24.7,91.95,970.0,4.2749,2014,10,27,300,Post-Monsoon
2014-10-28,25.3,19.5,22.1,3.2,8.3,24.7,84.71,970.0,4.7628,2014,10,28,301,Post-Monsoon
2014-10-29,26.2,18.6,22.0,0.0,11.5,23.7,82.41,970.0,5.479,2014,10,29,302,Post-Monsoon
2014-10-30,26.1,17.4,21.2,0.0,14.3,22.1,79.21,970.0,5.9441,2014,10,30,303,Post-Monsoon
2014-10-31,25.5,15.6,20.9,0.0,12.8,21.5,73.7,970.0,5.0556,2014,10,31,304,Post-Monsoon
2014-11-01,25.0,17.4,20.5,1.3,14.5,21.3,86.38,970.0,4.7971,2014,11,1,305,Post-Monsoon
2014-11-02,23.6,18.6,20.8,0.5,16.9,22.2,79.89,970.0,3.7282,2014,11,2,306,Post-Monsoon
2014-11-03,25.5,17.5,21.4,0.0,15.5,22.5,77.65,970.0,4.2926,2014,11,3,307,Post-Monsoon
2014-11-04,25.8,16.6,21.0,0.0,10.4,22.3,74.75,970.0,3.6696,2014,11,4,308,Post-Monsoon
2014-11-05,26.3,15.0,20.6,0.0,13.4,20.6,67.93,970.0,4.8886,2014,11,5,309,Post-Monsoon
2014-11-06,26.6,14.2,20.8,0.0,15.3,20.6,63.43,970.0,5.9333,2014,11,6,310,Post-Monsoon
2014-11-07,27.3,16.0,21.7,0.0,10.0,22.1,65.47,970.0,4.9375,2014,11,7,311,Post-Monsoon
2014-11-08,27.2,16.5,22.1,0.0,7.2,23.2,67.03,970.0,5.3443,2014,11,8,312,Post-Monsoon
2014-11-09,27.9,17.7,23.2,0.0,10.5,24.7,69.5,970.0,4.129,2014,11,9,313,Post-Monsoon
2014-11-10,27.9,18.5,23.2,0.0,11.5,25.0,75.78,970.0,5.029,2014,11,10,314,Post-Monsoon
2014-11-11,27.9,20.1,23.1,0.0,13.4,24.6,76.97,970.0,5.4713,2014,11,11,315,Post-Monsoon
2014-11-12,26.1,18.9,21.4,5.3,17.9,22.8,81.2,970.0,4.1532,2014,11,12,316,Post-Monsoon
2014-11-13,21.2,19.2,19.8,22.2,21.4,21.1,89.84,970.0,1.8934,2014,11,13,317,Post-Monsoon
2014-11-14,24.1,19.3,21.0,2.7,20.0,22.3,84.72,970.0,2.923,2014,11,14,318,Post-Monsoon
2014-11-15,26.1,19.1,21.6,0.5,15.2,23.1,80.64,970.0,4.505,2014,11,15,319,Post-Monsoon
2014-11-16,26.1,16.1,21.0,0.0,13.0,21.8,70.87,970.0,5.2063,2014,11,16,320,Post-Monsoon
2014-11-17,26.3,16.5,20.5,0.0,16.4,20.7,72.69,970.0,5.9455,2014,11,17,321,Post-Monsoon
2014-11-18,26.1,14.4,20.1,0.0,16.7,20.3,74.57,970.0,5.0616,2014,11,18,322,Post-Monsoon
2014-11-19,26.4,16.5,21.0,0.0,15.3,21.7,72.85,970.0,5.4089,2014,11,19,323,Post-Monsoon
2014-11-20,26.5,14.4,20.1,0.0,15.7,20.2,74.16,970.0,5.3935,2014,11,20,324,Post-Monsoon
2014-11-21,26.4,15.9,20.5,0.0,13.7,20.8,72.45,970.0,5.7948,2014,11,21,325,Post-Monsoon
2014-11-22,25.6,14.8,20.5,0.0,9.7,21.6,70.86,970.0,4.9608,2014,11,22,326,Post-Monsoon
2014-11-23,27.0,17.5,21.5,0.0,12.0,21.8,69.41,970.0,5.4982,2014,11,23,327,Post-Monsoon
2014-11-24,26.9,15.8,20.9,0.0,14.3,20.8,69.59,970.0,5.5404,2014,11,24,328,Post-Monsoon
2014-11-25,25.6,16.7,20.3,0.0,13.9,20.4,70.84,970.0,4.9051,2014,11,25,329,Post-Monsoon
2014-11-26,25.8,15.1,19.7,0.0,14.6,19.5,68.61,970.0,5.6676,2014,11,26,330,Post-Monsoon
2014-11-27,26.9,14.0,20.0,0.0,12.9,19.5,65.01,970.0,5.4403,2014,11,27,331,Post-Monsoon
2014-11-28,25.2,14.2,19.5,0.0,11.6,18.5,62.99,970.0,2.8855,2014,11,28,332,Post-Monsoon
2014-11-29,24.2,15.0,19.4,0.0,13.0,18.7,62.57,970.0,3.9919,2014,11,29,333,Post-Monsoon
2014-11-30,25.0,16.5,19.3,4.6,19.9,17.6,62.96,970.0,3.0418,2014,11,30,334,Post-Monsoon
2014-12-01,25.8,17.5,21.1,0.0,19.2,19.4,70.9,970.0,5.4811,2014,12,1,335,Winter
2014-12-02,26.7,15.5,20.5,0.0,12.0,19.8,65.84,970.0,4.5761,2014,12,2,336,Winter
2014-12-03,26.8,13.0,19.7,0.0,10.5,19.4,61.13,970.0,5.8694,2014,12,3,337,Winter
2014-12-04,27.1,12.2,19.6,0.0,11.5,18.9,62.71,970.0,5.8176,2014,12,4,338,Winter
2014-12-05,26.7,12.6,19.4,0.0,11.6,18.5,65.66,970.0,5.8277,2014,12,5,339,Winter
2014-12-06,26.7,13.6,19.8,0.0,13.4,19.1,65.01,970.0,5.437,2014,12,6,340,Winter
2014-12-07,27.8,14.9,21.2,0.0,11.0,21.9,67.27,970.0,5.1499,2014,12,7,341,Winter
2014-12-08,27.4,18.0,22.1,0.1,10.2,23.5,70.09,970.0,4.1117,2014,12,8,342,Winter
2014-12-09,28.3,17.3,22.6,0.0,10.5,23.8,74.31,970.0,4.3217,2014,12,9,343,Winter
2014-12-10,26.4,18.9,21.8,0.5,13.4,23.4,77.7,970.0,4.1321,2014,12,10,344,Winter
2014-12-11,26.6,19.4,22.0,0.6,12.5,23.6,73.74,970.0,3.6588,2014,12,11,345,Winter
2014-12-12,26.0,19.2,21.4,0.5,15.3,22.5,76.68,970.0,3.5194,2014,12,12,346,Winter
2014-12-13,24.7,18.3,20.9,0.1,11.6,22.1,80.81,970.0,3.9492,2014,12,13,347,Winter
2014-12-14,25.1,18.7,20.7,6.8,13.4,22.4,76.04,970.0,2.8865,2014,12,14,348,Winter
2014-12-15,25.7,18.7,21.6,0.8,10.9,23.2,68.38,970.0,4.8319,2014,12,15,349,Winter
2014-12-16,27.5,17.4,21.9,0.0,14.8,22.6,74.53,970.0,3.9391,2014,12,16,350,Winter
2014-12-17,25.0,18.0,20.8,0.3,20.6,21.0,73.79,970.0,3.5791,2014,12,17,351,Winter
2014-12-18,24.2,17.1,20.5,0.0,21.6,20.2,76.4,970.0,2.669,2014,12,18,352,Winter
2014-12-19,23.8,18.0,20.5,0.1,19.3,20.6,75.6,970.0,3.078,2014,12,19,353,Winter
2014-12-20,26.3,16.7,20.9,0.0,13.2,21.4,71.97,970.0,4.609,2014,12,20,354,Winter
2014-12-21,26.6,16.9,20.8,0.0,11.4,21.6,66.37,970.0,4.2838,2014,12,21,355,Winter
2014-12-22,26.4,16.1,20.4,0.0,12.6,20.6,66.95,970.0,5.0095,2014,12,22,356,Winter
2014-12-23,26.6,14.7,20.1,0.0,12.3,20.1,68.37,970.0,4.8386,2014,12,23,357,Winter
2014-12-24,26.9,17.4,21.4,0.0,11.9,21.9,68.69,970.0,4.4038,2014,12,24,358,Winter
2014-12-25,26.4,14.9,20.1,0.0,11.0,19.8,60.02,970.0,4.6039,2014,12,25,359,Winter
2014-12-26,25.5,13.6,19.1,0.0,13.3,17.9,61.91,970.0,5.2601,2014,12,26,360,Winter
2014-12-27,25.9,13.2,19.5,0.0,12.9,18.5,62.98,970.0,5.0016,2014,12,27,361,Winter
2014-12-28,23.6,17.4,19.7,2.1,13.9,19.8,78.04,970.0,2.3695,2014,12,28,362,Winter
2014-12-29,24.5,16.4,20.1,4.5,11.7,20.8,74.84,970.0,3.2983,2014,12,29,363,Winter
2014-12-30,26.9,16.6,21.3,0.0,11.8,21.8,71.09,970.0,4.4479,2014,12,30,364,Winter
2014-12-31,27.5,15.7,21.6,0.0,12.4,22.6,66.15,970.0,4.194,2014,12,31,365,Winter
2015-01-01,26.5,18.5,21.7,4.8,13.2,23.0,72.99,970.0,4.3466,2015,1,1,1,Winter
2015-01-02,26.2,18.9,21.8,0.8,13.0,23.1,71.35,970.0,4.4969,2015,1,2,2,Winter
2015-01-03,26.6,18.1,21.5,0.0,10.5,22.3,67.13,970.0,4.8113,2015,1,3,3,Winter
2015-01-04,27.1,16.5,21.3,0.0,11.4,22.1,65.4,970.0,5.2399,2015,1,4,4,Winter
2015-01-05,26.8,17.7,21.8,0.0,11.9,22.3,65.49,970.0,5.37,2015,1,5,5,Winter
2015-01-06,25.8,16.1,21.2,0.0,10.2,21.6,62.57,970.0,4.2197,2015,1,6,6,Winter
2015-01-07,26.2,17.2,21.3,0.0,8.6,21.7,60.64,970.0,4.7347,2015,1,7,7,Winter
2015-01-08,26.3,16.8,21.1,0.0,11.3,21.6,61.63,970.0,4.3102,2015,1,8,8,Winter
2015-01-09,25.7,17.1,20.9,0.0,10.8,21.1,62.92,970.0,3.768,2015,1,9,9,Winter
2015-01-10,27.0,15.7,20.5,0.0,11.3,19.8,45.38,970.0,5.5826,2015,1,10,10,Winter
2015-01-11,26.4,10.9,18.6,0.0,12.4,17.0,46.89,970.0,6.1243,2015,1,11,11,Winter
2015-01-12,26.2,12.2,18.8,0.0,11.9,17.5,54.28,970.0,6.1219,2015,1,12,12,Winter
2015-01-13,26.4,12.2,18.8,0.0,11.0,17.6,50.19,970.0,6.1469,2015,1,13,13,Winter
2015-01-14,26.5,12.2,19.0,0.0,12.0,17.9,51.43,970.0,6.0864,2015,1,14,14,Winter
2015-01-15,26.7,13.0,19.4,0.0,12.1,18.4,55.42,970.0,5.8529,2015,1,15,15,Winter
2015-01-16,26.7,14.7,20.1,0.0,11.9,19.6,59.55,970.0,5.8267,2015,1,16,16,Winter
2015-01-17,26.9,15.5,21.2,0.0,11.4,21.1,55.84,970.0,4.6159,2015,1,17,17,Winter
2015-01-18,27.7,14.8,21.3,0.0,14.1,21.2,56.94,970.0,5.165,2015,1,18,18,Winter
2015-01-19,28.1,14.5,21.2,0.0,18.1,20.8,57.74,970.0,5.615,2015,1,19,19,Winter
2015-01-20,27.0,14.8,20.9,0.0,16.3,20.5,58.34,970.0,5.3369,2015,1,20,20,Winter
2015-01-21,26.8,14.4,20.3,0.0,15.8,19.7,57.35,970.0,5.4857,2015,1,21,21,Winter
2015-01-22,27.6,14.3,20.6,0.0,13.4,19.9,54.73,970.0,5.8872,2015,1,22,22,Winter
2015-01-23,27.4,16.9,21.4,0.0,17.6,21.1,60.82,970.0,5.2128,2015,1,23,23,Winter
2015-01-24,26.3,17.5,21.2,0.4,15.6,21.3,61.39,970.0,3.7764,2015,1,24,24,Winter
2015-01-25,28.4,17.6,22.0,0.0,15.7,21.5,49.1,970.0,5.9422,2015,1,25,25,Winter
2015-01-26,26.9,13.3,19.8,0.0,14.9,18.4,54.68,970.0,6.3036,2015,1,26,26,Winter
2015-01-27,27.2,13.6,20.0,0.0,16.6,19.2,58.47,970.0,6.0713,2015,1,27,27,Winter
2015-01-28,27.1,16.1,20.8,0.0,12.9,21.0,54.9,970.0,4.5046,2015,1,28,28,Winter
2015-01-29,28.2,16.5,21.8,0.0,13.7,22.0,55.24,970.0,4.44,2015,1,29,29,Winter
2015-01-30,28.5,17.5,22.3,0.0,12.6,22.6,54.64,970.0,4.0505,2015,1,30,30,Winter
2015-01-31,28.4,15.8,21.8,0.0,15.9,21.2,52.85,970.0,6.2074,2015,1,31,31,Winter
2015-02-01,27.8,14.9,21.1,0.0,13.6,20.8,52.86,970.0,6.3026,2015,2,1,32,Winter
2015-02-02,27.3,15.9,21.0,0.0,15.4,20.0,54.69,970.0,6.0007,2015,2,2,33,Winter
2015-02-03,27.3,13.6,20.2,0.0,14.0,19.2,53.05,970.0,6.449,2015,2,3,34,Winter
2015-02-04,27.4,14.5,20.6,0.0,14.1,19.4,50.96,970.0,6.4042,2015,2,4,35,Winter
2015-02-05,27.9,14.7,21.3,0.0,12.3,19.8,46.28,970.0,5.9582,2015,2,5,36,Winter
2015-02-06,28.5,13.9,21.1,0.0,14.4,19.5,46.22,970.0,6.4908,2015,2,6,37,Winter
2015-02-07,28.7,15.6,21.5,0.0,15.6,20.6,49.06,970.0,6.3823,2015,2,7,38,Winter
2015-02-08,29.2,15.2,21.7,0.0,16.2,20.8,50.54,970.0,6.5244,2015,2,8,39,Winter
2015-02-09,29.1,15.1,21.3,0.0,15.9,20.1,49.96,970.0,6.6823,2015,2,9,40,Winter
2015-02-10,27.7,14.1,20.5,0.0,14.1,19.9,49.21,970.0,6.5611,2015,2,10,41,Winter
2015-02-11,28.5,14.6,21.4,0.0,13.8,21.2,49.97,970.0,6.7999,2015,2,11,42,Winter
2015-02-12,28.7,17.4,22.4,0.0,13.8,22.6,43.37,970.0,6.6403,2015,2,12,43,Winter
2015-02-13,29.4,16.6,22.8,0.0,14.3,22.6,41.55,970.0,6.1507,2015,2,13,44,Winter
2015-02-14,30.8,16.7,23.5,0.0,13.7,23.0,40.87,970.0,6.523,2015,2,14,45,Winter
2015-02-15,30.7,16.4,23.5,0.0,14.0,22.8,44.0,970.0,6.6631,2015,2,15,46,Winter
2015-02-16,30.7,16.6,23.5,0.0,11.5,22.0,46.41,970.0,6.6336,2015,2,16,47,Winter
2015-02-17,30.8,15.6,23.2,0.0,11.7,22.0,44.14,970.0,6.8172,2015,2,17,48,Winter
2015-02-18,31.0,15.3,23.4,0.0,15.1,22.1,41.49,970.0,6.4214,2015,2,18,49,Winter
2015-02-19,30.4,15.9,23.4,0.0,15.8,22.3,43.19,970.0,6.0588,2015,2,19,50,Winter
2015-02-20,29.9,15.7,22.8,0.0,14.5,21.1,45.45,970.0,6.5861,2015,2,20,51,Winter
2015-02-21,29.5,15.5,22.4,0.0,17.7,20.1,44.03,970.0,6.8551,2015,2,21,52,Winter
2015-02-22,29.7,15.2,22.6,0.0,19.0,20.2,44.81,970.0,6.9338,2015,2,22,53,Winter
2015-02-23,29.8,15.4,22.5,0.0,19.9,19.4,35.29,970.0,7.1731,2015,2,23,54,Winter
2015-02-24,30.2,13.9,22.3,0.0,13.0,19.4,29.47,970.0,7.4383,2015,2,24,55,Winter
2015-02-25,30.5,14.3,22.8,0.0,13.1,21.0,36.32,970.0,6.7421,2015,2,25,56,Winter
2015-02-26,31.2,16.0,24.1,0.0,12.3,23.7,49.39,970.0,6.7423,2015,2,26,57,Winter
2015-02-27,31.2,19.3,25.0,0.0,15.6,25.3,42.27,970.0,6.2681,2015,2,27,58,Winter
2015-02-28,30.0,19.7,23.6,0.6,15.6,24.9,63.57,970.0,5.4574,2015,2,28,59,Winter
2015-03-01,29.5,19.7,23.4,1.6,15.1,24.4,59.68,970.0,5.2142,2015,3,1,60,Summer
2015-03-02,29.9,19.8,24.5,0.0,8.4,26.1,53.3,970.0,5.4024,2015,3,2,61,Summer
2015-03-03,29.6,20.1,24.2,0.3,8.2,26.0,68.71,970.0,4.8449,2015,3,3,62,Summer
2015-03-04,28.8,18.6,22.9,1.1,13.6,24.8,69.04,970.0,5.3741,2015,3,4,63,Summer
2015-03-05,29.9,19.1,23.9,1.9,14.7,25.9,54.82,970.0,6.5206,2015,3,5,64,Summer
2015-03-06,29.6,19.7,23.6,3.0,15.0,25.7,62.24,970.0,5.2848,2015,3,6,65,Summer
2015-03-07,28.7,19.6,23.3,3.4,7.6,25.7,64.16,970.0,5.7778,2015,3,7,66,Summer
2015-03-08,29.0,19.3,23.8,0.0,12.7,24.5,57.42,970.0,6.343,2015,3,8,67,Summer
2015-03-09,29.7,17.7,23.6,0.0,13.2,24.4,54.37,970.0,5.9566,2015,3,9,68,Summer
2015-03-10,30.7,18.1,23.8,0.0,16.6,23.2,49.32,970.0,7.0601,2015,3,10,69,Summer
2015-03-11,30.2,13.9,22.7,0.0,14.8,21.7,47.09,970.0,7.4155,2015,3,11,70,Summer
2015-03-12,30.0,16.6,23.3,0.0,16.2,23.3,54.2,970.0,6.9574,2015,3,12,71,Summer
2015-03-13,30.8,17.3,23.6,0.0,15.9,23.2,50.94,970.0,7.2602,2015,3,13,72,Summer
2015-03-14,30.8,15.9,23.5,0.0,14.3,23.0,48.94,970.0,6.9859,2015,3,14,73,Summer
2015-03-15,30.2,19.8,24.5,0.1,12.9,25.5,53.4,970.0,6.1493,2015,3,15,74,Summer
2015-03-16,31.3,21.2,25.6,0.0,13.5,26.4,46.35,970.0,6.6523,2015,3,16,75,Summer
2015-03-17,33.4,18.0,25.5,0.0,13.9,24.6,39.58,970.0,6.8057,2015,3,17,76,Summer
2015-03-18,33.8,17.2,25.7,0.0,13.1,24.5,33.18,970.0,6.9684,2015,3,18,77,Summer
2015-03-19,33.8,17.7,25.9,0.0,15.8,24.0,31.94,970.0,6.7771,2015,3,19,78,Summer
2015-03-20,33.8,17.5,25.9,0.0,16.9,24.0,41.39,970.0,7.4743,2015,3,20,79,Summer
2015-03-21,33.9,18.1,26.1,0.0,14.8,24.2,37.85,970.0,7.6296,2015,3,21,80,Summer
2015-03-22,34.8,18.1,26.9,0.0,13.7,25.0,34.55,970.0,7.363,2015,3,22,81,Summer
2015-03-23,34.0,19.5,27.5,0.0,12.3,26.8,36.51,970.0,6.1032,2015,3,23,82,Summer
2015-03-24,35.0,20.8,28.0,0.0,15.9,27.3,36.36,970.0,6.307,2015,3,24,83,Summer
2015-03-25,33.7,19.9,26.9,0.0,17.4,25.8,43.33,970.0,6.2947,2015,3,25,84,Summer
2015-03-26,33.8,19.4,26.4,0.0,17.9,25.8,45.4,970.0,6.4162,2015,3,26,85,Summer
2015-03-27,33.2,18.0,25.6,0.0,15.3,25.0,39.24,970.0,6.9694,2015,3,27,86,Summer
2015-03-28,33.2,17.7,25.7,0.0,16.8,25.1,40.03,970.0,7.5744,2015,3,28,87,Summer
2015-03-29,33.6,18.9,26.1,0.0,15.9,26.1,46.94,970.0,7.4047,2015,3,29,88,Summer
2015-03-30,33.5,19.5,26.4,0.0,17.6,26.5,45.73,970.0,7.2067,2015,3,30,89,Summer
2015-03-31,32.0,20.2,26.4,0.0,14.7,27.3,51.41,970.0,5.2433,2015,3,31,90,Summer
2015-04-01,31.0,21.0,25.6,1.9,12.7,27.7,48.18,970.0,5.7886,2015,4,1,91,Summer
2015-04-02,32.4,21.5,27.1,0.1,8.5,28.7,44.9,970.0,6.4975,2015,4,2,92,Summer
2015-04-03,32.5,22.2,27.7,0.0,9.9,28.6,41.17,970.0,6.3113,2015,4,3,93,Summer
2015-04-04,34.1,21.6,28.1,0.0,13.0,29.2,39.84,970.0,6.7471,2015,4,4,94,Summer
2015-04-05,34.4,23.5,28.6,0.2,13.0,29.8,41.64,970.0,7.1318,2015,4,5,95,Summer
2015-04-06,33.4,23.1,27.7,0.5,12.0,29.3,42.37,970.0,6.6266,2015,4,6,96,Summer
2015-04-07,33.8,22.4,28.0,0.1,15.9,29.2,43.84,970.0,6.8839,2015,4,7,97,Summer
2015-04-08,33.4,22.3,27.7,0.0,15.8,28.8,45.47,970.0,5.9714,2015,4,8,98,Summer
2015-04-09,33.6,22.3,27.5,0.0,15.3,28.7,41.2,970.0,6.9283,2015,4,9,99,Summer
2015-04-10,33.1,22.2,27.2,0.0,13.8,28.9,50.57,970.0,6.2486,2015,4,10,100,Summer
2015-04-11,32.8,21.9,27.1,0.1,9.4,28.8,56.16,970.0,6.227,2015,4,11,101,Summer
2015-04-12,30.4,20.4,24.4,22.7,8.8,26.9,58.95,970.0,5.021,2015,4,12,102,Summer
2015-04-13,26.6,19.4,22.2,16.1,7.2,25.0,78.1,970.0,4.4083,2015,4,13,103,Summer
2015-04-14,27.0,18.6,21.7,9.8,9.1,24.0,70.3,970.0,6.6005,2015,4,14,104,Summer
2015-04-15,26.2,18.2,22.1,1.0,12.9,24.3,80.16,970.0,5.6899,2015,4,15,105,Summer
2015-04-16,27.8,19.2,22.6,1.5,11.4,25.4,68.75,970.0,6.1956,2015,4,16,106,Summer
2015-04-17,28.1,19.2,23.7,0.0,8.6,25.7,66.03,970.0,6.773,2015,4,17,107,Summer
2015-04-18,28.5,19.4,24.1,0.4,10.0,25.8,60.87,970.0,6.751,2015,4,18,108,Summer
2015-04-19,29.8,19.4,24.9,0.0,11.9,26.6,56.4,970.0,7.2276,2015,4,19,109,Summer
2015-04-20,30.2,19.9,25.1,0.0,11.7,27.2,56.38,970.0,6.0761,2015,4,20,110,Summer
2015-04-21,30.6,20.2,24.7,0.8,13.0,27.1,58.83,970.0,6.3766,2015,4,21,111,Summer
2015-04-22,31.4,20.9,25.5,2.2,11.1,28.9,59.78,970.0,6.0821,2015,4,22,112,Summer
2015-04-23,29.5,21.5,24.6,4.8,8.7,28.2,68.54,970.0,6.0276,2015,4,23,113,Summer
2015-04-24,30.6,20.3,24.4,4.3,10.3,27.9,73.23,970.0,6.9782,2015,4,24,114,Summer
2015-04-25,30.0,20.2,24.3,0.3,9.7,27.2,75.06,970.0,6.39,2015,4,25,115,Summer
2015-04-26,29.6,20.1,23.8,4.1,11.1,26.8,67.55,970.0,6.3617,2015,4,26,116,Summer
2015-04-27,29.7,19.7,24.7,0.0,9.4,26.8,61.08,970.0,6.9869,2015,4,27,117,Summer
2015-04-28,31.4,19.6,25.4,0.0,8.6,27.5,57.73,970.0,6.9792,2015,4,28,118,Summer
2015-04-29,31.3,19.9,25.8,0.4,9.3,28.3,54.56,970.0,6.2359,2015,4,29,119,Summer
2015-04-30,32.2,20.8,25.2,7.8,11.0,27.8,61.55,970.0,6.3802,2015,4,30,120,Summer
2015-05-01,31.9,20.7,25.8,0.0,9.8,28.1,59.26,970.0,6.8405,2015,5,1,121,Summer
2015-05-02,32.3,21.5,25.7,2.8,12.9,28.5,64.3,970.0,6.6319,2015,5,2,122,Summer
2015-05-03,31.1,21.3,24.9,6.7,8.8,28.4,63.84,970.0,6.6871,2015,5,3,123,Summer
2015-05-04,30.8,20.4,25.1,1.8,7.2,28.3,57.68,970.0,5.7886,2015,5,4,124,Summer
2015-05-05,30.8,20.0,25.6,0.0,9.1,27.8,61.22,970.0,6.5662,2015,5,5,125,Summer
2015-05-06,30.1,21.2,25.2,3.8,7.2,27.9,64.09,970.0,5.0023,2015,5,6,126,Summer
2015-05-07,30.8,20.0,25.2,1.1,9.4,28.2,70.13,970.0,6.0847,2015,5,7,127,Summer
2015-05-08,32.1,20.9,26.2,0.0,10.9,29.0,61.67,970.0,6.9362,2015,5,8,128,Summer
2015-05-09,33.3,21.7,27.1,0.0,11.5,29.5,62.73,970.0,5.8217,2015,5,9,129,Summer
2015-05-10,32.8,22.1,27.1,0.5,11.2,29.1,65.76,970.0,4.2612,2015,5,10,130,Summer
2015-05-11,32.1,22.0,25.8,1.1,11.4,28.6,55.69,970.0,3.8489,2015,5,11,131,Summer
2015-05-12,30.3,21.5,25.4,0.0,10.5,27.1,54.58,970.0,5.1533,2015,5,12,132,Summer
2015-05-13,29.7,20.7,23.8,2.0,14.0,26.4,64.62,970.0,3.1982,2015,5,13,133,Summer
2015-05-14,28.6,21.3,23.2,6.2,12.3,26.0,57.43,970.0,4.8358,2015,5,14,134,Summer
2015-05-15,27.0,21.4,23.6,3.6,9.4,26.8,72.35,970.0,4.6001,2015,5,15,135,Summer
2015-05-16,28.2,20.9,23.3,20.4,13.3,26.8,78.85,970.0,2.7408,2015,5,16,136,Summer
2015-05-17,28.3,20.5,23.5,13.6,10.4,27.0,71.72,970.0,5.4487,2015,5,17,137,Summer
2015-05-18,29.4,20.1,24.0,15.9,11.8,27.1,74.94,970.0,6.0948,2015,5,18,138,Summer
2015-05-19,29.6,20.2,24.1,7.8,14.0,27.2,69.53,970.0,6.1817,2015,5,19,139,Summer
2015-05-20,31.4,21.3,25.5,0.5,13.9,28.7,67.45,970.0,6.8748,2015,5,20,140,Summer
2015-05-21,31.0,21.5,25.7,0.8,18.8,28.4,66.31,970.0,7.0018,2015,5,21,141,Summer
2015-05-22,31.6,21.9,25.8,2.5,16.6,28.6,77.62,970.0,6.1745,2015,5,22,142,Summer
2015-05-23,31.0,21.6,25.2,5.7,16.4,27.7,75.44,970.0,5.8985,2015,5,23,143,Summer
2015-05-24,31.5,21.2,25.7,0.3,16.6,27.8,68.54,970.0,6.9806,2015,5,24,144,Summer
2015-05-25,31.4,21.1,25.8,0.0,17.3,27.6,70.31,970.0,7.3046,2015,5,25,145,Summer
2015-05-26,31.4,20.3,25.7,0.0,15.5,27.6,63.06,970.0,6.8875,2015,5,26,146,Summer
2015-05-27,30.9,21.2,25.4,0.8,16.6,27.4,75.79,970.0,5.4401,2015,5,27,147,Summer
2015-05-28,29.7,21.5,25.5,0.0,14.8,28.1,75.84,970.0,2.6772,2015,5,28,148,Summer
2015-05-29,30.3,22.0,24.8,11.9,14.1,28.0,73.82,970.0,6.0362,2015,5,29,149,Summer
2015-05-30,31.6,21.1,25.3,4.5,14.4,28.4,71.88,970.0,6.7253,2015,5,30,150,Summer
2015-05-31,31.2,21.1,25.1,43.3,10.8,28.6,68.95,970.0,6.3667,2015,5,31,151,Summer
2015-06-01,29.4,21.1,24.1,17.6,16.4,27.2,70.63,970.0,4.3966,2015,6,1,152,Southwest Monsoon
2015-06-02,28.3,20.7,23.8,8.0,15.7,26.4,79.63,970.0,4.657,2015,6,2,153,Southwest Monsoon
2015-06-03,28.9,20.7,24.3,5.4,9.7,27.6,72.73,970.0,6.1886,2015,6,3,154,Southwest Monsoon
2015-06-04,28.3,20.6,23.6,10.8,10.2,27.1,75.17,970.0,4.6114,2015,6,4,155,Southwest Monsoon
2015-06-05,28.6,20.2,23.7,5.9,10.6,27.0,74.41,970.0,5.7449,2015,6,5,156,Southwest Monsoon
2015-06-06,29.1,20.4,24.7,0.0,12.2,27.5,73.75,970.0,6.7586,2015,6,6,157,Southwest Monsoon
2015-06-07,29.4,21.1,24.7,0.9,14.3,27.1,68.82,970.0,7.0584,2015,6,7,158,Southwest Monsoon
2015-06-08,28.2,20.5,24.1,2.2,17.6,26.1,70.33,970.0,6.3768,2015,6,8,159,Southwest Monsoon
2015-06-09,28.1,20.1,23.7,0.6,15.9,25.5,80.27,970.0,6.5398,2015,6,9,160,Southwest Monsoon
2015-06-10,29.2,21.2,24.9,0.0,15.9,26.5,74.19,970.0,6.6286,2015,6,10,161,Southwest Monsoon
2015-06-11,29.0,20.7,24.0,8.2,15.2,26.5,73.07,970.0,6.7486,2015,6,11,162,Southwest Monsoon
2015-06-12,27.0,20.0,22.6,6.8,15.9,24.5,79.17,970.0,5.7451,2015,6,12,163,Southwest Monsoon
2015-06-13,26.9,19.9,22.9,2.7,17.3,24.4,75.32,970.0,5.477,2015,6,13,164,Southwest Monsoon
2015-06-14,26.7,19.9,22.3,8.3,20.9,23.5,76.03,970.0,5.3112,2015,6,14,165,Southwest Monsoon
2015-06-15,26.2,19.3,22.6,0.4,21.5,23.9,71.59,970.0,5.3854,2015,6,15,166,Southwest Monsoon
2015-06-16,26.7,20.6,22.5,2.8,21.0,23.9,72.87,970.0,4.7839,2015,6,16,167,Southwest Monsoon
2015-06-17,26.0,20.3,22.4,1.4,25.5,22.9,74.54,970.0,3.912,2015,6,17,168,Southwest Monsoon
2015-06-18,24.2,20.2,21.5,5.0,26.3,21.9,75.13,970.0,3.8148,2015,6,18,169,Southwest Monsoon
2015-06-19,24.4,20.4,21.8,3.3,32.5,22.0,79.89,970.0,3.6204,2015,6,19,170,Southwest Monsoon
2015-06-20,24.3,20.3,21.4,5.0,32.0,20.7,72.81,970.0,4.1467,2015,6,20,171,Southwest Monsoon
2015-06-21,25.0,21.1,22.3,1.6,26.6,21.9,74.66,970.0,4.0896,2015,6,21,172,Southwest Monsoon
2015-06-22,26.0,21.0,23.0,0.5,33.8,22.3,76.4,970.0,4.9493,2015,6,22,173,Southwest Monsoon
2015-06-23,26.5,20.9,22.8,1.2,29.8,22.8,79.9,970.0,5.0938,2015,6,23,174,Southwest Monsoon
2015-06-24,26.7,20.7,23.2,0.4,31.2,23.1,78.24,970.0,5.2392,2015,6,24,175,Southwest Monsoon
2015-06-25,26.9,21.0,23.4,0.3,32.9,22.9,75.41,970.0,5.3753,2015,6,25,176,Southwest Monsoon
2015-06-26,26.9,21.6,23.6,0.4,33.5,23.3,74.9,970.0,3.3814,2015,6,26,177,Southwest Monsoon
2015-06-27,27.0,21.4,23.7,0.2,29.5,23.6,72.07,970.0,4.734,2015,6,27,178,Southwest Monsoon
2015-06-28,27.7,21.6,24.1,0.6,25.2,24.8,77.03,970.0,5.279,2015,6,28,179,Southwest Monsoon
2015-06-29,28.5,20.0,23.1,2.0,16.2,24.8,74.01,970.0,5.3254,2015,6,29,180,Southwest Monsoon
2015-06-30,28.0,20.0,23.8,0.2,17.7,25.3,71.29,970.0,5.911,2015,6,30,181,Southwest Monsoon
2015-07-01,28.1,20.0,23.8,0.1,18.4,24.9,68.96,970.0,6.3454,2015,7,1,182,Southwest Monsoon
2015-07-02,28.0,19.7,23.4,0.3,16.8,24.8,69.97,970.0,5.8219,2015,7,2,183,Southwest Monsoon
2015-07-03,28.0,19.8,23.2,3.5,19.6,24.5,72.26,970.0,5.4475,2015,7,3,184,Southwest Monsoon
2015-07-04,28.5,20.7,24.2,0.1,22.1,24.9,68.53,970.0,5.8301,2015,7,4,185,Southwest Monsoon
2015-07-05,29.0,19.7,24.1,0.0,22.9,24.3,66.68,970.0,6.443,2015,7,5,186,Southwest Monsoon
2015-07-06,29.6,18.9,23.8,0.0,25.4,23.6,66.02,970.0,6.6768,2015,7,6,187,Southwest Monsoon
2015-07-07,28.6,18.2,23.3,0.0,25.7,23.0,65.63,970.0,5.693,2015,7,7,188,Southwest Monsoon
2015-07-08,28.4,20.6,23.5,1.4,22.8,24.1,68.14,970.0,5.4559,2015,7,8,189,Southwest Monsoon
2015-07-09,28.0,21.1,23.6,2.5,25.6,24.2,71.03,970.0,4.9402,2015,7,9,190,Southwest Monsoon
2015-07-10,27.0,21.6,23.4,2.4,23.2,24.1,75.38,970.0,4.2278,2015,7,10,191,Southwest Monsoon
2015-07-11,27.5,21.0,23.5,0.8,27.7,23.6,74.2,970.0,4.8854,2015,7,11,192,Southwest Monsoon
2015-07-12,28.4,20.9,24.0,0.3,25.4,24.5,67.14,970.0,6.0566,2015,7,12,193,Southwest Monsoon
2015-07-13,28.8,20.2,24.2,0.3,19.1,25.3,65.38,970.0,6.631,2015,7,13,194,Southwest Monsoon
2015-07-14,27.9,20.6,23.9,0.6,17.7,25.2,68.39,970.0,5.658,2015,7,14,195,Southwest Monsoon
2015-07-15,27.5,20.6,23.0,8.0,20.4,24.4,76.7,970.0,3.8988,2015,7,15,196,Southwest Monsoon
2015-07-16,26.7,21.0,23.0,0.4,21.8,23.8,72.97,970.0,5.394,2015,7,16,197,Southwest Monsoon
2015-07-17,28.3,20.1,23.1,2.1,22.8,23.7,74.71,970.0,4.5067,2015,7,17,198,Southwest Monsoon
2015-07-18,27.6,21.1,22.8,4.0,25.1,23.5,71.82,970.0,4.2679,2015,7,18,199,Southwest Monsoon
2015-07-19,24.2,20.5,21.9,6.7,23.0,22.5,74.36,970.0,3.4738,2015,7,19,200,Southwest Monsoon
2015-07-20,27.6,19.3,22.1,3.0,27.9,22.5,74.07,970.0,4.4976,2015,7,20,201,Southwest Monsoon
2015-07-21,26.9,20.4,22.5,7.6,21.1,23.5,77.76,970.0,4.2701,2015,7,21,202,Southwest Monsoon
2015-07-22,25.9,20.0,22.1,17.1,22.4,23.4,75.64,970.0,5.8248,2015,7,22,203,Southwest Monsoon
2015-07-23,25.9,20.2,22.3,2.1,21.5,23.4,72.17,970.0,5.1799,2015,7,23,204,Southwest Monsoon
2015-07-24,26.0,20.1,22.3,1.0,22.3,23.3,70.2,970.0,5.0052,2015,7,24,205,Southwest Monsoon
2015-07-25,26.0,18.9,21.4,7.0,19.8,22.6,73.04,970.0,4.6793,2015,7,25,206,Southwest Monsoon
2015-07-26,25.5,19.8,22.0,1.5,21.6,22.8,74.75,970.0,4.5758,2015,7,26,207,Southwest Monsoon
2015-07-27,25.7,19.6,21.5,9.6,20.2,22.8,68.88,970.0,4.7676,2015,7,27,208,Southwest Monsoon
2015-07-28,27.4,19.4,22.4,2.3,17.9,23.7,63.14,970.0,5.869,2015,7,28,209,Southwest Monsoon
2015-07-29,27.5,18.4,23.0,0.0,20.0,23.9,65.65,970.0,6.8611,2015,7,29,210,Southwest Monsoon
2015-07-30,27.0,18.6,22.9,0.0,20.7,23.6,64.31,970.0,5.6213,2015,7,30,211,Southwest Monsoon
2015-07-31,27.0,19.6,22.2,8.0,18.5,23.4,69.52,970.0,5.6887,2015,7,31,212,Southwest Monsoon
2015-08-01,27.1,19.1,22.1,5.3,18.2,23.3,73.74,970.0,5.4535,2015,8,1,213,Southwest Monsoon
2015-08-02,26.8,19.8,22.2,2.4,19.9,23.4,72.02,970.0,4.8065,2015,8,2,214,Southwest Monsoon
2015-08-03,26.8,19.2,22.2,2.3,19.4,23.4,75.22,970.0,5.3455,2015,8,3,215,Southwest Monsoon
2015-08-04,26.7,19.9,22.4,1.9,20.3,23.2,73.54,970.0,5.3837,2015,8,4,216,Southwest Monsoon
2015-08-05,26.9,20.1,22.5,1.7,23.4,23.1,74.36,970.0,5.3462,2015,8,5,217,Southwest Monsoon
2015-08-06,26.6,20.6,23.0,0.7,26.6,23.3,69.36,970.0,5.3114,2015,8,6,218,Southwest Monsoon
2015-08-07,27.0,20.9,23.1,0.6,22.7,23.7,69.88,970.0,5.3899,2015,8,7,219,Southwest Monsoon
2015-08-08,27.1,20.4,23.2,0.4,22.2,23.7,71.03,970.0,5.2891,2015,8,8,220,Southwest Monsoon
2015-08-09,27.4,20.8,23.0,9.5,23.1,24.4,72.02,970.0,4.3142,2015,8,9,221,Southwest Monsoon
2015-08-10,27.1,20.4,22.4,8.9,21.8,23.6,75.89,970.0,4.2139,2015,8,10,222,Southwest Monsoon
2015-08-11,27.2,20.5,22.9,6.4,22.0,24.1,75.01,970.0,4.9661,2015,8,11,223,Southwest Monsoon
2015-08-12,24.6,20.0,21.7,4.7,20.6,22.9,72.16,970.0,4.3721,2015,8,12,224,Southwest Monsoon
2015-08-13,26.2,20.5,22.6,0.6,21.3,23.7,73.73,970.0,4.8617,2015,8,13,225,Southwest Monsoon
2015-08-14,27.5,20.8,23.4,1.0,19.1,25.0,67.22,970.0,4.8775,2015,8,14,226,Southwest Monsoon
2015-08-15,27.8,19.9,23.4,0.3,16.9,24.9,70.15,970.0,6.5777,2015,8,15,227,Southwest Monsoon
2015-08-16,27.6,20.2,23.1,8.2,16.9,25.1,76.59,970.0,4.1062,2015,8,16,228,Southwest Monsoon
2015-08-17,27.2,19.9,22.8,21.4,16.7,25.5,80.3,970.0,5.4367,2015,8,17,229,Southwest Monsoon
2015-08-18,28.0,19.6,23.9,4.3,7.1,27.1,70.19,970.0,6.1301,2015,8,18,230,Southwest Monsoon
2015-08-19,28.5,20.8,23.8,2.7,12.7,26.7,71.01,970.0,6.2623,2015,8,19,231,Southwest Monsoon
2015-08-20,28.0,19.5,23.7,4.2,12.9,26.6,75.27,970.0,5.981,2015,8,20,232,Southwest Monsoon
2015-08-21,27.2,20.2,22.8,12.6,14.0,25.2,80.26,970.0,4.4839,2015,8,21,233,Southwest Monsoon
2015-08-22,23.9,20.1,21.4,13.9,17.4,23.4,76.78,970.0,4.2026,2015,8,22,234,Southwest Monsoon
2015-08-23,26.5,19.4,22.0,4.2,18.9,23.6,73.06,970.0,5.7281,2015,8,23,235,Southwest Monsoon
2015-08-24,26.5,18.6,22.5,0.0,19.0,23.5,71.44,970.0,6.4061,2015,8,24,236,Southwest Monsoon
2015-08-25,26.7,18.1,22.5,0.0,19.5,23.2,71.93,970.0,6.9917,2015,8,25,237,Southwest Monsoon
2015-08-26,26.4,18.8,22.3,1.3,19.2,23.3,70.4,970.0,6.3384,2015,8,26,238,Southwest Monsoon
2015-08-27,26.5,19.8,22.0,8.6,19.2,23.5,75.63,970.0,4.2266,2015,8,27,239,Southwest Monsoon
2015-08-28,27.0,18.6,22.5,0.0,18.8,23.1,70.48,970.0,6.4147,2015,8,28,240,Southwest Monsoon
2015-08-29,26.7,18.0,22.6,0.0,17.8,23.5,67.74,970.0,6.4294,2015,8,29,241,Southwest Monsoon
2015-08-30,27.0,18.7,23.0,0.0,16.3,24.3,68.75,970.0,6.217,2015,8,30,242,Southwest Monsoon
2015-08-31,28.3,18.9,23.5,0.0,16.9,24.8,67.49,970.0,6.9943,2015,8,31,243,Southwest Monsoon
2015-09-01,28.2,18.9,23.6,0.0,13.4,25.4,67.57,970.0,6.941,2015,9,1,244,Southwest Monsoon
2015-09-02,28.4,18.7,23.6,0.0,12.0,25.4,62.41,970.0,6.7037,2015,9,2,245,Southwest Monsoon
2015-09-03,28.3,19.4,23.7,0.3,9.0,26.5,72.42,970.0,5.3014,2015,9,3,246,Southwest Monsoon
2015-09-04,28.8,20.2,23.7,25.7,8.1,27.4,73.91,970.0,6.0312,2015,9,4,247,Southwest Monsoon
2015-09-05,27.9,20.2,23.3,8.3,6.4,27.1,69.7,970.0,6.3797,2015,9,5,248,Southwest Monsoon
2015-09-06,27.7,19.7,23.1,6.9,11.4,26.1,78.59,970.0,5.6105,2015,9,6,249,Southwest Monsoon
2015-09-07,25.7,20.1,21.9,23.0,14.4,24.2,84.79,970.0,5.3369,2015,9,7,250,Southwest Monsoon
2015-09-08,24.7,18.8,21.4,3.9,17.2,22.8,73.52,970.0,5.3642,2015,9,8,251,Southwest Monsoon
2015-09-09,25.9,18.9,21.9,3.7,17.6,23.4,76.31,970.0,4.9728,2015,9,9,252,Southwest Monsoon
2015-09-10,25.8,18.8,22.0,0.3,17.1,23.4,73.05,970.0,5.3436,2015,9,10,253,Southwest Monsoon
2015-09-11,26.4,18.8,22.4,0.0,19.7,23.1,76.15,970.0,5.3702,2015,9,11,254,Southwest Monsoon
2015-09-12,27.3,18.3,22.5,0.0,20.2,23.1,69.29,970.0,5.8138,2015,9,12,255,Southwest Monsoon
2015-09-13,27.0,17.8,22.4,0.0,21.6,23.0,70.53,970.0,6.6847,2015,9,13,256,Southwest Monsoon
2015-09-14,26.0,19.3,22.5,0.5,25.2,22.8,73.74,970.0,5.7763,2015,9,14,257,Southwest Monsoon
2015-09-15,25.0,19.6,21.9,0.6,26.6,21.9,72.44,970.0,5.1458,2015,9,15,258,Southwest Monsoon
2015-09-16,25.8,20.3,22.3,2.6,24.1,22.9,70.05,970.0,4.699,2015,9,16,259,Southwest Monsoon
2015-09-17,27.3,19.8,23.2,0.0,23.4,23.9,71.97,970.0,4.2187,2015,9,17,260,Southwest Monsoon
2015-09-18,26.9,18.6,22.8,0.0,20.1,23.8,71.74,970.0,5.525,2015,9,18,261,Southwest Monsoon
2015-09-19,27.1,19.7,23.2,0.5,17.7,24.7,70.37,970.0,5.5171,2015,9,19,262,Southwest Monsoon
2015-09-20,26.6,19.4,22.5,2.1,16.5,24.3,76.91,970.0,4.4227,2015,9,20,263,Southwest Monsoon
2015-09-21,27.0,18.4,22.3,0.0,13.4,23.7,69.97,970.0,6.2424,2015,9,21,264,Southwest Monsoon
2015-09-22,28.4,17.4,23.1,0.0,8.9,25.1,68.97,970.0,6.7814,2015,9,22,265,Southwest Monsoon
2015-09-23,28.3,17.8,23.8,0.0,9.5,26.2,77.66,970.0,5.904,2015,9,23,266,Southwest Monsoon
2015-09-24,28.9,20.4,23.6,13.3,10.2,27.0,79.33,970.0,5.9126,2015,9,24,267,Southwest Monsoon
2015-09-25,28.2,19.0,23.2,15.6,10.5,26.5,75.0,970.0,6.6893,2015,9,25,268,Southwest Monsoon
2015-09-26,26.8,19.6,22.9,6.1,11.5,25.8,81.56,970.0,5.6594,2015,9,26,269,Southwest Monsoon
2015-09-27,27.7,19.1,22.9,14.2,8.2,26.1,76.44,970.0,5.3242,2015,9,27,270,Southwest Monsoon
2015-09-28,27.2,19.7,22.6,3.1,8.7,25.6,75.6,970.0,5.3179,2015,9,28,271,Southwest Monsoon
2015-09-29,26.6,18.7,22.6,1.3,10.0,25.4,81.83,970.0,5.1367,2015,9,29,272,Southwest Monsoon
2015-09-30,26.3,19.9,22.4,4.9,11.5,24.8,78.6,970.0,4.3973,2015,9,30,273,Southwest Monsoon
2015-10-01,26.5,19.2,22.3,3.9,10.0,25.0,77.35,970.0,4.687,2015,10,1,274,Post-Monsoon
2015-10-02,27.0,20.2,23.1,0.8,12.2,25.8,79.03,970.0,5.736,2015,10,2,275,Post-Monsoon
2015-10-03,26.5,19.3,23.0,0.0,15.7,24.8,80.07,970.0,5.5298,2015,10,3,276,Post-Monsoon
2015-10-04,26.4,20.6,22.3,22.8,14.3,24.9,83.93,970.0,4.5262,2015,10,4,277,Post-Monsoon
2015-10-05,25.8,19.6,21.8,12.4,13.7,24.3,83.61,970.0,4.1549,2015,10,5,278,Post-Monsoon
2015-10-06,26.6,19.4,22.5,6.2,13.4,24.8,79.36,970.0,5.2922,2015,10,6,279,Post-Monsoon
2015-10-07,27.2,20.0,23.1,0.0,11.4,25.6,82.13,970.0,6.0859,2015,10,7,280,Post-Monsoon
2015-10-08,26.7,19.1,22.8,0.6,18.4,24.5,77.61,970.0,5.5404,2015,10,8,281,Post-Monsoon
2015-10-09,26.2,19.5,22.3,4.3,15.6,24.1,82.19,970.0,5.4386,2015,10,9,282,Post-Monsoon
2015-10-10,27.1,19.4,22.5,4.8,16.5,24.8,82.63,970.0,5.449,2015,10,10,283,Post-Monsoon
2015-10-11,26.7,19.5,22.5,9.1,7.4,25.7,85.67,970.0,4.9615,2015,10,11,284,Post-Monsoon
2015-10-12,27.6,19.8,23.2,1.9,8.8,26.5,83.28,970.0,4.9543,2015,10,12,285,Post-Monsoon
2015-10-13,28.1,18.3,23.0,0.0,8.8,24.9,73.41,970.0,6.2033,2015,10,13,286,Post-Monsoon
2015-10-14,27.9,16.3,22.2,0.0,10.5,23.2,66.03,970.0,6.4994,2015,10,14,287,Post-Monsoon
2015-10-15,28.3,16.0,22.4,0.0,8.6,23.7,67.83,970.0,6.1706,2015,10,15,288,Post-Monsoon
2015-10-16,28.2,17.7,23.0,0.0,11.4,24.5,72.52,970.0,6.0115,2015,10,16,289,Post-Monsoon
2015-10-17,28.1,17.7,22.8,0.0,11.3,24.7,74.2,970.0,6.299,2015,10,17,290,Post-Monsoon
2015-10-18,27.9,18.6,23.0,0.0,11.6,24.9,72.38,970.0,6.3703,2015,10,18,291,Post-Monsoon
2015-10-19,28.9,19.0,23.2,0.0,10.9,25.1,68.78,970.0,5.8714,2015,10,19,292,Post-Monsoon
2015-10-20,28.4,19.9,23.7,0.0,11.4,25.6,71.8,970.0,5.9393,2015,10,20,293,Post-Monsoon
2015-10-21,28.7,18.5,23.4,0.0,11.3,24.9,70.84,970.0,5.4442,2015,10,21,294,Post-Monsoon
2015-10-22,29.0,17.0,23.0,0.0,12.1,23.7,66.62,970.0,6.1205,2015,10,22,295,Post-Monsoon
2015-10-23,28.5,16.1,22.2,0.0,11.8,22.2,57.85,970.0,6.3876,2015,10,23,296,Post-Monsoon
2015-10-24,28.6,17.6,22.1,0.0,16.3,22.1,58.18,970.0,6.54,2015,10,24,297,Post-Monsoon
2015-10-25,28.1,15.0,21.7,0.0,14.8,22.1,68.02,970.0,6.1649,2015,10,25,298,Post-Monsoon
2015-10-26,26.9,17.9,22.3,0.0,15.4,23.2,72.21,970.0,5.4341,2015,10,26,299,Post-Monsoon
2015-10-27,27.4,17.8,22.7,0.0,11.8,24.0,66.69,970.0,4.6963,2015,10,27,300,Post-Monsoon
2015-10-28,27.9,18.8,22.9,0.1,12.2,24.6,78.2,970.0,5.3203,2015,10,28,301,Post-Monsoon
2015-10-29,28.3,19.8,23.4,0.0,10.9,25.4,68.67,970.0,5.689,2015,10,29,302,Post-Monsoon
2015-10-30,28.6,19.1,23.3,0.0,12.5,25.3,69.1,970.0,5.5217,2015,10,30,303,Post-Monsoon
2015-10-31,27.6,19.5,22.8,0.6,14.2,24.8,73.7,970.0,4.5749,2015,10,31,304,Post-Monsoon
2015-11-01,26.0,19.9,22.0,18.0,12.0,24.3,75.64,970.0,3.7721,2015,11,1,305,Post-Monsoon
2015-11-02,24.9,19.9,21.5,9.7,12.2,24.4,87.03,970.0,4.2002,2015,11,2,306,Post-Monsoon
2015-11-03,26.4,19.6,22.0,16.3,6.6,25.1,86.53,970.0,4.4172,2015,11,3,307,Post-Monsoon
2015-11-04,26.2,19.4,21.8,22.6,7.0,24.7,85.57,970.0,4.4489,2015,11,4,308,Post-Monsoon
2015-11-05,26.3,18.2,22.0,0.0,10.7,24.2,81.66,970.0,4.681,2015,11,5,309,Post-Monsoon
2015-11-06,27.0,17.2,22.1,0.0,14.3,23.7,79.59,970.0,5.5118,2015,11,6,310,Post-Monsoon
2015-11-07,26.8,19.0,22.3,0.0,15.3,23.7,77.49,970.0,5.4634,2015,11,7,311,Post-Monsoon
2015-11-08,26.3,18.5,22.0,0.0,18.9,23.1,85.08,970.0,4.5506,2015,11,8,312,Post-Monsoon
2015-11-09,20.9,18.0,19.4,32.0,25.5,19.6,89.68,970.0,0.8417,2015,11,9,313,Post-Monsoon
2015-11-10,20.8,17.0,18.5,9.9,24.1,18.1,92.94,970.0,1.878,2015,11,10,314,Post-Monsoon
2015-11-11,22.8,18.7,20.4,4.7,15.5,22.1,90.02,970.0,2.605,2015,11,11,315,Post-Monsoon
2015-11-12,26.0,19.5,21.6,5.9,15.8,23.7,87.15,970.0,4.2576,2015,11,12,316,Post-Monsoon
2015-11-13,24.8,18.5,21.0,5.3,14.0,22.3,82.29,970.0,2.7029,2015,11,13,317,Post-Monsoon
2015-11-14,24.3,17.1,20.4,0.0,16.0,20.4,81.4,970.0,3.7114,2015,11,14,318,Post-Monsoon
2015-11-15,22.0,16.7,18.2,24.4,15.3,18.3,88.0,970.0,1.5192,2015,11,15,319,Post-Monsoon
2015-11-16,18.3,16.5,17.4,126.6,17.4,17.7,93.55,970.0,2.6102,2015,11,16,320,Post-Monsoon
2015-11-17,20.1,17.1,18.3,17.6,16.9,19.3,89.37,970.0,3.1322,2015,11,17,321,Post-Monsoon
2015-11-18,22.4,18.0,19.6,1.1,16.0,20.8,90.58,970.0,2.767,2015,11,18,322,Post-Monsoon
2015-11-19,23.6,18.9,20.4,13.8,12.6,22.4,89.98,970.0,3.1543,2015,11,19,323,Post-Monsoon
2015-11-20,24.8,19.3,21.2,4.3,14.5,23.2,89.04,970.0,3.5074,2015,11,20,324,Post-Monsoon
2015-11-21,25.2,19.1,21.4,2.3,15.9,23.0,87.11,970.0,3.3646,2015,11,21,325,Post-Monsoon
2015-11-22,24.1,19.8,21.2,4.1,20.5,22.8,90.69,970.0,2.6194,2015,11,22,326,Post-Monsoon
2015-11-23,23.8,19.4,20.7,14.5,20.1,22.5,88.79,970.0,3.0329,2015,11,23,327,Post-Monsoon
2015-11-24,25.5,18.5,21.4,3.7,17.1,22.8,86.57,970.0,3.9312,2015,11,24,328,Post-Monsoon
2015-11-25,25.4,16.7,20.2,0.0,11.3,21.0,78.81,970.0,6.0754,2015,11,25,329,Post-Monsoon
2015-11-26,25.7,14.9,20.6,0.0,10.0,21.8,81.21,970.0,5.0633,2015,11,26,330,Post-Monsoon
2015-11-27,26.6,17.2,21.7,0.0,10.2,23.1,83.76,970.0,5.6938,2015,11,27,331,Post-Monsoon
2015-11-28,25.9,14.7,19.8,0.0,9.8,20.3,79.41,970.0,5.659,2015,11,28,332,Post-Monsoon
2015-11-29,23.7,17.5,20.0,4.0,19.5,21.3,87.93,970.0,3.1114,2015,11,29,333,Post-Monsoon
2015-11-30,24.6,19.0,20.6,14.5,11.9,22.7,87.77,970.0,2.8961,2015,11,30,334,Post-Monsoon
2015-12-01,23.2,19.4,20.6,4.8,16.8,22.3,86.26,970.0,2.3654,2015,12,1,335,Winter
2015-12-02,21.2,18.8,19.7,19.1,18.2,21.2,88.63,970.0,2.7118,2015,12,2,336,Winter
2015-12-03,23.1,18.4,19.9,9.9,14.6,21.3,85.89,970.0,2.5435,2015,12,3,337,Winter
2015-12-04,25.3,16.8,20.5,0.0,20.0,21.1,82.41,970.0,5.3839,2015,12,4,338,Winter
2015-12-05,24.7,17.0,20.6,0.0,20.0,20.6,85.08,970.0,4.3363,2015,12,5,339,Winter
2015-12-06,23.8,17.0,20.1,0.0,22.3,20.4,87.31,970.0,3.415,2015,12,6,340,Winter
2015-12-07,25.1,16.7,20.3,0.0,15.6,20.8,84.78,970.0,4.669,2015,12,7,341,Winter
2015-12-08,24.2,16.0,19.7,0.0,12.7,19.7,79.86,970.0,3.6566,2015,12,8,342,Winter
2015-12-09,24.7,16.4,20.7,0.0,14.7,21.8,85.93,970.0,2.9285,2015,12,9,343,Winter
2015-12-10,25.4,19.5,22.0,1.2,14.0,24.0,86.25,970.0,2.7658,2015,12,10,344,Winter
2015-12-11,25.2,19.0,21.6,0.0,11.9,23.5,83.86,970.0,4.5557,2015,12,11,345,Winter
2015-12-12,24.9,17.5,20.6,0.3,10.9,21.5,78.01,970.0,4.7011,2015,12,12,346,Winter
2015-12-13,26.6,16.7,21.4,0.0,7.9,22.9,77.64,970.0,5.243,2015,12,13,347,Winter
2015-12-14,26.8,17.7,21.8,3.7,7.6,24.5,76.67,970.0,4.7114,2015,12,14,348,Winter
2015-12-15,26.7,18.6,21.9,0.0,9.9,23.9,75.99,970.0,4.9858,2015,12,15,349,Winter
2015-12-16,26.8,16.9,21.1,0.0,10.0,22.8,74.92,970.0,5.1209,2015,12,16,350,Winter
2015-12-17,25.6,15.2,19.5,0.0,10.0,20.0,77.69,970.0,5.8992,2015,12,17,351,Winter
2015-12-18,26.3,14.6,19.9,0.0,11.9,21.0,80.3,970.0,4.6145,2015,12,18,352,Winter
2015-12-19,25.9,18.1,21.2,0.0,12.1,22.6,78.49,970.0,5.0062,2015,12,19,353,Winter
2015-12-20,25.9,17.4,20.8,0.0,14.0,21.9,77.54,970.0,5.2375,2015,12,20,354,Winter
2015-12-21,26.3,16.8,20.7,0.0,12.0,21.5,72.79,970.0,5.4142,2015,12,21,355,Winter
2015-12-22,26.8,14.5,20.5,0.0,10.2,20.6,71.94,970.0,5.7744,2015,12,22,356,Winter
2015-12-23,25.6,15.6,20.0,0.0,12.2,20.4,73.01,970.0,5.5704,2015,12,23,357,Winter
2015-12-24,26.4,13.5,19.9,0.0,10.4,19.9,71.98,970.0,5.5702,2015,12,24,358,Winter
2015-12-25,25.7,15.7,20.3,0.0,16.9,20.3,74.83,970.0,5.5375,2015,12,25,359,Winter
2015-12-26,25.4,16.4,20.5,0.0,16.1,20.4,73.82,970.0,5.544,2015,12,26,360,Winter
2015-12-27,25.7,16.0,20.5,0.0,21.6,20.4,75.71,970.0,3.9511,2015,12,27,361,Winter
2015-12-28,25.8,15.7,20.2,0.0,16.0,20.0,70.89,970.0,5.2625,2015,12,28,362,Winter
2015-12-29,26.6,13.6,19.5,0.0,15.5,18.7,67.47,970.0,5.7487,2015,12,29,363,Winter
2015-12-30,26.8,12.6,19.2,0.0,18.8,18.1,63.57,970.0,5.9873,2015,12,30,364,Winter
2015-12-31,26.6,13.0,19.2,0.0,17.8,17.9,71.92,970.0,5.8721,2015,12,31,365,Winter
2016-01-01,25.6,13.6,18.9,0.0,19.8,18.0,73.06,970.0,5.2322,2016,1,1,1,Winter
2016-01-02,26.1,12.9,19.0,0.0,17.4,17.4,66.01,970.0,6.0163,2016,1,2,2,Winter
2016-01-03,26.5,11.9,19.0,0.0,16.9,17.5,66.4,970.0,6.0734,2016,1,3,3,Winter
2016-01-04,26.3,11.8,19.1,0.0,18.0,17.5,65.92,970.0,6.0058,2016,1,4,4,Winter
2016-01-05,25.8,12.3,18.9,0.0,13.0,17.7,66.78,970.0,5.8008,2016,1,5,5,Winter
2016-01-06,26.3,13.3,19.8,0.0,13.9,19.7,65.47,970.0,5.4718,2016,1,6,6,Winter
2016-01-07,26.1,14.7,20.3,0.0,13.8,20.3,67.13,970.0,4.5149,2016,1,7,7,Winter
2016-01-08,26.2,14.5,19.9,0.0,11.5,19.2,65.19,970.0,4.561,2016,1,8,8,Winter
2016-01-09,26.3,13.7,19.7,0.0,12.9,18.1,64.18,970.0,5.6503,2016,1,9,9,Winter
2016-01-10,26.2,13.1,19.4,0.0,13.0,17.7,62.88,970.0,5.9664,2016,1,10,10,Winter
2016-01-11,25.9,12.9,19.3,0.0,12.6,17.4,63.45,970.0,5.8812,2016,1,11,11,Winter
2016-01-12,26.6,13.2,19.7,0.0,11.4,18.7,65.35,970.0,5.8512,2016,1,12,12,Winter
2016-01-13,26.0,13.7,19.7,0.0,12.6,19.0,68.22,970.0,4.9334,2016,1,13,13,Winter
2016-01-14,26.7,13.8,20.0,0.0,15.4,19.1,65.25,970.0,5.7617,2016,1,14,14,Winter
2016-01-15,26.1,13.7,19.7,0.0,16.2,19.0,69.49,970.0,5.7835,2016,1,15,15,Winter
2016-01-16,26.1,13.8,20.3,0.0,14.5,20.1,66.97,970.0,5.1936,2016,1,16,16,Winter
2016-01-17,26.0,14.5,20.6,0.0,14.8,20.5,70.35,970.0,4.9236,2016,1,17,17,Winter
2016-01-18,25.9,15.0,20.7,0.0,12.3,21.1,69.44,970.0,5.0326,2016,1,18,18,Winter
2016-01-19,24.5,17.1,21.1,0.0,12.0,21.9,71.07,970.0,3.1891,2016,1,19,19,Winter
2016-01-20,23.5,18.8,20.7,0.6,9.7,22.1,75.56,970.0,2.903,2016,1,20,20,Winter
2016-01-21,25.4,18.3,21.3,1.2,8.9,23.2,75.45,970.0,4.2094,2016,1,21,21,Winter
2016-01-22,26.0,18.5,21.6,0.6,13.2,22.5,73.08,970.0,3.6576,2016,1,22,22,Winter
2016-01-23,25.2,18.2,21.4,0.1,16.0,22.0,73.83,970.0,4.2398,2016,1,23,23,Winter
2016-01-24,25.3,18.2,21.2,0.0,13.5,22.1,70.39,970.0,4.7695,2016,1,24,24,Winter
2016-01-25,27.3,18.7,22.3,0.0,12.9,23.6,68.87,970.0,5.0059,2016,1,25,25,Winter
2016-01-26,27.5,17.9,22.2,0.0,13.0,23.3,69.08,970.0,5.0875,2016,1,26,26,Winter
2016-01-27,28.4,17.4,22.5,0.0,12.8,23.5,64.6,970.0,4.7558,2016,1,27,27,Winter
2016-01-28,29.2,16.5,22.6,0.0,11.6,22.9,62.43,970.0,6.1171,2016,1,28,28,Winter
2016-01-29,28.8,15.8,22.3,0.0,12.1,22.3,61.31,970.0,5.9993,2016,1,29,29,Winter
2016-01-30,28.2,14.6,21.4,0.0,17.7,20.5,61.01,970.0,6.2878,2016,1,30,30,Winter
2016-01-31,29.0,14.5,21.4,0.0,17.3,19.9,55.89,970.0,6.426,2016,1,31,31,Winter
2016-02-01,29.6,12.7,21.1,0.0,14.5,19.0,48.78,970.0,6.2892,2016,2,1,32,Winter
2016-02-02,30.1,12.4,21.4,0.0,14.8,19.2,51.07,970.0,6.2981,2016,2,2,33,Winter
2016-02-03,29.7,12.9,21.7,0.0,13.2,20.0,50.12,970.0,5.8752,2016,2,3,34,Winter
2016-02-04,29.3,15.3,22.2,0.0,14.8,20.6,54.49,970.0,6.0686,2016,2,4,35,Winter
2016-02-05,27.9,14.6,21.3,0.0,12.9,20.2,58.02,970.0,6.2184,2016,2,5,36,Winter
2016-02-06,28.5,15.4,21.9,0.0,13.8,21.6,60.89,970.0,5.8786,2016,2,6,37,Winter
2016-02-07,29.5,16.3,23.1,0.0,12.8,24.0,63.35,970.0,5.405,2016,2,7,38,Winter
2016-02-08,29.9,18.1,23.7,0.0,13.9,24.3,59.49,970.0,5.5356,2016,2,8,39,Winter
2016-02-09,29.9,17.4,23.6,0.0,13.3,23.7,55.08,970.0,5.6513,2016,2,9,40,Winter
2016-02-10,29.8,16.7,23.6,0.0,15.3,23.7,54.64,970.0,5.741,2016,2,10,41,Winter
2016-02-11,30.1,19.1,24.5,0.0,14.2,24.3,55.03,970.0,5.5829,2016,2,11,42,Winter
2016-02-12,29.8,19.0,24.5,0.0,12.5,24.6,50.29,970.0,5.9194,2016,2,12,43,Winter
2016-02-13,29.4,18.1,23.9,0.0,14.4,23.8,52.15,970.0,5.8099,2016,2,13,44,Winter
2016-02-14,29.8,17.6,23.3,0.0,15.9,22.6,52.25,970.0,6.4692,2016,2,14,45,Winter
2016-02-15,28.8,15.3,22.3,0.0,16.6,21.9,54.95,970.0,6.6629,2016,2,15,46,Winter
2016-02-16,29.7,18.1,23.0,0.0,15.8,23.0,54.41,970.0,6.6854,2016,2,16,47,Winter
2016-02-17,28.7,16.1,22.4,0.0,17.2,21.7,54.95,970.0,5.7763,2016,2,17,48,Winter
2016-02-18,28.7,17.9,22.7,0.0,21.1,22.2,55.44,970.0,5.0273,2016,2,18,49,Winter
2016-02-19,29.9,16.8,23.3,0.0,15.4,22.8,48.32,970.0,6.2417,2016,2,19,50,Winter
2016-02-20,31.5,17.1,24.2,0.0,11.4,24.7,52.73,970.0,6.7198,2016,2,20,51,Winter
2016-02-21,32.4,18.3,25.3,0.0,11.5,26.2,50.4,970.0,6.648,2016,2,21,52,Winter
2016-02-22,33.2,18.9,25.7,0.0,13.4,26.2,47.4,970.0,6.8753,2016,2,22,53,Winter
2016-02-23,32.8,17.2,24.9,0.0,12.8,24.6,44.39,970.0,7.1381,2016,2,23,54,Winter
2016-02-24,31.5,16.9,24.5,0.0,13.0,25.0,46.93,970.0,6.8594,2016,2,24,55,Winter
2016-02-25,31.7,18.5,25.4,0.0,13.4,26.1,44.89,970.0,6.4843,2016,2,25,56,Winter
2016-02-26,30.7,19.9,24.5,0.0,13.7,25.0,54.53,970.0,6.4414,2016,2,26,57,Winter
2016-02-27,30.5,18.3,23.9,0.0,14.0,23.8,53.73,970.0,6.7716,2016,2,27,58,Winter
2016-02-28,30.5,19.3,24.2,0.0,13.3,24.7,55.52,970.0,5.8234,2016,2,28,59,Winter
2016-02-29,29.3,19.1,23.8,0.0,13.7,24.1,53.64,970.0,5.1259,2016,2,29,60,Winter
2016-03-01,30.3,18.2,24.0,0.0,14.3,24.1,54.72,970.0,6.2525,2016,3,1,61,Summer
2016-03-02,30.5,17.9,24.1,0.0,13.2,24.1,55.39,970.0,5.9266,2016,3,2,62,Summer
2016-03-03,31.6,17.4,24.5,0.0,17.3,24.1,49.89,970.0,6.8616,2016,3,3,63,Summer
2016-03-04,32.0,16.2,24.3,0.0,13.1,23.6,42.16,970.0,6.4488,2016,3,4,64,Summer
2016-03-05,31.9,17.7,24.5,0.0,13.4,24.0,44.76,970.0,7.0481,2016,3,5,65,Summer
2016-03-06,32.0,17.3,24.4,0.0,15.2,24.4,46.12,970.0,7.1266,2016,3,6,66,Summer
2016-03-07,31.8,18.0,24.2,0.0,13.9,24.3,46.35,970.0,7.0438,2016,3,7,67,Summer
2016-03-08,32.4,17.0,24.4,0.0,13.4,24.7,45.6,970.0,7.1412,2016,3,8,68,Summer
2016-03-09,32.8,17.2,25.1,0.0,12.8,25.4,45.07,970.0,7.0718,2016,3,9,69,Summer
2016-03-10,32.7,19.3,25.7,0.0,11.4,25.8,48.91,970.0,5.9338,2016,3,10,70,Summer
2016-03-11,33.5,18.5,26.1,0.0,12.0,26.8,41.14,970.0,6.6619,2016,3,11,71,Summer
2016-03-12,33.4,19.0,26.4,0.0,12.9,27.3,45.73,970.0,6.575,2016,3,12,72,Summer
2016-03-13,33.1,21.1,27.1,0.1,9.4,28.7,44.14,970.0,6.0607,2016,3,13,73,Summer
2016-03-14,31.7,22.0,26.8,0.0,10.3,28.9,44.95,970.0,5.5826,2016,3,14,74,Summer
2016-03-15,31.0,21.9,25.7,1.0,16.3,27.5,58.65,970.0,5.5294,2016,3,15,75,Summer
2016-03-16,32.2,20.5,26.4,0.0,13.8,28.6,58.88,970.0,6.5222,2016,3,16,76,Summer
2016-03-17,31.6,21.1,26.3,0.0,10.9,28.7,60.24,970.0,6.3134,2016,3,17,77,Summer
2016-03-18,34.0,21.9,27.8,0.0,12.7,29.1,51.19,970.0,6.2741,2016,3,18,78,Summer
2016-03-19,34.1,21.4,27.9,0.0,12.7,28.6,47.4,970.0,6.791,2016,3,19,79,Summer
2016-03-20,35.0,20.9,28.4,0.0,11.0,28.5,42.22,970.0,6.9696,2016,3,20,80,Summer
2016-03-21,34.9,22.4,29.0,0.0,10.9,29.4,37.9,970.0,6.4217,2016,3,21,81,Summer
2016-03-22,34.1,23.0,28.5,0.0,9.1,29.7,36.41,970.0,5.6846,2016,3,22,82,Summer
2016-03-23,32.8,22.0,27.8,0.0,16.1,29.2,39.63,970.0,5.851,2016,3,23,83,Summer
2016-03-24,33.9,21.9,28.1,0.0,15.8,28.5,37.99,970.0,6.8928,2016,3,24,84,Summer
2016-03-25,34.2,20.5,27.3,0.0,13.7,26.8,34.58,970.0,6.3806,2016,3,25,85,Summer
2016-03-26,34.1,19.0,26.6,0.0,12.6,26.0,40.26,970.0,7.0908,2016,3,26,86,Summer
2016-03-27,33.8,18.0,26.2,0.0,12.6,25.3,38.5,970.0,7.4386,2016,3,27,87,Summer
2016-03-28,33.7,18.1,26.3,0.0,13.7,26.6,45.37,970.0,7.4402,2016,3,28,88,Summer
2016-03-29,33.6,19.4,26.4,0.0,13.7,26.9,49.31,970.0,7.0543,2016,3,29,89,Summer
2016-03-30,33.7,20.3,26.9,0.0,12.1,27.5,45.49,970.0,7.1069,2016,3,30,90,Summer
2016-03-31,33.7,20.5,27.1,0.0,11.1,27.7,45.6,970.0,6.6422,2016,3,31,91,Summer
2016-04-01,33.2,20.5,27.1,0.0,11.4,27.6,38.8,970.0,7.188,2016,4,1,92,Summer
2016-04-02,34.1,20.4,27.4,0.0,12.1,27.6,36.73,970.0,7.1287,2016,4,2,93,Summer
2016-04-03,33.8,20.6,27.6,0.0,10.2,27.9,34.73,970.0,6.9593,2016,4,3,94,Summer
2016-04-04,34.7,21.2,28.0,0.0,13.4,27.9,32.5,970.0,7.2926,2016,4,4,95,Summer
2016-04-05,34.1,20.3,27.5,0.0,12.7,27.4,32.56,970.0,7.4083,2016,4,5,96,Summer
2016-04-06,33.1,21.5,27.5,0.0,10.2,28.3,40.81,970.0,6.9163,2016,4,6,97,Summer
2016-04-07,33.9,21.7,28.0,0.0,14.7,29.6,43.32,970.0,6.7207,2016,4,7,98,Summer
2016-04-08,32.8,22.3,27.6,1.7,14.6,29.8,46.89,970.0,6.1572,2016,4,8,99,Summer
2016-04-09,31.9,23.3,27.0,0.5,9.2,29.6,51.01,970.0,5.5572,2016,4,9,100,Summer
2016-04-10,32.7,22.7,27.7,0.1,8.7,30.1,43.85,970.0,6.1054,2016,4,10,101,Summer
2016-04-11,35.1,22.1,28.8,0.0,13.2,30.2,38.34,970.0,6.5578,2016,4,11,102,Summer
2016-04-12,35.6,22.8,29.2,0.0,11.2,30.9,35.93,970.0,6.919,2016,4,12,103,Summer
2016-04-13,35.2,23.2,29.4,0.0,13.0,31.1,39.39,970.0,6.6494,2016,4,13,104,Summer
2016-04-14,34.9,25.0,29.6,0.0,13.1,31.5,36.54,970.0,6.3427,2016,4,14,105,Summer
2016-04-15,35.9,24.7,30.1,0.0,14.9,31.3,40.31,970.0,6.4579,2016,4,15,106,Summer
2016-04-16,35.3,23.3,29.3,0.0,12.5,30.5,39.03,970.0,6.7145,2016,4,16,107,Summer
2016-04-17,35.8,22.9,29.6,0.0,14.2,30.3,37.08,970.0,6.6454,2016,4,17,108,Summer
2016-04-18,35.0,22.1,28.6,0.0,11.9,29.7,38.94,970.0,7.4863,2016,4,18,109,Summer
2016-04-19,34.8,22.7,28.6,0.0,13.3,30.4,43.79,970.0,7.3567,2016,4,19,110,Summer
2016-04-20,35.5,23.6,29.3,0.0,14.3,31.1,42.48,970.0,7.0351,2016,4,20,111,Summer
2016-04-21,35.2,23.2,29.4,0.0,9.0,31.1,34.7,970.0,6.864,2016,4,21,112,Summer
2016-04-22,33.9,23.0,28.6,0.4,13.0,30.7,39.29,970.0,7.1678,2016,4,22,113,Summer
2016-04-23,36.1,23.7,29.9,0.0,11.9,31.0,31.69,970.0,7.2905,2016,4,23,114,Summer
2016-04-24,36.7,23.2,30.2,0.0,10.9,31.1,26.51,970.0,7.1556,2016,4,24,115,Summer
2016-04-25,35.2,23.8,29.5,0.2,12.4,30.9,36.88,970.0,6.5436,2016,4,25,116,Summer
2016-04-26,35.5,24.0,29.8,0.0,13.8,30.6,44.75,970.0,6.6895,2016,4,26,117,Summer
2016-04-27,35.8,21.2,28.6,0.0,12.9,29.0,43.03,970.0,7.3541,2016,4,27,118,Summer
2016-04-28,35.6,21.9,28.7,0.0,12.7,29.3,43.09,970.0,7.5031,2016,4,28,119,Summer
2016-04-29,35.5,22.2,29.0,0.0,12.2,29.3,34.64,970.0,7.4978,2016,4,29,120,Summer
2016-04-30,35.7,22.5,29.1,0.0,15.6,29.5,32.66,970.0,7.4873,2016,4,30,121,Summer
2016-05-01,35.5,23.3,29.6,0.0,11.8,30.3,37.61,970.0,7.7131,2016,5,1,122,Summer
2016-05-02,35.2,23.6,28.7,2.1,11.9,30.5,38.12,970.0,6.9859,2016,5,2,123,Summer
2016-05-03,34.0,23.1,28.4,0.3,20.9,30.2,33.95,970.0,6.8604,2016,5,3,124,Summer
2016-05-04,34.6,23.0,27.9,1.4,12.1,30.5,38.4,970.0,6.821,2016,5,4,125,Summer
2016-05-05,34.2,22.8,27.5,2.4,5.5,30.4,43.56,970.0,5.6182,2016,5,5,126,Summer
2016-05-06,31.9,22.9,26.1,11.0,10.6,29.3,58.02,970.0,5.8481,2016,5,6,127,Summer
2016-05-07,32.1,21.6,25.4,6.2,10.6,28.9,70.01,970.0,6.5846,2016,5,7,128,Summer
2016-05-08,31.5,21.9,25.3,7.0,11.0,28.7,72.61,970.0,5.5601,2016,5,8,129,Summer
2016-05-09,31.7,21.0,25.8,1.3,15.3,28.6,60.65,970.0,6.8935,2016,5,9,130,Summer
2016-05-10,31.2,21.5,25.7,6.0,12.4,28.7,63.13,970.0,6.6206,2016,5,10,131,Summer
2016-05-11,31.0,20.9,26.0,0.1,7.9,28.6,60.48,970.0,5.9071,2016,5,11,132,Summer
2016-05-12,31.4,22.1,26.4,1.6,8.8,29.2,57.22,970.0,5.719,2016,5,12,133,Summer
2016-05-13,32.8,21.6,27.0,0.0,9.2,30.1,58.24,970.0,6.8107,2016,5,13,134,Summer
2016-05-14,32.8,22.6,26.6,4.2,10.5,30.0,56.97,970.0,5.9318,2016,5,14,135,Summer
2016-05-15,34.2,22.2,27.8,0.0,12.5,30.3,54.25,970.0,6.528,2016,5,15,136,Summer
2016-05-16,31.9,22.8,26.2,0.6,7.8,28.9,57.77,970.0,2.3316,2016,5,16,137,Summer
2016-05-17,29.7,22.1,25.0,1.2,13.3,27.6,59.72,970.0,2.7566,2016,5,17,138,Summer
2016-05-18,26.4,21.5,23.2,16.7,18.5,25.9,75.04,970.0,2.3921,2016,5,18,139,Summer
2016-05-19,28.7,21.2,24.0,6.1,18.2,26.1,84.32,970.0,4.8175,2016,5,19,140,Summer
2016-05-20,27.6,21.3,24.3,2.5,22.9,26.0,74.2,970.0,5.5675,2016,5,20,141,Summer
2016-05-21,32.2,21.9,26.4,0.0,20.2,27.8,70.94,970.0,6.7625,2016,5,21,142,Summer
2016-05-22,32.8,21.0,26.6,0.0,16.6,28.1,67.03,970.0,7.2305,2016,5,22,143,Summer
2016-05-23,33.1,21.5,27.0,0.0,18.0,28.4,63.41,970.0,7.2984,2016,5,23,144,Summer
2016-05-24,32.9,21.3,26.9,0.0,17.0,28.2,61.68,970.0,7.5336,2016,5,24,145,Summer
2016-05-25,32.8,21.8,26.7,0.0,19.1,28.2,62.31,970.0,7.4148,2016,5,25,146,Summer
2016-05-26,32.8,21.3,27.0,0.0,14.0,28.8,65.37,970.0,7.2391,2016,5,26,147,Summer
2016-05-27,32.8,22.0,26.3,4.6,13.6,28.5,61.71,970.0,6.3089,2016,5,27,148,Summer
2016-05-28,31.8,21.7,25.7,7.8,16.0,28.1,74.11,970.0,6.426,2016,5,28,149,Summer
2016-05-29,28.3,21.5,24.1,4.5,17.0,26.3,70.28,970.0,5.9705,2016,5,29,150,Summer
2016-05-30,29.8,21.4,24.9,3.7,15.7,27.0,69.54,970.0,6.5186,2016,5,30,151,Summer
2016-05-31,30.1,20.8,24.5,13.1,13.7,27.3,65.46,970.0,5.7936,2016,5,31,152,Summer
2016-06-01,30.4,21.1,24.7,14.8,12.4,27.7,79.49,970.0,6.2566,2016,6,1,153,Southwest Monsoon
2016-06-02,28.5,21.1,24.0,6.7,13.8,26.8,80.9,970.0,4.9205,2016,6,2,154,Southwest Monsoon
2016-06-03,29.2,21.1,24.2,15.2,13.6,27.4,72.6,970.0,6.2453,2016,6,3,155,Southwest Monsoon
2016-06-04,28.4,21.2,23.9,12.6,18.1,26.7,73.63,970.0,4.9534,2016,6,4,156,Southwest Monsoon
2016-06-05,28.3,21.0,23.5,16.4,15.0,26.3,71.08,970.0,5.2042,2016,6,5,157,Southwest Monsoon
2016-06-06,28.4,20.7,23.9,3.6,17.0,26.1,78.04,970.0,6.5167,2016,6,6,158,Southwest Monsoon
2016-06-07,26.7,21.2,23.2,5.7,15.0,25.6,77.78,970.0,5.6815,2016,6,7,159,Southwest Monsoon
2016-06-08,28.2,21.1,23.6,18.0,17.0,26.4,79.15,970.0,4.8708,2016,6,8,160,Southwest Monsoon
2016-06-09,26.5,20.7,22.8,4.1,17.6,24.8,73.54,970.0,4.8019,2016,6,9,161,Southwest Monsoon
2016-06-10,27.2,20.8,23.7,0.2,25.9,24.5,75.54,970.0,3.7534,2016,6,10,162,Southwest Monsoon
2016-06-11,27.4,20.3,23.8,0.0,21.4,24.7,72.23,970.0,5.045,2016,6,11,163,Southwest Monsoon
2016-06-12,28.7,20.8,23.8,0.9,22.0,25.0,72.34,970.0,5.4163,2016,6,12,164,Southwest Monsoon
2016-06-13,27.4,20.7,23.1,6.9,23.6,24.1,66.61,970.0,4.901,2016,6,13,165,Southwest Monsoon
2016-06-14,27.7,20.4,23.4,1.9,23.5,24.2,70.88,970.0,5.2037,2016,6,14,166,Southwest Monsoon
2016-06-15,27.7,20.3,23.7,0.0,28.0,23.8,70.3,970.0,6.1608,2016,6,15,167,Southwest Monsoon
2016-06-16,27.7,19.6,22.8,1.9,22.0,23.9,75.88,970.0,6.089,2016,6,16,168,Southwest Monsoon
2016-06-17,27.5,19.2,22.6,8.3,19.6,24.2,71.74,970.0,5.5534,2016,6,17,169,Southwest Monsoon
2016-06-18,27.9,20.3,23.0,2.0,20.6,24.4,77.01,970.0,5.2685,2016,6,18,170,Southwest Monsoon
2016-06-19,26.7,20.1,22.1,15.1,20.9,23.9,76.38,970.0,5.0938,2016,6,19,171,Southwest Monsoon
2016-06-20,25.9,19.8,22.8,0.0,14.0,24.3,82.19,970.0,4.416,2016,6,20,172,Southwest Monsoon
2016-06-21,25.0,19.4,21.5,13.5,18.6,22.8,82.3,970.0,4.0709,2016,6,21,173,Southwest Monsoon
2016-06-22,26.2,18.9,21.3,23.2,19.5,22.8,82.55,970.0,4.5547,2016,6,22,174,Southwest Monsoon
2016-06-23,25.0,20.1,21.6,6.0,25.3,22.3,81.4,970.0,3.8407,2016,6,23,175,Southwest Monsoon
2016-06-24,25.6,19.5,21.6,6.2,26.4,22.0,76.99,970.0,4.4191,2016,6,24,176,Southwest Monsoon
2016-06-25,26.0,19.3,21.6,12.6,28.4,21.9,76.11,970.0,3.4747,2016,6,25,177,Southwest Monsoon
2016-06-26,25.6,20.0,21.8,5.0,24.2,22.6,77.31,970.0,4.0116,2016,6,26,178,Southwest Monsoon
2016-06-27,24.0,20.4,21.7,5.2,27.8,22.5,79.3,970.0,3.515,2016,6,27,179,Southwest Monsoon
2016-06-28,22.8,19.9,20.8,37.4,19.8,22.3,79.8,970.0,3.3631,2016,6,28,180,Southwest Monsoon
2016-06-29,21.2,19.7,20.3,23.5,22.0,21.0,81.82,970.0,2.6052,2016,6,29,181,Southwest Monsoon
2016-06-30,26.0,20.2,22.2,1.9,27.9,22.4,80.03,970.0,3.053,2016,6,30,182,Southwest Monsoon
2016-07-01,26.1,20.9,22.9,0.6,32.4,22.6,79.64,970.0,4.7172,2016,7,1,183,Southwest Monsoon
2016-07-02,26.7,20.3,22.9,0.1,32.1,22.2,73.14,970.0,5.844,2016,7,2,184,Southwest Monsoon
2016-07-03,26.4,20.6,23.2,0.0,29.5,23.3,74.84,970.0,4.6721,2016,7,3,185,Southwest Monsoon
2016-07-04,25.9,20.9,22.2,7.5,18.8,23.6,76.86,970.0,4.4671,2016,7,4,186,Southwest Monsoon
2016-07-05,25.9,19.9,22.0,23.5,22.7,23.3,75.93,970.0,4.1657,2016,7,5,187,Southwest Monsoon
2016-07-06,25.7,20.1,22.0,15.9,21.5,23.4,80.58,970.0,3.9466,2016,7,6,188,Southwest Monsoon
2016-07-07,25.4,20.0,22.2,5.0,25.2,23.1,79.51,970.0,4.1078,2016,7,7,189,Southwest Monsoon
2016-07-08,26.0,20.6,22.9,1.0,28.1,23.3,76.69,970.0,3.8674,2016,7,8,190,Southwest Monsoon
2016-07-09,25.4,20.7,22.7,0.3,34.0,21.9,77.36,970.0,4.1002,2016,7,9,191,Southwest Monsoon
2016-07-10,26.0,20.8,22.8,0.2,34.5,22.0,74.39,970.0,4.5732,2016,7,10,192,Southwest Monsoon
2016-07-11,25.2,20.5,22.5,0.0,30.7,21.9,75.12,970.0,4.4002,2016,7,11,193,Southwest Monsoon
2016-07-12,25.6,20.5,22.6,0.4,28.9,22.3,75.83,970.0,4.3342,2016,7,12,194,Southwest Monsoon
2016-07-13,26.6,20.4,23.0,0.3,26.2,23.2,73.05,970.0,5.4847,2016,7,13,195,Southwest Monsoon
2016-07-14,27.0,19.6,22.8,3.3,19.5,24.5,72.11,970.0,6.5261,2016,7,14,196,Southwest Monsoon
2016-07-15,26.8,20.3,22.9,7.5,13.6,25.5,73.73,970.0,5.1886,2016,7,15,197,Southwest Monsoon
2016-07-16,26.5,19.8,22.6,4.8,15.1,25.0,77.86,970.0,5.9839,2016,7,16,198,Southwest Monsoon
2016-07-17,26.4,19.5,22.2,7.0,14.0,24.7,79.12,970.0,4.963,2016,7,17,199,Southwest Monsoon
2016-07-18,25.7,19.4,21.7,8.4,15.5,23.5,80.21,970.0,5.5418,2016,7,18,200,Southwest Monsoon
2016-07-19,25.9,19.3,21.7,2.9,18.3,23.1,75.94,970.0,5.0016,2016,7,19,201,Southwest Monsoon
2016-07-20,26.0,20.1,21.9,4.2,18.3,23.0,78.87,970.0,4.7614,2016,7,20,202,Southwest Monsoon
2016-07-21,24.2,19.6,21.2,12.9,20.0,22.3,80.18,970.0,4.2886,2016,7,21,203,Southwest Monsoon
2016-07-22,24.1,19.6,21.3,4.1,24.1,22.0,77.29,970.0,3.9768,2016,7,22,204,Southwest Monsoon
2016-07-23,25.4,19.0,21.3,17.0,19.1,22.8,77.6,970.0,4.4839,2016,7,23,205,Southwest Monsoon
2016-07-24,26.0,20.1,21.6,8.1,19.1,23.5,78.67,970.0,5.4847,2016,7,24,206,Southwest Monsoon
2016-07-25,27.0,19.7,22.4,6.1,14.5,24.8,77.84,970.0,6.1673,2016,7,25,207,Southwest Monsoon
2016-07-26,26.8,19.8,22.5,15.3,10.1,25.4,78.02,970.0,5.8745,2016,7,26,208,Southwest Monsoon
2016-07-27,27.8,19.3,22.8,4.5,9.7,26.1,83.93,970.0,5.7341,2016,7,27,209,Southwest Monsoon
2016-07-28,26.8,20.1,22.5,6.8,12.4,24.9,86.95,970.0,5.4547,2016,7,28,210,Southwest Monsoon
2016-07-29,25.5,19.9,21.5,10.8,17.3,23.5,82.12,970.0,3.967,2016,7,29,211,Southwest Monsoon
2016-07-30,23.7,19.1,20.8,23.6,18.7,22.0,84.78,970.0,3.7538,2016,7,30,212,Southwest Monsoon
2016-07-31,24.4,18.9,21.3,3.9,20.3,22.0,76.89,970.0,5.7341,2016,7,31,213,Southwest Monsoon
2016-08-01,25.3,19.1,21.7,0.5,28.1,21.5,77.41,970.0,5.0822,2016,8,1,214,Southwest Monsoon
2016-08-02,24.9,19.4,21.8,0.0,27.3,21.2,80.84,970.0,5.88,2016,8,2,215,Southwest Monsoon
2016-08-03,25.3,19.4,22.0,0.0,31.0,21.2,76.89,970.0,5.0618,2016,8,3,216,Southwest Monsoon
2016-08-04,25.4,20.1,22.3,0.1,29.2,21.8,79.48,970.0,4.9548,2016,8,4,217,Southwest Monsoon
2016-08-05,25.5,19.9,22.4,1.0,28.4,22.2,77.34,970.0,4.5602,2016,8,5,218,Southwest Monsoon
2016-08-06,26.2,19.8,22.5,0.0,28.9,22.3,78.57,970.0,5.7286,2016,8,6,219,Southwest Monsoon
2016-08-07,25.7,20.0,22.5,1.9,24.8,22.9,80.97,970.0,5.5022,2016,8,7,220,Southwest Monsoon
2016-08-08,26.2,19.4,22.6,0.2,21.7,23.3,77.72,970.0,5.5596,2016,8,8,221,Southwest Monsoon
2016-08-09,26.6,19.3,22.6,0.4,21.3,23.3,75.96,970.0,6.1562,2016,8,9,222,Southwest Monsoon
2016-08-10,26.3,19.8,22.7,0.3,22.3,23.4,77.85,970.0,5.5651,2016,8,10,223,Southwest Monsoon
2016-08-11,26.3,19.1,22.5,0.2,19.8,23.3,76.37,970.0,6.648,2016,8,11,224,Southwest Monsoon
2016-08-12,26.9,19.6,22.6,1.5,18.4,24.0,77.24,970.0,6.1908,2016,8,12,225,Southwest Monsoon
2016-08-13,27.3,20.5,22.8,3.5,20.2,24.4,77.21,970.0,5.2474,2016,8,13,226,Southwest Monsoon
2016-08-14,26.5,19.7,22.7,0.7,22.4,23.3,78.65,970.0,4.975,2016,8,14,227,Southwest Monsoon
2016-08-15,26.2,19.0,22.3,1.5,25.2,22.6,74.92,970.0,4.8334,2016,8,15,228,Southwest Monsoon
2016-08-16,26.2,20.6,22.8,0.4,29.0,22.7,74.44,970.0,4.5641,2016,8,16,229,Southwest Monsoon
2016-08-17,25.9,20.4,22.6,0.3,26.3,22.7,73.84,970.0,4.8043,2016,8,17,230,Southwest Monsoon
2016-08-18,26.3,20.3,22.7,0.6,21.0,23.4,73.59,970.0,5.2452,2016,8,18,231,Southwest Monsoon
2016-08-19,26.8,20.0,22.8,0.7,21.1,23.8,73.1,970.0,5.6933,2016,8,19,232,Southwest Monsoon
2016-08-20,27.0,19.3,22.9,0.1,14.3,24.4,71.53,970.0,6.3389,2016,8,20,233,Southwest Monsoon
2016-08-21,27.2,18.4,23.0,0.1,15.1,24.6,70.37,970.0,6.5573,2016,8,21,234,Southwest Monsoon
2016-08-22,26.7,19.9,23.1,0.1,16.8,24.6,70.81,970.0,5.9686,2016,8,22,235,Southwest Monsoon
2016-08-23,27.5,19.8,23.3,0.4,17.3,24.7,73.11,970.0,5.6842,2016,8,23,236,Southwest Monsoon
2016-08-24,27.7,20.2,23.0,1.4,19.1,24.5,74.77,970.0,4.6882,2016,8,24,237,Southwest Monsoon
2016-08-25,26.9,20.0,22.5,4.5,18.0,24.2,80.05,970.0,5.0851,2016,8,25,238,Southwest Monsoon
2016-08-26,26.1,20.0,22.2,10.8,17.1,24.1,77.89,970.0,4.992,2016,8,26,239,Southwest Monsoon
2016-08-27,26.3,19.9,21.9,1.7,18.2,23.5,77.53,970.0,4.9296,2016,8,27,240,Southwest Monsoon
2016-08-28,25.5,19.6,22.2,0.4,19.5,23.3,74.99,970.0,4.7904,2016,8,28,241,Southwest Monsoon
2016-08-29,26.8,19.8,22.8,3.5,17.2,24.2,77.55,970.0,4.53,2016,8,29,242,Southwest Monsoon
2016-08-30,26.4,20.2,22.1,12.9,18.8,24.0,82.7,970.0,4.2653,2016,8,30,243,Southwest Monsoon
2016-08-31,24.7,19.6,21.6,6.6,16.1,23.5,83.24,970.0,3.7937,2016,8,31,244,Southwest Monsoon
2016-09-01,25.3,19.7,22.0,1.0,17.2,23.8,75.42,970.0,4.8012,2016,9,1,245,Southwest Monsoon
2016-09-02,25.7,19.2,22.1,1.8,16.9,23.4,75.73,970.0,4.5118,2016,9,2,246,Southwest Monsoon
2016-09-03,25.4,19.3,21.9,0.5,19.1,23.2,75.96,970.0,4.8797,2016,9,3,247,Southwest Monsoon
2016-09-04,26.0,18.8,22.3,0.5,18.3,23.3,74.51,970.0,4.5127,2016,9,4,248,Southwest Monsoon
2016-09-05,25.5,18.1,21.8,0.1,20.4,22.7,73.18,970.0,5.4684,2016,9,5,249,Southwest Monsoon
2016-09-06,25.5,18.4,21.7,1.0,19.2,22.4,71.46,970.0,4.9877,2016,9,6,250,Southwest Monsoon
2016-09-07,25.7,17.2,21.5,0.0,18.4,22.2,69.28,970.0,6.0919,2016,9,7,251,Southwest Monsoon
2016-09-08,26.1,16.7,21.7,0.0,15.3,22.5,67.75,970.0,6.366,2016,9,8,252,Southwest Monsoon
2016-09-09,26.7,18.3,22.4,0.5,15.4,23.8,69.59,970.0,6.0955,2016,9,9,253,Southwest Monsoon
2016-09-10,27.2,18.4,22.7,0.1,16.1,24.1,71.57,970.0,6.0696,2016,9,10,254,Southwest Monsoon
2016-09-11,26.8,18.6,22.5,0.0,19.5,23.0,75.34,970.0,5.2834,2016,9,11,255,Southwest Monsoon
2016-09-12,26.0,18.5,22.2,1.9,18.9,23.3,72.72,970.0,4.3464,2016,9,12,256,Southwest Monsoon
2016-09-13,26.2,19.4,22.4,0.4,18.2,23.3,71.83,970.0,5.3359,2016,9,13,257,Southwest Monsoon
2016-09-14,26.4,19.7,22.6,0.1,20.5,23.5,72.97,970.0,4.992,2016,9,14,258,Southwest Monsoon
2016-09-15,26.3,19.8,22.6,1.0,20.1,23.7,77.21,970.0,5.2514,2016,9,15,259,Southwest Monsoon
2016-09-16,26.7,19.3,22.6,1.7,22.3,23.5,74.04,970.0,4.5806,2016,9,16,260,Southwest Monsoon
2016-09-17,27.3,19.8,22.8,0.0,22.8,23.3,73.66,970.0,4.4273,2016,9,17,261,Southwest Monsoon
2016-09-18,26.6,18.2,22.3,0.9,20.9,22.9,71.67,970.0,6.3797,2016,9,18,262,Southwest Monsoon
2016-09-19,26.9,19.3,22.8,0.0,20.5,23.3,70.7,970.0,6.587,2016,9,19,263,Southwest Monsoon
2016-09-20,26.1,19.1,22.5,0.3,21.3,22.8,69.81,970.0,5.2058,2016,9,20,264,Southwest Monsoon
2016-09-21,24.1,19.0,21.2,8.4,22.7,21.9,76.21,970.0,4.3714,2016,9,21,265,Southwest Monsoon
2016-09-22,25.4,19.3,21.9,4.7,26.6,22.1,70.36,970.0,4.3001,2016,9,22,266,Southwest Monsoon
2016-09-23,25.9,19.0,22.3,0.2,25.6,22.4,74.67,970.0,3.8669,2016,9,23,267,Southwest Monsoon
2016-09-24,25.3,19.7,22.1,0.7,25.6,22.3,72.62,970.0,3.6331,2016,9,24,268,Southwest Monsoon
2016-09-25,26.1,20.0,22.6,0.8,24.9,23.0,71.16,970.0,3.6814,2016,9,25,269,Southwest Monsoon
2016-09-26,26.7,20.4,23.1,0.0,20.1,24.3,71.79,970.0,4.2151,2016,9,26,270,Southwest Monsoon
2016-09-27,26.8,20.3,22.6,10.1,15.8,25.0,85.95,970.0,4.9322,2016,9,27,271,Southwest Monsoon
2016-09-28,25.9,20.3,22.2,9.5,13.8,24.6,83.37,970.0,4.4086,2016,9,28,272,Southwest Monsoon
2016-09-29,27.4,20.3,22.9,1.5,15.8,25.3,77.67,970.0,4.0982,2016,9,29,273,Southwest Monsoon
2016-09-30,26.5,19.7,22.7,0.5,17.1,24.1,69.38,970.0,5.5075,2016,9,30,274,Southwest Monsoon
2016-10-01,26.2,18.9,22.1,0.0,14.3,23.1,67.41,970.0,6.1946,2016,10,1,275,Post-Monsoon
2016-10-02,27.2,17.7,22.2,0.0,11.0,23.9,70.66,970.0,6.6857,2016,10,2,276,Post-Monsoon
2016-10-03,28.0,17.5,22.8,0.0,8.4,25.0,72.25,970.0,6.4054,2016,10,3,277,Post-Monsoon
2016-10-04,27.0,19.2,23.0,0.3,11.5,24.8,74.11,970.0,6.5088,2016,10,4,278,Post-Monsoon
2016-10-05,27.6,17.9,22.8,0.0,13.9,24.0,65.63,970.0,6.8654,2016,10,5,279,Post-Monsoon
2016-10-06,27.9,18.3,22.9,0.0,12.6,23.9,64.25,970.0,6.9466,2016,10,6,280,Post-Monsoon
2016-10-07,28.1,17.2,22.7,0.0,12.3,23.7,64.27,970.0,6.5448,2016,10,7,281,Post-Monsoon
2016-10-08,28.2,17.9,23.0,0.0,14.5,24.2,66.12,970.0,6.5942,2016,10,8,282,Post-Monsoon
2016-10-09,27.2,18.4,22.8,1.1,19.8,23.6,71.02,970.0,6.5345,2016,10,9,283,Post-Monsoon
2016-10-10,26.8,19.3,22.8,0.4,19.4,23.6,73.96,970.0,5.6383,2016,10,10,284,Post-Monsoon
2016-10-11,28.1,19.0,23.0,2.8,13.2,25.1,75.28,970.0,6.0346,2016,10,11,285,Post-Monsoon
2016-10-12,27.4,20.0,22.3,18.3,7.7,25.5,83.05,970.0,4.848,2016,10,12,286,Post-Monsoon
2016-10-13,26.9,19.4,23.1,0.4,7.9,25.9,80.76,970.0,3.3526,2016,10,13,287,Post-Monsoon
2016-10-14,28.3,18.9,23.5,0.4,12.1,24.9,68.04,970.0,4.5967,2016,10,14,288,Post-Monsoon
2016-10-15,28.1,18.3,22.7,0.0,11.6,23.4,57.5,970.0,6.0367,2016,10,15,289,Post-Monsoon
2016-10-16,28.1,16.4,22.2,0.0,9.7,22.8,57.51,970.0,6.3194,2016,10,16,290,Post-Monsoon
2016-10-17,28.3,16.7,22.7,0.0,12.2,23.3,59.16,970.0,6.0833,2016,10,17,291,Post-Monsoon
2016-10-18,28.9,17.8,23.6,0.0,12.5,23.6,55.05,970.0,6.0391,2016,10,18,292,Post-Monsoon
2016-10-19,29.0,17.9,23.6,0.0,10.1,24.0,55.48,970.0,5.9748,2016,10,19,293,Post-Monsoon
2016-10-20,29.1,18.6,23.7,0.0,10.2,23.9,55.93,970.0,5.8517,2016,10,20,294,Post-Monsoon
2016-10-21,28.8,18.4,23.7,0.0,9.9,23.5,53.02,970.0,5.4242,2016,10,21,295,Post-Monsoon
2016-10-22,28.9,16.8,23.1,0.0,10.0,22.9,51.12,970.0,5.6683,2016,10,22,296,Post-Monsoon
2016-10-23,28.8,17.7,23.6,0.0,9.7,23.2,48.77,970.0,5.3546,2016,10,23,297,Post-Monsoon
2016-10-24,29.3,16.2,23.0,0.0,11.0,22.8,55.98,970.0,5.358,2016,10,24,298,Post-Monsoon
2016-10-25,28.5,16.8,23.1,0.0,10.1,23.0,52.65,970.0,5.3393,2016,10,25,299,Post-Monsoon
2016-10-26,29.3,16.8,23.3,0.0,9.3,23.0,52.68,970.0,5.3736,2016,10,26,300,Post-Monsoon
2016-10-27,28.1,17.5,23.6,0.0,9.6,23.4,50.13,970.0,5.3177,2016,10,27,301,Post-Monsoon
2016-10-28,29.0,19.2,24.3,0.0,10.4,23.7,48.11,970.0,6.061,2016,10,28,302,Post-Monsoon
2016-10-29,30.2,18.1,24.4,0.0,13.2,24.9,49.63,970.0,5.7264,2016,10,29,303,Post-Monsoon
2016-10-30,29.8,20.8,24.1,0.2,13.9,25.8,61.04,970.0,4.7767,2016,10,30,304,Post-Monsoon
2016-10-31,28.1,20.0,23.6,0.0,13.3,24.9,64.99,970.0,4.5281,2016,10,31,305,Post-Monsoon
2016-11-01,27.9,20.3,23.1,2.3,15.4,24.7,64.76,970.0,4.9625,2016,11,1,306,Post-Monsoon
2016-11-02,27.9,18.4,22.8,1.2,16.9,24.0,69.64,970.0,4.7251,2016,11,2,307,Post-Monsoon
2016-11-03,29.5,18.9,23.9,0.0,14.1,25.0,69.11,970.0,5.8546,2016,11,3,308,Post-Monsoon
2016-11-04,29.7,18.6,24.1,0.0,13.9,24.8,57.49,970.0,5.3102,2016,11,4,309,Post-Monsoon
2016-11-05,29.5,18.1,23.4,0.0,13.4,22.9,46.93,970.0,6.0218,2016,11,5,310,Post-Monsoon
2016-11-06,28.9,16.4,23.1,0.0,10.8,22.6,47.13,970.0,5.7835,2016,11,6,311,Post-Monsoon
2016-11-07,28.3,17.6,23.4,0.0,10.9,23.2,48.97,970.0,5.5404,2016,11,7,312,Post-Monsoon
2016-11-08,28.6,17.7,23.1,0.0,11.9,22.6,51.41,970.0,5.1725,2016,11,8,313,Post-Monsoon
2016-11-09,27.9,16.3,21.9,0.0,12.1,21.2,48.76,970.0,5.5284,2016,11,9,314,Post-Monsoon
2016-11-10,28.4,14.7,21.8,0.0,10.7,20.7,44.17,970.0,5.5649,2016,11,10,315,Post-Monsoon
2016-11-11,28.4,15.8,22.4,0.0,12.3,21.9,52.46,970.0,5.4737,2016,11,11,316,Post-Monsoon
2016-11-12,28.9,16.8,23.3,0.0,12.9,23.3,53.88,970.0,5.1002,2016,11,12,317,Post-Monsoon
2016-11-13,29.2,18.5,23.2,0.0,14.1,24.2,61.37,970.0,4.5742,2016,11,13,318,Post-Monsoon
2016-11-14,28.6,20.2,23.5,0.8,13.3,25.0,59.46,970.0,4.4702,2016,11,14,319,Post-Monsoon
2016-11-15,29.5,20.1,24.0,0.0,13.7,24.8,53.07,970.0,5.2008,2016,11,15,320,Post-Monsoon
2016-11-16,28.7,18.1,23.4,0.0,17.5,23.9,59.7,970.0,5.0542,2016,11,16,321,Post-Monsoon
2016-11-17,28.4,19.3,23.3,0.0,18.9,23.7,63.23,970.0,4.1503,2016,11,17,322,Post-Monsoon
2016-11-18,29.1,17.2,22.8,0.0,17.1,22.7,58.31,970.0,5.3842,2016,11,18,323,Post-Monsoon
2016-11-19,29.1,16.5,22.6,0.0,13.7,22.5,54.17,970.0,5.4026,2016,11,19,324,Post-Monsoon
2016-11-20,29.4,18.1,23.0,0.0,10.5,22.8,50.36,970.0,5.3743,2016,11,20,325,Post-Monsoon
2016-11-21,29.2,16.1,22.3,0.0,14.4,20.9,49.82,970.0,5.4782,2016,11,21,326,Post-Monsoon
2016-11-22,29.3,14.3,21.9,0.0,11.3,20.0,39.84,970.0,5.898,2016,11,22,327,Post-Monsoon
2016-11-23,29.7,15.2,22.1,0.0,13.3,20.5,44.21,970.0,6.1001,2016,11,23,328,Post-Monsoon
2016-11-24,29.3,14.8,21.7,0.0,13.0,19.9,45.56,970.0,5.9647,2016,11,24,329,Post-Monsoon
2016-11-25,29.7,14.6,21.8,0.0,15.7,20.0,46.21,970.0,6.0653,2016,11,25,330,Post-Monsoon
2016-11-26,29.7,13.8,21.6,0.0,12.0,19.9,41.4,970.0,5.4151,2016,11,26,331,Post-Monsoon
2016-11-27,30.4,13.6,22.1,0.0,11.2,20.4,35.79,970.0,5.5704,2016,11,27,332,Post-Monsoon
2016-11-28,31.1,14.7,22.6,0.0,12.5,20.8,25.0,970.0,5.7394,2016,11,28,333,Post-Monsoon
2016-11-29,29.8,14.4,22.0,0.0,11.3,21.0,37.9,970.0,4.5322,2016,11,29,334,Post-Monsoon
2016-11-30,29.0,15.5,21.9,0.0,14.8,20.7,51.89,970.0,4.3313,2016,11,30,335,Post-Monsoon
2016-12-01,26.7,16.3,21.0,6.2,19.3,20.2,59.69,970.0,3.1822,2016,12,1,336,Winter
2016-12-02,24.9,18.5,20.8,4.6,19.3,21.6,73.62,970.0,2.2517,2016,12,2,337,Winter
2016-12-03,23.7,19.0,20.9,1.9,20.5,21.9,79.32,970.0,2.4074,2016,12,3,338,Winter
2016-12-04,27.2,19.1,22.1,0.0,14.8,23.1,70.86,970.0,5.0539,2016,12,4,339,Winter
2016-12-05,26.5,18.1,22.0,0.1,14.3,23.2,69.26,970.0,4.7431,2016,12,5,340,Winter
2016-12-06,26.2,17.4,21.0,0.0,14.0,21.2,64.67,970.0,4.8053,2016,12,6,341,Winter
2016-12-07,27.1,13.8,20.3,0.0,15.1,20.3,62.9,970.0,5.2457,2016,12,7,342,Winter
2016-12-08,27.1,16.6,22.0,0.0,9.7,22.9,63.23,970.0,3.5302,2016,12,8,343,Winter
2016-12-09,28.1,15.0,21.5,0.0,12.4,20.9,45.33,970.0,5.4559,2016,12,9,344,Winter
2016-12-10,27.8,15.0,21.0,0.0,14.3,18.5,25.82,970.0,4.9442,2016,12,10,345,Winter
2016-12-11,27.5,15.0,21.4,0.0,11.3,19.5,26.47,970.0,5.2541,2016,12,11,346,Winter
2016-12-12,26.1,18.8,21.5,7.4,26.8,19.9,54.39,970.0,2.7396,2016,12,12,347,Winter
2016-12-13,19.3,17.6,18.4,34.0,28.5,18.4,84.44,970.0,1.3006,2016,12,13,348,Winter
2016-12-14,24.1,18.0,20.5,1.6,17.7,21.3,78.03,970.0,3.0394,2016,12,14,349,Winter
2016-12-15,25.6,18.2,20.9,0.0,13.0,21.7,68.3,970.0,5.2505,2016,12,15,350,Winter
2016-12-16,24.7,17.8,20.6,1.3,15.7,21.7,76.92,970.0,3.9432,2016,12,16,351,Winter
2016-12-17,25.9,16.8,20.8,0.0,13.4,21.5,69.9,970.0,4.9145,2016,12,17,352,Winter
2016-12-18,26.3,16.2,20.3,0.0,13.6,20.7,66.85,970.0,5.4912,2016,12,18,353,Winter
2016-12-19,26.4,14.5,19.7,0.0,14.8,19.3,55.63,970.0,5.7499,2016,12,19,354,Winter
2016-12-20,26.8,13.4,19.6,0.0,13.1,19.7,55.6,970.0,5.2349,2016,12,20,355,Winter
2016-12-21,26.8,15.6,20.5,0.0,9.0,21.5,60.97,970.0,5.4636,2016,12,21,356,Winter
2016-12-22,27.3,14.2,20.3,0.0,10.5,20.0,50.43,970.0,5.8109,2016,12,22,357,Winter
2016-12-23,27.1,12.9,19.8,0.0,10.1,18.7,35.29,970.0,6.041,2016,12,23,358,Winter
2016-12-24,27.2,12.3,19.5,0.0,10.9,18.3,45.64,970.0,5.965,2016,12,24,359,Winter
2016-12-25,27.0,12.2,19.1,0.0,10.6,18.5,57.63,970.0,5.7768,2016,12,25,360,Winter
2016-12-26,27.9,11.5,19.5,0.0,12.5,18.3,48.31,970.0,5.8306,2016,12,26,361,Winter
2016-12-27,27.7,12.8,19.7,0.0,15.7,18.1,53.31,970.0,6.0142,2016,12,27,362,Winter
2016-12-28,27.2,14.7,20.3,0.0,14.4,20.0,56.54,970.0,5.7038,2016,12,28,363,Winter
2016-12-29,26.6,13.8,19.5,0.0,12.4,18.5,58.77,970.0,6.0389,2016,12,29,364,Winter
2016-12-30,26.3,13.3,19.3,0.0,13.0,18.5,62.52,970.0,5.8445,2016,12,30,365,Winter
2016-12-31,26.8,13.2,19.5,0.0,12.1,18.5,61.19,970.0,5.7706,2016,12,31,366,Winter
2017-01-01,27.3,13.6,20.1,0.0,14.5,19.5,62.29,970.0,5.9057,2017,1,1,1,Winter
2017-01-02,27.1,15.6,21.0,0.0,15.0,20.6,58.41,970.0,5.177,2017,1,2,2,Winter
2017-01-03,28.1,15.4,21.1,0.0,13.6,19.9,50.68,970.0,6.0307,2017,1,3,3,Winter
2017-01-04,27.6,15.2,21.0,0.0,13.8,20.4,54.76,970.0,5.8426,2017,1,4,4,Winter
2017-01-05,27.8,14.8,20.8,0.0,14.5,19.8,56.68,970.0,5.6594,2017,1,5,5,Winter
2017-01-06,27.4,15.6,20.7,0.0,16.2,20.1,55.43,970.0,5.6328,2017,1,6,6,Winter
2017-01-07,27.4,15.6,21.0,0.0,16.5,20.9,57.13,970.0,5.527,2017,1,7,7,Winter
2017-01-08,27.4,14.4,20.7,0.0,20.5,20.2,59.06,970.0,5.5903,2017,1,8,8,Winter
2017-01-09,27.3,14.6,20.8,0.0,19.7,20.1,55.52,970.0,5.7766,2017,1,9,9,Winter
2017-01-10,27.1,14.6,20.9,0.0,15.6,20.0,51.24,970.0,5.3405,2017,1,10,10,Winter
2017-01-11,26.5,15.4,21.4,0.0,14.6,21.1,54.04,970.0,4.955,2017,1,11,11,Winter
2017-01-12,25.4,15.6,21.1,0.0,16.0,20.7,59.81,970.0,4.739,2017,1,12,12,Winter
2017-01-13,26.1,17.0,21.0,0.0,18.4,21.0,60.93,970.0,4.1909,2017,1,13,13,Winter
2017-01-14,24.7,16.4,20.2,0.0,20.8,18.8,60.9,970.0,4.6512,2017,1,14,14,Winter
2017-01-15,26.3,14.4,20.0,0.0,17.7,18.7,57.57,970.0,5.8193,2017,1,15,15,Winter
2017-01-16,26.3,15.8,20.5,0.0,15.5,19.9,54.87,970.0,5.5459,2017,1,16,16,Winter
2017-01-17,27.0,14.4,20.2,0.0,17.3,19.0,50.01,970.0,6.0989,2017,1,17,17,Winter
2017-01-18,26.7,13.8,19.7,0.0,17.5,17.3,53.03,970.0,6.2309,2017,1,18,18,Winter
2017-01-19,25.5,13.4,19.2,0.0,20.2,18.0,61.01,970.0,5.6158,2017,1,19,19,Winter
2017-01-20,28.4,13.9,20.5,0.0,25.2,19.6,58.7,970.0,5.7372,2017,1,20,20,Winter
2017-01-21,26.3,17.1,21.4,0.2,24.5,20.9,67.31,970.0,2.9786,2017,1,21,21,Winter
2017-01-22,28.2,16.8,21.9,0.0,21.3,20.3,53.89,970.0,5.6678,2017,1,22,22,Winter
2017-01-23,27.8,15.6,21.3,0.0,23.6,18.8,42.4,970.0,5.5934,2017,1,23,23,Winter
2017-01-24,28.2,16.5,21.7,0.0,22.3,19.8,52.29,970.0,6.1666,2017,1,24,24,Winter
2017-01-25,27.5,15.4,21.2,0.0,19.5,19.7,55.26,970.0,4.9351,2017,1,25,25,Winter
2017-01-26,21.9,15.9,18.9,30.1,17.0,19.7,65.42,970.0,3.1294,2017,1,26,26,Winter
2017-01-27,25.0,18.5,21.0,6.7,14.6,22.3,75.02,970.0,3.2412,2017,1,27,27,Winter
2017-01-28,26.1,18.9,21.8,1.5,18.2,22.6,70.45,970.0,3.5071,2017,1,28,28,Winter
2017-01-29,27.5,18.1,22.3,0.2,17.0,23.2,57.05,970.0,4.8403,2017,1,29,29,Winter
2017-01-30,27.7,17.7,22.1,0.0,16.8,22.5,54.83,970.0,6.359,2017,1,30,30,Winter
2017-01-31,28.4,16.8,21.5,0.0,15.4,21.7,50.15,970.0,6.4826,2017,1,31,31,Winter
2017-02-01,27.8,15.8,20.8,0.0,16.6,19.6,45.74,970.0,6.593,2017,2,1,32,Winter
2017-02-02,28.1,14.6,20.9,0.0,17.5,19.2,49.96,970.0,6.6322,2017,2,2,33,Winter
2017-02-03,27.5,15.2,20.8,0.0,16.2,19.5,51.55,970.0,6.5059,2017,2,3,34,Winter
2017-02-04,27.0,14.9,20.5,0.0,13.9,19.5,50.68,970.0,6.353,2017,2,4,35,Winter
2017-02-05,27.8,14.2,20.5,0.0,14.5,19.3,48.54,970.0,6.5273,2017,2,5,36,Winter
2017-02-06,28.4,13.8,21.0,0.0,14.7,20.5,46.87,970.0,6.4975,2017,2,6,37,Winter
2017-02-07,29.4,14.1,21.8,0.0,11.7,20.9,36.99,970.0,6.5861,2017,2,7,38,Winter
2017-02-08,29.8,16.2,22.3,0.0,18.1,20.1,37.97,970.0,6.6691,2017,2,8,39,Winter
2017-02-09,29.6,14.9,21.9,0.0,15.9,20.1,44.0,970.0,6.72,2017,2,9,40,Winter
2017-02-10,30.0,14.9,21.9,0.0,17.7,19.6,44.87,970.0,6.6302,2017,2,10,41,Winter
2017-02-11,29.5,13.6,21.5,0.0,19.0,19.8,45.56,970.0,6.7464,2017,2,11,42,Winter
2017-02-12,28.2,14.0,20.8,0.0,19.9,19.1,50.66,970.0,6.8818,2017,2,12,43,Winter
2017-02-13,27.6,14.4,20.7,0.0,17.4,19.2,53.04,970.0,6.9612,2017,2,13,44,Winter
2017-02-14,27.8,15.4,21.6,0.1,23.5,20.8,60.36,970.0,5.119,2017,2,14,45,Winter
2017-02-15,29.1,16.4,22.3,0.0,20.9,20.6,50.54,970.0,6.8429,2017,2,15,46,Winter
2017-02-16,28.5,14.9,21.5,0.0,25.2,18.6,47.05,970.0,7.0351,2017,2,16,47,Winter
2017-02-17,29.0,13.7,21.1,0.0,24.6,18.6,47.3,970.0,6.8172,2017,2,17,48,Winter
2017-02-18,29.8,15.6,22.2,0.0,24.6,19.9,43.82,970.0,6.9302,2017,2,18,49,Winter
2017-02-19,31.0,15.6,22.9,0.0,19.2,21.3,39.26,970.0,5.7538,2017,2,19,50,Winter
2017-02-20,31.2,16.0,23.6,0.0,12.6,22.7,29.36,970.0,5.6292,2017,2,20,51,Winter
2017-02-21,32.5,17.0,24.8,0.0,14.0,24.3,29.43,970.0,6.3106,2017,2,21,52,Winter
2017-02-22,32.7,18.4,25.4,0.0,12.9,24.7,30.67,970.0,6.827,2017,2,22,53,Winter
2017-02-23,33.0,18.1,25.3,0.0,19.2,23.6,40.83,970.0,6.9746,2017,2,23,54,Winter
2017-02-24,33.3,18.1,25.6,0.0,21.2,23.6,38.26,970.0,7.1628,2017,2,24,55,Winter
2017-02-25,33.2,17.8,25.5,0.0,18.8,23.6,36.55,970.0,7.0027,2017,2,25,56,Winter
2017-02-26,32.2,18.1,24.7,0.0,21.0,23.9,39.12,970.0,6.8604,2017,2,26,57,Winter
2017-02-27,30.9,17.8,23.9,0.0,25.3,21.9,42.26,970.0,5.2435,2017,2,27,58,Winter
2017-02-28,30.9,16.2,23.4,0.0,22.5,20.5,29.94,970.0,7.1554,2017,2,28,59,Winter
2017-03-01,31.1,17.0,23.6,0.0,25.4,20.4,29.54,970.0,6.1015,2017,3,1,60,Summer
2017-03-02,31.5,15.1,23.4,0.0,16.7,20.9,25.79,970.0,6.0386,2017,3,2,61,Summer
2017-03-03,30.8,17.5,24.1,0.0,17.1,23.6,39.95,970.0,6.6,2017,3,3,62,Summer
2017-03-04,31.7,20.3,25.1,0.0,23.4,26.0,57.87,970.0,5.5894,2017,3,4,63,Summer
2017-03-05,30.5,20.8,25.9,0.2,19.1,27.2,55.73,970.0,5.3234,2017,3,5,64,Summer
2017-03-06,29.0,20.5,24.8,12.1,11.8,26.7,53.67,970.0,4.4782,2017,3,6,65,Summer
2017-03-07,30.1,20.4,25.0,1.0,13.5,26.9,65.94,970.0,5.9239,2017,3,7,66,Summer
2017-03-08,31.6,20.9,25.7,0.4,12.2,27.1,68.22,970.0,5.557,2017,3,8,67,Summer
2017-03-09,32.0,20.8,25.7,0.0,15.3,27.0,63.76,970.0,5.79,2017,3,9,68,Summer
2017-03-10,33.0,20.9,26.3,0.0,16.2,26.7,59.32,970.0,6.5138,2017,3,10,69,Summer
2017-03-11,32.4,19.5,26.0,0.0,17.3,25.4,57.59,970.0,6.9804,2017,3,11,70,Summer
2017-03-12,33.6,19.4,26.2,0.0,17.2,25.4,48.03,970.0,7.2098,2017,3,12,71,Summer
2017-03-13,32.8,20.0,26.0,1.1,16.8,26.8,57.88,970.0,6.4416,2017,3,13,72,Summer
2017-03-14,27.9,20.0,24.0,9.3,17.7,25.6,69.49,970.0,4.0373,2017,3,14,73,Summer
2017-03-15,29.6,20.5,24.6,1.0,16.7,25.4,62.22,970.0,5.5118,2017,3,15,74,Summer
2017-03-16,32.3,19.9,25.0,0.0,15.4,25.9,62.31,970.0,5.2514,2017,3,16,75,Summer
2017-03-17,31.5,19.8,25.4,1.0,15.0,26.2,53.8,970.0,6.3262,2017,3,17,76,Summer
2017-03-18,33.3,20.1,26.7,0.0,15.5,27.2,43.51,970.0,6.7303,2017,3,18,77,Summer
2017-03-19,33.8,20.8,27.0,0.0,16.5,27.4,42.05,970.0,6.8681,2017,3,19,78,Summer
2017-03-20,31.6,21.8,26.9,0.2,12.9,27.9,47.95,970.0,5.7746,2017,3,20,79,Summer
2017-03-21,31.3,21.4,25.9,2.3,15.9,26.6,55.1,970.0,5.597,2017,3,21,80,Summer
2017-03-22,33.4,20.2,26.6,0.4,15.7,26.6,50.87,970.0,5.8735,2017,3,22,81,Summer
2017-03-23,33.7,19.2,26.2,0.0,17.7,25.7,45.88,970.0,7.2358,2017,3,23,82,Summer
2017-03-24,34.4,18.8,26.4,0.0,19.4,25.2,38.01,970.0,7.561,2017,3,24,83,Summer
2017-03-25,34.8,18.7,27.1,0.0,19.4,25.0,33.29,970.0,7.547,2017,3,25,84,Summer
2017-03-26,35.3,19.5,27.7,0.0,23.0,25.8,35.13,970.0,7.4621,2017,3,26,85,Summer
2017-03-27,34.8,20.6,27.7,0.0,20.5,25.7,36.03,970.0,7.4938,2017,3,27,86,Summer
2017-03-28,34.9,20.0,27.5,0.0,17.3,26.3,32.97,970.0,7.3692,2017,3,28,87,Summer
2017-03-29,35.2,20.4,27.8,0.0,16.0,27.4,35.8,970.0,7.2449,2017,3,29,88,Summer
2017-03-30,34.9,20.6,27.4,0.0,19.5,26.9,29.88,970.0,7.1429,2017,3,30,89,Summer
2017-03-31,34.8,20.8,27.6,0.0,21.5,26.6,41.44,970.0,7.5806,2017,3,31,90,Summer
2017-04-01,35.2,20.8,27.9,0.0,17.7,26.9,36.8,970.0,7.1074,2017,4,1,91,Summer
2017-04-02,35.7,21.4,28.1,0.5,16.3,28.0,29.55,970.0,6.863,2017,4,2,92,Summer
2017-04-03,35.1,21.9,28.3,0.0,14.1,28.3,36.31,970.0,6.8729,2017,4,3,93,Summer
2017-04-04,33.1,21.6,27.6,0.7,15.6,28.8,45.21,970.0,6.5002,2017,4,4,94,Summer
2017-04-05,32.8,22.5,27.4,4.1,9.3,29.1,40.74,970.0,6.3773,2017,4,5,95,Summer
2017-04-06,33.4,22.5,28.0,0.1,16.6,28.8,38.91,970.0,6.3811,2017,4,6,96,Summer
2017-04-07,32.1,22.8,27.7,0.4,14.9,28.9,41.7,970.0,6.4416,2017,4,7,97,Summer
2017-04-08,33.5,22.6,28.3,0.3,15.0,28.7,36.28,970.0,6.479,2017,4,8,98,Summer
2017-04-09,34.8,23.0,28.5,0.0,14.7,28.8,35.09,970.0,6.6706,2017,4,9,99,Summer
2017-04-10,34.9,21.7,28.6,0.0,15.1,28.6,38.48,970.0,5.9352,2017,4,10,100,Summer
2017-04-11,34.5,22.6,29.1,0.0,17.1,29.4,33.28,970.0,5.8975,2017,4,11,101,Summer
2017-04-12,35.4,22.8,28.8,0.0,18.0,29.0,37.05,970.0,6.557,2017,4,12,102,Summer
2017-04-13,35.0,22.0,28.4,0.0,18.8,28.0,38.18,970.0,6.72,2017,4,13,103,Summer
2017-04-14,35.0,21.1,27.9,0.0,20.3,27.2,37.18,970.0,6.1567,2017,4,14,104,Summer
2017-04-15,35.0,21.0,27.8,0.0,18.7,27.8,32.58,970.0,6.7265,2017,4,15,105,Summer
2017-04-16,33.5,22.0,28.1,0.0,16.5,28.9,31.62,970.0,6.3194,2017,4,16,106,Summer
2017-04-17,33.7,22.0,27.9,1.2,18.5,29.1,43.14,970.0,6.4349,2017,4,17,107,Summer
2017-04-18,35.0,21.5,28.7,0.0,19.1,29.6,44.34,970.0,6.534,2017,4,18,108,Summer
2017-04-19,33.0,22.0,27.8,0.0,14.6,29.7,45.51,970.0,6.853,2017,4,19,109,Summer
2017-04-20,33.1,22.8,27.5,0.0,15.9,29.3,48.69,970.0,6.059,2017,4,20,110,Summer
2017-04-21,30.8,22.9,26.0,2.7,17.1,28.4,62.01,970.0,5.9549,2017,4,21,111,Summer
2017-04-22,32.8,21.8,27.2,0.1,14.8,28.6,53.42,970.0,6.7848,2017,4,22,112,Summer
2017-04-23,34.2,21.4,27.8,0.0,13.8,28.9,47.11,970.0,6.973,2017,4,23,113,Summer
2017-04-24,34.0,21.6,27.9,0.1,14.8,28.5,39.58,970.0,6.9751,2017,4,24,114,Summer
2017-04-25,33.9,21.5,27.5,0.3,14.8,28.8,40.11,970.0,6.2098,2017,4,25,115,Summer
2017-04-26,33.7,21.9,27.2,0.0,18.7,28.5,50.69,970.0,6.9797,2017,4,26,116,Summer
2017-04-27,32.5,22.3,27.6,0.5,11.6,28.6,44.21,970.0,6.8945,2017,4,27,117,Summer
2017-04-28,32.8,22.1,27.0,2.0,13.0,28.5,39.07,970.0,7.0368,2017,4,28,118,Summer
2017-04-29,33.2,21.5,27.2,0.7,7.9,28.7,36.71,970.0,6.5102,2017,4,29,119,Summer
2017-04-30,31.9,21.5,27.2,0.3,12.2,28.1,40.84,970.0,6.7361,2017,4,30,120,Summer
2017-05-01,33.1,20.6,26.8,1.0,12.3,27.6,50.33,970.0,6.6456,2017,5,1,121,Summer
2017-05-02,31.7,21.0,26.5,0.3,13.8,28.0,55.18,970.0,6.6593,2017,5,2,122,Summer
2017-05-03,31.5,22.4,26.3,1.9,14.2,28.8,51.49,970.0,6.1824,2017,5,3,123,Summer
2017-05-04,33.8,21.8,27.7,0.0,13.1,29.2,45.52,970.0,7.2394,2017,5,4,124,Summer
2017-05-05,34.1,22.0,27.9,0.1,12.1,29.6,40.9,970.0,7.1674,2017,5,5,125,Summer
2017-05-06,34.2,22.8,28.3,0.3,11.3,30.3,46.31,970.0,6.961,2017,5,6,126,Summer
2017-05-07,34.5,22.5,27.8,0.6,18.5,29.4,49.52,970.0,6.8993,2017,5,7,127,Summer
2017-05-08,32.8,21.6,26.8,0.0,11.7,28.3,66.3,970.0,5.5399,2017,5,8,128,Summer
2017-05-09,32.3,22.5,26.3,3.5,13.5,28.3,63.52,970.0,6.3322,2017,5,9,129,Summer
2017-05-10,32.2,21.5,26.2,1.4,12.6,29.0,65.35,970.0,6.4363,2017,5,10,130,Summer
2017-05-11,30.8,22.1,26.6,4.1,15.4,29.0,70.68,970.0,5.1506,2017,5,11,131,Summer
2017-05-12,30.9,22.4,26.2,1.5,10.8,29.0,61.68,970.0,6.1183,2017,5,12,132,Summer
2017-05-13,32.5,21.5,27.0,0.5,13.1,29.6,58.95,970.0,5.8723,2017,5,13,133,Summer
2017-05-14,33.9,22.5,27.2,3.5,14.0,29.9,60.47,970.0,6.3953,2017,5,14,134,Summer
2017-05-15,32.4,21.7,26.3,4.4,15.3,28.9,66.96,970.0,6.5146,2017,5,15,135,Summer
2017-05-16,32.5,21.6,26.9,0.9,11.8,29.7,51.59,970.0,6.5542,2017,5,16,136,Summer
2017-05-17,32.8,21.8,26.7,0.5,16.7,28.8,58.15,970.0,6.1543,2017,5,17,137,Summer
2017-05-18,33.3,22.1,25.8,36.1,15.6,28.6,66.92,970.0,5.9345,2017,5,18,138,Summer
2017-05-19,30.6,20.8,25.4,1.2,16.5,27.9,78.99,970.0,5.7122,2017,5,19,139,Summer
2017-05-20,30.5,22.0,25.9,4.9,16.9,28.6,71.02,970.0,4.729,2017,5,20,140,Summer
2017-05-21,28.4,22.0,24.6,5.1,16.6,27.3,76.0,970.0,5.0347,2017,5,21,141,Summer
2017-05-22,31.3,22.2,25.5,9.6,14.4,28.4,74.99,970.0,5.676,2017,5,22,142,Summer
2017-05-23,31.2,21.7,25.9,1.0,10.9,28.8,61.66,970.0,6.54,2017,5,23,143,Summer
2017-05-24,32.3,22.9,26.6,2.1,13.0,29.0,64.98,970.0,5.8174,2017,5,24,144,Summer
2017-05-25,31.2,22.2,26.0,1.0,18.4,28.6,71.11,970.0,5.6866,2017,5,25,145,Summer
2017-05-26,31.0,22.6,26.1,3.7,19.4,28.7,70.62,970.0,6.4814,2017,5,26,146,Summer
2017-05-27,31.8,22.2,25.3,10.2,18.2,27.9,83.37,970.0,4.6428,2017,5,27,147,Summer
2017-05-28,30.0,21.7,24.8,9.6,22.0,26.7,76.54,970.0,4.7357,2017,5,28,148,Summer
2017-05-29,30.8,20.9,25.2,0.0,24.1,26.0,70.53,970.0,6.2345,2017,5,29,149,Summer
2017-05-30,30.0,20.5,25.1,0.1,26.6,25.9,69.23,970.0,6.5165,2017,5,30,150,Summer
2017-05-31,28.6,20.4,24.6,0.9,22.1,26.2,70.72,970.0,6.0041,2017,5,31,151,Summer
2017-06-01,29.6,20.4,25.1,0.5,13.8,27.4,69.24,970.0,6.9787,2017,6,1,152,Southwest Monsoon
2017-06-02,29.9,21.4,25.5,0.6,19.7,27.3,72.36,970.0,6.8203,2017,6,2,153,Southwest Monsoon
2017-06-03,28.2,21.6,24.8,1.4,22.1,26.2,74.92,970.0,6.559,2017,6,3,154,Southwest Monsoon
2017-06-04,30.5,20.8,25.0,2.4,19.1,26.9,71.23,970.0,6.4759,2017,6,4,155,Southwest Monsoon
2017-06-05,30.6,20.8,25.1,3.6,18.6,26.9,67.42,970.0,6.5674,2017,6,5,156,Southwest Monsoon
2017-06-06,29.6,20.7,24.2,7.3,19.0,26.2,75.83,970.0,5.825,2017,6,6,157,Southwest Monsoon
2017-06-07,23.8,20.6,21.7,11.5,22.9,23.1,70.95,970.0,4.3848,2017,6,7,158,Southwest Monsoon
2017-06-08,25.1,20.0,22.1,2.2,22.1,22.9,71.49,970.0,5.0477,2017,6,8,159,Southwest Monsoon
2017-06-09,25.9,19.8,22.4,8.2,22.7,23.3,77.92,970.0,4.4326,2017,6,9,160,Southwest Monsoon
2017-06-10,26.6,20.0,23.0,1.1,29.6,23.3,77.6,970.0,4.6786,2017,6,10,161,Southwest Monsoon
2017-06-11,25.3,20.2,22.2,3.5,32.2,22.1,75.18,970.0,4.6819,2017,6,11,162,Southwest Monsoon
2017-06-12,27.0,20.5,23.3,5.3,29.3,23.8,79.43,970.0,3.9312,2017,6,12,163,Southwest Monsoon
2017-06-13,27.0,21.1,23.5,8.3,23.4,25.1,75.83,970.0,4.6817,2017,6,13,164,Southwest Monsoon
2017-06-14,28.5,20.6,24.2,1.2,17.6,26.3,74.3,970.0,5.664,2017,6,14,165,Southwest Monsoon
2017-06-15,27.9,20.0,23.8,2.2,20.0,25.5,72.49,970.0,5.1182,2017,6,15,166,Southwest Monsoon
2017-06-16,27.8,20.4,23.1,7.7,18.2,25.1,76.05,970.0,4.2864,2017,6,16,167,Southwest Monsoon
2017-06-17,28.0,20.0,23.5,1.0,20.7,25.6,71.02,970.0,5.2886,2017,6,17,168,Southwest Monsoon
2017-06-18,28.0,19.6,23.6,2.4,17.7,25.4,68.51,970.0,5.9112,2017,6,18,169,Southwest Monsoon
2017-06-19,27.5,20.0,23.3,1.5,18.9,25.0,72.87,970.0,4.9462,2017,6,19,170,Southwest Monsoon
2017-06-20,26.6,20.2,23.1,2.0,19.6,24.7,70.78,970.0,5.3854,2017,6,20,171,Southwest Monsoon
2017-06-21,26.8,19.8,23.2,1.2,22.4,24.5,69.81,970.0,5.7396,2017,6,21,172,Southwest Monsoon
2017-06-22,27.9,19.2,23.4,1.9,18.7,24.7,72.62,970.0,5.7017,2017,6,22,173,Southwest Monsoon
2017-06-23,26.5,20.0,23.3,2.5,21.3,24.3,72.33,970.0,6.3161,2017,6,23,174,Southwest Monsoon
2017-06-24,26.5,20.9,23.5,3.8,25.0,24.2,68.79,970.0,4.9318,2017,6,24,175,Southwest Monsoon
2017-06-25,27.5,20.6,23.2,2.2,28.2,23.6,76.27,970.0,4.6558,2017,6,25,176,Southwest Monsoon
2017-06-26,25.9,20.5,22.8,1.1,31.7,23.1,73.96,970.0,4.4182,2017,6,26,177,Southwest Monsoon
2017-06-27,24.5,20.2,22.1,3.8,23.9,22.7,71.41,970.0,5.2483,2017,6,27,178,Southwest Monsoon
2017-06-28,25.8,19.6,22.3,1.3,30.2,22.3,73.03,970.0,5.1139,2017,6,28,179,Southwest Monsoon
2017-06-29,27.8,20.7,23.6,1.8,27.0,23.7,74.09,970.0,5.2649,2017,6,29,180,Southwest Monsoon
2017-06-30,27.4,20.1,23.6,0.5,26.6,23.8,75.72,970.0,4.7642,2017,6,30,181,Southwest Monsoon
2017-07-01,27.9,20.0,23.8,0.6,26.6,24.1,70.32,970.0,5.0755,2017,7,1,182,Southwest Monsoon
2017-07-02,27.5,20.5,23.9,0.1,23.8,24.4,73.82,970.0,5.683,2017,7,2,183,Southwest Monsoon
2017-07-03,28.0,20.6,23.6,1.0,21.8,24.6,70.25,970.0,4.729,2017,7,3,184,Southwest Monsoon
2017-07-04,28.9,20.1,23.9,0.0,28.2,24.2,70.0,970.0,4.381,2017,7,4,185,Southwest Monsoon
2017-07-05,28.0,19.8,23.7,0.7,24.8,24.4,75.53,970.0,5.1667,2017,7,5,186,Southwest Monsoon
2017-07-06,27.0,19.8,23.3,1.8,22.3,24.2,73.19,970.0,4.5024,2017,7,6,187,Southwest Monsoon
2017-07-07,26.9,20.1,23.1,3.1,18.7,24.3,70.83,970.0,3.8909,2017,7,7,188,Southwest Monsoon
2017-07-08,25.8,19.9,22.8,1.6,18.6,24.3,69.88,970.0,3.7123,2017,7,8,189,Southwest Monsoon
2017-07-09,27.2,20.2,23.4,1.9,17.6,24.8,70.24,970.0,5.5855,2017,7,9,190,Southwest Monsoon
2017-07-10,28.6,19.2,24.0,0.5,17.4,25.2,74.54,970.0,5.5056,2017,7,10,191,Southwest Monsoon
2017-07-11,28.4,19.6,23.6,7.7,20.6,24.4,77.81,970.0,4.9714,2017,7,11,192,Southwest Monsoon
2017-07-12,29.6,20.5,23.9,1.1,23.7,24.6,68.76,970.0,3.8594,2017,7,12,193,Southwest Monsoon
2017-07-13,26.3,19.7,22.4,2.1,20.6,23.1,67.7,970.0,4.0524,2017,7,13,194,Southwest Monsoon
2017-07-14,28.4,19.4,22.9,0.8,27.7,22.7,69.24,970.0,3.7046,2017,7,14,195,Southwest Monsoon
2017-07-15,25.8,20.0,21.9,14.5,24.2,22.5,71.49,970.0,3.3002,2017,7,15,196,Southwest Monsoon
2017-07-16,27.6,18.9,22.8,1.6,28.2,22.5,68.39,970.0,3.9823,2017,7,16,197,Southwest Monsoon
2017-07-17,27.0,20.4,23.2,0.5,30.3,22.7,70.76,970.0,4.3478,2017,7,17,198,Southwest Monsoon
2017-07-18,24.9,20.9,22.6,4.8,29.9,22.5,78.19,970.0,3.384,2017,7,18,199,Southwest Monsoon
2017-07-19,26.4,20.5,23.3,3.8,33.5,22.9,75.61,970.0,4.0224,2017,7,19,200,Southwest Monsoon
2017-07-20,28.0,20.6,23.6,0.4,32.2,22.8,71.42,970.0,4.5614,2017,7,20,201,Southwest Monsoon
2017-07-21,28.6,20.1,23.6,1.7,30.2,23.3,75.26,970.0,4.41,2017,7,21,202,Southwest Monsoon
2017-07-22,28.4,20.2,24.0,1.5,25.3,24.4,68.11,970.0,4.9541,2017,7,22,203,Southwest Monsoon
2017-07-23,28.4,19.4,23.8,0.7,24.2,24.2,68.26,970.0,5.3114,2017,7,23,204,Southwest Monsoon
2017-07-24,28.3,19.5,24.0,0.1,26.3,24.1,70.59,970.0,5.4178,2017,7,24,205,Southwest Monsoon
2017-07-25,29.0,19.9,24.3,0.3,25.1,24.7,66.51,970.0,5.2678,2017,7,25,206,Southwest Monsoon
2017-07-26,29.0,19.8,24.3,0.6,24.3,24.6,65.34,970.0,5.369,2017,7,26,207,Southwest Monsoon
2017-07-27,28.5,19.5,24.0,0.2,22.8,24.5,67.47,970.0,5.7614,2017,7,27,208,Southwest Monsoon
2017-07-28,30.0,20.2,24.4,2.5,23.2,25.4,71.85,970.0,6.0089,2017,7,28,209,Southwest Monsoon
2017-07-29,29.9,20.4,24.8,2.4,20.5,25.9,73.49,970.0,5.4619,2017,7,29,210,Southwest Monsoon
2017-07-30,30.2,20.5,24.6,4.1,19.2,26.2,76.57,970.0,5.4631,2017,7,30,211,Southwest Monsoon
2017-07-31,29.5,20.6,24.4,3.4,17.3,26.1,79.49,970.0,5.3042,2017,7,31,212,Southwest Monsoon
2017-08-01,30.4,21.0,25.5,0.0,17.1,27.0,71.71,970.0,6.1507,2017,8,1,213,Southwest Monsoon
2017-08-02,31.0,20.6,25.4,0.1,22.9,26.5,72.54,970.0,5.8718,2017,8,2,214,Southwest Monsoon
2017-08-03,28.1,20.1,23.7,2.9,24.1,24.3,72.07,970.0,5.3474,2017,8,3,215,Southwest Monsoon
2017-08-04,26.9,20.7,23.3,3.8,24.7,23.8,74.73,970.0,4.0649,2017,8,4,216,Southwest Monsoon
2017-08-05,27.5,20.8,23.9,1.0,22.3,24.8,73.0,970.0,4.2571,2017,8,5,217,Southwest Monsoon
2017-08-06,27.1,20.7,23.8,1.9,21.4,24.9,72.42,970.0,4.6745,2017,8,6,218,Southwest Monsoon
2017-08-07,29.3,20.2,23.9,3.6,18.0,25.7,71.22,970.0,5.5978,2017,8,7,219,Southwest Monsoon
2017-08-08,29.3,20.5,24.6,3.2,18.2,26.1,72.91,970.0,5.4922,2017,8,8,220,Southwest Monsoon
2017-08-09,29.2,20.3,23.9,9.9,14.0,26.1,74.88,970.0,4.4604,2017,8,9,221,Southwest Monsoon
2017-08-10,27.0,20.3,23.3,3.9,13.8,25.7,75.54,970.0,4.8238,2017,8,10,222,Southwest Monsoon
2017-08-11,26.6,20.7,23.2,2.3,12.1,25.8,82.71,970.0,4.7297,2017,8,11,223,Southwest Monsoon
2017-08-12,28.0,20.5,23.5,0.7,18.4,25.3,81.13,970.0,4.3106,2017,8,12,224,Southwest Monsoon
2017-08-13,26.1,20.5,22.7,2.9,15.1,24.4,79.19,970.0,3.1855,2017,8,13,225,Southwest Monsoon
2017-08-14,28.5,19.9,24.0,0.8,11.0,26.2,77.31,970.0,5.3702,2017,8,14,226,Southwest Monsoon
2017-08-15,27.0,19.5,22.4,13.2,10.2,25.2,81.29,970.0,5.2894,2017,8,15,227,Southwest Monsoon
2017-08-16,28.1,20.1,23.0,12.4,14.2,25.3,82.44,970.0,5.9054,2017,8,16,228,Southwest Monsoon
2017-08-17,26.4,19.7,22.5,5.1,18.2,24.0,86.28,970.0,4.6874,2017,8,17,229,Southwest Monsoon
2017-08-18,24.2,20.1,21.7,12.0,19.4,23.5,84.05,970.0,4.489,2017,8,18,230,Southwest Monsoon
2017-08-19,25.5,19.8,21.8,2.6,25.1,22.6,79.52,970.0,4.9572,2017,8,19,231,Southwest Monsoon
2017-08-20,24.2,19.9,21.7,4.0,25.1,22.5,80.16,970.0,3.977,2017,8,20,232,Southwest Monsoon
2017-08-21,25.5,19.8,22.2,14.2,19.1,23.6,80.81,970.0,4.561,2017,8,21,233,Southwest Monsoon
2017-08-22,25.2,20.6,22.6,5.1,23.1,23.6,82.69,970.0,4.7969,2017,8,22,234,Southwest Monsoon
2017-08-23,26.4,20.0,22.7,15.3,17.9,24.4,83.13,970.0,5.2598,2017,8,23,235,Southwest Monsoon
2017-08-24,25.6,20.0,22.3,6.2,17.6,24.0,84.2,970.0,3.9847,2017,8,24,236,Southwest Monsoon
2017-08-25,26.2,20.1,22.0,12.3,21.3,23.7,82.7,970.0,3.7015,2017,8,25,237,Southwest Monsoon
2017-08-26,26.1,19.8,22.6,3.9,22.4,23.7,85.23,970.0,5.1264,2017,8,26,238,Southwest Monsoon
2017-08-27,23.9,20.4,21.8,15.6,23.8,22.7,78.62,970.0,4.0404,2017,8,27,239,Southwest Monsoon
2017-08-28,23.3,20.3,21.3,3.2,26.2,22.2,86.96,970.0,3.2887,2017,8,28,240,Southwest Monsoon
2017-08-29,23.1,19.9,21.2,6.7,24.8,22.2,81.31,970.0,3.8311,2017,8,29,241,Southwest Monsoon
2017-08-30,27.5,19.8,23.3,3.0,20.5,25.0,80.95,970.0,5.0568,2017,8,30,242,Southwest Monsoon
2017-08-31,27.5,19.6,23.5,0.2,14.8,25.6,80.51,970.0,5.4485,2017,8,31,243,Southwest Monsoon
2017-09-01,28.0,20.3,23.7,1.7,14.0,26.3,83.55,970.0,3.9689,2017,9,1,244,Southwest Monsoon
2017-09-02,27.9,20.5,23.4,12.2,10.6,26.8,86.43,970.0,4.6934,2017,9,2,245,Southwest Monsoon
2017-09-03,27.3,19.9,22.8,12.8,9.0,26.1,84.87,970.0,5.5495,2017,9,3,246,Southwest Monsoon
2017-09-04,27.6,19.6,23.7,4.9,12.1,27.0,83.89,970.0,5.7922,2017,9,4,247,Southwest Monsoon
2017-09-05,27.6,20.0,23.4,8.9,13.1,26.5,84.97,970.0,6.0965,2017,9,5,248,Southwest Monsoon
2017-09-06,27.4,19.8,22.8,20.7,10.7,26.2,90.09,970.0,5.5018,2017,9,6,249,Southwest Monsoon
2017-09-07,27.1,19.8,22.6,26.4,9.4,25.9,90.84,970.0,4.4642,2017,9,7,250,Southwest Monsoon
2017-09-08,27.8,19.4,23.1,33.6,12.4,26.6,82.46,970.0,4.8454,2017,9,8,251,Southwest Monsoon
2017-09-09,27.5,19.5,22.6,25.0,14.9,26.0,82.52,970.0,4.8238,2017,9,9,252,Southwest Monsoon
2017-09-10,27.1,19.6,23.2,2.1,15.3,25.8,86.66,970.0,5.1852,2017,9,10,253,Southwest Monsoon
2017-09-11,27.7,21.0,24.0,0.5,18.0,26.1,84.45,970.0,5.2152,2017,9,11,254,Southwest Monsoon
2017-09-12,28.0,21.2,24.0,1.7,15.2,26.6,85.95,970.0,6.421,2017,9,12,255,Southwest Monsoon
2017-09-13,29.2,21.1,24.5,0.3,15.7,27.4,83.21,970.0,6.0526,2017,9,13,256,Southwest Monsoon
2017-09-14,28.8,20.9,23.8,1.9,17.1,26.3,83.26,970.0,5.7922,2017,9,14,257,Southwest Monsoon
2017-09-15,26.7,19.9,23.0,1.0,16.6,25.1,88.83,970.0,4.4834,2017,9,15,258,Southwest Monsoon
2017-09-16,25.0,20.0,22.2,3.4,23.2,24.0,87.66,970.0,4.8638,2017,9,16,259,Southwest Monsoon
2017-09-17,25.9,19.9,21.6,9.1,25.6,22.6,87.63,970.0,3.3574,2017,9,17,260,Southwest Monsoon
2017-09-18,24.4,19.5,21.7,1.3,32.6,21.7,83.15,970.0,4.5934,2017,9,18,261,Southwest Monsoon
2017-09-19,26.8,19.6,22.7,1.3,30.6,22.8,83.73,970.0,4.6548,2017,9,19,262,Southwest Monsoon
2017-09-20,27.4,18.8,22.5,0.1,29.0,22.6,82.55,970.0,5.8063,2017,9,20,263,Southwest Monsoon
2017-09-21,24.8,18.0,21.7,0.7,19.8,22.7,83.2,970.0,4.8024,2017,9,21,264,Southwest Monsoon
2017-09-22,27.1,19.0,22.8,0.0,16.8,24.3,81.86,970.0,5.4725,2017,9,22,265,Southwest Monsoon
2017-09-23,27.0,19.0,23.4,0.6,10.6,25.8,80.96,970.0,6.6449,2017,9,23,266,Southwest Monsoon
2017-09-24,27.1,20.2,22.8,19.2,9.8,25.8,86.94,970.0,4.3308,2017,9,24,267,Southwest Monsoon
2017-09-25,25.8,19.4,21.7,10.6,15.3,24.1,91.98,970.0,4.7666,2017,9,25,268,Southwest Monsoon
2017-09-26,25.5,19.9,22.0,12.4,11.2,25.0,88.7,970.0,4.5674,2017,9,26,269,Southwest Monsoon
2017-09-27,26.4,19.2,21.8,17.0,10.0,24.8,89.79,970.0,4.0562,2017,9,27,270,Southwest Monsoon
2017-09-28,25.4,19.6,21.5,10.8,14.4,23.8,89.9,970.0,3.9694,2017,9,28,271,Southwest Monsoon
2017-09-29,25.9,20.0,22.0,1.6,16.4,23.8,88.91,970.0,4.2103,2017,9,29,272,Southwest Monsoon
2017-09-30,25.8,19.8,22.3,3.2,11.6,24.8,85.95,970.0,4.0846,2017,9,30,273,Southwest Monsoon
2017-10-01,26.5,19.5,22.1,9.7,13.0,24.9,91.21,970.0,4.8574,2017,10,1,274,Post-Monsoon
2017-10-02,25.9,19.7,22.4,1.2,14.8,25.1,87.45,970.0,4.1897,2017,10,2,275,Post-Monsoon
2017-10-03,26.9,19.8,23.1,0.7,13.4,25.6,91.95,970.0,5.3815,2017,10,3,276,Post-Monsoon
2017-10-04,26.2,20.0,22.6,5.9,10.5,25.6,91.41,970.0,5.1751,2017,10,4,277,Post-Monsoon
2017-10-05,27.1,19.8,22.2,7.5,12.1,25.4,90.04,970.0,4.0382,2017,10,5,278,Post-Monsoon
2017-10-06,25.9,19.7,22.1,6.9,9.1,25.2,87.78,970.0,4.4177,2017,10,6,279,Post-Monsoon
2017-10-07,26.8,19.0,22.8,7.9,9.2,26.1,89.56,970.0,5.004,2017,10,7,280,Post-Monsoon
2017-10-08,27.4,20.5,23.4,3.4,10.7,26.7,87.52,970.0,5.2994,2017,10,8,281,Post-Monsoon
2017-10-09,26.7,19.8,22.9,7.9,9.2,26.2,88.65,970.0,4.8624,2017,10,9,282,Post-Monsoon
2017-10-10,27.2,20.2,23.2,7.7,9.4,26.4,90.48,970.0,5.237,2017,10,10,283,Post-Monsoon
2017-10-11,27.2,19.7,22.7,21.2,9.7,26.2,86.65,970.0,5.628,2017,10,11,284,Post-Monsoon
2017-10-12,27.5,20.0,22.7,29.7,9.6,26.3,88.2,970.0,3.8196,2017,10,12,285,Post-Monsoon
2017-10-13,27.3,19.2,22.7,8.9,10.2,25.9,88.5,970.0,4.3814,2017,10,13,286,Post-Monsoon
2017-10-14,25.2,20.3,22.0,2.8,18.2,24.5,91.7,970.0,4.1381,2017,10,14,287,Post-Monsoon
2017-10-15,24.9,20.4,21.8,8.6,18.5,23.7,89.5,970.0,3.203,2017,10,15,288,Post-Monsoon
2017-10-16,26.0,19.4,21.8,2.7,17.4,23.8,92.0,970.0,2.8152,2017,10,16,289,Post-Monsoon
2017-10-17,25.5,19.5,22.2,0.2,12.2,24.6,90.01,970.0,3.2806,2017,10,17,290,Post-Monsoon
2017-10-18,26.5,18.4,22.0,0.5,13.4,23.9,85.41,970.0,3.497,2017,10,18,291,Post-Monsoon
2017-10-19,28.0,16.8,22.1,0.0,14.1,23.3,76.75,970.0,5.5387,2017,10,19,292,Post-Monsoon
2017-10-20,26.6,16.9,22.1,0.0,10.4,23.7,86.99,970.0,5.0239,2017,10,20,293,Post-Monsoon
2017-10-21,26.5,18.7,23.0,0.7,9.7,25.3,82.14,970.0,5.033,2017,10,21,294,Post-Monsoon
2017-10-22,27.7,18.5,22.8,0.0,10.0,24.8,83.03,970.0,6.0338,2017,10,22,295,Post-Monsoon
2017-10-23,27.4,16.8,21.9,0.0,10.8,22.9,73.03,970.0,6.4478,2017,10,23,296,Post-Monsoon
2017-10-24,28.1,15.9,22.5,0.0,9.1,23.8,77.91,970.0,5.8855,2017,10,24,297,Post-Monsoon
2017-10-25,27.5,19.1,23.1,0.7,14.1,25.1,88.8,970.0,4.8965,2017,10,25,298,Post-Monsoon
2017-10-26,27.1,20.0,22.9,0.7,15.3,24.6,87.61,970.0,4.4976,2017,10,26,299,Post-Monsoon
2017-10-27,27.0,19.0,22.2,1.4,16.1,24.0,86.66,970.0,4.5218,2017,10,27,300,Post-Monsoon
2017-10-28,27.2,18.6,22.3,0.0,18.8,23.0,86.75,970.0,5.6002,2017,10,28,301,Post-Monsoon
2017-10-29,27.0,18.2,22.3,0.0,19.5,22.6,86.13,970.0,5.6705,2017,10,29,302,Post-Monsoon
2017-10-30,26.0,17.9,21.2,1.4,23.7,21.0,89.45,970.0,3.6708,2017,10,30,303,Post-Monsoon
2017-10-31,24.8,18.6,21.1,0.4,25.4,21.0,89.03,970.0,3.1589,2017,10,31,304,Post-Monsoon
2017-11-01,23.9,18.6,20.6,2.5,21.4,20.8,88.76,970.0,3.3456,2017,11,1,305,Post-Monsoon
2017-11-02,26.7,17.4,21.4,0.1,18.1,21.6,85.15,970.0,4.4602,2017,11,2,306,Post-Monsoon
2017-11-03,25.5,18.6,21.3,0.0,22.4,21.5,87.62,970.0,4.4455,2017,11,3,307,Post-Monsoon
2017-11-04,23.3,17.8,20.1,1.8,20.8,20.3,89.85,970.0,3.3269,2017,11,4,308,Post-Monsoon
2017-11-05,26.0,19.0,21.2,3.7,22.6,22.1,89.03,970.0,3.9002,2017,11,5,309,Post-Monsoon
2017-11-06,23.5,19.1,20.7,28.3,20.2,22.0,89.15,970.0,3.6696,2017,11,6,310,Post-Monsoon
2017-11-07,25.4,17.9,20.9,1.8,19.4,22.0,88.45,970.0,4.1407,2017,11,7,311,Post-Monsoon
2017-11-08,26.1,18.0,21.5,0.0,20.8,22.4,87.3,970.0,4.4182,2017,11,8,312,Post-Monsoon
2017-11-09,26.0,17.2,20.8,0.0,16.6,21.4,83.7,970.0,5.7804,2017,11,9,313,Post-Monsoon
2017-11-10,26.3,15.4,20.9,0.0,14.8,21.4,85.71,970.0,5.6467,2017,11,10,314,Post-Monsoon
2017-11-11,26.1,17.0,21.1,0.0,17.7,21.6,85.35,970.0,3.851,2017,11,11,315,Post-Monsoon
2017-11-12,26.6,16.1,21.2,0.0,13.1,21.8,82.92,970.0,4.897,2017,11,12,316,Post-Monsoon
2017-11-13,26.2,18.5,21.9,0.6,15.0,22.5,86.62,970.0,4.6757,2017,11,13,317,Post-Monsoon
2017-11-14,25.1,17.4,21.5,0.5,12.7,23.1,86.49,970.0,4.6354,2017,11,14,318,Post-Monsoon
2017-11-15,25.5,19.0,22.1,3.3,11.3,24.3,87.17,970.0,3.3816,2017,11,15,319,Post-Monsoon
2017-11-16,25.9,18.8,22.4,1.3,14.7,24.3,87.59,970.0,3.9874,2017,11,16,320,Post-Monsoon
2017-11-17,26.5,20.2,22.7,0.8,12.2,24.9,85.78,970.0,3.7351,2017,11,17,321,Post-Monsoon
2017-11-18,26.8,19.4,22.6,0.7,14.1,24.4,86.04,970.0,4.4002,2017,11,18,322,Post-Monsoon
2017-11-19,26.6,19.7,22.9,0.4,13.0,24.6,86.26,970.0,4.5055,2017,11,19,323,Post-Monsoon
2017-11-20,27.5,19.3,22.9,0.1,13.4,24.4,86.12,970.0,4.9781,2017,11,20,324,Post-Monsoon
2017-11-21,26.9,19.5,22.6,0.3,16.9,23.9,85.37,970.0,4.5358,2017,11,21,325,Post-Monsoon
2017-11-22,27.4,18.6,22.3,0.0,19.3,22.7,86.03,970.0,4.9188,2017,11,22,326,Post-Monsoon
2017-11-23,27.8,17.0,22.0,0.0,13.5,22.7,80.39,970.0,5.4427,2017,11,23,327,Post-Monsoon
2017-11-24,28.5,17.9,22.7,0.0,15.9,23.6,85.51,970.0,4.4568,2017,11,24,328,Post-Monsoon
2017-11-25,27.4,18.3,22.4,0.0,18.3,23.1,86.25,970.0,4.0577,2017,11,25,329,Post-Monsoon
2017-11-26,25.5,16.8,21.2,0.7,18.0,21.5,86.34,970.0,3.2179,2017,11,26,330,Post-Monsoon
2017-11-27,26.5,19.0,22.4,0.5,21.4,23.3,86.96,970.0,3.221,2017,11,27,331,Post-Monsoon
2017-11-28,28.0,17.5,22.1,0.0,15.8,22.7,84.07,970.0,5.0942,2017,11,28,332,Post-Monsoon
2017-11-29,27.5,16.6,21.8,0.0,20.3,21.4,82.5,970.0,4.9519,2017,11,29,333,Post-Monsoon
2017-11-30,24.0,19.7,21.4,1.3,28.9,21.2,91.3,970.0,2.8764,2017,11,30,334,Post-Monsoon
2017-12-01,24.5,18.9,20.4,4.7,33.6,20.1,90.96,970.0,2.0633,2017,12,1,335,Winter
2017-12-02,22.6,17.9,19.5,5.1,27.4,18.8,91.0,970.0,2.7386,2017,12,2,336,Winter
2017-12-03,24.2,17.5,20.5,0.5,18.0,21.3,88.07,970.0,4.1335,2017,12,3,337,Winter
2017-12-04,24.8,18.2,21.0,0.3,13.1,22.3,86.52,970.0,4.3452,2017,12,4,338,Winter
2017-12-05,25.4,18.1,21.2,0.0,14.7,22.4,84.96,970.0,3.9456,2017,12,5,339,Winter
2017-12-06,25.7,17.6,21.5,0.1,13.0,22.8,83.84,970.0,4.4513,2017,12,6,340,Winter
2017-12-07,27.6,18.4,22.1,0.1,12.7,23.4,83.79,970.0,4.4443,2017,12,7,341,Winter
2017-12-08,27.8,15.1,20.9,0.0,14.3,20.7,70.13,970.0,5.4679,2017,12,8,342,Winter
2017-12-09,27.4,15.4,21.4,0.0,10.2,21.6,64.54,970.0,5.4636,2017,12,9,343,Winter
2017-12-10,27.4,17.0,21.6,0.0,17.4,21.8,72.26,970.0,5.4132,2017,12,10,344,Winter
2017-12-11,28.9,16.1,22.2,0.0,11.5,23.1,73.73,970.0,5.3671,2017,12,11,345,Winter
2017-12-12,26.9,16.6,22.0,0.0,11.5,23.3,82.06,970.0,4.3159,2017,12,12,346,Winter
2017-12-13,26.8,17.9,22.5,1.2,10.4,24.1,85.24,970.0,3.3072,2017,12,13,347,Winter
2017-12-14,28.3,18.1,22.3,0.0,18.0,22.4,81.1,970.0,5.1259,2017,12,14,348,Winter
2017-12-15,27.2,16.7,21.5,0.0,18.4,21.3,83.71,970.0,5.3309,2017,12,15,349,Winter
2017-12-16,27.6,16.7,20.8,0.0,23.5,20.2,83.36,970.0,4.661,2017,12,16,350,Winter
2017-12-17,26.0,15.2,19.8,0.0,23.4,18.6,82.81,970.0,5.3374,2017,12,17,351,Winter
2017-12-18,25.6,14.8,19.6,0.0,18.5,18.5,83.36,970.0,5.2018,2017,12,18,352,Winter
2017-12-19,25.5,14.7,19.8,0.0,22.3,19.0,83.83,970.0,5.5363,2017,12,19,353,Winter
2017-12-20,27.3,16.2,21.0,0.0,17.0,20.1,80.63,970.0,5.5567,2017,12,20,354,Winter
2017-12-21,27.4,14.1,20.0,0.0,21.7,19.0,81.28,970.0,5.2802,2017,12,21,355,Winter
2017-12-22,26.5,16.5,20.7,0.0,19.4,20.0,81.19,970.0,5.5874,2017,12,22,356,Winter
2017-12-23,26.4,15.4,20.1,0.0,18.7,19.3,79.74,970.0,5.3942,2017,12,23,357,Winter
2017-12-24,26.4,14.6,19.7,0.0,16.1,18.8,79.3,970.0,5.9424,2017,12,24,358,Winter
2017-12-25,27.6,14.6,20.0,0.0,17.7,19.8,80.14,970.0,4.176,2017,12,25,359,Winter
2017-12-26,27.5,15.2,20.9,0.0,19.0,19.8,77.8,970.0,5.7408,2017,12,26,360,Winter
2017-12-27,26.9,14.6,20.0,0.0,16.6,19.0,79.09,970.0,5.4396,2017,12,27,361,Winter
2017-12-28,25.6,14.9,19.1,0.0,17.8,17.6,76.6,970.0,5.7358,2017,12,28,362,Winter
2017-12-29,24.9,12.6,18.5,0.0,16.3,17.4,79.7,970.0,5.7766,2017,12,29,363,Winter
2017-12-30,26.0,15.7,20.4,0.0,15.6,20.0,79.64,970.0,5.2733,2017,12,30,364,Winter
2017-12-31,26.5,15.6,20.6,0.0,16.0,20.3,75.12,970.0,5.7905,2017,12,31,365,Winter
2018-01-01,27.2,14.5,21.3,0.0,12.2,21.7,73.07,970.0,5.6362,2018,1,1,1,Winter
2018-01-02,27.8,16.5,22.0,0.0,17.7,22.1,74.26,970.0,5.4194,2018,1,2,2,Winter
2018-01-03,26.3,17.4,21.9,0.0,16.0,22.0,73.81,970.0,4.6123,2018,1,3,3,Winter
2018-01-04,27.2,16.9,21.5,0.0,15.6,21.2,75.11,970.0,4.639,2018,1,4,4,Winter
2018-01-05,26.5,14.5,19.9,0.0,14.4,19.2,71.16,970.0,5.1734,2018,1,5,5,Winter
2018-01-06,25.7,13.5,19.6,0.0,15.4,19.1,68.3,970.0,5.0076,2018,1,6,6,Winter
2018-01-07,26.0,13.8,19.9,0.0,13.7,19.1,64.28,970.0,4.8437,2018,1,7,7,Winter
2018-01-08,26.0,13.8,19.4,0.0,18.4,17.5,69.5,970.0,5.5334,2018,1,8,8,Winter
2018-01-09,26.5,14.9,20.3,0.0,17.4,19.3,75.96,970.0,5.0246,2018,1,9,9,Winter
2018-01-10,26.2,17.9,20.8,0.1,22.0,20.2,79.14,970.0,4.3277,2018,1,10,10,Winter
2018-01-11,28.4,17.2,22.3,0.1,18.2,22.7,78.5,970.0,4.5374,2018,1,11,11,Winter
2018-01-12,28.2,18.2,22.5,0.0,14.6,22.7,72.87,970.0,4.0418,2018,1,12,12,Winter
2018-01-13,29.5,17.1,22.4,0.0,15.5,21.5,71.2,970.0,5.6566,2018,1,13,13,Winter
2018-01-14,29.1,15.3,21.6,0.0,17.7,20.2,69.15,970.0,6.0763,2018,1,14,14,Winter
2018-01-15,29.1,15.6,22.0,0.0,16.0,21.0,68.7,970.0,5.9086,2018,1,15,15,Winter
2018-01-16,28.6,16.1,21.9,0.0,15.5,21.7,70.8,970.0,4.5658,2018,1,16,16,Winter
2018-01-17,27.6,15.9,21.1,0.0,15.0,20.5,67.42,970.0,4.8458,2018,1,17,17,Winter
2018-01-18,27.4,14.7,20.4,0.0,19.9,18.3,65.43,970.0,6.1296,2018,1,18,18,Winter
2018-01-19,27.1,13.3,19.6,0.0,15.2,17.7,66.76,970.0,5.9789,2018,1,19,19,Winter
2018-01-20,26.8,13.2,19.4,0.0,15.9,18.1,65.27,970.0,6.0948,2018,1,20,20,Winter
2018-01-21,27.0,12.9,19.5,0.0,16.1,18.0,64.87,970.0,6.0214,2018,1,21,21,Winter
2018-01-22,27.0,13.2,19.6,0.0,17.1,18.7,64.24,970.0,5.9782,2018,1,22,22,Winter
2018-01-23,27.8,15.6,21.2,0.0,16.9,21.3,69.62,970.0,5.6095,2018,1,23,23,Winter
2018-01-24,28.4,15.9,22.1,0.0,11.8,22.1,67.84,970.0,4.5401,2018,1,24,24,Winter
2018-01-25,27.7,15.9,21.7,0.0,13.6,21.6,57.04,970.0,5.1343,2018,1,25,25,Winter
2018-01-26,27.4,15.8,21.2,0.0,15.2,20.0,61.9,970.0,5.6323,2018,1,26,26,Winter
2018-01-27,27.4,15.4,21.1,0.0,15.9,20.4,66.14,970.0,5.2954,2018,1,27,27,Winter
2018-01-28,27.4,14.6,20.8,0.0,18.7,19.7,61.98,970.0,5.4864,2018,1,28,28,Winter
2018-01-29,27.9,15.3,21.1,0.0,19.1,19.7,62.19,970.0,6.0732,2018,1,29,29,Winter
2018-01-30,27.8,14.9,20.7,0.0,19.5,19.5,61.9,970.0,6.1774,2018,1,30,30,Winter
2018-01-31,27.9,13.9,20.3,0.0,14.1,18.9,57.64,970.0,6.5335,2018,1,31,31,Winter
2018-02-01,28.5,14.0,20.6,0.0,18.8,18.1,46.39,970.0,6.7483,2018,2,1,32,Winter
2018-02-02,28.5,14.6,20.9,0.0,16.7,18.4,47.66,970.0,6.6199,2018,2,2,33,Winter
2018-02-03,27.1,14.5,20.1,0.0,17.0,17.4,51.82,970.0,6.7006,2018,2,3,34,Winter
2018-02-04,27.5,12.9,19.7,0.0,14.8,17.4,55.39,970.0,6.7567,2018,2,4,35,Winter
2018-02-05,28.1,12.1,20.0,0.0,14.9,18.0,53.72,970.0,6.6626,2018,2,5,36,Winter
2018-02-06,29.5,15.7,22.4,0.0,15.5,22.4,62.7,970.0,6.0965,2018,2,6,37,Winter
2018-02-07,28.7,19.1,22.6,1.2,14.0,24.4,80.01,970.0,4.0846,2018,2,7,38,Winter
2018-02-08,28.1,18.8,22.6,1.1,11.3,23.8,62.74,970.0,4.6454,2018,2,8,39,Winter
2018-02-09,29.0,18.5,23.1,5.2,10.5,24.7,68.79,970.0,5.2927,2018,2,9,40,Winter
2018-02-10,27.2,18.3,22.9,3.0,17.6,23.7,67.04,970.0,5.3482,2018,2,10,41,Winter
2018-02-11,28.5,17.5,22.7,0.0,18.3,22.6,64.12,970.0,6.0768,2018,2,11,42,Winter
2018-02-12,28.0,17.4,22.1,0.0,18.0,22.2,62.15,970.0,5.7538,2018,2,12,43,Winter
2018-02-13,28.6,16.8,22.1,0.0,18.8,21.9,63.46,970.0,5.783,2018,2,13,44,Winter
2018-02-14,28.4,17.2,22.2,0.0,18.1,22.1,61.38,970.0,6.3612,2018,2,14,45,Winter
2018-02-15,28.5,17.0,22.2,0.0,17.1,21.9,65.49,970.0,6.427,2018,2,15,46,Winter
2018-02-16,29.4,16.2,22.1,0.0,16.1,20.5,55.86,970.0,6.8153,2018,2,16,47,Winter
2018-02-17,29.5,15.2,22.1,0.0,13.8,21.3,56.16,970.0,6.6946,2018,2,17,48,Winter
2018-02-18,30.1,16.4,22.5,0.0,15.4,21.3,53.24,970.0,6.8345,2018,2,18,49,Winter
2018-02-19,30.0,15.3,22.3,0.0,17.7,20.4,53.98,970.0,6.9158,2018,2,19,50,Winter
2018-02-20,30.2,15.8,22.7,0.0,20.9,21.3,56.38,970.0,6.8352,2018,2,20,51,Winter
2018-02-21,30.0,17.0,23.0,0.0,18.4,20.4,52.06,970.0,6.9533,2018,2,21,52,Winter
2018-02-22,30.4,17.0,23.2,0.0,21.6,20.8,47.27,970.0,6.9578,2018,2,22,53,Winter
2018-02-23,29.6,17.0,22.8,0.0,20.2,19.8,47.27,970.0,7.1436,2018,2,23,54,Winter
2018-02-24,29.4,14.1,21.6,0.0,16.5,20.3,48.04,970.0,7.2881,2018,2,24,55,Winter
2018-02-25,30.1,16.6,22.8,0.0,16.8,21.4,50.8,970.0,7.3164,2018,2,25,56,Winter
2018-02-26,30.5,16.0,23.0,0.0,18.2,21.6,42.32,970.0,7.369,2018,2,26,57,Winter
2018-02-27,31.0,17.2,23.8,0.0,18.9,21.4,40.36,970.0,7.2482,2018,2,27,58,Winter
2018-02-28,31.4,15.3,23.5,0.0,18.5,21.0,32.5,970.0,7.1285,2018,2,28,59,Winter
2018-03-01,31.1,16.4,23.6,0.0,17.7,21.3,38.11,970.0,7.3807,2018,3,1,60,Summer
2018-03-02,31.5,17.4,24.1,0.0,18.0,21.1,34.72,970.0,7.4117,2018,3,2,61,Summer
2018-03-03,32.2,17.9,24.6,0.0,15.6,21.6,29.88,970.0,7.4664,2018,3,3,62,Summer
2018-03-04,32.5,16.1,24.5,0.0,18.3,21.7,29.78,970.0,7.4462,2018,3,4,63,Summer
2018-03-05,32.7,17.0,24.7,0.0,17.4,21.8,28.28,970.0,7.2516,2018,3,5,64,Summer
2018-03-06,32.6,16.2,24.3,0.0,19.4,21.7,32.64,970.0,7.5955,2018,3,6,65,Summer
2018-03-07,31.8,14.6,23.8,0.0,19.8,21.9,36.14,970.0,7.4323,2018,3,7,66,Summer
2018-03-08,31.9,16.5,24.1,0.0,19.1,21.8,33.59,970.0,7.2137,2018,3,8,67,Summer
2018-03-09,32.2,17.0,24.5,0.0,18.5,22.2,36.34,970.0,6.8894,2018,3,9,68,Summer
2018-03-10,31.9,17.2,24.6,0.0,22.2,22.9,38.2,970.0,6.2244,2018,3,10,69,Summer
2018-03-11,32.6,18.4,25.1,0.0,22.0,22.7,39.51,970.0,7.0039,2018,3,11,70,Summer
2018-03-12,31.8,17.6,24.5,0.0,24.0,23.3,44.21,970.0,6.8938,2018,3,12,71,Summer
2018-03-13,31.3,18.7,24.2,0.0,24.8,24.4,55.99,970.0,5.8973,2018,3,13,72,Summer
2018-03-14,30.7,21.1,25.5,0.0,20.5,25.6,55.75,970.0,5.4331,2018,3,14,73,Summer
2018-03-15,31.7,20.8,24.6,4.3,18.8,26.2,56.87,970.0,5.6172,2018,3,15,74,Summer
2018-03-16,30.3,20.8,23.7,15.3,9.8,26.7,67.08,970.0,4.9416,2018,3,16,75,Summer
2018-03-17,28.0,19.5,22.4,14.8,16.9,24.5,67.49,970.0,5.0686,2018,3,17,76,Summer
2018-03-18,26.9,19.3,23.0,6.5,14.3,24.9,66.79,970.0,5.453,2018,3,18,77,Summer
2018-03-19,30.5,18.9,24.0,0.0,16.6,24.2,53.76,970.0,6.9468,2018,3,19,78,Summer
2018-03-20,31.6,17.5,24.5,0.0,13.4,24.7,47.74,970.0,7.2905,2018,3,20,79,Summer
2018-03-21,31.0,19.0,25.1,0.0,11.0,26.0,48.21,970.0,6.9749,2018,3,21,80,Summer
2018-03-22,31.0,19.7,25.7,0.0,15.9,25.9,47.38,970.0,6.0854,2018,3,22,81,Summer
2018-03-23,31.8,20.3,26.2,0.0,14.1,25.8,40.02,970.0,6.7411,2018,3,23,82,Summer
2018-03-24,32.1,22.0,26.6,0.2,15.1,27.2,45.99,970.0,5.8327,2018,3,24,83,Summer
2018-03-25,33.5,20.9,26.8,0.0,19.9,26.0,42.85,970.0,6.479,2018,3,25,84,Summer
2018-03-26,34.0,19.2,26.3,0.0,17.7,25.5,38.43,970.0,6.4428,2018,3,26,85,Summer
2018-03-27,33.9,19.5,26.4,0.0,12.7,26.3,36.82,970.0,6.7939,2018,3,27,86,Summer
2018-03-28,32.9,21.0,26.7,0.0,13.2,27.3,45.66,970.0,6.4843,2018,3,28,87,Summer
2018-03-29,33.0,21.1,26.8,0.1,11.9,27.9,43.57,970.0,5.9122,2018,3,29,88,Summer
2018-03-30,31.1,21.8,26.1,6.0,13.8,27.8,44.51,970.0,5.8678,2018,3,30,89,Summer
2018-03-31,30.2,20.9,24.8,8.6,11.7,27.1,54.25,970.0,6.3432,2018,3,31,90,Summer
2018-04-01,31.0,20.8,25.8,0.3,13.0,27.3,47.31,970.0,6.413,2018,4,1,91,Summer
2018-04-02,31.6,20.9,25.4,2.5,16.1,27.1,46.97,970.0,6.0852,2018,4,2,92,Summer
2018-04-03,31.2,20.8,25.5,0.3,13.0,26.8,44.32,970.0,6.2162,2018,4,3,93,Summer
2018-04-04,31.5,20.0,25.5,0.0,13.2,25.8,42.24,970.0,6.7747,2018,4,4,94,Summer
2018-04-05,32.0,19.5,25.6,0.0,13.9,25.5,46.54,970.0,7.068,2018,4,5,95,Summer
2018-04-06,32.5,19.9,25.9,0.0,16.4,26.1,43.98,970.0,6.7661,2018,4,6,96,Summer
2018-04-07,32.6,20.2,26.1,0.0,18.0,25.9,42.38,970.0,6.677,2018,4,7,97,Summer
2018-04-08,32.7,19.2,25.6,0.0,19.4,25.4,48.48,970.0,7.2739,2018,4,8,98,Summer
2018-04-09,31.7,20.0,25.5,0.0,19.4,25.6,48.21,970.0,7.1909,2018,4,9,99,Summer
2018-04-10,32.3,19.3,25.5,0.0,18.4,25.9,47.09,970.0,7.3282,2018,4,10,100,Summer
2018-04-11,32.3,20.9,26.2,0.0,16.8,27.2,48.24,970.0,6.6528,2018,4,11,101,Summer
2018-04-12,32.5,21.1,26.5,0.2,17.4,28.0,47.71,970.0,6.631,2018,4,12,102,Summer
2018-04-13,32.0,20.9,26.4,0.0,17.8,27.2,47.7,970.0,6.5686,2018,4,13,103,Summer
2018-04-14,33.8,21.8,27.3,0.1,15.8,28.6,45.86,970.0,6.9614,2018,4,14,104,Summer
2018-04-15,33.2,22.2,27.2,0.0,19.1,28.5,49.53,970.0,6.1963,2018,4,15,105,Summer
2018-04-16,32.8,22.5,27.0,6.4,15.4,28.9,46.64,970.0,5.9395,2018,4,16,106,Summer
2018-04-17,33.8,21.9,27.5,0.0,15.7,28.6,44.6,970.0,6.7642,2018,4,17,107,Summer
2018-04-18,34.0,21.9,27.9,0.7,15.1,28.8,39.46,970.0,6.5134,2018,4,18,108,Summer
2018-04-19,34.6,22.7,28.0,0.4,16.5,29.8,44.83,970.0,5.8154,2018,4,19,109,Summer
2018-04-20,33.5,23.0,26.5,3.5,14.3,28.7,48.25,970.0,6.0216,2018,4,20,110,Summer
2018-04-21,33.8,23.4,28.1,0.6,16.6,29.4,57.28,970.0,6.1927,2018,4,21,111,Summer
2018-04-22,31.9,22.5,26.5,2.5,13.2,28.7,54.28,970.0,6.2333,2018,4,22,112,Summer
2018-04-23,33.7,21.2,27.3,0.0,12.3,29.0,56.21,970.0,6.6077,2018,4,23,113,Summer
2018-04-24,33.3,22.8,26.7,4.9,12.2,28.7,50.88,970.0,6.2566,2018,4,24,114,Summer
2018-04-25,33.1,21.2,26.1,2.1,19.2,28.5,56.17,970.0,6.7723,2018,4,25,115,Summer
2018-04-26,32.7,22.6,27.3,2.8,15.9,29.1,53.52,970.0,6.3451,2018,4,26,116,Summer
2018-04-27,34.0,21.7,27.5,0.0,19.1,28.2,51.97,970.0,6.7692,2018,4,27,117,Summer
2018-04-28,33.5,20.9,26.9,0.0,17.6,27.8,51.78,970.0,6.7598,2018,4,28,118,Summer
2018-04-29,33.0,20.7,27.3,0.0,9.9,28.7,44.33,970.0,6.5755,2018,4,29,119,Summer
2018-04-30,33.8,22.4,27.2,2.1,12.7,29.4,50.63,970.0,6.4308,2018,4,30,120,Summer
2018-05-01,33.3,23.0,27.6,0.0,14.2,29.5,59.75,970.0,5.4482,2018,5,1,121,Summer
2018-05-02,33.8,23.4,27.0,0.2,15.0,29.6,59.96,970.0,5.9683,2018,5,2,122,Summer
2018-05-03,32.7,21.7,26.4,4.7,16.2,29.5,61.41,970.0,5.7612,2018,5,3,123,Summer
2018-05-04,30.5,20.6,25.7,0.0,14.2,27.9,66.49,970.0,6.4874,2018,5,4,124,Summer
2018-05-05,31.4,21.5,26.2,0.5,12.6,28.3,59.41,970.0,6.5789,2018,5,5,125,Summer
2018-05-06,32.8,21.2,26.7,0.0,12.4,28.4,58.69,970.0,6.1476,2018,5,6,126,Summer
2018-05-07,32.2,21.8,26.6,0.3,13.5,29.1,61.24,970.0,6.3799,2018,5,7,127,Summer
2018-05-08,31.5,21.6,25.3,1.8,15.3,28.1,65.77,970.0,5.5078,2018,5,8,128,Summer
2018-05-09,30.3,20.8,24.8,7.0,12.1,27.7,70.73,970.0,5.237,2018,5,9,129,Summer
2018-05-10,31.6,21.8,25.3,6.0,17.1,28.5,68.37,970.0,6.4061,2018,5,10,130,Summer
2018-05-11,31.1,21.2,24.2,11.7,12.8,27.7,72.99,970.0,6.823,2018,5,11,131,Summer
2018-05-12,30.0,20.5,24.9,1.3,11.0,27.9,70.97,970.0,6.6586,2018,5,12,132,Summer
2018-05-13,31.6,20.5,25.4,1.2,11.1,28.7,68.36,970.0,6.2136,2018,5,13,133,Summer
2018-05-14,30.0,20.9,24.7,14.0,11.6,28.3,76.81,970.0,5.8987,2018,5,14,134,Summer
2018-05-15,29.7,21.2,24.6,1.7,9.1,27.5,63.8,970.0,6.5714,2018,5,15,135,Summer
2018-05-16,31.0,21.4,25.1,0.1,9.9,28.1,62.31,970.0,6.4356,2018,5,16,136,Summer
2018-05-17,31.5,21.0,26.1,0.0,12.0,28.4,65.0,970.0,5.945,2018,5,17,137,Summer
2018-05-18,29.9,21.2,24.7,9.0,11.0,27.8,73.14,970.0,5.1233,2018,5,18,138,Summer
2018-05-19,31.4,20.5,24.7,1.2,11.0,27.9,66.72,970.0,5.8574,2018,5,19,139,Summer
2018-05-20,31.5,20.5,24.9,3.4,11.5,28.1,69.62,970.0,6.1488,2018,5,20,140,Summer
2018-05-21,30.9,20.1,24.4,12.5,10.5,27.6,68.48,970.0,5.9426,2018,5,21,141,Summer
2018-05-22,29.9,20.7,24.5,5.9,13.1,27.8,69.7,970.0,6.1354,2018,5,22,142,Summer
2018-05-23,30.1,20.2,24.2,13.2,14.4,27.8,61.35,970.0,5.4365,2018,5,23,143,Summer
2018-05-24,29.5,20.5,24.7,1.2,12.9,27.9,68.51,970.0,5.9117,2018,5,24,144,Summer
2018-05-25,29.6,20.3,23.7,23.7,16.2,26.5,75.11,970.0,3.515,2018,5,25,145,Summer
2018-05-26,27.9,20.2,23.6,13.0,10.3,27.3,72.9,970.0,5.1142,2018,5,26,146,Summer
2018-05-27,30.0,20.7,25.0,4.1,12.3,28.5,73.88,970.0,5.9688,2018,5,27,147,Summer
2018-05-28,29.5,21.2,24.4,14.6,12.5,28.4,71.66,970.0,6.5078,2018,5,28,148,Summer
2018-05-29,29.2,20.9,24.7,2.4,17.1,26.9,72.09,970.0,6.5388,2018,5,29,149,Summer
2018-05-30,29.1,21.5,24.2,8.5,17.4,27.0,78.73,970.0,5.3407,2018,5,30,150,Summer
2018-05-31,30.0,20.8,24.8,2.9,12.3,28.3,78.29,970.0,5.6482,2018,5,31,151,Summer
2018-06-01,29.4,21.1,24.2,12.1,11.2,27.8,81.1,970.0,4.9416,2018,6,1,152,Southwest Monsoon
2018-06-02,27.4,20.8,23.8,14.1,10.7,27.4,74.37,970.0,4.8353,2018,6,2,153,Southwest Monsoon
2018-06-03,26.9,21.0,23.0,18.7,12.4,26.2,82.92,970.0,5.3561,2018,6,3,154,Southwest Monsoon
2018-06-04,28.3,21.0,23.7,0.4,17.2,26.5,82.82,970.0,5.257,2018,6,4,155,Southwest Monsoon
2018-06-05,27.0,20.5,23.4,5.3,16.6,25.8,72.43,970.0,5.8022,2018,6,5,156,Southwest Monsoon
2018-06-06,28.2,20.5,23.9,4.9,20.1,26.4,70.47,970.0,6.1202,2018,6,6,157,Southwest Monsoon
2018-06-07,27.5,20.4,23.3,4.7,24.7,24.5,79.4,970.0,4.9476,2018,6,7,158,Southwest Monsoon
2018-06-08,25.7,20.8,23.0,1.7,33.7,23.2,77.87,970.0,3.0746,2018,6,8,159,Southwest Monsoon
2018-06-09,26.5,20.7,22.8,11.9,31.3,23.3,76.37,970.0,3.4718,2018,6,9,160,Southwest Monsoon
2018-06-10,26.0,20.9,22.8,7.8,30.5,23.7,77.86,970.0,4.2787,2018,6,10,161,Southwest Monsoon
2018-06-11,27.0,21.4,23.7,1.7,27.7,24.4,79.27,970.0,3.8957,2018,6,11,162,Southwest Monsoon
2018-06-12,27.5,21.4,23.8,2.0,29.4,24.6,78.68,970.0,4.4926,2018,6,12,163,Southwest Monsoon
2018-06-13,27.4,21.3,23.7,1.9,25.7,24.8,78.4,970.0,4.7364,2018,6,13,164,Southwest Monsoon
2018-06-14,27.3,20.6,22.9,5.0,18.2,24.7,70.04,970.0,3.678,2018,6,14,165,Southwest Monsoon
2018-06-15,27.8,20.0,23.2,1.8,18.2,25.0,69.1,970.0,5.7634,2018,6,15,166,Southwest Monsoon
2018-06-16,27.7,19.9,23.4,2.6,20.5,24.9,63.8,970.0,6.0929,2018,6,16,167,Southwest Monsoon
2018-06-17,28.0,20.0,23.5,0.1,24.5,24.6,67.28,970.0,5.3717,2018,6,17,168,Southwest Monsoon
2018-06-18,27.5,19.2,22.9,2.7,22.3,23.9,72.61,970.0,6.0586,2018,6,18,169,Southwest Monsoon
2018-06-19,28.0,19.4,23.0,0.9,27.1,23.5,77.62,970.0,5.7286,2018,6,19,170,Southwest Monsoon
2018-06-20,27.5,20.2,23.0,1.2,27.2,23.6,77.89,970.0,5.2886,2018,6,20,171,Southwest Monsoon
2018-06-21,25.5,20.1,22.0,7.9,27.4,23.2,75.01,970.0,4.9968,2018,6,21,172,Southwest Monsoon
2018-06-22,27.4,19.4,22.7,0.9,21.3,23.6,74.32,970.0,4.5401,2018,6,22,173,Southwest Monsoon
2018-06-23,26.5,20.0,22.7,1.9,18.9,23.9,77.34,970.0,4.771,2018,6,23,174,Southwest Monsoon
2018-06-24,27.1,19.5,22.6,2.8,22.7,24.0,72.03,970.0,5.2637,2018,6,24,175,Southwest Monsoon
2018-06-25,26.5,19.9,22.4,5.5,22.3,23.5,70.68,970.0,5.0242,2018,6,25,176,Southwest Monsoon
2018-06-26,25.8,19.9,22.5,0.7,27.8,22.8,74.39,970.0,5.0102,2018,6,26,177,Southwest Monsoon
2018-06-27,26.6,19.6,22.2,5.3,28.7,22.8,78.46,970.0,3.6053,2018,6,27,178,Southwest Monsoon
2018-06-28,24.2,19.8,21.2,7.6,23.7,22.4,77.71,970.0,4.2362,2018,6,28,179,Southwest Monsoon
2018-06-29,25.5,19.5,22.0,3.3,18.4,23.9,73.2,970.0,4.855,2018,6,29,180,Southwest Monsoon
2018-06-30,27.0,19.6,22.7,6.8,14.5,25.0,66.08,970.0,5.8025,2018,6,30,181,Southwest Monsoon
2018-07-01,27.0,19.2,22.9,0.6,12.8,25.1,68.32,970.0,5.5598,2018,7,1,182,Southwest Monsoon
2018-07-02,27.4,19.5,22.6,5.1,16.9,24.6,73.49,970.0,6.0142,2018,7,2,183,Southwest Monsoon
2018-07-03,26.9,19.8,22.8,0.5,20.9,23.9,77.81,970.0,5.4682,2018,7,3,184,Southwest Monsoon
2018-07-04,27.0,19.0,23.0,0.3,23.1,23.6,72.97,970.0,5.5802,2018,7,4,185,Southwest Monsoon
2018-07-05,28.0,18.8,23.0,0.5,26.0,23.3,71.0,970.0,6.6924,2018,7,5,186,Southwest Monsoon
2018-07-06,26.6,19.4,22.2,4.4,26.0,22.8,76.58,970.0,4.2382,2018,7,6,187,Southwest Monsoon
2018-07-07,22.2,19.7,20.8,33.7,20.2,22.1,78.98,970.0,3.1032,2018,7,7,188,Southwest Monsoon
2018-07-08,24.0,19.8,21.7,4.2,21.2,22.7,75.7,970.0,3.3118,2018,7,8,189,Southwest Monsoon
2018-07-09,26.0,19.7,22.3,6.5,28.8,23.5,75.52,970.0,4.6138,2018,7,9,190,Southwest Monsoon
2018-07-10,25.8,19.9,22.0,5.4,25.0,22.9,73.86,970.0,3.9382,2018,7,10,191,Southwest Monsoon
2018-07-11,25.2,19.6,21.7,5.0,29.6,22.2,79.96,970.0,3.7656,2018,7,11,192,Southwest Monsoon
2018-07-12,26.8,19.1,22.2,4.1,30.7,21.9,75.65,970.0,4.1059,2018,7,12,193,Southwest Monsoon
2018-07-13,24.2,20.3,21.6,5.4,29.2,22.0,79.41,970.0,4.0502,2018,7,13,194,Southwest Monsoon
2018-07-14,25.6,20.0,22.6,3.1,31.5,22.4,79.0,970.0,3.967,2018,7,14,195,Southwest Monsoon
2018-07-15,26.1,20.5,23.0,0.7,33.7,22.5,74.59,970.0,4.5593,2018,7,15,196,Southwest Monsoon
2018-07-16,26.4,20.9,22.8,2.1,34.6,22.3,77.77,970.0,4.0512,2018,7,16,197,Southwest Monsoon
2018-07-17,26.9,20.5,23.1,1.4,33.8,22.5,74.1,970.0,4.1897,2018,7,17,198,Southwest Monsoon
2018-07-18,26.9,20.5,23.0,4.5,29.6,23.0,75.14,970.0,4.7995,2018,7,18,199,Southwest Monsoon
2018-07-19,27.1,20.5,22.7,2.4,29.9,22.9,74.64,970.0,3.4128,2018,7,19,200,Southwest Monsoon
2018-07-20,25.8,20.2,22.4,1.3,32.4,22.2,74.61,970.0,3.9658,2018,7,20,201,Southwest Monsoon
2018-07-21,26.5,20.3,22.9,1.6,30.7,22.4,75.11,970.0,3.4495,2018,7,21,202,Southwest Monsoon
2018-07-22,27.0,20.0,23.1,0.7,31.7,22.8,70.41,970.0,4.5924,2018,7,22,203,Southwest Monsoon
2018-07-23,26.4,19.9,22.5,4.2,27.2,23.1,73.7,970.0,4.1155,2018,7,23,204,Southwest Monsoon
2018-07-24,26.5,19.8,22.1,11.0,21.0,23.5,76.85,970.0,4.3498,2018,7,24,205,Southwest Monsoon
2018-07-25,27.4,19.3,22.9,1.3,22.8,23.9,74.43,970.0,4.5358,2018,7,25,206,Southwest Monsoon
2018-07-26,27.7,20.2,23.3,0.9,22.4,24.5,72.1,970.0,4.2485,2018,7,26,207,Southwest Monsoon
2018-07-27,27.2,19.5,22.5,6.0,24.3,23.5,72.47,970.0,4.0718,2018,7,27,208,Southwest Monsoon
2018-07-28,26.3,19.8,22.7,6.0,24.9,23.9,73.18,970.0,4.1717,2018,7,28,209,Southwest Monsoon
2018-07-29,27.6,19.9,23.4,1.6,22.7,24.8,74.29,970.0,4.0262,2018,7,29,210,Southwest Monsoon
2018-07-30,28.0,19.2,23.4,1.4,20.3,24.6,74.92,970.0,4.6793,2018,7,30,211,Southwest Monsoon
2018-07-31,25.8,19.7,22.5,1.8,24.7,23.5,79.31,970.0,3.947,2018,7,31,212,Southwest Monsoon
2018-08-01,26.5,19.4,22.4,2.1,24.2,22.8,76.81,970.0,4.4899,2018,8,1,213,Southwest Monsoon
2018-08-02,27.8,19.1,23.2,0.7,25.6,24.0,73.62,970.0,5.022,2018,8,2,214,Southwest Monsoon
2018-08-03,26.9,19.4,22.9,0.5,21.3,23.8,72.98,970.0,4.3212,2018,8,3,215,Southwest Monsoon
2018-08-04,26.4,18.6,22.5,1.5,21.7,23.3,75.12,970.0,4.7198,2018,8,4,216,Southwest Monsoon
2018-08-05,27.8,19.3,23.0,1.0,25.5,23.3,71.19,970.0,4.7098,2018,8,5,217,Southwest Monsoon
2018-08-06,26.6,19.0,22.5,1.3,28.9,22.3,71.98,970.0,5.2678,2018,8,6,218,Southwest Monsoon
2018-08-07,26.4,19.6,21.7,5.4,26.4,22.0,75.97,970.0,3.8006,2018,8,7,219,Southwest Monsoon
2018-08-08,26.0,19.9,21.9,3.1,28.1,22.4,75.63,970.0,4.321,2018,8,8,220,Southwest Monsoon
2018-08-09,27.3,19.2,22.3,1.2,24.6,23.2,73.59,970.0,5.0189,2018,8,9,221,Southwest Monsoon
2018-08-10,26.5,19.2,21.7,4.9,23.5,22.4,78.16,970.0,3.9293,2018,8,10,222,Southwest Monsoon
2018-08-11,23.4,19.4,21.1,5.7,25.3,21.4,74.99,970.0,2.8817,2018,8,11,223,Southwest Monsoon
2018-08-12,23.1,19.5,20.8,12.0,27.0,21.2,78.69,970.0,3.4003,2018,8,12,224,Southwest Monsoon
2018-08-13,25.1,19.0,21.3,10.4,33.5,21.0,71.62,970.0,3.7553,2018,8,13,225,Southwest Monsoon
2018-08-14,25.8,19.1,21.3,30.4,27.8,21.9,81.91,970.0,3.5657,2018,8,14,226,Southwest Monsoon
2018-08-15,24.1,20.0,21.2,8.5,25.5,22.0,83.4,970.0,3.6158,2018,8,15,227,Southwest Monsoon
2018-08-16,24.5,19.5,21.8,3.2,32.0,21.5,76.91,970.0,3.3806,2018,8,16,228,Southwest Monsoon
2018-08-17,26.6,20.5,23.0,1.2,32.7,22.5,71.87,970.0,4.0334,2018,8,17,229,Southwest Monsoon
2018-08-18,26.8,19.5,22.5,1.4,31.6,21.9,72.26,970.0,4.0846,2018,8,18,230,Southwest Monsoon
2018-08-19,25.6,20.1,22.5,3.1,29.2,22.6,69.7,970.0,3.5366,2018,8,19,231,Southwest Monsoon
2018-08-20,26.6,19.8,22.3,1.4,29.7,22.1,71.55,970.0,4.3541,2018,8,20,232,Southwest Monsoon
2018-08-21,26.8,19.4,22.6,0.1,28.2,22.4,69.62,970.0,4.999,2018,8,21,233,Southwest Monsoon
2018-08-22,27.1,19.0,22.7,0.5,24.9,23.1,69.13,970.0,5.1019,2018,8,22,234,Southwest Monsoon
2018-08-23,27.8,19.1,22.6,2.1,22.7,23.1,71.71,970.0,4.8758,2018,8,23,235,Southwest Monsoon
2018-08-24,26.5,19.2,22.2,2.1,21.7,23.1,75.28,970.0,4.8149,2018,8,24,236,Southwest Monsoon
2018-08-25,26.2,18.6,22.6,0.2,20.9,23.3,75.23,970.0,4.9306,2018,8,25,237,Southwest Monsoon
2018-08-26,26.2,18.8,21.7,6.6,20.6,22.7,72.47,970.0,4.5958,2018,8,26,238,Southwest Monsoon
2018-08-27,26.2,18.1,21.2,9.8,23.2,22.0,73.01,970.0,3.3838,2018,8,27,239,Southwest Monsoon
2018-08-28,27.2,18.5,21.9,2.5,20.5,23.2,73.34,970.0,4.7146,2018,8,28,240,Southwest Monsoon
2018-08-29,27.1,18.6,21.9,3.4,20.3,23.2,72.7,970.0,4.3702,2018,8,29,241,Southwest Monsoon
2018-08-30,26.1,18.6,22.0,0.5,21.3,23.3,72.65,970.0,4.9301,2018,8,30,242,Southwest Monsoon
2018-08-31,27.0,19.1,22.1,13.2,19.2,23.6,71.66,970.0,5.1845,2018,8,31,243,Southwest Monsoon
2018-09-01,26.5,18.8,22.5,0.2,17.9,23.7,72.74,970.0,5.4478,2018,9,1,244,Southwest Monsoon
2018-09-02,27.2,18.9,22.8,0.9,15.9,24.4,66.87,970.0,5.3474,2018,9,2,245,Southwest Monsoon
2018-09-03,27.1,18.0,22.5,0.0,16.9,23.4,69.67,970.0,7.0262,2018,9,3,246,Southwest Monsoon
2018-09-04,27.6,17.4,22.6,0.0,17.4,23.9,65.54,970.0,7.2401,2018,9,4,247,Southwest Monsoon
2018-09-05,26.8,18.5,22.6,0.1,16.9,23.7,67.84,970.0,6.2153,2018,9,5,248,Southwest Monsoon
2018-09-06,28.0,18.3,22.7,0.4,21.7,23.4,66.49,970.0,5.7614,2018,9,6,249,Southwest Monsoon
2018-09-07,27.5,18.1,22.5,1.0,20.8,23.1,66.33,970.0,5.76,2018,9,7,250,Southwest Monsoon
2018-09-08,27.4,17.8,22.7,0.9,17.5,23.6,65.75,970.0,6.3974,2018,9,8,251,Southwest Monsoon
2018-09-09,27.6,18.2,23.3,1.3,10.4,25.5,66.03,970.0,6.5568,2018,9,9,252,Southwest Monsoon
2018-09-10,27.8,18.9,23.3,3.8,6.6,25.6,69.43,970.0,4.2362,2018,9,10,253,Southwest Monsoon
2018-09-11,27.7,19.3,23.0,14.0,10.0,26.3,68.42,970.0,5.8572,2018,9,11,254,Southwest Monsoon
2018-09-12,28.4,19.0,23.4,7.1,14.6,26.5,75.29,970.0,6.2635,2018,9,12,255,Southwest Monsoon
2018-09-13,27.6,20.3,23.5,1.7,12.6,26.4,62.4,970.0,5.4698,2018,9,13,256,Southwest Monsoon
2018-09-14,29.1,19.6,23.3,4.1,13.3,26.5,63.7,970.0,5.959,2018,9,14,257,Southwest Monsoon
2018-09-15,28.9,19.8,23.5,5.9,10.1,26.7,74.0,970.0,5.5548,2018,9,15,258,Southwest Monsoon
2018-09-16,27.4,20.2,23.1,5.2,12.2,25.6,80.16,970.0,5.4826,2018,9,16,259,Southwest Monsoon
2018-09-17,26.0,19.9,22.3,1.1,18.2,23.6,79.95,970.0,5.1017,2018,9,17,260,Southwest Monsoon
2018-09-18,27.4,19.0,23.1,0.2,19.2,24.0,75.89,970.0,6.0355,2018,9,18,261,Southwest Monsoon
2018-09-19,26.6,19.0,22.3,0.2,20.1,22.9,73.37,970.0,4.8358,2018,9,19,262,Southwest Monsoon
2018-09-20,26.2,17.9,21.6,7.3,18.2,22.7,76.54,970.0,5.8949,2018,9,20,263,Southwest Monsoon
2018-09-21,26.0,18.6,21.8,6.4,18.0,23.2,78.94,970.0,5.4012,2018,9,21,264,Southwest Monsoon
2018-09-22,28.6,16.7,22.6,0.0,18.3,23.6,67.34,970.0,6.6199,2018,9,22,265,Southwest Monsoon
2018-09-23,28.0,19.0,23.0,13.7,12.2,25.5,75.87,970.0,5.256,2018,9,23,266,Southwest Monsoon
2018-09-24,26.7,19.6,22.4,26.7,11.3,25.5,82.35,970.0,5.4053,2018,9,24,267,Southwest Monsoon
2018-09-25,27.5,19.0,22.7,18.9,14.3,25.9,77.37,970.0,5.9227,2018,9,25,268,Southwest Monsoon
2018-09-26,28.2,18.5,22.7,11.0,14.6,25.7,79.58,970.0,5.5807,2018,9,26,269,Southwest Monsoon
2018-09-27,28.6,19.1,23.5,2.1,11.0,26.2,75.41,970.0,5.0897,2018,9,27,270,Southwest Monsoon
2018-09-28,28.3,20.0,23.3,8.5,13.0,26.2,78.52,970.0,5.3191,2018,9,28,271,Southwest Monsoon
2018-09-29,28.2,19.6,23.5,4.9,10.7,26.4,74.97,970.0,5.3138,2018,9,29,272,Southwest Monsoon
2018-09-30,28.6,20.0,23.9,1.3,10.6,26.9,72.01,970.0,6.168,2018,9,30,273,Southwest Monsoon
2018-10-01,28.1,20.8,23.9,0.5,14.3,26.3,72.35,970.0,6.3941,2018,10,1,274,Post-Monsoon
2018-10-02,28.1,20.1,23.5,0.8,15.3,25.9,71.94,970.0,5.8838,2018,10,2,275,Post-Monsoon
2018-10-03,28.5,20.6,23.7,1.5,16.0,26.1,75.13,970.0,6.1577,2018,10,3,276,Post-Monsoon
2018-10-04,27.0,20.4,22.7,3.7,21.0,24.6,79.07,970.0,2.8375,2018,10,4,277,Post-Monsoon
2018-10-05,26.7,20.5,22.3,4.6,22.8,23.9,82.44,970.0,3.7452,2018,10,5,278,Post-Monsoon
2018-10-06,26.0,20.0,22.2,5.5,23.0,24.0,82.04,970.0,3.3917,2018,10,6,279,Post-Monsoon
2018-10-07,27.5,19.5,23.1,1.3,15.1,25.0,76.06,970.0,6.3317,2018,10,7,280,Post-Monsoon
2018-10-08,27.5,19.9,22.6,19.1,12.8,25.1,70.86,970.0,5.2344,2018,10,8,281,Post-Monsoon
2018-10-09,27.7,19.0,23.0,0.5,9.9,25.5,73.44,970.0,5.329,2018,10,9,282,Post-Monsoon
2018-10-10,27.6,18.6,22.7,0.0,18.4,24.1,62.06,970.0,5.7612,2018,10,10,283,Post-Monsoon
2018-10-11,29.1,17.9,23.1,0.0,16.3,24.0,50.49,970.0,5.8375,2018,10,11,284,Post-Monsoon
2018-10-12,29.0,19.2,24.0,0.0,12.6,25.4,66.05,970.0,5.8747,2018,10,12,285,Post-Monsoon
2018-10-13,29.1,18.3,23.9,0.0,11.4,25.4,59.17,970.0,5.8375,2018,10,13,286,Post-Monsoon
2018-10-14,28.6,19.5,23.4,8.4,10.8,26.2,74.67,970.0,4.3368,2018,10,14,287,Post-Monsoon
2018-10-15,26.9,19.8,22.4,11.7,16.6,25.4,79.33,970.0,4.6176,2018,10,15,288,Post-Monsoon
2018-10-16,27.2,19.3,22.3,11.3,12.5,24.9,79.63,970.0,4.8437,2018,10,16,289,Post-Monsoon
2018-10-17,26.9,19.5,22.0,10.7,11.4,24.8,83.48,970.0,5.1281,2018,10,17,290,Post-Monsoon
2018-10-18,26.0,17.9,21.9,1.9,9.7,24.8,78.33,970.0,5.1994,2018,10,18,291,Post-Monsoon
2018-10-19,26.7,19.0,22.2,1.4,17.4,24.2,76.3,970.0,4.3987,2018,10,19,292,Post-Monsoon
2018-10-20,27.2,19.3,22.6,0.0,12.1,23.6,65.69,970.0,5.7953,2018,10,20,293,Post-Monsoon
2018-10-21,27.2,18.1,22.0,3.6,15.9,23.2,68.88,970.0,4.4678,2018,10,21,294,Post-Monsoon
2018-10-22,27.7,17.4,22.1,0.0,17.5,22.2,61.35,970.0,6.4769,2018,10,22,295,Post-Monsoon
2018-10-23,28.2,16.1,22.1,0.0,16.9,22.1,61.66,970.0,6.0938,2018,10,23,296,Post-Monsoon
2018-10-24,28.5,16.9,22.3,0.0,18.1,21.7,64.41,970.0,6.4013,2018,10,24,297,Post-Monsoon
2018-10-25,28.8,16.6,22.5,0.0,20.1,22.2,64.74,970.0,5.724,2018,10,25,298,Post-Monsoon
2018-10-26,29.0,17.5,22.7,0.0,19.8,22.5,66.57,970.0,5.8932,2018,10,26,299,Post-Monsoon
2018-10-27,28.8,17.3,22.6,0.0,20.8,21.5,61.97,970.0,6.2885,2018,10,27,300,Post-Monsoon
2018-10-28,29.0,16.9,22.1,0.0,19.1,20.7,60.78,970.0,6.457,2018,10,28,301,Post-Monsoon
2018-10-29,28.7,16.1,21.8,0.0,18.7,20.4,49.63,970.0,6.3142,2018,10,29,302,Post-Monsoon
2018-10-30,29.4,15.9,22.5,0.0,14.8,21.8,52.88,970.0,6.4087,2018,10,30,303,Post-Monsoon
2018-10-31,30.8,17.8,24.0,0.0,13.8,24.8,69.78,970.0,5.5445,2018,10,31,304,Post-Monsoon
2018-11-01,28.8,18.6,23.3,0.2,19.5,23.9,73.04,970.0,4.2883,2018,11,1,305,Post-Monsoon
2018-11-02,28.0,19.6,22.3,3.7,18.2,23.8,77.86,970.0,3.9396,2018,11,2,306,Post-Monsoon
2018-11-03,27.9,19.8,22.1,1.2,20.3,23.4,76.73,970.0,3.7205,2018,11,3,307,Post-Monsoon
2018-11-04,27.9,18.9,22.5,0.7,20.9,23.6,72.03,970.0,4.7827,2018,11,4,308,Post-Monsoon
2018-11-05,28.8,19.9,23.5,0.0,17.7,24.4,65.66,970.0,6.0058,2018,11,5,309,Post-Monsoon
2018-11-06,28.2,19.0,23.2,0.0,16.8,23.9,68.37,970.0,5.2246,2018,11,6,310,Post-Monsoon
2018-11-07,29.2,18.2,22.7,0.0,19.6,22.3,58.65,970.0,5.9035,2018,11,7,311,Post-Monsoon
2018-11-08,29.9,15.4,22.3,0.0,15.3,21.4,59.15,970.0,4.9493,2018,11,8,312,Post-Monsoon
2018-11-09,29.2,17.9,22.6,0.0,15.6,22.8,62.15,970.0,6.0799,2018,11,9,313,Post-Monsoon
2018-11-10,29.7,17.0,22.7,0.0,14.5,22.4,61.87,970.0,6.0466,2018,11,10,314,Post-Monsoon
2018-11-11,29.5,17.4,22.4,0.0,12.2,22.0,60.55,970.0,5.5546,2018,11,11,315,Post-Monsoon
2018-11-12,29.7,16.5,22.5,0.0,13.2,21.7,52.5,970.0,5.1691,2018,11,12,316,Post-Monsoon
2018-11-13,29.5,15.4,22.1,0.0,12.4,21.1,40.71,970.0,5.6292,2018,11,13,317,Post-Monsoon
2018-11-14,29.4,14.6,22.3,0.0,10.2,21.0,37.35,970.0,6.3103,2018,11,14,318,Post-Monsoon
2018-11-15,29.0,16.4,22.2,0.2,22.1,21.8,61.92,970.0,4.6843,2018,11,15,319,Post-Monsoon
2018-11-16,27.4,19.6,22.2,0.9,32.4,22.4,78.38,970.0,2.9585,2018,11,16,320,Post-Monsoon
2018-11-17,29.9,18.6,23.3,0.0,17.6,24.1,71.72,970.0,5.369,2018,11,17,321,Post-Monsoon
2018-11-18,29.2,20.4,23.7,1.9,15.0,25.6,70.78,970.0,4.7995,2018,11,18,322,Post-Monsoon
2018-11-19,27.5,20.0,23.4,1.0,17.4,24.5,66.15,970.0,4.4676,2018,11,19,323,Post-Monsoon
2018-11-20,29.4,19.0,23.6,0.0,20.0,23.9,66.14,970.0,5.3782,2018,11,20,324,Post-Monsoon
2018-11-21,27.0,18.2,21.3,0.9,23.2,20.8,78.8,970.0,3.2318,2018,11,21,325,Post-Monsoon
2018-11-22,24.0,19.3,20.9,7.3,25.1,21.6,81.47,970.0,1.9723,2018,11,22,326,Post-Monsoon
2018-11-23,25.4,19.7,21.2,8.3,20.9,22.5,81.55,970.0,2.5858,2018,11,23,327,Post-Monsoon
2018-11-24,27.0,18.7,22.0,0.0,17.5,23.0,70.01,970.0,4.2754,2018,11,24,328,Post-Monsoon
2018-11-25,26.9,18.4,22.3,0.0,13.8,23.3,67.52,970.0,4.3306,2018,11,25,329,Post-Monsoon
2018-11-26,27.0,16.2,21.0,0.0,13.9,21.4,64.59,970.0,4.9992,2018,11,26,330,Post-Monsoon
2018-11-27,25.5,14.9,19.6,0.0,16.3,19.0,63.92,970.0,5.7166,2018,11,27,331,Post-Monsoon
2018-11-28,26.2,14.2,19.9,0.0,16.7,19.7,67.27,970.0,5.8183,2018,11,28,332,Post-Monsoon
2018-11-29,24.5,17.5,21.0,0.8,18.6,21.5,71.51,970.0,3.5244,2018,11,29,333,Post-Monsoon
2018-11-30,27.4,17.6,22.0,0.0,13.3,22.3,67.0,970.0,4.8938,2018,11,30,334,Post-Monsoon
2018-12-01,26.8,17.0,21.3,0.0,15.8,21.2,64.51,970.0,4.9046,2018,12,1,335,Winter
2018-12-02,26.8,15.2,20.6,0.0,17.9,20.3,65.63,970.0,5.7739,2018,12,2,336,Winter
2018-12-03,27.3,17.0,21.5,0.0,19.2,21.3,65.92,970.0,4.6586,2018,12,3,337,Winter
2018-12-04,27.5,17.8,22.1,0.2,22.0,22.6,82.9,970.0,2.9578,2018,12,4,338,Winter
2018-12-05,28.6,19.2,22.8,0.8,18.1,23.9,76.96,970.0,4.5079,2018,12,5,339,Winter
2018-12-06,28.1,19.5,22.8,1.0,14.5,24.1,66.24,970.0,4.6361,2018,12,6,340,Winter
2018-12-07,28.1,18.1,22.4,0.0,15.5,23.0,65.33,970.0,4.4266,2018,12,7,341,Winter
2018-12-08,28.8,18.0,22.4,0.0,17.3,22.7,67.43,970.0,4.7419,2018,12,8,342,Winter
2018-12-09,28.8,17.4,22.6,0.0,17.1,22.6,63.51,970.0,5.3465,2018,12,9,343,Winter
2018-12-10,29.2,18.1,22.7,0.0,13.1,23.1,63.67,970.0,4.6375,2018,12,10,344,Winter
2018-12-11,28.1,16.2,22.5,0.1,13.9,23.5,62.18,970.0,4.2948,2018,12,11,345,Winter
2018-12-12,29.0,19.1,23.3,0.0,13.7,24.2,61.74,970.0,4.3666,2018,12,12,346,Winter
2018-12-13,27.8,18.3,22.7,0.2,15.9,23.6,62.48,970.0,3.6838,2018,12,13,347,Winter
2018-12-14,28.5,17.4,22.6,0.0,18.1,22.0,57.02,970.0,4.9058,2018,12,14,348,Winter
2018-12-15,27.2,16.7,21.5,0.0,21.7,20.4,62.83,970.0,5.0981,2018,12,15,349,Winter
2018-12-16,24.8,15.9,19.9,0.0,21.2,18.4,62.34,970.0,4.002,2018,12,16,350,Winter
2018-12-17,28.3,14.9,20.7,0.0,17.7,19.3,53.66,970.0,4.0342,2018,12,17,351,Winter
2018-12-18,27.6,14.9,20.9,0.0,14.6,19.5,41.97,970.0,5.6354,2018,12,18,352,Winter
2018-12-19,27.5,14.6,20.7,0.0,14.8,20.5,62.05,970.0,4.1702,2018,12,19,353,Winter
2018-12-20,28.0,16.1,21.8,0.0,16.6,21.4,60.99,970.0,4.8859,2018,12,20,354,Winter
2018-12-21,26.4,16.5,21.7,0.3,14.4,21.9,61.32,970.0,4.4045,2018,12,21,355,Winter
2018-12-22,28.4,18.1,22.7,0.0,15.6,23.1,61.12,970.0,4.5655,2018,12,22,356,Winter
2018-12-23,28.2,18.6,22.3,0.2,20.2,22.9,63.69,970.0,4.003,2018,12,23,357,Winter
2018-12-24,29.0,17.9,22.8,0.0,18.1,23.2,59.08,970.0,4.2362,2018,12,24,358,Winter
2018-12-25,28.6,17.1,22.7,0.0,14.3,22.8,56.54,970.0,5.1103,2018,12,25,359,Winter
2018-12-26,29.4,17.0,22.9,0.0,13.8,23.0,54.42,970.0,5.5039,2018,12,26,360,Winter
2018-12-27,28.6,18.2,23.2,0.4,14.6,24.0,54.58,970.0,4.5962,2018,12,27,361,Winter
2018-12-28,25.8,18.4,22.0,1.5,11.6,23.2,57.72,970.0,4.1266,2018,12,28,362,Winter
2018-12-29,24.8,17.8,20.6,1.8,17.7,21.1,56.31,970.0,3.5983,2018,12,29,363,Winter
2018-12-30,27.2,16.1,21.0,0.0,17.5,20.0,57.29,970.0,4.1731,2018,12,30,364,Winter
2018-12-31,26.5,15.9,20.1,0.0,17.4,19.1,52.87,970.0,5.3292,2018,12,31,365,Winter
2019-01-01,27.0,12.8,19.0,0.0,14.4,16.9,47.59,970.0,6.0528,2019,1,1,1,Winter
2019-01-02,26.9,11.8,18.7,0.0,18.9,16.4,49.99,970.0,6.0701,2019,1,2,2,Winter
2019-01-03,27.8,12.1,19.5,0.0,18.3,17.3,49.04,970.0,6.012,2019,1,3,3,Winter
2019-01-04,27.5,12.7,19.7,0.0,20.4,17.5,51.83,970.0,6.0348,2019,1,4,4,Winter
2019-01-05,27.1,12.4,19.2,0.0,14.5,17.8,52.66,970.0,6.1406,2019,1,5,5,Winter
2019-01-06,27.6,13.2,19.6,0.0,13.6,18.5,52.72,970.0,5.8553,2019,1,6,6,Winter
2019-01-07,27.5,13.6,19.8,0.0,13.7,18.7,51.33,970.0,5.9726,2019,1,7,7,Winter
2019-01-08,28.3,14.6,20.7,0.0,18.1,18.8,45.71,970.0,5.9674,2019,1,8,8,Winter
2019-01-09,29.0,13.5,20.8,0.0,15.2,18.5,45.27,970.0,6.0674,2019,1,9,9,Winter
2019-01-10,29.0,13.4,20.6,0.0,15.1,18.6,49.96,970.0,6.036,2019,1,10,10,Winter
2019-01-11,28.7,14.6,20.7,0.0,17.6,19.6,51.42,970.0,5.9666,2019,1,11,11,Winter
2019-01-12,28.3,15.1,20.8,0.0,16.3,19.8,53.2,970.0,5.2538,2019,1,12,12,Winter
2019-01-13,28.8,14.2,20.8,0.0,17.1,19.5,46.41,970.0,5.8834,2019,1,13,13,Winter
2019-01-14,28.5,14.4,20.7,0.0,16.2,19.1,46.86,970.0,5.8483,2019,1,14,14,Winter
2019-01-15,28.3,13.2,20.1,0.0,18.5,17.3,40.55,970.0,5.4348,2019,1,15,15,Winter
2019-01-16,28.3,13.9,20.5,0.0,16.1,18.4,49.88,970.0,6.1013,2019,1,16,16,Winter
2019-01-17,28.3,14.1,20.5,0.0,17.6,19.2,54.83,970.0,5.665,2019,1,17,17,Winter
2019-01-18,28.5,15.9,21.4,0.0,16.5,20.3,54.26,970.0,5.6474,2019,1,18,18,Winter
2019-01-19,28.9,13.8,20.6,0.0,15.9,18.8,48.29,970.0,6.0946,2019,1,19,19,Winter
2019-01-20,28.1,14.2,20.7,0.0,16.2,18.2,46.93,970.0,5.375,2019,1,20,20,Winter
2019-01-21,29.1,13.3,20.5,0.0,15.9,18.5,46.58,970.0,5.5894,2019,1,21,21,Winter
2019-01-22,28.1,13.8,20.4,0.0,15.3,19.5,49.54,970.0,6.0343,2019,1,22,22,Winter
2019-01-23,28.8,15.6,21.9,0.0,14.1,21.9,54.38,970.0,5.9203,2019,1,23,23,Winter
2019-01-24,29.4,16.8,22.9,0.0,19.2,22.7,54.09,970.0,5.807,2019,1,24,24,Winter
2019-01-25,28.8,16.1,22.2,0.0,19.3,21.9,57.45,970.0,5.1362,2019,1,25,25,Winter
2019-01-26,27.4,18.7,22.5,0.7,14.1,23.2,59.07,970.0,4.4585,2019,1,26,26,Winter
2019-01-27,26.9,18.0,21.8,3.5,11.7,22.6,64.32,970.0,4.4333,2019,1,27,27,Winter
2019-01-28,25.5,17.6,20.5,27.2,15.0,21.9,66.06,970.0,4.4242,2019,1,28,28,Winter
2019-01-29,25.7,17.0,20.8,1.0,18.9,20.6,67.19,970.0,5.1739,2019,1,29,29,Winter
2019-01-30,26.6,16.6,20.7,0.0,19.1,20.0,59.51,970.0,5.7641,2019,1,30,30,Winter
2019-01-31,26.1,15.2,20.6,0.0,19.2,19.6,55.22,970.0,5.7912,2019,1,31,31,Winter
2019-02-01,26.1,15.2,20.6,0.0,20.6,19.7,58.57,970.0,5.7806,2019,2,1,32,Winter
2019-02-02,27.9,15.4,21.1,0.0,18.1,20.4,55.15,970.0,5.6537,2019,2,2,33,Winter
2019-02-03,28.2,16.1,22.0,0.0,21.3,21.5,55.21,970.0,6.1123,2019,2,3,34,Winter
2019-02-04,29.2,16.0,22.4,0.0,20.8,21.3,54.52,970.0,6.3456,2019,2,4,35,Winter
2019-02-05,29.1,17.5,22.9,0.0,20.5,22.3,54.81,970.0,4.9658,2019,2,5,36,Winter
2019-02-06,29.6,17.0,23.1,0.0,17.5,22.0,48.04,970.0,6.019,2019,2,6,37,Winter
2019-02-07,30.5,17.6,23.9,0.0,16.6,23.4,51.73,970.0,5.4425,2019,2,7,38,Winter
2019-02-08,30.6,18.2,24.4,0.1,14.5,25.5,51.21,970.0,5.9033,2019,2,8,39,Winter
2019-02-09,29.2,19.6,22.9,5.8,10.8,24.8,55.73,970.0,4.9248,2019,2,9,40,Winter
2019-02-10,28.5,19.2,23.2,0.7,15.9,24.6,77.58,970.0,4.8583,2019,2,10,41,Winter
2019-02-11,29.1,19.4,23.0,0.0,21.3,23.0,66.81,970.0,5.429,2019,2,11,42,Winter
2019-02-12,28.4,16.8,22.1,0.0,22.9,21.3,60.17,970.0,6.4673,2019,2,12,43,Winter
2019-02-13,29.1,15.8,22.2,0.0,18.9,21.0,58.2,970.0,6.6058,2019,2,13,44,Winter
2019-02-14,30.0,16.0,23.1,0.0,19.7,22.0,57.93,970.0,6.57,2019,2,14,45,Winter
2019-02-15,29.2,18.1,23.9,0.2,16.6,24.7,58.93,970.0,6.0072,2019,2,15,46,Winter
2019-02-16,31.5,19.1,24.8,0.1,13.6,25.7,55.77,970.0,5.7305,2019,2,16,47,Winter
2019-02-17,31.9,20.0,25.4,0.0,15.8,25.0,49.13,970.0,6.4502,2019,2,17,48,Winter
2019-02-18,32.0,18.4,24.8,0.0,13.0,24.7,35.37,970.0,6.8705,2019,2,18,49,Winter
2019-02-19,31.2,20.2,25.4,0.0,18.1,26.3,55.5,970.0,5.8001,2019,2,19,50,Winter
2019-02-20,31.7,20.0,25.0,0.0,21.1,24.7,52.57,970.0,6.6202,2019,2,20,51,Winter
2019-02-21,30.9,17.1,23.8,0.0,23.0,22.6,50.06,970.0,6.9526,2019,2,21,52,Winter
2019-02-22,31.7,16.2,23.6,0.0,27.2,21.1,38.78,970.0,7.2026,2019,2,22,53,Winter
2019-02-23,33.0,16.1,24.2,0.0,24.2,21.0,29.76,970.0,7.3085,2019,2,23,54,Winter
2019-02-24,33.2,16.1,24.7,0.0,18.7,22.0,32.28,970.0,7.2946,2019,2,24,55,Winter
2019-02-25,33.3,16.6,25.3,0.0,19.0,22.8,32.77,970.0,7.2631,2019,2,25,56,Winter
2019-02-26,33.3,18.9,25.8,0.0,12.5,25.2,37.6,970.0,6.9566,2019,2,26,57,Winter
2019-02-27,32.4,19.6,25.9,0.0,16.7,25.9,44.95,970.0,6.2786,2019,2,27,58,Winter
2019-02-28,32.3,20.0,25.6,0.0,14.4,24.9,37.1,970.0,6.6288,2019,2,28,59,Winter
2019-03-01,32.5,20.0,25.7,0.0,22.1,26.6,49.33,970.0,6.5345,2019,3,1,60,Summer
2019-03-02,31.8,20.6,25.6,0.0,21.4,26.2,51.76,970.0,5.6122,2019,3,2,61,Summer
2019-03-03,32.5,19.4,25.4,0.0,14.4,25.8,50.39,970.0,5.623,2019,3,3,62,Summer
2019-03-04,32.7,19.4,26.1,0.0,13.8,27.4,45.33,970.0,6.492,2019,3,4,63,Summer
2019-03-05,31.1,21.5,26.6,0.7,15.9,27.9,34.61,970.0,5.8946,2019,3,5,64,Summer
2019-03-06,34.2,21.1,27.6,0.0,13.4,27.6,29.14,970.0,6.7663,2019,3,6,65,Summer
2019-03-07,35.0,19.8,27.2,0.0,12.1,25.9,23.99,970.0,7.219,2019,3,7,66,Summer
2019-03-08,34.3,19.0,26.6,0.0,14.6,26.1,34.2,970.0,7.0735,2019,3,8,67,Summer
2019-03-09,30.5,20.9,25.8,0.5,16.3,27.1,44.65,970.0,6.0084,2019,3,9,68,Summer
2019-03-10,33.2,21.1,26.9,0.0,14.7,27.7,42.87,970.0,6.0242,2019,3,10,69,Summer
2019-03-11,33.2,21.2,27.0,0.0,19.6,26.9,38.47,970.0,6.7082,2019,3,11,70,Summer
2019-03-12,33.0,19.6,26.4,0.0,18.3,25.0,36.17,970.0,7.2264,2019,3,12,71,Summer
2019-03-13,33.0,18.2,26.0,0.0,18.0,23.9,30.31,970.0,6.9617,2019,3,13,72,Summer
2019-03-14,32.9,19.0,26.3,0.0,22.4,23.8,29.49,970.0,7.2888,2019,3,14,73,Summer
2019-03-15,33.0,20.6,26.6,0.0,19.2,23.6,30.3,970.0,7.363,2019,3,15,74,Summer
2019-03-16,32.5,18.4,25.5,0.0,18.4,23.0,34.67,970.0,7.3459,2019,3,16,75,Summer
2019-03-17,32.8,17.0,25.2,0.0,14.0,23.8,36.41,970.0,7.4683,2019,3,17,76,Summer
2019-03-18,33.3,17.6,25.4,0.0,20.5,25.2,46.42,970.0,7.237,2019,3,18,77,Summer
2019-03-19,33.9,19.0,26.4,0.0,18.8,26.6,45.32,970.0,6.9595,2019,3,19,78,Summer
2019-03-20,33.3,20.4,26.7,0.0,17.9,26.8,42.4,970.0,6.5566,2019,3,20,79,Summer
2019-03-21,34.0,20.4,26.9,0.0,14.6,27.3,37.47,970.0,6.9979,2019,3,21,80,Summer
2019-03-22,33.4,20.3,27.2,0.0,18.4,27.7,38.41,970.0,6.965,2019,3,22,81,Summer
2019-03-23,33.9,21.2,27.8,0.0,16.9,28.5,40.52,970.0,6.8854,2019,3,23,82,Summer
2019-03-24,34.0,22.4,28.2,0.0,20.9,28.1,31.9,970.0,6.8436,2019,3,24,83,Summer
2019-03-25,34.6,20.9,27.8,0.0,19.2,27.4,35.09,970.0,7.3013,2019,3,25,84,Summer
2019-03-26,34.1,20.2,27.4,0.0,17.1,26.0,35.38,970.0,7.4179,2019,3,26,85,Summer
2019-03-27,35.0,20.4,27.3,0.0,16.3,26.0,30.99,970.0,7.3426,2019,3,27,86,Summer
2019-03-28,35.6,20.6,27.8,0.0,16.1,26.6,32.74,970.0,7.5811,2019,3,28,87,Summer
2019-03-29,35.0,21.5,28.1,0.0,18.4,27.5,25.75,970.0,6.7963,2019,3,29,88,Summer
2019-03-30,34.5,21.6,28.2,0.0,16.9,27.2,28.82,970.0,7.1561,2019,3,30,89,Summer
2019-03-31,34.4,21.2,27.9,0.0,9.5,28.3,28.85,970.0,7.2372,2019,3,31,90,Summer
2019-04-01,35.2,21.2,28.2,0.0,10.5,28.1,26.92,970.0,7.241,2019,4,1,91,Summer
2019-04-02,34.2,21.9,28.2,0.0,14.5,28.1,33.38,970.0,6.437,2019,4,2,92,Summer
2019-04-03,33.4,22.1,27.8,0.0,20.0,27.2,35.5,970.0,6.9518,2019,4,3,93,Summer
2019-04-04,34.2,20.5,27.3,0.0,18.5,26.5,34.85,970.0,7.5756,2019,4,4,94,Summer
2019-04-05,34.7,20.9,27.9,0.0,15.3,27.3,39.08,970.0,7.1842,2019,4,5,95,Summer
2019-04-06,35.2,21.4,28.1,0.0,16.3,27.5,32.64,970.0,7.3658,2019,4,6,96,Summer
2019-04-07,35.2,22.1,28.8,0.0,15.8,28.1,33.61,970.0,6.889,2019,4,7,97,Summer
2019-04-08,34.6,22.2,28.5,0.0,15.8,28.9,42.81,970.0,6.8647,2019,4,8,98,Summer
2019-04-09,33.5,22.5,28.1,0.0,13.5,28.7,44.05,970.0,6.113,2019,4,9,99,Summer
2019-04-10,33.8,21.8,28.3,0.0,14.0,28.6,38.23,970.0,6.9125,2019,4,10,100,Summer
2019-04-11,34.5,22.0,28.5,0.0,13.0,28.8,39.5,970.0,6.9917,2019,4,11,101,Summer
2019-04-12,35.0,21.5,28.8,0.0,16.8,28.3,31.0,970.0,7.2154,2019,4,12,102,Summer
2019-04-13,34.8,22.3,28.5,0.0,18.6,28.1,34.78,970.0,7.5554,2019,4,13,103,Summer
2019-04-14,34.8,21.6,28.5,0.0,18.9,27.9,28.78,970.0,7.4347,2019,4,14,104,Summer
2019-04-15,34.6,20.5,27.9,0.0,15.9,27.6,25.55,970.0,7.6754,2019,4,15,105,Summer
2019-04-16,34.2,21.8,28.3,0.0,21.8,29.0,34.87,970.0,7.4719,2019,4,16,106,Summer
2019-04-17,34.2,23.0,27.3,0.3,16.9,29.0,49.81,970.0,5.7324,2019,4,17,107,Summer
2019-04-18,34.2,21.6,27.0,14.8,16.2,29.2,48.32,970.0,6.5635,2019,4,18,108,Summer
2019-04-19,32.7,21.3,26.5,1.1,14.6,28.9,51.72,970.0,6.7178,2019,4,19,109,Summer
2019-04-20,31.1,20.9,25.5,6.3,21.5,28.2,62.65,970.0,6.3998,2019,4,20,110,Summer
2019-04-21,32.2,20.4,26.4,2.2,11.9,28.3,59.89,970.0,6.5837,2019,4,21,111,Summer
2019-04-22,32.0,21.9,26.4,0.6,19.5,28.2,54.86,970.0,6.2179,2019,4,22,112,Summer
2019-04-23,32.5,20.5,26.4,0.0,15.4,27.9,57.91,970.0,6.5909,2019,4,23,113,Summer
2019-04-24,33.1,21.1,27.3,0.0,17.1,27.7,44.22,970.0,7.224,2019,4,24,114,Summer
2019-04-25,34.8,21.0,27.9,0.0,15.2,27.8,37.87,970.0,6.8635,2019,4,25,115,Summer
2019-04-26,35.5,21.4,28.4,0.0,17.2,28.2,41.16,970.0,6.1378,2019,4,26,116,Summer
2019-04-27,35.8,22.0,29.0,0.0,20.0,28.7,38.71,970.0,6.1351,2019,4,27,117,Summer
2019-04-28,35.0,21.9,28.4,0.0,20.0,28.5,41.63,970.0,4.8638,2019,4,28,118,Summer
2019-04-29,34.1,22.6,28.4,0.0,15.7,28.9,40.32,970.0,5.3647,2019,4,29,119,Summer
2019-04-30,33.7,22.4,27.8,0.1,14.4,29.3,55.06,970.0,5.28,2019,4,30,120,Summer
2019-05-01,33.2,22.5,26.5,0.6,18.1,28.3,65.41,970.0,4.5468,2019,5,1,121,Summer
2019-05-02,35.1,21.1,27.6,0.0,16.6,27.6,55.45,970.0,6.4025,2019,5,2,122,Summer
2019-05-03,34.3,20.5,27.0,0.0,15.8,27.5,55.63,970.0,7.0238,2019,5,3,123,Summer
2019-05-04,32.7,20.5,26.9,0.0,12.4,28.1,52.89,970.0,6.5066,2019,5,4,124,Summer
2019-05-05,33.2,21.6,27.7,0.0,10.3,28.9,54.3,970.0,6.5436,2019,5,5,125,Summer
2019-05-06,33.6,22.0,28.5,0.0,12.6,29.7,54.01,970.0,6.8304,2019,5,6,126,Summer
2019-05-07,32.0,23.0,26.3,0.4,17.1,28.3,59.92,970.0,5.4624,2019,5,7,127,Summer
2019-05-08,31.0,21.6,25.6,0.7,16.8,27.6,71.34,970.0,5.8327,2019,5,8,128,Summer
2019-05-09,32.5,21.2,26.7,0.0,16.7,28.4,60.19,970.0,6.143,2019,5,9,129,Summer
2019-05-10,33.5,21.6,27.8,0.0,12.1,29.0,54.59,970.0,6.7176,2019,5,10,130,Summer
2019-05-11,33.7,22.9,27.6,0.5,16.8,29.4,55.87,970.0,6.222,2019,5,11,131,Summer
2019-05-12,33.1,22.8,27.3,0.2,12.2,29.4,57.21,970.0,6.0134,2019,5,12,132,Summer
2019-05-13,31.9,22.4,26.4,1.7,12.6,28.8,58.32,970.0,6.1742,2019,5,13,133,Summer
2019-05-14,33.2,22.1,27.4,0.5,16.4,29.1,58.69,970.0,6.3727,2019,5,14,134,Summer
2019-05-15,32.8,21.9,26.9,3.4,14.3,29.2,63.19,970.0,6.0,2019,5,15,135,Summer
2019-05-16,33.2,21.8,27.1,0.3,15.0,29.6,58.54,970.0,6.4524,2019,5,16,136,Summer
2019-05-17,32.5,23.1,27.2,0.5,12.6,30.0,63.83,970.0,6.072,2019,5,17,137,Summer
2019-05-18,32.9,22.4,27.5,0.2,11.2,30.6,60.42,970.0,6.7872,2019,5,18,138,Summer
2019-05-19,32.8,22.4,27.9,0.0,9.3,30.3,52.18,970.0,7.0157,2019,5,19,139,Summer
2019-05-20,33.5,22.9,28.0,0.1,9.0,30.0,50.65,970.0,6.8467,2019,5,20,140,Summer
2019-05-21,32.9,22.9,27.8,0.0,12.9,29.2,44.78,970.0,6.821,2019,5,21,141,Summer
2019-05-22,33.2,22.4,27.2,0.2,13.3,29.7,60.99,970.0,6.4687,2019,5,22,142,Summer
2019-05-23,33.0,21.9,27.1,0.5,16.6,29.8,63.8,970.0,5.7468,2019,5,23,143,Summer
2019-05-24,33.4,21.8,26.9,0.2,12.7,29.8,61.78,970.0,6.2602,2019,5,24,144,Summer
2019-05-25,32.4,21.5,26.2,3.3,15.7,29.0,67.34,970.0,6.6226,2019,5,25,145,Summer
2019-05-26,32.8,21.9,26.9,2.3,14.4,30.1,70.72,970.0,6.948,2019,5,26,146,Summer
2019-05-27,32.7,20.9,26.6,1.4,11.0,29.9,64.19,970.0,7.0174,2019,5,27,147,Summer
2019-05-28,31.5,22.7,26.8,3.1,13.9,30.1,57.83,970.0,6.4368,2019,5,28,148,Summer
2019-05-29,33.3,22.0,27.0,1.5,11.6,30.1,74.72,970.0,6.5774,2019,5,29,149,Summer
2019-05-30,31.9,22.0,26.0,11.1,16.3,29.5,69.01,970.0,6.2378,2019,5,30,150,Summer
2019-05-31,30.9,21.1,25.1,16.0,14.8,28.4,77.79,970.0,6.1138,2019,5,31,151,Summer
2019-06-01,31.0,21.6,25.8,0.6,17.5,28.8,70.54,970.0,6.3084,2019,6,1,152,Southwest Monsoon
2019-06-02,30.0,22.1,25.2,13.9,15.1,28.4,67.29,970.0,5.1773,2019,6,2,153,Southwest Monsoon
2019-06-03,31.1,22.0,24.6,3.3,20.9,27.7,73.9,970.0,5.4965,2019,6,3,154,Southwest Monsoon
2019-06-04,30.5,21.0,25.5,0.2,16.0,28.5,71.67,970.0,6.2563,2019,6,4,155,Southwest Monsoon
2019-06-05,29.8,21.4,24.6,17.9,12.4,28.2,73.97,970.0,5.5483,2019,6,5,156,Southwest Monsoon
2019-06-06,31.0,21.2,25.6,1.4,12.8,29.5,72.44,970.0,6.625,2019,6,6,157,Southwest Monsoon
2019-06-07,30.7,21.2,25.2,13.8,11.3,29.1,71.73,970.0,5.5123,2019,6,7,158,Southwest Monsoon
2019-06-08,30.0,21.4,25.2,5.5,14.3,28.9,71.51,970.0,5.5762,2019,6,8,159,Southwest Monsoon
2019-06-09,31.2,20.9,25.4,0.3,17.8,28.2,63.42,970.0,6.6722,2019,6,9,160,Southwest Monsoon
2019-06-10,29.2,21.0,24.2,4.1,25.3,25.9,67.58,970.0,5.215,2019,6,10,161,Southwest Monsoon
2019-06-11,29.4,21.3,24.4,1.3,28.2,25.3,66.14,970.0,5.2313,2019,6,11,162,Southwest Monsoon
2019-06-12,27.3,21.8,24.1,1.5,29.5,24.6,67.78,970.0,3.9348,2019,6,12,163,Southwest Monsoon
2019-06-13,28.1,21.0,24.0,3.9,30.0,24.7,69.13,970.0,4.9843,2019,6,13,164,Southwest Monsoon
2019-06-14,28.2,20.6,24.3,3.4,23.8,25.7,63.51,970.0,5.537,2019,6,14,165,Southwest Monsoon
2019-06-15,30.2,20.5,25.0,0.0,20.9,26.3,64.54,970.0,7.0068,2019,6,15,166,Southwest Monsoon
2019-06-16,30.5,20.5,25.2,0.5,21.2,26.6,64.81,970.0,6.7903,2019,6,16,167,Southwest Monsoon
2019-06-17,30.1,20.4,25.2,0.0,22.4,26.1,65.73,970.0,5.9844,2019,6,17,168,Southwest Monsoon
2019-06-18,29.8,21.2,25.1,0.0,22.7,26.1,65.7,970.0,5.5543,2019,6,18,169,Southwest Monsoon
2019-06-19,30.8,20.2,25.1,0.9,21.6,26.5,64.34,970.0,6.5938,2019,6,19,170,Southwest Monsoon
2019-06-20,28.1,21.5,24.2,3.9,23.4,25.4,61.81,970.0,6.2986,2019,6,20,171,Southwest Monsoon
2019-06-21,29.1,20.0,23.9,0.7,19.1,25.0,66.74,970.0,4.7218,2019,6,21,172,Southwest Monsoon
2019-06-22,28.5,21.1,23.6,5.8,20.3,24.8,71.34,970.0,5.4341,2019,6,22,173,Southwest Monsoon
2019-06-23,29.4,20.8,24.1,2.1,22.7,25.5,72.17,970.0,4.8394,2019,6,23,174,Southwest Monsoon
2019-06-24,29.9,20.6,24.7,1.6,17.7,26.5,67.82,970.0,5.431,2019,6,24,175,Southwest Monsoon
2019-06-25,30.2,20.4,25.0,0.9,18.4,26.5,64.34,970.0,5.5745,2019,6,25,176,Southwest Monsoon
2019-06-26,27.4,21.1,24.2,1.2,20.7,25.1,73.57,970.0,4.752,2019,6,26,177,Southwest Monsoon
2019-06-27,29.8,20.5,24.1,2.3,23.7,24.9,71.08,970.0,5.5615,2019,6,27,178,Southwest Monsoon
2019-06-28,30.7,19.8,24.7,0.1,29.2,24.5,70.39,970.0,6.7193,2019,6,28,179,Southwest Monsoon
2019-06-29,29.5,19.9,24.5,0.1,28.1,24.5,71.39,970.0,5.8886,2019,6,29,180,Southwest Monsoon
2019-06-30,30.2,21.0,24.4,1.1,31.0,24.5,71.32,970.0,4.8502,2019,6,30,181,Southwest Monsoon
2019-07-01,29.9,20.6,25.0,0.9,25.6,25.4,66.56,970.0,5.8519,2019,7,1,182,Southwest Monsoon
2019-07-02,30.9,21.5,25.1,0.8,28.9,25.5,69.93,970.0,5.7761,2019,7,2,183,Southwest Monsoon
2019-07-03,29.6,20.8,24.7,0.4,27.6,24.8,68.97,970.0,5.4576,2019,7,3,184,Southwest Monsoon
2019-07-04,30.3,21.0,24.9,2.7,28.6,25.3,69.94,970.0,5.1264,2019,7,4,185,Southwest Monsoon
2019-07-05,28.9,21.3,24.4,2.1,33.6,24.3,73.9,970.0,4.319,2019,7,5,186,Southwest Monsoon
2019-07-06,29.5,21.0,24.5,1.1,30.9,24.2,74.91,970.0,4.6469,2019,7,6,187,Southwest Monsoon
2019-07-07,30.0,20.7,24.7,0.7,32.5,24.1,70.3,970.0,5.5762,2019,7,7,188,Southwest Monsoon
2019-07-08,29.8,20.4,24.4,0.4,31.1,23.7,68.88,970.0,5.4574,2019,7,8,189,Southwest Monsoon
2019-07-09,29.4,20.8,24.2,3.0,27.8,24.5,75.0,970.0,4.8977,2019,7,9,190,Southwest Monsoon
2019-07-10,26.0,20.5,22.2,4.9,30.4,22.9,67.56,970.0,4.9164,2019,7,10,191,Southwest Monsoon
2019-07-11,29.5,19.7,23.6,5.8,25.2,24.4,69.44,970.0,5.1816,2019,7,11,192,Southwest Monsoon
2019-07-12,29.3,19.6,23.6,3.5,15.5,25.6,64.16,970.0,5.8006,2019,7,12,193,Southwest Monsoon
2019-07-13,29.4,19.9,24.3,0.4,18.0,26.0,66.39,970.0,4.854,2019,7,13,194,Southwest Monsoon
2019-07-14,28.9,19.8,23.9,2.8,20.6,25.5,75.26,970.0,5.9203,2019,7,14,195,Southwest Monsoon
2019-07-15,28.4,20.2,23.9,5.1,19.0,25.7,68.37,970.0,5.898,2019,7,15,196,Southwest Monsoon
2019-07-16,29.0,19.6,23.9,1.1,18.6,25.7,69.76,970.0,5.1401,2019,7,16,197,Southwest Monsoon
2019-07-17,28.4,20.2,24.0,3.5,17.2,25.8,70.55,970.0,4.8902,2019,7,17,198,Southwest Monsoon
2019-07-18,29.4,20.4,23.7,8.3,18.1,25.8,80.68,970.0,5.0962,2019,7,18,199,Southwest Monsoon
2019-07-19,24.5,20.6,22.4,2.8,19.1,24.1,79.49,970.0,4.6639,2019,7,19,200,Southwest Monsoon
2019-07-20,27.4,19.9,22.8,4.6,24.8,23.7,74.05,970.0,4.241,2019,7,20,201,Southwest Monsoon
2019-07-21,26.7,20.2,22.6,10.9,25.8,23.4,73.42,970.0,4.429,2019,7,21,202,Southwest Monsoon
2019-07-22,25.9,20.0,21.7,11.0,21.3,22.8,78.97,970.0,3.2417,2019,7,22,203,Southwest Monsoon
2019-07-23,24.2,19.0,21.3,9.1,21.7,22.3,75.84,970.0,4.4222,2019,7,23,204,Southwest Monsoon
2019-07-24,28.0,19.6,22.8,5.5,21.0,24.4,75.32,970.0,5.7067,2019,7,24,205,Southwest Monsoon
2019-07-25,27.1,19.4,22.6,7.4,19.8,24.4,72.59,970.0,4.6241,2019,7,25,206,Southwest Monsoon
2019-07-26,25.3,19.9,21.8,5.4,21.9,23.1,75.93,970.0,2.7324,2019,7,26,207,Southwest Monsoon
2019-07-27,27.2,19.5,22.8,0.7,24.3,23.7,73.14,970.0,5.0167,2019,7,27,208,Southwest Monsoon
2019-07-28,26.9,19.2,22.6,1.0,26.0,23.0,72.85,970.0,5.1007,2019,7,28,209,Southwest Monsoon
2019-07-29,27.0,20.1,22.5,0.2,25.3,22.7,74.56,970.0,4.5271,2019,7,29,210,Southwest Monsoon
2019-07-30,27.7,19.8,23.0,0.3,27.7,23.1,69.86,970.0,4.105,2019,7,30,211,Southwest Monsoon
2019-07-31,28.0,19.3,23.3,0.7,23.1,23.9,67.31,970.0,5.9664,2019,7,31,212,Southwest Monsoon
2019-08-01,28.1,19.1,23.2,1.0,25.5,23.4,67.37,970.0,6.0024,2019,8,1,213,Southwest Monsoon
2019-08-02,26.7,20.0,22.9,0.4,29.9,22.3,69.55,970.0,4.0642,2019,8,2,214,Southwest Monsoon
2019-08-03,28.3,20.5,23.7,0.2,31.6,23.3,73.98,970.0,4.8218,2019,8,3,215,Southwest Monsoon
2019-08-04,28.5,20.1,23.8,1.2,31.4,23.4,66.71,970.0,4.3421,2019,8,4,216,Southwest Monsoon
2019-08-05,25.1,20.5,21.9,7.8,34.2,22.3,80.28,970.0,3.7949,2019,8,5,217,Southwest Monsoon
2019-08-06,25.0,20.0,21.7,7.0,30.6,21.9,75.53,970.0,2.8121,2019,8,6,218,Southwest Monsoon
2019-08-07,27.7,20.2,23.0,6.5,36.7,22.7,75.88,970.0,3.2587,2019,8,7,219,Southwest Monsoon
2019-08-08,27.0,20.9,22.8,10.4,36.4,22.7,77.24,970.0,2.7955,2019,8,8,220,Southwest Monsoon
2019-08-09,27.0,20.5,22.3,4.5,32.9,22.6,74.34,970.0,3.1082,2019,8,9,221,Southwest Monsoon
2019-08-10,24.0,20.3,21.5,6.1,27.4,22.2,71.62,970.0,3.2138,2019,8,10,222,Southwest Monsoon
2019-08-11,26.8,20.1,22.9,0.6,30.8,23.0,71.46,970.0,4.2703,2019,8,11,223,Southwest Monsoon
2019-08-12,27.8,19.3,22.6,4.0,24.8,23.5,73.24,970.0,4.6555,2019,8,12,224,Southwest Monsoon
2019-08-13,27.8,20.0,22.9,5.4,20.2,24.9,71.96,970.0,4.6646,2019,8,13,225,Southwest Monsoon
2019-08-14,25.4,19.8,22.0,12.0,21.4,23.8,75.73,970.0,4.6894,2019,8,14,226,Southwest Monsoon
2019-08-15,27.4,20.0,22.6,11.7,22.5,24.1,75.6,970.0,4.6464,2019,8,15,227,Southwest Monsoon
2019-08-16,26.5,19.4,22.1,6.1,17.9,24.0,77.52,970.0,4.1472,2019,8,16,228,Southwest Monsoon
2019-08-17,24.0,19.5,21.5,10.2,12.7,23.8,80.64,970.0,2.7948,2019,8,17,229,Southwest Monsoon
2019-08-18,26.5,19.9,22.2,10.3,16.7,24.7,85.36,970.0,2.7619,2019,8,18,230,Southwest Monsoon
2019-08-19,28.1,20.0,23.0,14.0,12.6,26.0,82.15,970.0,5.8495,2019,8,19,231,Southwest Monsoon
2019-08-20,27.5,20.0,22.6,11.4,17.0,25.2,86.54,970.0,3.7591,2019,8,20,232,Southwest Monsoon
2019-08-21,26.9,20.0,22.4,3.0,18.8,24.2,87.52,970.0,4.3759,2019,8,21,233,Southwest Monsoon
2019-08-22,25.2,19.5,21.7,9.5,21.0,23.2,84.84,970.0,3.6492,2019,8,22,234,Southwest Monsoon
2019-08-23,26.5,19.6,22.1,4.8,22.0,23.2,84.0,970.0,4.8382,2019,8,23,235,Southwest Monsoon
2019-08-24,25.8,19.1,21.8,4.2,22.2,23.0,81.37,970.0,4.7714,2019,8,24,236,Southwest Monsoon
2019-08-25,26.2,19.8,22.4,0.9,22.1,23.2,79.44,970.0,5.1653,2019,8,25,237,Southwest Monsoon
2019-08-26,27.1,19.8,22.7,2.1,23.5,23.7,76.13,970.0,4.9375,2019,8,26,238,Southwest Monsoon
2019-08-27,25.9,19.7,22.5,4.7,25.9,23.3,76.33,970.0,5.6124,2019,8,27,239,Southwest Monsoon
2019-08-28,27.0,19.6,23.1,2.7,22.1,24.3,78.47,970.0,5.4566,2019,8,28,240,Southwest Monsoon
2019-08-29,28.2,19.9,23.1,10.9,21.0,24.7,79.89,970.0,5.2903,2019,8,29,241,Southwest Monsoon
2019-08-30,27.2,19.4,22.9,1.5,26.6,23.8,78.8,970.0,5.3942,2019,8,30,242,Southwest Monsoon
2019-08-31,26.5,19.5,22.5,3.5,21.3,23.7,77.84,970.0,3.7051,2019,8,31,243,Southwest Monsoon
2019-09-01,24.1,19.6,21.6,3.1,21.7,22.8,81.9,970.0,3.9943,2019,9,1,244,Southwest Monsoon
2019-09-02,28.3,19.8,22.3,7.8,23.3,23.7,79.99,970.0,3.8633,2019,9,2,245,Southwest Monsoon
2019-09-03,25.3,20.0,22.0,3.2,24.6,22.8,79.63,970.0,3.96,2019,9,3,246,Southwest Monsoon
2019-09-04,27.3,20.0,22.5,6.0,28.8,23.3,79.46,970.0,3.8998,2019,9,4,247,Southwest Monsoon
2019-09-05,26.8,20.2,22.6,5.8,29.3,23.1,77.7,970.0,4.3414,2019,9,5,248,Southwest Monsoon
2019-09-06,26.9,20.3,23.3,2.0,31.4,23.1,80.14,970.0,4.386,2019,9,6,249,Southwest Monsoon
2019-09-07,27.4,20.1,23.1,1.9,31.0,23.0,76.91,970.0,4.9296,2019,9,7,250,Southwest Monsoon
2019-09-08,26.8,20.5,23.0,2.7,29.9,23.2,77.31,970.0,4.6946,2019,9,8,251,Southwest Monsoon
2019-09-09,27.7,20.0,23.3,0.9,25.6,24.0,78.79,970.0,4.8281,2019,9,9,252,Southwest Monsoon
2019-09-10,28.1,19.8,23.2,2.5,20.8,24.8,77.27,970.0,5.2289,2019,9,10,253,Southwest Monsoon
2019-09-11,28.1,19.5,23.0,3.8,19.4,24.8,78.91,970.0,4.1736,2019,9,11,254,Southwest Monsoon
2019-09-12,28.0,19.8,23.0,2.0,17.2,25.1,83.37,970.0,5.544,2019,9,12,255,Southwest Monsoon
2019-09-13,27.8,19.5,23.2,1.3,17.3,25.1,80.99,970.0,5.6491,2019,9,13,256,Southwest Monsoon
2019-09-14,28.0,19.1,23.4,9.7,15.3,25.3,78.78,970.0,5.6758,2019,9,14,257,Southwest Monsoon
2019-09-15,27.9,19.9,23.2,4.1,16.8,25.1,78.29,970.0,4.9426,2019,9,15,258,Southwest Monsoon
2019-09-16,26.9,19.9,22.7,2.1,19.2,24.3,78.65,970.0,4.1347,2019,9,16,259,Southwest Monsoon
2019-09-17,23.8,19.7,21.3,27.7,16.8,23.3,85.31,970.0,4.1688,2019,9,17,260,Southwest Monsoon
2019-09-18,28.0,20.0,23.1,3.5,14.8,25.2,85.46,970.0,4.3927,2019,9,18,261,Southwest Monsoon
2019-09-19,27.6,20.2,22.9,4.7,13.8,25.3,87.2,970.0,4.9879,2019,9,19,262,Southwest Monsoon
2019-09-20,27.1,19.9,23.2,1.1,16.6,25.1,78.25,970.0,5.0683,2019,9,20,263,Southwest Monsoon
2019-09-21,28.8,19.6,24.0,1.1,10.3,26.5,76.81,970.0,6.6715,2019,9,21,264,Southwest Monsoon
2019-09-22,25.7,20.5,22.4,8.3,9.1,25.6,91.09,970.0,4.3368,2019,9,22,265,Southwest Monsoon
2019-09-23,26.5,20.0,22.5,32.9,11.6,25.8,86.71,970.0,5.7082,2019,9,23,266,Southwest Monsoon
2019-09-24,26.0,19.8,22.5,9.6,14.4,25.3,92.87,970.0,5.2344,2019,9,24,267,Southwest Monsoon
2019-09-25,27.2,20.1,22.5,17.7,19.6,24.9,91.34,970.0,4.8974,2019,9,25,268,Southwest Monsoon
2019-09-26,25.1,19.7,22.1,3.5,22.0,24.0,85.8,970.0,5.0606,2019,9,26,269,Southwest Monsoon
2019-09-27,27.2,19.1,22.7,9.2,11.3,25.9,83.16,970.0,5.7317,2019,9,27,270,Southwest Monsoon
2019-09-28,27.9,19.3,23.4,0.6,10.1,26.1,83.7,970.0,5.7031,2019,9,28,271,Southwest Monsoon
2019-09-29,28.0,20.3,23.4,1.0,14.3,25.6,82.23,970.0,6.2405,2019,9,29,272,Southwest Monsoon
2019-09-30,27.9,19.9,23.3,2.5,17.4,25.4,84.1,970.0,5.3484,2019,9,30,273,Southwest Monsoon
2019-10-01,27.6,19.6,22.7,14.6,10.5,25.9,80.56,970.0,5.5339,2019,10,1,274,Post-Monsoon
2019-10-02,28.6,19.0,23.6,5.3,9.4,26.7,82.53,970.0,6.3787,2019,10,2,275,Post-Monsoon
2019-10-03,28.2,19.6,23.3,4.5,10.2,26.2,84.2,970.0,6.1735,2019,10,3,276,Post-Monsoon
2019-10-04,28.4,19.0,22.8,26.2,9.0,26.0,85.89,970.0,5.8481,2019,10,4,277,Post-Monsoon
2019-10-05,27.4,19.2,22.7,11.5,9.6,25.8,90.29,970.0,5.8548,2019,10,5,278,Post-Monsoon
2019-10-06,27.0,19.2,22.4,3.5,10.5,25.5,86.84,970.0,5.2793,2019,10,6,279,Post-Monsoon
2019-10-07,26.3,20.0,22.5,9.8,9.9,25.7,86.5,970.0,5.3477,2019,10,7,280,Post-Monsoon
2019-10-08,27.5,18.5,22.5,8.9,7.6,25.9,84.61,970.0,5.8968,2019,10,8,281,Post-Monsoon
2019-10-09,27.2,19.3,22.7,5.7,8.4,26.0,88.95,970.0,5.4876,2019,10,9,282,Post-Monsoon
2019-10-10,26.6,19.2,22.5,3.7,10.3,25.5,85.55,970.0,4.8216,2019,10,10,283,Post-Monsoon
2019-10-11,27.8,19.5,23.2,4.4,7.7,26.3,86.44,970.0,5.2058,2019,10,11,284,Post-Monsoon
2019-10-12,27.8,19.6,23.4,4.9,12.3,25.8,84.7,970.0,5.4833,2019,10,12,285,Post-Monsoon
2019-10-13,27.8,20.2,23.3,4.6,12.8,25.9,84.7,970.0,5.5776,2019,10,13,286,Post-Monsoon
2019-10-14,28.8,19.1,23.6,0.0,16.4,25.9,85.57,970.0,6.108,2019,10,14,287,Post-Monsoon
2019-10-15,27.1,19.9,22.9,7.7,17.1,25.4,87.76,970.0,4.8523,2019,10,15,288,Post-Monsoon
2019-10-16,26.2,20.0,22.3,6.7,18.2,24.3,86.39,970.0,4.5617,2019,10,16,289,Post-Monsoon
2019-10-17,24.6,19.5,21.5,2.4,16.2,23.4,86.35,970.0,3.8986,2019,10,17,290,Post-Monsoon
2019-10-18,27.0,19.3,22.4,2.4,16.6,24.3,88.37,970.0,4.1004,2019,10,18,291,Post-Monsoon
2019-10-19,26.9,19.5,22.6,2.7,16.7,24.5,86.89,970.0,4.9406,2019,10,19,292,Post-Monsoon
2019-10-20,26.2,20.0,22.4,4.2,15.3,24.7,87.89,970.0,4.2043,2019,10,20,293,Post-Monsoon
2019-10-21,25.3,19.8,21.9,8.1,10.9,24.8,88.43,970.0,3.8882,2019,10,21,294,Post-Monsoon
2019-10-22,23.4,19.9,21.1,7.7,12.8,23.8,87.67,970.0,3.2974,2019,10,22,295,Post-Monsoon
2019-10-23,25.6,20.0,21.8,11.2,17.3,23.9,87.22,970.0,4.8797,2019,10,23,296,Post-Monsoon
2019-10-24,26.1,18.8,22.3,0.3,24.2,23.2,87.02,970.0,4.8197,2019,10,24,297,Post-Monsoon
2019-10-25,24.1,19.4,21.4,0.4,21.7,22.6,87.01,970.0,4.056,2019,10,25,298,Post-Monsoon
2019-10-26,26.1,17.6,21.3,7.4,17.3,23.2,87.17,970.0,4.4897,2019,10,26,299,Post-Monsoon
2019-10-27,26.9,18.3,21.9,8.5,11.2,24.5,85.24,970.0,4.7748,2019,10,27,300,Post-Monsoon
2019-10-28,27.1,19.1,22.3,1.8,18.1,24.2,87.29,970.0,4.7294,2019,10,28,301,Post-Monsoon
2019-10-29,25.1,19.5,21.6,2.0,24.8,22.8,87.02,970.0,3.5299,2019,10,29,302,Post-Monsoon
2019-10-30,23.5,19.5,20.8,23.9,24.4,21.9,90.7,970.0,3.5412,2019,10,30,303,Post-Monsoon
2019-10-31,24.5,19.5,21.2,13.4,20.5,22.7,89.22,970.0,3.8345,2019,10,31,304,Post-Monsoon
2019-11-01,26.0,19.1,22.1,2.5,11.1,24.6,85.33,970.0,6.0218,2019,11,1,305,Post-Monsoon
2019-11-02,26.7,19.5,22.7,1.1,10.7,25.1,86.11,970.0,5.4173,2019,11,2,306,Post-Monsoon
2019-11-03,27.5,19.5,22.9,0.1,12.0,24.9,84.52,970.0,5.5654,2019,11,3,307,Post-Monsoon
2019-11-04,27.8,18.2,22.2,0.0,13.4,23.4,80.53,970.0,5.9935,2019,11,4,308,Post-Monsoon
2019-11-05,28.0,17.4,22.7,0.2,14.6,24.2,79.07,970.0,5.934,2019,11,5,309,Post-Monsoon
2019-11-06,27.4,18.5,22.8,2.0,10.0,25.1,78.29,970.0,5.3422,2019,11,6,310,Post-Monsoon
2019-11-07,27.0,19.0,22.6,1.4,10.1,25.3,82.16,970.0,4.717,2019,11,7,311,Post-Monsoon
2019-11-08,26.2,19.6,22.7,3.9,8.6,25.9,87.98,970.0,4.0238,2019,11,8,312,Post-Monsoon
2019-11-09,27.5,19.5,23.0,7.0,12.1,25.4,88.71,970.0,4.5406,2019,11,9,313,Post-Monsoon
2019-11-10,27.6,19.2,23.1,0.6,9.6,25.7,84.1,970.0,4.6865,2019,11,10,314,Post-Monsoon
2019-11-11,27.4,19.0,22.8,0.2,14.1,24.4,81.84,970.0,4.3435,2019,11,11,315,Post-Monsoon
2019-11-12,27.7,17.9,22.3,0.0,16.3,22.9,83.66,970.0,5.3923,2019,11,12,316,Post-Monsoon
2019-11-13,27.4,17.9,22.0,0.0,17.5,22.2,83.7,970.0,5.6755,2019,11,13,317,Post-Monsoon
2019-11-14,26.0,17.8,21.6,2.0,20.2,22.7,87.44,970.0,3.9312,2019,11,14,318,Post-Monsoon
2019-11-15,27.0,19.6,22.0,4.1,13.8,24.1,85.87,970.0,3.9794,2019,11,15,319,Post-Monsoon
2019-11-16,26.6,19.4,22.3,1.5,17.3,23.9,84.5,970.0,4.5384,2019,11,16,320,Post-Monsoon
2019-11-17,28.0,19.0,22.9,0.0,14.2,23.6,80.22,970.0,5.5025,2019,11,17,321,Post-Monsoon
2019-11-18,27.8,19.0,22.9,0.9,21.9,23.9,86.49,970.0,4.368,2019,11,18,322,Post-Monsoon
2019-11-19,28.1,19.6,23.3,0.8,12.8,25.1,83.0,970.0,5.3916,2019,11,19,323,Post-Monsoon
2019-11-20,26.7,19.6,22.4,2.6,20.2,23.7,88.28,970.0,3.9617,2019,11,20,324,Post-Monsoon
2019-11-21,27.0,19.5,22.3,0.7,19.8,23.6,86.31,970.0,3.792,2019,11,21,325,Post-Monsoon
2019-11-22,26.9,18.8,22.1,0.0,19.8,22.6,83.03,970.0,3.5446,2019,11,22,326,Post-Monsoon
2019-11-23,28.1,16.5,21.4,0.0,20.2,21.5,82.21,970.0,5.5462,2019,11,23,327,Post-Monsoon
2019-11-24,27.6,16.5,21.6,0.0,15.6,21.9,83.27,970.0,5.4026,2019,11,24,328,Post-Monsoon
2019-11-25,28.1,17.6,21.8,0.0,21.6,21.5,82.63,970.0,4.4402,2019,11,25,329,Post-Monsoon
2019-11-26,27.4,16.5,21.6,0.1,19.7,21.3,82.43,970.0,5.813,2019,11,26,330,Post-Monsoon
2019-11-27,26.6,19.0,22.3,2.1,22.7,23.0,85.63,970.0,3.2671,2019,11,27,331,Post-Monsoon
2019-11-28,26.0,19.9,22.0,0.3,20.5,23.0,85.81,970.0,3.3737,2019,11,28,332,Post-Monsoon
2019-11-29,27.7,19.7,22.6,1.3,20.7,23.6,84.76,970.0,3.2599,2019,11,29,333,Post-Monsoon
2019-11-30,26.1,18.4,21.9,1.6,26.1,22.5,86.67,970.0,2.8169,2019,11,30,334,Post-Monsoon
2019-12-01,22.1,19.5,20.7,23.0,19.9,22.3,87.65,970.0,2.3028,2019,12,1,335,Winter
2019-12-02,25.0,19.0,21.3,1.2,26.2,21.9,86.76,970.0,2.7305,2019,12,2,336,Winter
2019-12-03,24.0,18.4,20.9,0.8,20.5,21.2,84.75,970.0,2.7662,2019,12,3,337,Winter
2019-12-04,25.5,17.4,21.1,0.7,24.5,20.9,82.37,970.0,4.2569,2019,12,4,338,Winter
2019-12-05,24.5,16.5,20.3,0.0,22.2,20.1,80.91,970.0,4.3882,2019,12,5,339,Winter
2019-12-06,26.5,16.5,20.7,0.0,18.7,20.6,78.65,970.0,3.8453,2019,12,6,340,Winter
2019-12-07,24.9,14.4,19.7,1.4,20.9,20.1,82.29,970.0,3.7567,2019,12,7,341,Winter
2019-12-08,24.8,17.8,20.9,0.6,18.9,21.5,80.75,970.0,2.8495,2019,12,8,342,Winter
2019-12-09,26.1,17.1,20.7,0.0,20.2,20.6,78.64,970.0,5.2723,2019,12,9,343,Winter
2019-12-10,25.4,16.5,20.7,0.0,17.7,20.8,78.37,970.0,5.2198,2019,12,10,344,Winter
2019-12-11,26.5,16.4,21.1,0.0,14.1,21.4,76.79,970.0,5.1691,2019,12,11,345,Winter
2019-12-12,26.5,15.9,20.8,0.0,16.7,20.8,75.28,970.0,5.3011,2019,12,12,346,Winter
2019-12-13,27.0,16.6,21.4,0.0,18.1,21.8,78.39,970.0,5.1132,2019,12,13,347,Winter
2019-12-14,25.2,18.9,20.6,7.0,17.7,21.7,83.11,970.0,2.4288,2019,12,14,348,Winter
2019-12-15,26.6,17.7,21.1,0.0,20.2,21.0,78.76,970.0,4.6054,2019,12,15,349,Winter
2019-12-16,25.4,15.8,20.5,0.3,16.8,21.1,79.13,970.0,5.161,2019,12,16,350,Winter
2019-12-17,26.6,18.5,21.6,0.0,18.8,21.6,77.04,970.0,3.9307,2019,12,17,351,Winter
2019-12-18,27.6,16.1,21.0,0.0,21.4,21.0,76.76,970.0,4.3565,2019,12,18,352,Winter
2019-12-19,26.4,16.6,21.1,0.0,22.9,21.1,75.44,970.0,3.2707,2019,12,19,353,Winter
2019-12-20,26.6,15.9,20.4,0.0,18.1,20.4,76.17,970.0,4.1393,2019,12,20,354,Winter
2019-12-21,26.6,17.6,21.4,0.0,17.3,21.5,79.4,970.0,4.5269,2019,12,21,355,Winter
2019-12-22,26.9,18.1,21.5,0.0,17.3,21.5,74.85,970.0,4.867,2019,12,22,356,Winter
2019-12-23,27.2,17.5,21.6,0.0,16.4,21.9,72.46,970.0,4.225,2019,12,23,357,Winter
2019-12-24,25.3,17.9,21.3,0.4,16.1,22.2,72.9,970.0,4.1256,2019,12,24,358,Winter
2019-12-25,25.9,19.0,21.9,0.1,17.6,22.9,76.42,970.0,2.5464,2019,12,25,359,Winter
2019-12-26,28.1,19.5,23.0,0.0,13.9,24.7,69.89,970.0,4.6762,2019,12,26,360,Winter
2019-12-27,29.0,17.8,22.8,0.2,16.7,23.7,69.06,970.0,4.9793,2019,12,27,361,Winter
2019-12-28,27.0,17.5,21.7,0.0,17.3,21.9,73.57,970.0,5.2058,2019,12,28,362,Winter
2019-12-29,27.4,16.9,21.4,0.0,18.6,21.2,71.97,970.0,4.7326,2019,12,29,363,Winter
2019-12-30,27.4,17.0,21.4,0.1,18.3,21.3,72.31,970.0,4.9562,2019,12,30,364,Winter
2019-12-31,26.1,17.6,21.5,0.9,17.8,21.9,73.87,970.0,4.4822,2019,12,31,365,Winter
2020-01-01,26.9,18.1,21.6,1.9,18.5,22.4,74.47,970.0,3.2345,2020,1,1,1,Winter
2020-01-02,27.2,18.8,22.4,1.0,15.1,23.5,73.02,970.0,4.0279,2020,1,2,2,Winter
2020-01-03,28.2,18.6,23.0,0.0,14.0,24.5,72.03,970.0,4.9488,2020,1,3,3,Winter
2020-01-04,28.3,19.2,23.4,0.0,13.2,24.9,72.06,970.0,4.745,2020,1,4,4,Winter
2020-01-05,28.0,19.5,23.3,0.2,16.6,24.6,74.21,970.0,4.6673,2020,1,5,5,Winter
2020-01-06,27.4,18.9,22.4,0.0,19.0,23.0,72.34,970.0,3.7903,2020,1,6,6,Winter
2020-01-07,27.0,18.3,22.0,0.0,19.7,22.0,70.75,970.0,4.9126,2020,1,7,7,Winter
2020-01-08,28.1,17.5,22.5,0.0,16.4,22.8,69.04,970.0,5.6791,2020,1,8,8,Winter
2020-01-09,29.1,17.4,22.8,0.0,17.9,23.5,69.05,970.0,5.4005,2020,1,9,9,Winter
2020-01-10,28.1,16.6,21.7,0.0,18.4,21.1,71.28,970.0,5.5524,2020,1,10,10,Winter
2020-01-11,27.7,15.4,20.9,0.0,18.0,19.8,65.59,970.0,6.0418,2020,1,11,11,Winter
2020-01-12,27.2,15.1,20.6,0.0,18.4,20.2,68.71,970.0,5.4324,2020,1,12,12,Winter
2020-01-13,28.4,17.1,22.2,0.0,14.8,22.9,68.12,970.0,5.1994,2020,1,13,13,Winter
2020-01-14,29.1,16.6,22.0,0.0,17.3,21.8,63.42,970.0,5.7816,2020,1,14,14,Winter
2020-01-15,27.8,14.6,20.7,0.0,18.4,19.5,60.38,970.0,5.9974,2020,1,15,15,Winter
2020-01-16,27.4,15.0,21.0,0.0,17.8,20.9,64.36,970.0,5.9659,2020,1,16,16,Winter
2020-01-17,28.5,15.6,21.7,0.0,17.3,21.3,66.75,970.0,5.8462,2020,1,17,17,Winter
2020-01-18,27.9,18.0,22.1,0.1,18.2,22.4,71.85,970.0,4.3253,2020,1,18,18,Winter
2020-01-19,28.1,18.5,22.7,0.2,17.8,22.7,68.94,970.0,5.0335,2020,1,19,19,Winter
2020-01-20,29.8,17.6,23.3,0.0,21.3,23.1,61.73,970.0,5.8985,2020,1,20,20,Winter
2020-01-21,29.2,16.5,22.1,0.0,21.3,20.6,59.43,970.0,6.1747,2020,1,21,21,Winter
2020-01-22,29.0,15.8,21.8,0.0,20.2,21.0,64.36,970.0,6.1577,2020,1,22,22,Winter
2020-01-23,29.0,16.9,22.3,0.0,19.6,21.8,62.42,970.0,6.0622,2020,1,23,23,Winter
2020-01-24,30.0,16.3,22.3,0.0,16.3,21.0,56.4,970.0,6.3374,2020,1,24,24,Winter
2020-01-25,30.0,15.2,22.1,0.0,17.0,19.9,50.77,970.0,6.4589,2020,1,25,25,Winter
2020-01-26,31.0,14.4,22.5,0.0,14.8,21.4,54.92,970.0,6.4049,2020,1,26,26,Winter
2020-01-27,30.8,15.7,23.1,0.0,15.0,22.5,54.76,970.0,6.1754,2020,1,27,27,Winter
2020-01-28,29.9,17.6,23.1,0.0,12.0,23.1,56.05,970.0,5.9141,2020,1,28,28,Winter
2020-01-29,30.9,17.4,23.9,0.0,13.7,24.4,56.6,970.0,6.2148,2020,1,29,29,Winter
2020-01-30,31.1,17.2,23.9,0.0,12.7,24.0,55.7,970.0,6.2995,2020,1,30,30,Winter
2020-01-31,30.7,18.2,24.3,0.0,20.5,24.3,56.0,970.0,6.3,2020,1,31,31,Winter
2020-02-01,28.8,17.6,23.0,0.0,16.8,22.8,60.85,970.0,5.8836,2020,2,1,32,Winter
2020-02-02,28.2,18.4,22.9,0.0,17.4,22.3,58.44,970.0,5.9791,2020,2,2,33,Winter
2020-02-03,29.4,16.6,22.5,0.0,16.6,21.0,55.58,970.0,6.4126,2020,2,3,34,Winter
2020-02-04,28.7,15.4,22.0,0.0,18.8,21.1,57.31,970.0,6.3211,2020,2,4,35,Winter
2020-02-05,29.0,18.2,22.9,0.0,15.8,23.0,57.31,970.0,5.4391,2020,2,5,36,Winter
2020-02-06,29.7,16.5,23.0,0.0,16.1,23.1,54.94,970.0,5.6782,2020,2,6,37,Winter
2020-02-07,29.2,17.0,23.1,0.0,17.6,23.3,56.61,970.0,5.3182,2020,2,7,38,Winter
2020-02-08,29.5,18.0,23.8,0.0,14.0,24.1,51.98,970.0,5.8445,2020,2,8,39,Winter
2020-02-09,28.0,17.9,22.8,0.7,21.2,22.7,58.96,970.0,5.4271,2020,2,9,40,Winter
2020-02-10,28.9,18.1,22.7,0.0,23.8,22.0,55.74,970.0,5.7974,2020,2,10,41,Winter
2020-02-11,28.5,16.2,21.9,0.0,21.3,20.6,55.04,970.0,6.5021,2020,2,11,42,Winter
2020-02-12,28.9,17.3,22.7,0.0,19.8,22.2,52.52,970.0,5.7079,2020,2,12,43,Winter
2020-02-13,30.5,17.6,23.5,0.0,21.1,22.9,50.17,970.0,6.575,2020,2,13,44,Winter
2020-02-14,30.5,16.6,23.7,0.0,12.0,23.9,48.29,970.0,6.4553,2020,2,14,45,Winter
2020-02-15,31.5,16.6,23.9,0.0,16.6,23.3,39.26,970.0,6.6122,2020,2,15,46,Winter
2020-02-16,31.3,17.4,23.8,0.0,17.7,21.5,37.45,970.0,6.8246,2020,2,16,47,Winter
2020-02-17,31.0,15.6,22.8,0.0,17.3,20.7,36.45,970.0,7.0543,2020,2,17,48,Winter
2020-02-18,30.6,15.9,23.0,0.0,18.0,21.4,45.81,970.0,7.0087,2020,2,18,49,Winter
2020-02-19,30.8,16.0,23.1,0.0,19.2,22.2,52.06,970.0,6.5297,2020,2,19,50,Winter
2020-02-20,30.9,15.9,22.8,0.0,19.6,21.4,46.66,970.0,6.9444,2020,2,20,51,Winter
2020-02-21,31.1,15.5,22.8,0.0,19.8,21.6,44.1,970.0,7.0771,2020,2,21,52,Winter
2020-02-22,30.4,17.4,23.3,0.0,21.2,22.7,52.06,970.0,6.84,2020,2,22,53,Winter
2020-02-23,30.3,17.6,23.5,0.0,21.6,22.9,49.12,970.0,6.1128,2020,2,23,54,Winter
2020-02-24,30.4,17.9,23.5,0.0,19.5,22.9,50.2,970.0,5.2531,2020,2,24,55,Winter
2020-02-25,31.9,17.6,24.5,0.0,14.4,24.5,49.88,970.0,6.7718,2020,2,25,56,Winter
2020-02-26,30.6,18.4,24.6,0.0,16.1,24.8,52.76,970.0,6.2582,2020,2,26,57,Winter
2020-02-27,30.8,19.1,24.5,0.0,22.7,24.4,55.98,970.0,5.3878,2020,2,27,58,Winter
2020-02-28,31.0,18.4,24.1,0.0,22.9,23.9,52.54,970.0,5.447,2020,2,28,59,Winter
2020-02-29,31.4,18.5,24.5,0.0,20.6,24.3,50.11,970.0,6.1402,2020,2,29,60,Winter
2020-03-01,30.5,18.9,24.5,0.0,19.6,24.3,49.61,970.0,6.161,2020,3,1,61,Summer
2020-03-02,29.6,19.1,24.1,0.0,16.3,25.1,52.17,970.0,4.2005,2020,3,2,62,Summer
2020-03-03,30.7,19.6,25.3,0.5,9.9,26.5,47.46,970.0,5.651,2020,3,3,63,Summer
2020-03-04,30.6,20.1,25.4,1.1,14.5,26.3,47.82,970.0,5.3194,2020,3,4,64,Summer
2020-03-05,30.0,20.5,25.1,1.8,16.7,26.2,50.19,970.0,5.7499,2020,3,5,65,Summer
2020-03-06,29.8,20.0,24.3,2.7,16.5,25.6,52.74,970.0,5.5457,2020,3,6,66,Summer
2020-03-07,29.4,20.1,24.2,2.2,14.0,26.1,64.66,970.0,5.0498,2020,3,7,67,Summer
2020-03-08,30.5,20.2,24.7,1.0,17.2,26.2,56.57,970.0,5.7888,2020,3,8,68,Summer
2020-03-09,30.1,19.6,24.7,0.9,15.7,26.2,51.25,970.0,5.6388,2020,3,9,69,Summer
2020-03-10,30.6,19.5,25.3,0.5,17.8,26.1,41.35,970.0,6.5527,2020,3,10,70,Summer
2020-03-11,32.5,19.8,25.7,0.0,18.4,26.3,45.62,970.0,6.6698,2020,3,11,71,Summer
2020-03-12,32.6,20.0,25.8,0.0,17.4,25.9,38.87,970.0,6.8359,2020,3,12,72,Summer
2020-03-13,32.3,18.5,25.4,0.0,18.7,25.2,37.82,970.0,7.1986,2020,3,13,73,Summer
2020-03-14,32.5,18.0,25.3,0.0,17.6,25.1,46.07,970.0,7.3507,2020,3,14,74,Summer
2020-03-15,33.3,18.5,25.6,0.0,19.6,25.8,48.5,970.0,7.1602,2020,3,15,75,Summer
2020-03-16,32.7,19.0,25.5,0.0,19.0,25.9,47.28,970.0,7.051,2020,3,16,76,Summer
2020-03-17,32.5,18.9,25.6,0.0,20.5,25.0,44.42,970.0,7.4098,2020,3,17,77,Summer
2020-03-18,33.8,18.5,26.2,0.0,18.7,24.9,39.12,970.0,7.5163,2020,3,18,78,Summer
2020-03-19,34.2,19.3,26.8,0.0,15.1,26.3,36.58,970.0,7.2842,2020,3,19,79,Summer
2020-03-20,32.5,21.9,25.3,0.4,17.3,26.1,41.86,970.0,5.5891,2020,3,20,80,Summer
2020-03-21,34.4,20.2,26.9,0.1,15.9,27.5,38.96,970.0,6.6432,2020,3,21,81,Summer
2020-03-22,32.0,20.7,26.3,0.1,15.0,26.9,39.06,970.0,6.5832,2020,3,22,82,Summer
2020-03-23,31.0,21.2,25.1,0.7,19.0,26.4,40.77,970.0,5.2282,2020,3,23,83,Summer
2020-03-24,33.7,20.5,26.7,0.0,16.4,27.4,39.59,970.0,6.7022,2020,3,24,84,Summer
2020-03-25,32.7,19.5,26.1,0.0,19.6,25.7,46.03,970.0,6.0314,2020,3,25,85,Summer
2020-03-26,33.7,19.3,26.2,0.0,19.9,25.9,44.67,970.0,6.7706,2020,3,26,86,Summer
2020-03-27,33.2,18.8,25.7,0.0,17.0,25.3,45.85,970.0,7.1666,2020,3,27,87,Summer
2020-03-28,34.0,17.5,25.9,0.0,17.7,24.6,36.73,970.0,7.4393,2020,3,28,88,Summer
2020-03-29,34.2,17.8,26.5,0.0,17.0,24.9,32.77,970.0,7.5754,2020,3,29,89,Summer
2020-03-30,34.6,19.8,26.9,0.0,18.6,25.9,32.87,970.0,7.644,2020,3,30,90,Summer
2020-03-31,34.5,18.5,26.8,0.0,18.1,25.1,34.73,970.0,7.5634,2020,3,31,91,Summer
2020-04-01,34.9,20.1,27.6,0.0,19.1,25.7,37.97,970.0,7.5744,2020,4,1,92,Summer
2020-04-02,35.1,21.0,28.0,0.0,17.7,26.8,38.23,970.0,7.321,2020,4,2,93,Summer
2020-04-03,34.5,21.8,27.9,0.0,18.9,27.4,39.58,970.0,7.3682,2020,4,3,94,Summer
2020-04-04,35.2,20.1,27.5,0.0,17.1,27.0,41.6,970.0,7.6745,2020,4,4,95,Summer
2020-04-05,34.8,20.8,27.8,0.1,16.5,28.5,47.38,970.0,7.2406,2020,4,5,96,Summer
2020-04-06,33.8,21.6,27.4,0.3,13.7,29.4,53.76,970.0,5.9726,2020,4,6,97,Summer
2020-04-07,32.0,22.0,25.3,6.1,11.3,27.9,64.53,970.0,4.3315,2020,4,7,98,Summer
2020-04-08,32.0,22.1,26.2,0.6,15.2,28.0,53.9,970.0,6.0852,2020,4,8,99,Summer
2020-04-09,31.0,21.4,25.4,3.1,19.5,27.5,61.57,970.0,6.3835,2020,4,9,100,Summer
2020-04-10,32.0,20.7,25.8,0.0,16.0,27.0,55.4,970.0,6.0046,2020,4,10,101,Summer
2020-04-11,33.2,20.5,26.3,0.0,15.0,27.0,55.21,970.0,7.0644,2020,4,11,102,Summer
2020-04-12,33.5,19.7,26.5,0.0,16.5,26.2,47.92,970.0,7.278,2020,4,12,103,Summer
2020-04-13,34.6,19.1,27.1,0.0,16.9,25.8,41.07,970.0,7.3046,2020,4,13,104,Summer
2020-04-14,34.7,19.5,27.1,0.0,19.8,25.1,35.37,970.0,7.7126,2020,4,14,105,Summer
2020-04-15,35.0,18.6,27.0,0.0,16.1,26.0,38.87,970.0,7.7942,2020,4,15,106,Summer
2020-04-16,34.8,20.6,27.5,0.0,16.9,27.4,45.84,970.0,7.4592,2020,4,16,107,Summer
2020-04-17,35.1,21.6,28.2,0.0,16.2,28.0,46.87,970.0,7.0402,2020,4,17,108,Summer
2020-04-18,34.8,21.7,28.1,0.0,15.6,28.6,45.41,970.0,6.6456,2020,4,18,109,Summer
2020-04-19,34.8,21.6,27.9,0.0,17.3,28.3,46.8,970.0,7.0226,2020,4,19,110,Summer
2020-04-20,33.9,21.1,27.4,0.0,17.8,27.4,45.44,970.0,7.5646,2020,4,20,111,Summer
2020-04-21,34.8,20.1,27.4,0.0,14.2,27.7,39.62,970.0,7.5672,2020,4,21,112,Summer
2020-04-22,34.3,21.9,28.0,0.0,17.7,28.5,46.22,970.0,6.6914,2020,4,22,113,Summer
2020-04-23,35.0,22.3,28.7,0.0,15.1,30.1,47.33,970.0,6.5873,2020,4,23,114,Summer
2020-04-24,32.6,23.0,27.5,0.0,13.4,29.3,55.44,970.0,5.1761,2020,4,24,115,Summer
2020-04-25,32.0,22.6,26.4,6.3,16.8,29.0,62.28,970.0,5.5548,2020,4,25,116,Summer
2020-04-26,32.2,21.9,26.5,2.5,11.3,29.1,56.88,970.0,5.6143,2020,4,26,117,Summer
2020-04-27,31.5,22.0,26.6,0.2,18.7,29.1,60.22,970.0,5.5222,2020,4,27,118,Summer
2020-04-28,32.8,21.4,26.6,0.5,15.3,29.1,71.49,970.0,5.7866,2020,4,28,119,Summer
2020-04-29,27.1,20.5,23.6,8.1,10.6,26.3,79.26,970.0,3.0828,2020,4,29,120,Summer
2020-04-30,31.9,20.8,26.3,0.2,12.2,27.7,60.38,970.0,6.9223,2020,4,30,121,Summer
2020-05-01,32.8,21.0,27.2,0.0,13.2,28.5,60.05,970.0,6.5638,2020,5,1,122,Summer
2020-05-02,33.1,23.4,27.8,0.1,12.8,29.3,57.0,970.0,6.0583,2020,5,2,123,Summer
2020-05-03,33.3,22.4,28.0,0.0,12.2,29.4,55.36,970.0,6.4217,2020,5,3,124,Summer
2020-05-04,33.7,22.8,28.1,0.0,12.7,29.2,49.48,970.0,7.0392,2020,5,4,125,Summer
2020-05-05,34.2,22.5,28.2,0.0,11.2,29.5,50.8,970.0,6.9972,2020,5,5,126,Summer
2020-05-06,34.8,23.0,28.4,0.2,12.4,29.5,55.64,970.0,6.0559,2020,5,6,127,Summer
2020-05-07,34.2,22.9,28.0,0.1,14.0,29.8,59.4,970.0,5.755,2020,5,7,128,Summer
2020-05-08,33.8,22.6,27.7,0.1,11.6,29.9,57.61,970.0,6.0317,2020,5,8,129,Summer
2020-05-09,34.8,22.5,28.5,0.0,15.1,29.7,49.17,970.0,7.2509,2020,5,9,130,Summer
2020-05-10,35.2,21.8,28.3,0.0,15.5,29.0,49.7,970.0,6.8566,2020,5,10,131,Summer
2020-05-11,34.0,22.1,27.9,0.0,14.7,28.5,49.49,970.0,5.9592,2020,5,11,132,Summer
2020-05-12,35.0,21.6,27.6,0.0,18.2,28.5,53.57,970.0,6.3485,2020,5,12,133,Summer
2020-05-13,34.3,21.5,27.4,0.0,14.3,29.1,39.19,970.0,6.1896,2020,5,13,134,Summer
2020-05-14,35.0,22.2,28.7,0.0,15.0,29.5,46.45,970.0,6.5933,2020,5,14,135,Summer
2020-05-15,35.0,22.5,28.8,0.0,15.4,30.0,39.97,970.0,6.3679,2020,5,15,136,Summer
2020-05-16,35.2,22.9,28.4,0.5,16.5,29.6,40.33,970.0,5.1895,2020,5,16,137,Summer
2020-05-17,34.1,23.2,27.5,5.7,15.6,29.4,54.06,970.0,5.4322,2020,5,17,138,Summer
2020-05-18,31.6,22.9,26.3,5.1,25.5,28.1,70.22,970.0,5.0626,2020,5,18,139,Summer
2020-05-19,31.6,21.9,26.3,0.3,24.6,27.2,61.87,970.0,5.5555,2020,5,19,140,Summer
2020-05-20,33.2,21.1,26.7,0.0,19.2,27.5,57.06,970.0,6.1322,2020,5,20,141,Summer
2020-05-21,33.8,20.8,27.3,0.0,15.8,28.5,55.83,970.0,6.667,2020,5,21,142,Summer
2020-05-22,33.7,21.8,28.0,0.0,17.7,29.3,49.33,970.0,6.456,2020,5,22,143,Summer
2020-05-23,36.2,22.3,29.1,0.0,19.4,30.6,42.06,970.0,6.2522,2020,5,23,144,Summer
2020-05-24,33.2,22.5,27.9,0.0,17.4,30.0,45.97,970.0,6.7138,2020,5,24,145,Summer
2020-05-25,33.7,22.4,28.2,0.0,13.8,30.5,61.46,970.0,6.6365,2020,5,25,146,Summer
2020-05-26,33.2,22.5,27.5,0.8,13.8,29.8,64.73,970.0,6.6386,2020,5,26,147,Summer
2020-05-27,32.5,22.8,26.3,11.0,12.2,29.8,73.56,970.0,5.9909,2020,5,27,148,Summer
2020-05-28,32.5,22.5,26.6,0.9,16.2,29.6,71.57,970.0,6.6722,2020,5,28,149,Summer
2020-05-29,32.8,22.4,25.7,8.5,14.8,28.8,80.29,970.0,6.8846,2020,5,29,150,Summer
2020-05-30,29.2,22.0,25.0,1.7,13.4,28.5,72.94,970.0,5.6004,2020,5,30,151,Summer
2020-05-31,31.0,21.9,25.4,0.2,14.3,28.8,70.31,970.0,6.1913,2020,5,31,152,Summer
2020-06-01,30.1,20.8,24.6,4.3,14.0,27.6,77.56,970.0,5.7701,2020,6,1,153,Southwest Monsoon
2020-06-02,26.6,21.1,23.7,1.6,22.7,25.3,72.43,970.0,5.6009,2020,6,2,154,Southwest Monsoon
2020-06-03,28.5,20.8,24.0,0.3,25.5,25.0,77.64,970.0,5.4535,2020,6,3,155,Southwest Monsoon
2020-06-04,28.8,20.4,24.2,3.4,25.1,25.6,78.72,970.0,5.5493,2020,6,4,156,Southwest Monsoon
2020-06-05,28.8,20.0,23.9,9.4,18.6,26.1,71.74,970.0,6.0542,2020,6,5,157,Southwest Monsoon
2020-06-06,28.6,20.0,23.8,14.5,17.7,26.0,75.63,970.0,5.9801,2020,6,6,158,Southwest Monsoon
2020-06-07,27.8,20.5,23.5,8.3,22.7,25.3,66.94,970.0,5.5471,2020,6,7,159,Southwest Monsoon
2020-06-08,29.4,20.4,24.8,0.2,18.4,25.8,65.29,970.0,6.5184,2020,6,8,160,Southwest Monsoon
2020-06-09,30.0,19.9,24.9,0.0,19.8,26.3,60.98,970.0,6.091,2020,6,9,161,Southwest Monsoon
2020-06-10,27.8,20.9,23.7,1.2,19.6,25.0,69.2,970.0,5.3026,2020,6,10,162,Southwest Monsoon
2020-06-11,27.6,20.7,22.7,7.3,21.2,23.9,79.47,970.0,4.2274,2020,6,11,163,Southwest Monsoon
2020-06-12,26.0,20.2,22.6,5.1,27.1,22.8,74.27,970.0,4.4018,2020,6,12,164,Southwest Monsoon
2020-06-13,29.2,20.2,23.6,1.3,25.4,24.4,67.73,970.0,5.04,2020,6,13,165,Southwest Monsoon
2020-06-14,28.6,20.5,24.0,3.4,27.7,24.7,70.56,970.0,5.4034,2020,6,14,166,Southwest Monsoon
2020-06-15,29.3,21.5,24.8,0.6,28.9,25.4,69.53,970.0,5.6966,2020,6,15,167,Southwest Monsoon
2020-06-16,29.1,20.8,24.3,0.7,27.1,25.2,71.59,970.0,5.1852,2020,6,16,168,Southwest Monsoon
2020-06-17,26.8,21.0,23.4,0.4,28.9,24.1,75.14,970.0,4.1702,2020,6,17,169,Southwest Monsoon
2020-06-18,28.2,20.6,23.9,0.1,27.6,24.2,71.15,970.0,4.1693,2020,6,18,170,Southwest Monsoon
2020-06-19,30.0,20.1,24.3,6.2,26.3,25.5,70.6,970.0,5.6662,2020,6,19,171,Southwest Monsoon
2020-06-20,30.4,20.0,24.5,2.4,21.2,25.8,68.52,970.0,5.6314,2020,6,20,172,Southwest Monsoon
2020-06-21,28.0,20.2,23.7,1.8,22.4,24.9,69.26,970.0,5.694,2020,6,21,173,Southwest Monsoon
2020-06-22,28.9,20.0,23.3,8.4,22.6,24.6,70.86,970.0,5.8495,2020,6,22,174,Southwest Monsoon
2020-06-23,29.7,20.5,24.7,0.2,15.5,26.3,66.03,970.0,6.1884,2020,6,23,175,Southwest Monsoon
2020-06-24,29.2,20.7,24.0,14.9,11.8,26.8,71.79,970.0,6.3497,2020,6,24,176,Southwest Monsoon
2020-06-25,29.0,20.6,23.7,27.7,9.7,27.1,81.57,970.0,5.7286,2020,6,25,177,Southwest Monsoon
2020-06-26,27.4,20.5,23.5,14.9,14.2,26.8,80.08,970.0,5.3011,2020,6,26,178,Southwest Monsoon
2020-06-27,27.2,20.5,23.6,2.5,14.3,26.3,84.36,970.0,5.5315,2020,6,27,179,Southwest Monsoon
2020-06-28,27.8,20.5,23.5,14.4,11.5,26.6,85.66,970.0,4.8202,2020,6,28,180,Southwest Monsoon
2020-06-29,28.0,20.6,23.4,13.8,14.5,26.5,86.5,970.0,4.6474,2020,6,29,181,Southwest Monsoon
2020-06-30,27.8,20.2,23.3,7.8,20.2,25.6,83.26,970.0,5.6047,2020,6,30,182,Southwest Monsoon
2020-07-01,27.1,20.0,23.3,3.3,18.7,25.2,81.09,970.0,5.0206,2020,7,1,183,Southwest Monsoon
2020-07-02,26.0,20.5,22.1,6.1,19.6,23.7,82.79,970.0,3.8534,2020,7,2,184,Southwest Monsoon
2020-07-03,26.7,20.5,22.6,42.8,26.6,23.7,84.76,970.0,4.9865,2020,7,3,185,Southwest Monsoon
2020-07-04,26.5,20.0,22.5,6.2,24.2,23.7,79.35,970.0,4.513,2020,7,4,186,Southwest Monsoon
2020-07-05,26.6,20.2,22.7,2.7,21.9,24.2,79.64,970.0,4.0426,2020,7,5,187,Southwest Monsoon
2020-07-06,26.6,20.2,22.6,5.3,20.8,24.2,79.56,970.0,4.3253,2020,7,6,188,Southwest Monsoon
2020-07-07,27.4,19.7,23.0,2.2,22.6,24.5,80.51,970.0,5.3359,2020,7,7,189,Southwest Monsoon
2020-07-08,26.8,19.5,22.7,10.3,18.7,24.6,87.31,970.0,4.7712,2020,7,8,190,Southwest Monsoon
2020-07-09,26.0,19.5,22.0,13.4,13.7,24.1,87.5,970.0,5.7799,2020,7,9,191,Southwest Monsoon
2020-07-10,24.8,19.1,21.4,10.2,19.2,23.3,82.82,970.0,4.4544,2020,7,10,192,Southwest Monsoon
2020-07-11,27.3,19.5,22.9,1.3,16.0,25.2,83.92,970.0,5.8025,2020,7,11,193,Southwest Monsoon
2020-07-12,27.1,20.2,23.1,3.4,18.7,25.6,83.22,970.0,6.1562,2020,7,12,194,Southwest Monsoon
2020-07-13,26.8,19.5,22.7,11.5,16.5,24.8,84.59,970.0,5.2937,2020,7,13,195,Southwest Monsoon
2020-07-14,26.9,19.8,22.2,6.8,19.2,24.2,85.22,970.0,4.0553,2020,7,14,196,Southwest Monsoon
2020-07-15,25.9,20.1,21.9,9.1,20.4,23.6,83.14,970.0,3.5616,2020,7,15,197,Southwest Monsoon
2020-07-16,25.1,19.9,21.6,10.2,21.6,23.0,83.55,970.0,3.5496,2020,7,16,198,Southwest Monsoon
2020-07-17,23.6,19.9,21.4,4.2,23.8,22.6,83.34,970.0,3.5664,2020,7,17,199,Southwest Monsoon
2020-07-18,27.0,19.9,22.4,12.4,16.4,24.9,82.59,970.0,4.6315,2020,7,18,200,Southwest Monsoon
2020-07-19,27.0,19.8,22.8,10.0,13.5,26.0,81.2,970.0,5.1804,2020,7,19,201,Southwest Monsoon
2020-07-20,27.7,19.8,23.0,12.6,15.9,25.8,87.36,970.0,5.4648,2020,7,20,202,Southwest Monsoon
2020-07-21,28.4,19.9,23.9,0.2,12.2,27.0,81.11,970.0,6.78,2020,7,21,203,Southwest Monsoon
2020-07-22,29.2,20.8,24.7,0.4,12.4,27.5,82.51,970.0,5.839,2020,7,22,204,Southwest Monsoon
2020-07-23,28.1,20.2,23.4,64.9,9.7,26.8,85.64,970.0,5.4989,2020,7,23,205,Southwest Monsoon
2020-07-24,26.0,20.4,22.7,50.2,16.3,24.9,83.97,970.0,3.9386,2020,7,24,206,Southwest Monsoon
2020-07-25,27.6,19.5,22.8,10.2,15.5,25.2,83.72,970.0,5.4946,2020,7,25,207,Southwest Monsoon
2020-07-26,27.0,19.7,22.4,2.2,17.7,24.1,83.94,970.0,5.2961,2020,7,26,208,Southwest Monsoon
2020-07-27,27.4,18.9,22.7,1.3,19.1,24.5,80.8,970.0,5.9297,2020,7,27,209,Southwest Monsoon
2020-07-28,27.9,19.6,22.7,6.9,17.3,25.1,84.96,970.0,5.8102,2020,7,28,210,Southwest Monsoon
2020-07-29,25.9,20.2,22.1,13.1,12.3,24.9,88.98,970.0,3.366,2020,7,29,211,Southwest Monsoon
2020-07-30,26.8,20.1,22.9,4.4,15.1,25.5,90.38,970.0,5.2687,2020,7,30,212,Southwest Monsoon
2020-07-31,27.6,20.1,22.7,5.2,17.3,25.4,85.49,970.0,5.2519,2020,7,31,213,Southwest Monsoon
2020-08-01,25.5,19.9,22.1,2.7,22.5,23.6,87.63,970.0,4.5209,2020,8,1,214,Southwest Monsoon
2020-08-02,23.7,19.7,21.4,20.7,26.8,22.4,89.32,970.0,4.9162,2020,8,2,215,Southwest Monsoon
2020-08-03,25.9,20.0,22.2,3.0,28.8,22.8,85.0,970.0,3.6432,2020,8,3,216,Southwest Monsoon
2020-08-04,24.6,20.5,22.1,3.1,36.0,21.5,83.42,970.0,3.0629,2020,8,4,217,Southwest Monsoon
2020-08-05,26.4,20.0,22.4,4.9,42.6,21.5,83.12,970.0,3.7222,2020,8,5,218,Southwest Monsoon
2020-08-06,26.5,20.5,23.0,3.4,29.7,23.3,81.94,970.0,4.3046,2020,8,6,219,Southwest Monsoon
2020-08-07,24.6,20.9,22.4,4.6,22.5,23.5,83.79,970.0,4.0361,2020,8,7,220,Southwest Monsoon
2020-08-08,25.4,21.0,22.4,2.3,24.8,23.5,84.63,970.0,4.1198,2020,8,8,221,Southwest Monsoon
2020-08-09,24.2,20.0,21.6,13.6,22.2,23.0,86.26,970.0,3.4442,2020,8,9,222,Southwest Monsoon
2020-08-10,24.8,19.6,21.5,6.5,23.8,22.8,86.08,970.0,4.3457,2020,8,10,223,Southwest Monsoon
2020-08-11,26.0,20.1,22.4,3.5,23.0,23.7,83.58,970.0,4.1762,2020,8,11,224,Southwest Monsoon
2020-08-12,25.8,19.5,22.5,0.4,25.9,23.4,84.96,970.0,4.0426,2020,8,12,225,Southwest Monsoon
2020-08-13,26.8,19.6,23.0,0.0,24.7,23.7,84.07,970.0,4.9558,2020,8,13,226,Southwest Monsoon
2020-08-14,26.0,19.5,22.3,0.4,24.0,22.9,83.16,970.0,3.8268,2020,8,14,227,Southwest Monsoon
2020-08-15,25.4,19.4,22.0,0.2,27.1,22.3,81.8,970.0,3.791,2020,8,15,228,Southwest Monsoon
2020-08-16,25.8,19.3,21.8,1.7,26.8,22.3,83.38,970.0,2.4701,2020,8,16,229,Southwest Monsoon
2020-08-17,27.5,19.8,22.3,7.2,25.1,23.2,83.77,970.0,3.7464,2020,8,17,230,Southwest Monsoon
2020-08-18,25.9,19.0,22.0,7.9,22.7,23.0,83.48,970.0,4.2571,2020,8,18,231,Southwest Monsoon
2020-08-19,26.6,18.6,22.5,3.3,22.3,23.9,83.9,970.0,3.9821,2020,8,19,232,Southwest Monsoon
2020-08-20,26.0,19.4,22.2,1.0,21.1,23.4,83.62,970.0,3.8623,2020,8,20,233,Southwest Monsoon
2020-08-21,27.5,19.0,22.6,0.8,21.2,24.0,83.13,970.0,4.6135,2020,8,21,234,Southwest Monsoon
2020-08-22,27.5,19.1,23.0,3.9,15.1,25.6,84.3,970.0,5.4228,2020,8,22,235,Southwest Monsoon
2020-08-23,27.5,19.6,23.1,2.1,14.8,25.7,85.14,970.0,4.717,2020,8,23,236,Southwest Monsoon
2020-08-24,26.3,19.9,22.5,3.4,13.0,25.1,81.95,970.0,5.3743,2020,8,24,237,Southwest Monsoon
2020-08-25,28.1,19.9,23.7,0.0,9.7,26.1,78.41,970.0,6.7898,2020,8,25,238,Southwest Monsoon
2020-08-26,27.6,20.2,23.6,0.0,10.7,26.2,83.14,970.0,5.3866,2020,8,26,239,Southwest Monsoon
2020-08-27,27.8,19.0,23.1,0.1,14.0,25.0,81.86,970.0,5.6844,2020,8,27,240,Southwest Monsoon
2020-08-28,28.7,19.2,23.4,0.0,13.9,25.2,77.83,970.0,6.9991,2020,8,28,241,Southwest Monsoon
2020-08-29,29.6,18.8,23.5,0.3,15.7,25.3,78.54,970.0,6.9439,2020,8,29,242,Southwest Monsoon
2020-08-30,28.5,20.0,23.6,5.1,12.5,26.1,82.97,970.0,6.2784,2020,8,30,243,Southwest Monsoon
2020-08-31,27.4,20.0,23.2,4.7,12.0,26.0,84.14,970.0,5.6227,2020,8,31,244,Southwest Monsoon
2020-09-01,26.8,19.6,22.6,6.6,16.4,25.2,89.98,970.0,5.1396,2020,9,1,245,Southwest Monsoon
2020-09-02,26.2,19.6,22.0,19.9,17.4,24.9,91.18,970.0,3.3914,2020,9,2,246,Southwest Monsoon
2020-09-03,27.3,19.6,22.8,16.8,8.5,26.2,87.99,970.0,4.4666,2020,9,3,247,Southwest Monsoon
2020-09-04,28.3,20.1,23.4,3.1,13.0,26.3,84.27,970.0,5.3242,2020,9,4,248,Southwest Monsoon
2020-09-05,27.5,21.0,23.4,5.4,12.6,26.6,83.49,970.0,4.4822,2020,9,5,249,Southwest Monsoon
2020-09-06,28.1,21.0,23.6,11.1,13.8,27.1,86.35,970.0,4.9126,2020,9,6,250,Southwest Monsoon
2020-09-07,26.4,20.1,22.9,6.1,21.9,25.1,87.11,970.0,5.2342,2020,9,7,251,Southwest Monsoon
2020-09-08,28.0,20.1,23.2,12.5,12.0,26.4,82.57,970.0,5.603,2020,9,8,252,Southwest Monsoon
2020-09-09,26.3,19.9,22.6,18.1,16.0,25.7,86.64,970.0,4.9075,2020,9,9,253,Southwest Monsoon
2020-09-10,25.5,20.1,22.0,21.8,19.4,23.9,89.57,970.0,4.6118,2020,9,10,254,Southwest Monsoon
2020-09-11,25.1,19.8,21.7,3.5,24.7,22.5,88.22,970.0,4.0985,2020,9,11,255,Southwest Monsoon
2020-09-12,23.4,19.8,21.2,13.2,22.6,22.6,88.17,970.0,3.4114,2020,9,12,256,Southwest Monsoon
2020-09-13,22.8,19.5,20.7,22.1,18.9,22.2,86.31,970.0,2.9513,2020,9,13,257,Southwest Monsoon
2020-09-14,24.1,19.2,21.0,6.0,21.0,22.0,82.84,970.0,3.7538,2020,9,14,258,Southwest Monsoon
2020-09-15,26.4,19.1,21.7,14.4,21.9,23.2,84.51,970.0,4.1633,2020,9,15,259,Southwest Monsoon
2020-09-16,26.4,19.1,22.1,11.6,21.5,23.6,85.4,970.0,4.4275,2020,9,16,260,Southwest Monsoon
2020-09-17,27.1,19.2,22.5,5.6,20.8,24.1,84.72,970.0,5.0448,2020,9,17,261,Southwest Monsoon
2020-09-18,25.7,19.9,22.2,10.2,24.1,23.6,86.2,970.0,4.6742,2020,9,18,262,Southwest Monsoon
2020-09-19,23.9,19.8,21.3,11.7,23.4,22.3,87.62,970.0,3.6154,2020,9,19,263,Southwest Monsoon
2020-09-20,22.5,19.8,20.6,21.9,28.0,20.9,87.42,970.0,2.6986,2020,9,20,264,Southwest Monsoon
2020-09-21,22.5,19.8,20.9,9.4,32.1,20.9,84.69,970.0,4.0522,2020,9,21,265,Southwest Monsoon
2020-09-22,27.0,19.5,22.3,0.4,34.6,21.9,81.51,970.0,3.7769,2020,9,22,266,Southwest Monsoon
2020-09-23,27.4,18.1,22.2,0.0,26.7,22.5,81.49,970.0,5.3971,2020,9,23,267,Southwest Monsoon
2020-09-24,27.1,18.9,22.4,0.2,16.3,24.5,82.21,970.0,5.3213,2020,9,24,268,Southwest Monsoon
2020-09-25,26.5,19.4,22.6,8.8,13.3,25.0,87.8,970.0,5.4247,2020,9,25,269,Southwest Monsoon
2020-09-26,24.6,19.9,21.7,2.4,18.4,23.6,90.92,970.0,3.4838,2020,9,26,270,Southwest Monsoon
2020-09-27,25.3,19.4,21.9,1.9,15.8,23.7,86.51,970.0,4.8427,2020,9,27,271,Southwest Monsoon
2020-09-28,26.4,18.9,22.3,3.8,14.3,24.7,84.05,970.0,5.5474,2020,9,28,272,Southwest Monsoon
2020-09-29,25.8,19.4,22.0,10.7,18.5,24.1,88.84,970.0,4.783,2020,9,29,273,Southwest Monsoon
2020-09-30,23.6,19.5,21.0,7.2,15.7,22.8,89.06,970.0,4.5739,2020,9,30,274,Southwest Monsoon
2020-10-01,26.1,18.5,22.1,0.6,21.1,23.5,83.0,970.0,5.8486,2020,10,1,275,Post-Monsoon
2020-10-02,27.0,18.8,22.6,1.8,12.7,24.8,83.55,970.0,5.3808,2020,10,2,276,Post-Monsoon
2020-10-03,27.0,19.6,22.5,5.0,16.1,24.5,87.43,970.0,5.3964,2020,10,3,277,Post-Monsoon
2020-10-04,26.3,19.4,22.1,2.3,17.7,23.5,88.17,970.0,4.3543,2020,10,4,278,Post-Monsoon
2020-10-05,27.0,18.1,22.2,1.4,18.1,24.0,83.11,970.0,5.5855,2020,10,5,279,Post-Monsoon
2020-10-06,27.9,19.0,23.1,0.8,12.2,25.6,83.22,970.0,6.1733,2020,10,6,280,Post-Monsoon
2020-10-07,28.0,19.5,23.2,0.3,13.7,25.6,85.24,970.0,5.6129,2020,10,7,281,Post-Monsoon
2020-10-08,28.2,18.8,23.4,0.7,9.8,26.3,83.94,970.0,5.574,2020,10,8,282,Post-Monsoon
2020-10-09,27.8,20.2,23.2,4.8,8.8,26.3,82.39,970.0,4.6536,2020,10,9,283,Post-Monsoon
2020-10-10,26.0,19.0,22.2,4.6,13.4,24.8,92.1,970.0,5.2008,2020,10,10,284,Post-Monsoon
2020-10-11,24.4,19.4,21.3,17.1,19.6,22.9,89.92,970.0,3.2066,2020,10,11,285,Post-Monsoon
2020-10-12,24.6,19.4,21.1,9.6,18.4,22.7,89.01,970.0,2.9688,2020,10,12,286,Post-Monsoon
2020-10-13,24.9,19.4,21.7,1.5,27.0,22.2,92.11,970.0,2.669,2020,10,13,287,Post-Monsoon
2020-10-14,24.9,18.5,21.4,0.5,31.1,21.0,86.4,970.0,3.895,2020,10,14,288,Post-Monsoon
2020-10-15,26.5,18.6,22.1,0.0,27.4,22.3,87.14,970.0,4.9582,2020,10,15,289,Post-Monsoon
2020-10-16,26.6,19.0,22.3,1.0,17.8,24.0,85.7,970.0,5.939,2020,10,16,290,Post-Monsoon
2020-10-17,27.1,17.1,22.6,0.0,10.0,24.9,80.82,970.0,5.0064,2020,10,17,291,Post-Monsoon
2020-10-18,26.8,19.3,22.5,0.5,9.1,24.9,86.43,970.0,4.0944,2020,10,18,292,Post-Monsoon
2020-10-19,25.0,20.1,22.0,11.4,13.4,24.8,90.27,970.0,4.0258,2020,10,19,293,Post-Monsoon
2020-10-20,24.8,19.7,21.8,8.4,15.3,24.6,89.89,970.0,2.7972,2020,10,20,294,Post-Monsoon
2020-10-21,25.1,19.9,21.7,19.5,15.3,24.0,89.87,970.0,3.6094,2020,10,21,295,Post-Monsoon
2020-10-22,24.4,19.5,21.5,15.3,15.3,23.9,89.96,970.0,4.3627,2020,10,22,296,Post-Monsoon
2020-10-23,25.1,19.2,21.8,5.6,14.7,23.9,90.8,970.0,3.8369,2020,10,23,297,Post-Monsoon
2020-10-24,26.0,16.8,20.9,12.2,12.4,23.0,88.97,970.0,3.9502,2020,10,24,298,Post-Monsoon
2020-10-25,27.1,18.8,22.4,2.6,12.3,25.1,82.45,970.0,4.6457,2020,10,25,299,Post-Monsoon
2020-10-26,27.8,18.7,22.6,0.6,13.6,24.5,83.5,970.0,5.7588,2020,10,26,300,Post-Monsoon
2020-10-27,27.4,17.5,22.1,0.0,16.1,23.4,84.09,970.0,5.5627,2020,10,27,301,Post-Monsoon
2020-10-28,27.0,17.8,21.8,0.0,17.3,22.6,84.62,970.0,5.7504,2020,10,28,302,Post-Monsoon
2020-10-29,26.3,17.3,21.2,0.4,17.4,21.4,86.68,970.0,4.8434,2020,10,29,303,Post-Monsoon
2020-10-30,27.0,17.2,21.6,0.0,14.0,21.9,82.93,970.0,5.569,2020,10,30,304,Post-Monsoon
2020-10-31,26.9,17.5,22.3,1.6,8.5,24.1,78.4,970.0,5.4931,2020,10,31,305,Post-Monsoon
2020-11-01,27.0,18.3,22.8,0.1,13.0,24.7,79.5,970.0,5.4089,2020,11,1,306,Post-Monsoon
2020-11-02,27.9,19.5,23.5,0.4,12.3,25.5,83.66,970.0,4.7222,2020,11,2,307,Post-Monsoon
2020-11-03,27.5,19.0,23.1,0.4,14.4,24.9,84.78,970.0,4.7863,2020,11,3,308,Post-Monsoon
2020-11-04,27.7,19.1,23.0,0.7,15.6,25.1,86.05,970.0,4.3217,2020,11,4,309,Post-Monsoon
2020-11-05,27.8,19.4,22.7,4.8,17.0,24.7,85.14,970.0,4.6877,2020,11,5,310,Post-Monsoon
2020-11-06,27.5,19.7,22.9,0.0,17.0,24.6,84.81,970.0,5.4072,2020,11,6,311,Post-Monsoon
2020-11-07,27.2,19.6,22.8,0.8,16.6,24.3,86.83,970.0,5.6978,2020,11,7,312,Post-Monsoon
2020-11-08,27.3,19.1,22.6,0.2,22.4,23.5,87.45,970.0,4.2113,2020,11,8,313,Post-Monsoon
2020-11-09,26.5,17.9,21.6,0.0,16.4,22.3,84.98,970.0,5.4926,2020,11,9,314,Post-Monsoon
2020-11-10,26.2,14.9,19.7,0.0,14.8,19.0,80.12,970.0,6.2038,2020,11,10,315,Post-Monsoon
2020-11-11,27.2,14.9,20.8,0.0,15.1,21.1,87.42,970.0,5.352,2020,11,11,316,Post-Monsoon
2020-11-12,27.7,18.5,22.2,1.8,18.3,23.4,90.33,970.0,4.2662,2020,11,12,317,Post-Monsoon
2020-11-13,26.6,20.0,22.2,2.7,21.7,23.7,88.69,970.0,2.6472,2020,11,13,318,Post-Monsoon
2020-11-14,27.3,19.4,22.5,0.2,20.7,23.2,87.42,970.0,4.7666,2020,11,14,319,Post-Monsoon
2020-11-15,26.5,18.1,21.4,8.2,23.7,22.6,89.26,970.0,2.9342,2020,11,15,320,Post-Monsoon
2020-11-16,24.7,20.0,21.5,39.5,18.0,23.2,90.03,970.0,2.7199,2020,11,16,321,Post-Monsoon
2020-11-17,25.7,19.5,21.9,0.6,27.4,22.6,88.11,970.0,3.5964,2020,11,17,322,Post-Monsoon
2020-11-18,26.0,18.7,21.8,1.0,20.9,22.7,87.6,970.0,4.1693,2020,11,18,323,Post-Monsoon
2020-11-19,26.2,18.5,21.8,0.2,20.4,22.5,86.34,970.0,4.8626,2020,11,19,324,Post-Monsoon
2020-11-20,26.6,18.5,21.7,0.0,16.2,22.4,83.11,970.0,5.8433,2020,11,20,325,Post-Monsoon
2020-11-21,26.0,15.4,20.1,0.0,14.5,19.5,77.15,970.0,6.2138,2020,11,21,326,Post-Monsoon
2020-11-22,26.5,13.8,19.8,0.0,19.8,19.1,75.36,970.0,5.6837,2020,11,22,327,Post-Monsoon
2020-11-23,26.9,15.8,21.0,0.0,21.8,21.2,81.3,970.0,4.757,2020,11,23,328,Post-Monsoon
2020-11-24,26.7,18.5,21.5,0.1,22.1,21.9,87.02,970.0,4.0668,2020,11,24,329,Post-Monsoon
2020-11-25,25.0,17.7,20.6,1.7,28.3,20.1,88.48,970.0,3.1382,2020,11,25,330,Post-Monsoon
2020-11-26,20.5,18.4,19.1,24.2,28.5,19.2,94.28,970.0,0.9077,2020,11,26,331,Post-Monsoon
2020-11-27,23.4,17.2,19.2,0.0,23.7,19.4,89.7,970.0,4.0039,2020,11,27,332,Post-Monsoon
2020-11-28,25.0,15.7,20.5,1.1,15.3,21.6,87.51,970.0,3.5779,2020,11,28,333,Post-Monsoon
2020-11-29,25.9,18.4,21.4,0.6,17.8,22.3,87.76,970.0,2.7113,2020,11,29,334,Post-Monsoon
2020-11-30,25.3,18.4,21.4,0.1,18.5,21.9,86.76,970.0,4.1129,2020,11,30,335,Post-Monsoon
2020-12-01,25.1,16.2,20.0,0.0,19.0,19.7,82.3,970.0,5.3174,2020,12,1,336,Winter
2020-12-02,25.8,16.0,20.3,0.0,18.6,20.6,83.6,970.0,4.3392,2020,12,2,337,Winter
2020-12-03,22.8,17.4,19.6,17.0,23.1,19.9,91.82,970.0,2.0633,2020,12,3,338,Winter
2020-12-04,23.0,19.0,20.5,5.7,27.0,21.0,91.11,970.0,1.962,2020,12,4,339,Winter
2020-12-05,24.5,19.3,21.0,3.7,25.4,21.7,87.34,970.0,2.5867,2020,12,5,340,Winter
2020-12-06,24.8,18.2,20.9,4.1,24.8,21.5,88.1,970.0,2.6088,2020,12,6,341,Winter
2020-12-07,25.6,19.0,21.2,5.8,23.9,21.9,88.47,970.0,2.897,2020,12,7,342,Winter
2020-12-08,25.0,19.2,21.1,9.2,23.1,22.3,88.22,970.0,3.1066,2020,12,8,343,Winter
2020-12-09,25.4,18.4,20.9,3.0,19.6,22.0,87.39,970.0,3.8134,2020,12,9,344,Winter
2020-12-10,25.0,16.6,20.0,0.0,12.5,20.3,79.21,970.0,5.6719,2020,12,10,345,Winter
2020-12-11,25.4,15.9,19.7,0.0,13.5,20.1,78.66,970.0,5.7552,2020,12,11,346,Winter
2020-12-12,24.8,15.4,19.1,0.0,14.0,19.4,79.62,970.0,5.4924,2020,12,12,347,Winter
2020-12-13,24.9,14.7,19.2,0.0,12.1,20.0,79.33,970.0,5.1953,2020,12,13,348,Winter
2020-12-14,25.0,15.1,19.4,0.0,16.0,19.8,81.44,970.0,5.3928,2020,12,14,349,Winter
2020-12-15,25.0,14.2,19.3,0.0,19.9,19.1,81.72,970.0,5.3371,2020,12,15,350,Winter
2020-12-16,24.6,17.0,20.4,0.5,21.3,20.8,85.5,970.0,3.3924,2020,12,16,351,Winter
2020-12-17,24.6,18.4,21.1,1.1,20.7,21.8,86.22,970.0,2.5212,2020,12,17,352,Winter
2020-12-18,25.5,17.2,20.7,0.0,19.0,20.6,86.32,970.0,5.478,2020,12,18,353,Winter
2020-12-19,25.6,17.1,20.5,0.0,21.1,20.4,85.2,970.0,4.4191,2020,12,19,354,Winter
2020-12-20,24.6,16.5,19.9,0.0,20.5,19.5,82.98,970.0,4.0308,2020,12,20,355,Winter
2020-12-21,24.1,14.4,18.7,0.0,17.3,18.2,81.97,970.0,5.7746,2020,12,21,356,Winter
2020-12-22,25.5,13.9,18.9,0.0,14.0,18.3,79.68,970.0,5.2901,2020,12,22,357,Winter
2020-12-23,26.0,15.4,20.2,0.0,14.1,20.4,79.83,970.0,4.3637,2020,12,23,358,Winter
2020-12-24,26.4,15.3,20.4,0.0,14.6,20.8,81.48,970.0,4.7278,2020,12,24,359,Winter
2020-12-25,26.2,15.7,19.9,0.0,14.8,19.8,82.8,970.0,5.0695,2020,12,25,360,Winter
2020-12-26,25.5,14.8,19.4,0.0,15.6,19.0,80.49,970.0,5.6431,2020,12,26,361,Winter
2020-12-27,27.2,14.8,19.9,0.0,13.7,19.6,79.97,970.0,5.815,2020,12,27,362,Winter
2020-12-28,26.6,14.5,19.8,0.0,13.4,18.6,74.68,970.0,5.0088,2020,12,28,363,Winter
2020-12-29,27.4,14.9,20.6,0.0,17.0,20.7,78.82,970.0,5.0254,2020,12,29,364,Winter
2020-12-30,27.5,17.1,21.6,0.4,20.1,21.7,84.03,970.0,4.7885,2020,12,30,365,Winter
2020-12-31,24.2,17.5,20.3,2.0,19.9,20.3,84.78,970.0,2.5745,2020,12,31,366,Winter
2021-01-01,25.0,16.3,19.9,0.0,19.1,19.3,81.29,970.0,4.9915,2021,1,1,1,Winter
2021-01-02,26.2,14.4,19.8,0.0,19.8,19.5,84.14,970.0,4.0044,2021,1,2,2,Winter
2021-01-03,26.5,17.6,21.2,1.3,19.8,21.7,82.54,970.0,3.0974,2021,1,3,3,Winter
2021-01-04,24.5,18.3,20.9,0.2,23.0,21.3,80.6,970.0,2.0726,2021,1,4,4,Winter
2021-01-05,25.1,17.7,20.9,0.5,18.9,21.5,86.53,970.0,3.9046,2021,1,5,5,Winter
2021-01-06,25.5,19.0,21.0,12.1,16.0,22.6,86.4,970.0,2.7034,2021,1,6,6,Winter
2021-01-07,24.6,19.2,21.3,3.2,19.2,22.6,87.96,970.0,2.8642,2021,1,7,7,Winter
2021-01-08,25.9,19.1,21.6,8.3,15.2,23.2,85.13,970.0,3.1774,2021,1,8,8,Winter
2021-01-09,25.0,18.6,21.2,0.8,15.8,22.2,83.32,970.0,2.2937,2021,1,9,9,Winter
2021-01-10,25.6,18.0,21.4,0.0,17.5,22.2,82.98,970.0,3.8933,2021,1,10,10,Winter
2021-01-11,23.8,19.1,21.2,0.0,14.1,22.2,82.66,970.0,2.826,2021,1,11,11,Winter
2021-01-12,26.4,17.2,21.0,0.1,22.2,20.3,82.01,970.0,2.5402,2021,1,12,12,Winter
2021-01-13,26.6,16.5,20.8,0.0,21.6,20.2,77.67,970.0,4.6414,2021,1,13,13,Winter
2021-01-14,26.2,15.7,20.4,0.6,19.6,20.5,79.63,970.0,3.5726,2021,1,14,14,Winter
2021-01-15,26.9,17.5,21.3,0.0,17.9,21.7,76.72,970.0,4.506,2021,1,15,15,Winter
2021-01-16,27.1,17.1,21.3,0.0,15.5,22.1,72.58,970.0,4.7546,2021,1,16,16,Winter
2021-01-17,27.0,16.6,20.9,0.0,16.0,21.1,74.65,970.0,5.1989,2021,1,17,17,Winter
2021-01-18,26.4,13.8,19.6,0.0,20.3,18.7,73.55,970.0,6.0936,2021,1,18,18,Winter
2021-01-19,26.1,14.9,19.8,0.0,11.2,20.1,74.28,970.0,5.8133,2021,1,19,19,Winter
2021-01-20,28.0,15.1,21.1,0.0,12.9,21.3,71.24,970.0,5.6604,2021,1,20,20,Winter
2021-01-21,28.0,17.1,22.2,0.0,11.5,23.4,71.25,970.0,5.7002,2021,1,21,21,Winter
2021-01-22,28.1,19.0,23.0,0.0,14.9,23.7,72.91,970.0,4.9126,2021,1,22,22,Winter
2021-01-23,27.8,17.6,22.0,0.0,16.7,22.0,71.33,970.0,5.3772,2021,1,23,23,Winter
2021-01-24,27.6,16.6,21.1,0.0,15.6,20.6,69.06,970.0,5.8553,2021,1,24,24,Winter
2021-01-25,27.2,15.2,20.4,0.0,13.8,20.3,66.74,970.0,6.2026,2021,1,25,25,Winter
2021-01-26,28.4,14.2,20.5,0.0,15.1,19.6,61.53,970.0,6.425,2021,1,26,26,Winter
2021-01-27,27.8,14.9,20.4,0.0,14.3,19.5,65.51,970.0,6.2021,2021,1,27,27,Winter
2021-01-28,26.8,14.7,20.2,0.0,16.2,19.3,68.92,970.0,6.0614,2021,1,28,28,Winter
2021-01-29,27.7,16.1,21.1,0.0,16.5,20.9,69.02,970.0,5.6035,2021,1,29,29,Winter
2021-01-30,27.9,17.0,22.1,0.0,14.9,22.1,67.06,970.0,5.4228,2021,1,30,30,Winter
2021-01-31,28.6,16.7,22.1,0.0,18.7,21.7,62.62,970.0,6.0684,2021,1,31,31,Winter
2021-02-01,28.0,16.1,21.5,0.0,17.3,20.1,60.89,970.0,6.3682,2021,2,1,32,Winter
2021-02-02,27.6,15.3,21.2,0.0,18.2,20.4,66.47,970.0,6.2227,2021,2,2,33,Winter
2021-02-03,27.3,16.5,21.2,0.0,16.9,20.7,68.2,970.0,5.4521,2021,2,3,34,Winter
2021-02-04,27.5,15.0,20.7,0.0,16.2,19.7,63.85,970.0,6.1925,2021,2,4,35,Winter
2021-02-05,28.2,14.6,20.7,0.0,20.0,19.8,63.04,970.0,6.2719,2021,2,5,36,Winter
2021-02-06,28.4,14.0,20.8,0.0,20.0,19.3,60.9,970.0,6.4274,2021,2,6,37,Winter
2021-02-07,28.0,14.6,20.6,0.0,20.6,18.3,50.85,970.0,6.7142,2021,2,7,38,Winter
2021-02-08,28.0,14.6,20.7,0.0,21.1,18.7,58.62,970.0,6.7346,2021,2,8,39,Winter
2021-02-09,27.1,14.3,20.1,0.0,16.2,19.2,61.61,970.0,6.5561,2021,2,9,40,Winter
2021-02-10,28.2,13.2,20.1,0.0,13.1,18.6,55.57,970.0,6.888,2021,2,10,41,Winter
2021-02-11,28.1,13.8,20.5,0.0,15.6,19.4,58.48,970.0,6.7908,2021,2,11,42,Winter
2021-02-12,29.0,13.0,20.7,0.0,16.2,18.6,57.87,970.0,6.9007,2021,2,12,43,Winter
2021-02-13,28.8,13.6,20.7,0.0,15.5,19.3,57.24,970.0,6.8033,2021,2,13,44,Winter
2021-02-14,29.2,14.2,21.3,0.0,14.8,20.7,55.54,970.0,6.7879,2021,2,14,45,Winter
2021-02-15,30.2,16.2,22.7,0.0,16.2,22.2,55.69,970.0,6.5141,2021,2,15,46,Winter
2021-02-16,29.5,16.4,22.6,0.0,19.1,22.0,57.46,970.0,5.8013,2021,2,16,47,Winter
2021-02-17,29.6,17.2,22.9,0.0,19.4,22.2,56.9,970.0,5.363,2021,2,17,48,Winter
2021-02-18,28.5,16.3,22.0,0.3,20.3,21.6,60.86,970.0,4.9469,2021,2,18,49,Winter
2021-02-19,28.5,16.8,21.5,2.2,15.5,21.2,62.7,970.0,4.6246,2021,2,19,50,Winter
2021-02-20,25.7,16.7,20.0,10.3,18.3,20.6,73.36,970.0,4.3603,2021,2,20,51,Winter
2021-02-21,23.2,17.1,19.6,3.9,19.8,19.8,74.29,970.0,3.9626,2021,2,21,52,Winter
2021-02-22,27.2,16.8,21.2,0.5,16.2,21.8,63.27,970.0,5.8202,2021,2,22,53,Winter
2021-02-23,29.0,16.7,22.5,0.0,14.8,22.5,61.13,970.0,6.7205,2021,2,23,54,Winter
2021-02-24,29.5,17.1,22.8,0.0,16.6,22.4,57.56,970.0,6.8302,2021,2,24,55,Winter
2021-02-25,30.9,16.9,23.6,0.0,13.0,23.2,54.32,970.0,6.869,2021,2,25,56,Winter
2021-02-26,31.5,16.2,24.0,0.0,13.8,23.3,50.27,970.0,6.8443,2021,2,26,57,Winter
2021-02-27,32.2,17.0,24.6,0.0,13.7,23.8,49.84,970.0,6.6626,2021,2,27,58,Winter
2021-02-28,32.2,17.5,24.8,0.0,17.7,23.1,48.03,970.0,6.8414,2021,2,28,59,Winter
2021-03-01,31.9,16.0,24.0,0.0,16.3,22.1,50.3,970.0,7.104,2021,3,1,60,Summer
2021-03-02,32.8,17.0,24.4,0.0,23.9,22.6,51.82,970.0,6.6662,2021,3,2,61,Summer
2021-03-03,31.3,17.4,24.3,0.0,22.0,22.0,45.48,970.0,7.0452,2021,3,3,62,Summer
2021-03-04,30.2,16.5,23.1,0.0,21.3,20.5,48.88,970.0,7.4069,2021,3,4,63,Summer
2021-03-05,31.3,15.3,23.3,0.0,15.3,22.0,47.2,970.0,7.4606,2021,3,5,64,Summer
2021-03-06,33.0,16.2,24.5,0.0,13.0,23.6,46.94,970.0,7.3567,2021,3,6,65,Summer
2021-03-07,32.7,17.1,24.9,0.0,16.1,23.7,49.87,970.0,7.2336,2021,3,7,66,Summer
2021-03-08,31.7,17.3,24.4,0.0,16.9,22.9,49.27,970.0,7.4503,2021,3,8,67,Summer
2021-03-09,31.6,17.0,24.3,0.0,21.6,23.1,48.44,970.0,7.4508,2021,3,9,68,Summer
2021-03-10,31.7,17.6,24.7,0.0,21.3,24.5,53.42,970.0,7.206,2021,3,10,69,Summer
2021-03-11,31.6,19.6,24.9,0.0,16.5,24.7,51.34,970.0,6.965,2021,3,11,70,Summer
2021-03-12,31.4,17.8,24.3,0.0,17.2,22.4,45.2,970.0,7.1318,2021,3,12,71,Summer
2021-03-13,31.2,16.0,23.9,0.0,16.7,22.4,45.44,970.0,7.5545,2021,3,13,72,Summer
2021-03-14,31.8,16.8,24.3,0.0,20.3,22.8,47.05,970.0,7.5072,2021,3,14,73,Summer
2021-03-15,31.9,17.0,24.9,0.0,17.7,23.3,43.48,970.0,7.0687,2021,3,15,74,Summer
2021-03-16,32.8,18.2,25.5,0.0,17.3,24.3,41.85,970.0,7.2629,2021,3,16,75,Summer
2021-03-17,32.5,17.3,25.3,0.0,17.1,23.8,38.61,970.0,6.7318,2021,3,17,76,Summer
2021-03-18,32.6,18.4,25.3,0.0,18.3,23.9,46.56,970.0,6.4022,2021,3,18,77,Summer
2021-03-19,32.8,18.2,25.0,0.0,16.9,23.6,41.81,970.0,7.2113,2021,3,19,78,Summer
2021-03-20,32.2,17.1,24.9,0.0,15.1,24.0,36.75,970.0,6.7099,2021,3,20,79,Summer
2021-03-21,33.1,18.8,25.8,0.0,16.8,24.4,37.38,970.0,7.1621,2021,3,21,80,Summer
2021-03-22,33.7,18.1,26.1,0.0,18.4,23.8,38.25,970.0,7.2072,2021,3,22,81,Summer
2021-03-23,33.8,18.5,26.2,0.0,16.8,25.5,42.89,970.0,7.2185,2021,3,23,82,Summer
2021-03-24,33.8,19.0,26.4,0.0,18.8,25.7,43.64,970.0,6.9242,2021,3,24,83,Summer
2021-03-25,34.2,19.6,26.9,0.0,23.4,25.7,40.0,970.0,6.0886,2021,3,25,84,Summer
2021-03-26,34.3,19.8,27.0,0.0,19.8,25.3,39.19,970.0,6.9454,2021,3,26,85,Summer
2021-03-27,34.3,19.5,27.0,0.0,18.1,26.1,47.38,970.0,6.534,2021,3,27,86,Summer
2021-03-28,34.8,20.1,27.2,0.0,19.1,26.6,46.37,970.0,5.0798,2021,3,28,87,Summer
2021-03-29,34.3,20.3,27.4,0.0,17.6,26.4,41.15,970.0,5.4106,2021,3,29,88,Summer
2021-03-30,34.9,20.5,27.4,0.0,15.0,27.2,37.04,970.0,6.2359,2021,3,30,89,Summer
2021-03-31,35.3,22.1,28.9,0.0,13.3,28.2,29.83,970.0,6.6084,2021,3,31,90,Summer
2021-04-01,35.5,21.7,27.9,0.0,14.8,27.8,30.24,970.0,7.3726,2021,4,1,91,Summer
2021-04-02,35.2,20.0,27.4,0.0,15.5,27.2,30.31,970.0,7.6781,2021,4,2,92,Summer
2021-04-03,34.1,20.9,27.4,0.0,21.2,28.0,31.43,970.0,6.961,2021,4,3,93,Summer
2021-04-04,33.7,21.4,27.6,0.0,13.4,27.9,32.16,970.0,6.3509,2021,4,4,94,Summer
2021-04-05,33.5,21.9,27.5,0.0,21.5,27.7,38.93,970.0,6.3437,2021,4,5,95,Summer
2021-04-06,34.9,20.4,27.4,0.0,19.4,27.1,44.42,970.0,6.415,2021,4,6,96,Summer
2021-04-07,34.7,19.1,27.3,0.0,22.7,25.9,38.33,970.0,7.0306,2021,4,7,97,Summer
2021-04-08,34.8,20.4,27.3,0.0,17.6,26.1,31.95,970.0,6.0689,2021,4,8,98,Summer
2021-04-09,34.2,20.0,27.0,0.0,17.7,25.9,37.74,970.0,6.5467,2021,4,9,99,Summer
2021-04-10,33.8,19.6,26.5,0.0,17.0,25.9,44.51,970.0,6.7781,2021,4,10,100,Summer
2021-04-11,33.8,19.8,26.5,0.0,17.3,26.9,47.89,970.0,6.2314,2021,4,11,101,Summer
2021-04-12,33.7,21.0,26.5,0.0,19.3,27.2,50.64,970.0,5.7744,2021,4,12,102,Summer
2021-04-13,33.1,21.2,26.7,0.0,16.9,27.6,51.56,970.0,5.7048,2021,4,13,103,Summer
2021-04-14,30.1,21.5,24.7,4.6,16.1,27.0,57.58,970.0,4.9174,2021,4,14,104,Summer
2021-04-15,28.7,20.0,23.0,22.6,11.5,26.2,73.13,970.0,5.6194,2021,4,15,105,Summer
2021-04-16,30.0,19.0,24.5,0.9,12.0,26.3,63.5,970.0,6.3461,2021,4,16,106,Summer
2021-04-17,32.3,20.1,26.5,0.0,12.3,28.0,59.81,970.0,6.155,2021,4,17,107,Summer
2021-04-18,33.0,21.2,26.5,0.2,13.8,27.7,56.76,970.0,6.3823,2021,4,18,108,Summer
2021-04-19,33.4,20.6,26.8,0.0,12.3,28.5,60.5,970.0,6.2316,2021,4,19,109,Summer
2021-04-20,31.0,21.6,25.2,7.9,11.8,27.7,61.44,970.0,5.291,2021,4,20,110,Summer
2021-04-21,30.9,20.6,24.9,8.8,10.5,27.5,66.22,970.0,6.0094,2021,4,21,111,Summer
2021-04-22,32.2,20.5,25.9,1.1,16.1,28.5,61.35,970.0,6.0653,2021,4,22,112,Summer
2021-04-23,31.0,21.1,24.4,12.2,12.0,27.6,66.39,970.0,5.5466,2021,4,23,113,Summer
2021-04-24,30.0,20.4,24.0,17.6,11.1,27.4,65.13,970.0,5.837,2021,4,24,114,Summer
2021-04-25,32.0,20.7,25.7,0.1,11.5,28.0,59.96,970.0,5.9386,2021,4,25,115,Summer
2021-04-26,32.7,21.0,26.3,0.0,9.6,27.8,65.95,970.0,6.4481,2021,4,26,116,Summer
2021-04-27,32.9,20.1,26.1,0.0,13.7,27.2,61.03,970.0,6.0593,2021,4,27,117,Summer
2021-04-28,32.7,20.2,26.9,0.0,11.0,27.7,58.54,970.0,6.5498,2021,4,28,118,Summer
2021-04-29,32.0,22.1,26.3,0.5,12.3,28.1,55.64,970.0,6.3072,2021,4,29,119,Summer
2021-04-30,33.0,21.2,26.5,0.0,18.9,27.6,61.4,970.0,5.7686,2021,4,30,120,Summer
2021-05-01,32.8,21.1,26.8,0.0,14.3,27.8,64.91,970.0,6.3624,2021,5,1,121,Summer
2021-05-02,32.7,21.2,26.7,0.0,14.3,28.5,62.4,970.0,5.8303,2021,5,2,122,Summer
2021-05-03,32.1,21.8,26.4,0.8,15.4,28.1,60.82,970.0,5.5788,2021,5,3,123,Summer
2021-05-04,30.2,21.4,25.2,3.3,14.5,27.7,61.03,970.0,5.2742,2021,5,4,124,Summer
2021-05-05,33.8,20.1,26.8,0.0,19.3,28.7,58.02,970.0,6.5052,2021,5,5,125,Summer
2021-05-06,33.0,21.8,27.1,0.0,16.1,28.6,57.91,970.0,6.126,2021,5,6,126,Summer
2021-05-07,31.4,21.9,26.3,0.7,16.6,28.4,59.65,970.0,5.735,2021,5,7,127,Summer
2021-05-08,33.2,21.3,26.8,0.9,20.1,28.4,57.84,970.0,5.7732,2021,5,8,128,Summer
2021-05-09,33.5,21.4,27.3,0.1,16.0,29.0,56.78,970.0,6.768,2021,5,9,129,Summer
2021-05-10,32.2,22.1,26.3,4.9,11.8,29.4,59.52,970.0,5.0777,2021,5,10,130,Summer
2021-05-11,31.6,22.0,25.9,14.2,9.6,29.4,66.44,970.0,5.9186,2021,5,11,131,Summer
2021-05-12,30.9,21.4,25.1,10.0,14.0,28.6,70.17,970.0,4.9356,2021,5,12,132,Summer
2021-05-13,31.0,21.0,25.1,2.1,12.2,28.8,75.75,970.0,5.8541,2021,5,13,133,Summer
2021-05-14,31.5,20.8,25.7,2.3,22.3,27.6,65.0,970.0,6.4253,2021,5,14,134,Summer
2021-05-15,26.4,21.0,22.9,3.9,22.8,24.3,75.47,970.0,3.0389,2021,5,15,135,Summer
2021-05-16,25.8,20.6,22.6,8.2,20.8,24.5,74.03,970.0,4.0442,2021,5,16,136,Summer
2021-05-17,30.1,20.0,24.3,4.7,16.3,26.7,67.47,970.0,6.4078,2021,5,17,137,Summer
2021-05-18,30.5,20.3,24.8,0.1,19.1,27.0,68.18,970.0,6.9132,2021,5,18,138,Summer
2021-05-19,30.7,20.1,24.7,4.5,14.5,27.4,80.84,970.0,6.6475,2021,5,19,139,Summer
2021-05-20,29.2,21.1,23.8,22.0,16.0,26.5,79.53,970.0,4.981,2021,5,20,140,Summer
2021-05-21,28.9,20.9,23.1,13.9,15.8,25.7,80.22,970.0,5.1454,2021,5,21,141,Summer
2021-05-22,27.8,20.2,23.2,2.4,14.5,25.5,78.4,970.0,5.8598,2021,5,22,142,Summer
2021-05-23,29.2,20.8,24.8,0.1,15.8,26.6,76.87,970.0,6.2494,2021,5,23,143,Summer
2021-05-24,30.2,20.2,24.9,0.0,20.5,26.3,75.43,970.0,6.6427,2021,5,24,144,Summer
2021-05-25,29.3,20.6,23.7,8.6,17.9,25.6,85.96,970.0,5.419,2021,5,25,145,Summer
2021-05-26,28.5,20.3,24.0,0.1,22.0,24.9,76.2,970.0,5.8411,2021,5,26,146,Summer
2021-05-27,29.8,19.5,24.3,0.0,24.2,24.8,74.16,970.0,6.7754,2021,5,27,147,Summer
2021-05-28,30.5,18.3,24.3,0.0,19.4,25.2,70.03,970.0,7.2319,2021,5,28,148,Summer
2021-05-29,29.6,19.7,24.6,0.5,15.5,26.2,70.37,970.0,7.2041,2021,5,29,149,Summer
2021-05-30,31.0,20.0,25.0,0.2,16.6,26.6,72.95,970.0,7.1364,2021,5,30,150,Summer
2021-05-31,31.6,20.1,25.3,0.5,15.6,27.1,73.43,970.0,7.2026,2021,5,31,151,Summer
2021-06-01,31.5,20.5,25.5,4.8,17.3,27.8,74.98,970.0,6.6458,2021,6,1,152,Southwest Monsoon
2021-06-02,30.8,21.1,24.8,18.0,11.9,28.1,77.55,970.0,6.5155,2021,6,2,153,Southwest Monsoon
2021-06-03,29.2,21.0,23.7,20.1,9.3,27.4,79.01,970.0,5.365,2021,6,3,154,Southwest Monsoon
2021-06-04,26.2,20.9,22.9,18.3,10.1,26.4,86.32,970.0,4.6975,2021,6,4,155,Southwest Monsoon
2021-06-05,26.9,20.7,23.0,7.3,13.9,25.9,84.36,970.0,4.7431,2021,6,5,156,Southwest Monsoon
2021-06-06,27.0,20.0,23.4,2.3,14.0,25.9,72.91,970.0,5.9938,2021,6,6,157,Southwest Monsoon
2021-06-07,28.9,19.8,24.3,0.0,14.7,26.2,78.89,970.0,7.1978,2021,6,7,158,Southwest Monsoon
2021-06-08,29.5,19.9,24.4,0.0,18.3,26.0,72.28,970.0,7.0994,2021,6,8,159,Southwest Monsoon
2021-06-09,28.2,19.1,23.4,1.7,23.0,24.4,77.55,970.0,6.1188,2021,6,9,160,Southwest Monsoon
2021-06-10,28.1,19.2,23.6,0.7,23.4,24.3,74.73,970.0,5.723,2021,6,10,161,Southwest Monsoon
2021-06-11,28.4,19.6,23.6,0.0,27.5,23.5,77.79,970.0,5.3808,2021,6,11,162,Southwest Monsoon
2021-06-12,27.9,20.2,23.1,3.2,32.1,23.3,75.53,970.0,4.8626,2021,6,12,163,Southwest Monsoon
2021-06-13,26.0,20.1,22.6,2.0,29.6,22.6,72.7,970.0,4.6423,2021,6,13,164,Southwest Monsoon
2021-06-14,24.0,20.0,21.5,4.7,28.4,21.6,77.64,970.0,3.9641,2021,6,14,165,Southwest Monsoon
2021-06-15,26.2,19.8,22.5,2.9,29.8,22.5,79.81,970.0,4.284,2021,6,15,166,Southwest Monsoon
2021-06-16,26.9,20.1,22.7,3.2,29.5,23.0,75.01,970.0,4.4213,2021,6,16,167,Southwest Monsoon
2021-06-17,27.8,20.1,23.3,0.8,32.7,23.0,78.15,970.0,5.3688,2021,6,17,168,Southwest Monsoon
2021-06-18,27.8,20.4,23.3,1.1,30.0,23.1,78.68,970.0,4.6267,2021,6,18,169,Southwest Monsoon
2021-06-19,26.8,19.9,22.7,0.0,27.2,22.6,79.59,970.0,5.2733,2021,6,19,170,Southwest Monsoon
2021-06-20,28.3,20.0,23.6,0.3,26.4,24.2,76.14,970.0,5.8351,2021,6,20,171,Southwest Monsoon
2021-06-21,28.6,19.4,23.6,0.2,21.3,24.8,74.53,970.0,5.929,2021,6,21,172,Southwest Monsoon
2021-06-22,29.5,19.4,24.2,0.0,20.0,25.1,75.69,970.0,5.2855,2021,6,22,173,Southwest Monsoon
2021-06-23,29.7,19.9,24.7,0.3,14.5,26.1,75.38,970.0,5.6885,2021,6,23,174,Southwest Monsoon
2021-06-24,29.0,20.2,24.4,0.6,19.4,25.2,74.27,970.0,5.8682,2021,6,24,175,Southwest Monsoon
2021-06-25,30.2,19.5,24.6,0.0,20.8,24.8,74.05,970.0,6.6238,2021,6,25,176,Southwest Monsoon
2021-06-26,28.0,20.0,23.0,17.2,20.2,24.2,74.48,970.0,4.2926,2021,6,26,177,Southwest Monsoon
2021-06-27,24.9,19.5,22.1,2.6,23.2,23.1,74.63,970.0,3.8467,2021,6,27,178,Southwest Monsoon
2021-06-28,28.4,18.9,23.8,0.1,13.8,25.3,68.14,970.0,5.3671,2021,6,28,179,Southwest Monsoon
2021-06-29,29.9,19.5,25.1,0.6,11.5,27.6,70.26,970.0,6.3917,2021,6,29,180,Southwest Monsoon
2021-06-30,30.6,20.8,25.7,0.8,10.8,28.1,76.84,970.0,6.5964,2021,6,30,181,Southwest Monsoon
2021-07-01,30.4,21.2,24.6,10.9,14.8,27.3,87.65,970.0,3.3391,2021,7,1,182,Southwest Monsoon
2021-07-02,28.3,20.6,23.8,4.3,17.2,26.1,84.52,970.0,5.6177,2021,7,2,183,Southwest Monsoon
2021-07-03,29.5,19.9,23.8,7.8,12.7,26.2,80.84,970.0,5.1084,2021,7,3,184,Southwest Monsoon
2021-07-04,28.6,20.2,23.3,6.9,14.4,25.9,83.4,970.0,5.5973,2021,7,4,185,Southwest Monsoon
2021-07-05,28.8,19.8,23.5,1.6,15.3,25.9,79.99,970.0,6.3557,2021,7,5,186,Southwest Monsoon
2021-07-06,28.5,20.0,23.9,3.8,10.5,27.0,84.16,970.0,5.7619,2021,7,6,187,Southwest Monsoon
2021-07-07,28.1,19.9,23.4,10.0,13.8,26.7,86.64,970.0,4.9903,2021,7,7,188,Southwest Monsoon
2021-07-08,28.7,20.2,23.6,2.3,15.7,26.1,85.38,970.0,6.0353,2021,7,8,189,Southwest Monsoon
2021-07-09,27.5,20.1,22.6,10.9,15.8,25.0,84.45,970.0,5.1504,2021,7,9,190,Southwest Monsoon
2021-07-10,26.1,20.0,22.0,3.4,24.0,22.8,82.02,970.0,4.3805,2021,7,10,191,Southwest Monsoon
2021-07-11,26.6,19.6,22.2,3.0,30.6,22.2,82.45,970.0,4.1513,2021,7,11,192,Southwest Monsoon
2021-07-12,27.4,20.0,22.6,0.7,29.5,23.0,81.82,970.0,4.488,2021,7,12,193,Southwest Monsoon
2021-07-13,26.1,20.3,22.1,4.5,30.9,22.7,81.39,970.0,3.5772,2021,7,13,194,Southwest Monsoon
2021-07-14,23.5,19.9,21.2,10.5,20.7,22.4,84.45,970.0,2.9892,2021,7,14,195,Southwest Monsoon
2021-07-15,23.1,19.1,20.5,17.3,25.1,21.4,83.56,970.0,2.6532,2021,7,15,196,Southwest Monsoon
2021-07-16,23.5,19.6,21.2,22.3,23.0,22.9,82.08,970.0,4.842,2021,7,16,197,Southwest Monsoon
2021-07-17,25.9,20.0,22.0,14.4,18.8,23.7,86.8,970.0,4.661,2021,7,17,198,Southwest Monsoon
2021-07-18,22.4,19.9,20.8,10.9,23.9,22.1,88.74,970.0,3.1682,2021,7,18,199,Southwest Monsoon
2021-07-19,26.8,19.7,22.6,1.7,28.5,23.0,81.26,970.0,4.3361,2021,7,19,200,Southwest Monsoon
2021-07-20,26.5,19.1,22.4,2.2,28.0,22.6,80.76,970.0,5.279,2021,7,20,201,Southwest Monsoon
2021-07-21,25.1,20.0,22.0,3.4,29.2,22.2,80.93,970.0,2.9873,2021,7,21,202,Southwest Monsoon
2021-07-22,23.2,20.0,21.1,11.2,33.8,20.7,83.54,970.0,2.6215,2021,7,22,203,Southwest Monsoon
2021-07-23,25.4,19.4,21.8,8.1,28.6,22.2,79.71,970.0,2.5178,2021,7,23,204,Southwest Monsoon
2021-07-24,27.5,19.7,22.7,2.6,24.1,23.7,80.99,970.0,4.7614,2021,7,24,205,Southwest Monsoon
2021-07-25,27.6,19.9,23.1,1.9,24.3,24.0,84.99,970.0,5.0815,2021,7,25,206,Southwest Monsoon
2021-07-26,26.7,19.9,22.8,0.0,26.3,23.3,83.06,970.0,4.9579,2021,7,26,207,Southwest Monsoon
2021-07-27,27.4,19.1,22.8,0.5,26.5,23.0,80.97,970.0,5.371,2021,7,27,208,Southwest Monsoon
2021-07-28,27.9,19.6,23.1,0.9,27.1,23.3,78.15,970.0,5.6258,2021,7,28,209,Southwest Monsoon
2021-07-29,26.8,19.5,22.7,1.2,26.8,22.8,79.96,970.0,5.3669,2021,7,29,210,Southwest Monsoon
2021-07-30,27.4,19.4,23.0,0.6,27.1,23.2,82.26,970.0,5.3597,2021,7,30,211,Southwest Monsoon
2021-07-31,28.2,19.1,23.1,1.0,28.2,23.4,80.53,970.0,4.8667,2021,7,31,212,Southwest Monsoon
2021-08-01,27.8,19.4,23.1,0.5,27.8,23.2,79.24,970.0,4.6745,2021,8,1,213,Southwest Monsoon
2021-08-02,27.5,18.7,22.8,1.0,27.7,22.7,76.92,970.0,5.1634,2021,8,2,214,Southwest Monsoon
2021-08-03,28.1,19.5,23.0,0.9,25.5,23.5,79.09,970.0,4.4971,2021,8,3,215,Southwest Monsoon
2021-08-04,27.5,19.7,23.1,2.1,27.3,23.6,79.82,970.0,3.9372,2021,8,4,216,Southwest Monsoon
2021-08-05,27.8,19.1,22.8,4.9,25.0,23.6,79.41,970.0,4.1294,2021,8,5,217,Southwest Monsoon
2021-08-06,28.0,19.8,23.3,2.3,26.4,24.1,79.98,970.0,4.7016,2021,8,6,218,Southwest Monsoon
2021-08-07,27.9,20.0,23.0,5.9,20.7,24.6,81.77,970.0,5.484,2021,8,7,219,Southwest Monsoon
2021-08-08,28.3,19.7,23.5,4.0,15.1,25.9,80.69,970.0,6.0499,2021,8,8,220,Southwest Monsoon
2021-08-09,28.1,20.0,23.5,1.3,14.0,26.2,81.35,970.0,5.8111,2021,8,9,221,Southwest Monsoon
2021-08-10,27.7,20.0,23.0,3.8,18.0,24.7,86.33,970.0,4.127,2021,8,10,222,Southwest Monsoon
2021-08-11,27.8,19.6,23.1,7.9,20.4,25.0,82.8,970.0,4.8962,2021,8,11,223,Southwest Monsoon
2021-08-12,26.5,20.1,22.5,8.8,21.7,23.9,85.15,970.0,3.563,2021,8,12,224,Southwest Monsoon
2021-08-13,28.0,19.5,22.6,7.2,21.6,24.1,82.43,970.0,4.6555,2021,8,13,225,Southwest Monsoon
2021-08-14,27.0,19.1,22.4,1.4,21.5,23.5,83.69,970.0,5.2872,2021,8,14,226,Southwest Monsoon
2021-08-15,26.6,18.6,22.5,0.9,22.6,23.3,81.94,970.0,4.6128,2021,8,15,227,Southwest Monsoon
2021-08-16,26.5,19.5,22.5,1.5,19.2,23.9,79.91,970.0,4.3922,2021,8,16,228,Southwest Monsoon
2021-08-17,25.3,19.4,22.0,1.3,16.3,23.7,78.24,970.0,4.4309,2021,8,17,229,Southwest Monsoon
2021-08-18,27.4,19.5,22.6,3.3,20.0,23.9,77.37,970.0,4.824,2021,8,18,230,Southwest Monsoon
2021-08-19,26.2,20.0,22.8,0.2,23.0,23.6,77.31,970.0,4.9817,2021,8,19,231,Southwest Monsoon
2021-08-20,28.2,19.0,23.0,0.4,13.4,24.8,79.88,970.0,5.813,2021,8,20,232,Southwest Monsoon
2021-08-21,26.8,19.8,22.5,1.3,8.8,25.2,81.17,970.0,4.4621,2021,8,21,233,Southwest Monsoon
2021-08-22,27.2,19.2,22.3,20.7,6.5,25.6,79.65,970.0,5.7125,2021,8,22,234,Southwest Monsoon
2021-08-23,26.9,19.0,22.3,11.8,12.6,25.2,85.11,970.0,5.0496,2021,8,23,235,Southwest Monsoon
2021-08-24,27.8,18.9,23.0,2.8,10.0,25.9,80.21,970.0,6.0187,2021,8,24,236,Southwest Monsoon
2021-08-25,27.3,19.8,23.0,9.7,13.3,25.8,80.26,970.0,5.7538,2021,8,25,237,Southwest Monsoon
2021-08-26,27.9,19.9,23.1,8.0,15.2,25.7,82.53,970.0,6.21,2021,8,26,238,Southwest Monsoon
2021-08-27,26.7,20.4,22.6,30.8,13.4,25.4,86.0,970.0,4.9428,2021,8,27,239,Southwest Monsoon
2021-08-28,24.6,20.1,21.7,7.4,19.5,23.2,83.01,970.0,4.2442,2021,8,28,240,Southwest Monsoon
2021-08-29,25.1,19.9,21.5,32.8,22.5,23.0,77.98,970.0,3.5102,2021,8,29,241,Southwest Monsoon
2021-08-30,26.4,19.4,22.3,0.7,23.1,23.3,80.41,970.0,4.469,2021,8,30,242,Southwest Monsoon
2021-08-31,27.9,19.1,22.9,0.0,17.9,24.3,77.63,970.0,5.497,2021,8,31,243,Southwest Monsoon
2021-09-01,27.5,19.4,23.1,1.4,13.7,25.4,80.0,970.0,5.2596,2021,9,1,244,Southwest Monsoon
2021-09-02,27.4,19.6,22.3,14.6,13.3,24.8,87.06,970.0,4.0392,2021,9,2,245,Southwest Monsoon
2021-09-03,25.3,19.8,21.5,12.7,14.8,23.6,80.97,970.0,4.003,2021,9,3,246,Southwest Monsoon
2021-09-04,24.7,19.5,21.3,16.3,23.3,22.9,86.15,970.0,3.6026,2021,9,4,247,Southwest Monsoon
2021-09-05,25.5,19.4,21.5,13.7,22.5,22.9,83.12,970.0,4.351,2021,9,5,248,Southwest Monsoon
2021-09-06,24.5,19.8,21.6,2.6,23.0,22.3,80.18,970.0,4.812,2021,9,6,249,Southwest Monsoon
2021-09-07,25.5,19.0,22.0,2.1,28.1,22.3,81.85,970.0,4.2259,2021,9,7,250,Southwest Monsoon
2021-09-08,27.3,19.7,22.6,2.0,24.5,23.3,83.53,970.0,4.7215,2021,9,8,251,Southwest Monsoon
2021-09-09,27.5,19.0,22.9,1.0,24.1,24.0,81.33,970.0,5.4166,2021,9,9,252,Southwest Monsoon
2021-09-10,27.4,18.8,22.8,0.3,23.7,23.8,82.59,970.0,5.1502,2021,9,10,253,Southwest Monsoon
2021-09-11,27.1,19.4,22.3,1.0,23.8,23.6,83.35,970.0,4.969,2021,9,11,254,Southwest Monsoon
2021-09-12,25.5,19.7,22.2,4.8,25.5,23.3,82.17,970.0,4.7962,2021,9,12,255,Southwest Monsoon
2021-09-13,27.2,19.9,23.0,1.7,30.0,23.2,83.4,970.0,4.3231,2021,9,13,256,Southwest Monsoon
2021-09-14,28.0,20.3,23.3,1.0,23.3,24.3,82.0,970.0,4.9406,2021,9,14,257,Southwest Monsoon
2021-09-15,28.1,19.2,22.9,1.6,18.7,24.6,82.63,970.0,5.3777,2021,9,15,258,Southwest Monsoon
2021-09-16,27.7,19.3,23.2,0.6,18.0,25.0,82.44,970.0,5.7838,2021,9,16,259,Southwest Monsoon
2021-09-17,28.5,19.4,23.6,0.1,14.0,25.7,79.02,970.0,6.6881,2021,9,17,260,Southwest Monsoon
2021-09-18,28.3,19.1,23.7,0.0,9.9,26.0,76.14,970.0,5.9998,2021,9,18,261,Southwest Monsoon
2021-09-19,28.9,20.4,24.2,4.1,16.3,27.2,82.01,970.0,6.0173,2021,9,19,262,Southwest Monsoon
2021-09-20,27.9,20.1,23.8,1.4,9.8,26.7,85.24,970.0,4.8094,2021,9,20,263,Southwest Monsoon
2021-09-21,28.4,20.0,23.7,1.0,15.8,25.6,83.55,970.0,5.9503,2021,9,21,264,Southwest Monsoon
2021-09-22,27.9,19.6,23.3,1.7,17.9,24.8,83.0,970.0,4.9217,2021,9,22,265,Southwest Monsoon
2021-09-23,28.5,19.9,23.5,1.9,18.4,25.2,83.65,970.0,4.9896,2021,9,23,266,Southwest Monsoon
2021-09-24,28.1,19.9,23.3,5.7,17.1,25.6,82.11,970.0,5.4504,2021,9,24,267,Southwest Monsoon
2021-09-25,27.5,19.6,22.9,7.5,14.5,25.2,85.86,970.0,4.6298,2021,9,25,268,Southwest Monsoon
2021-09-26,27.6,19.5,23.0,3.7,17.8,24.4,86.96,970.0,4.9788,2021,9,26,269,Southwest Monsoon
2021-09-27,26.7,19.5,22.2,5.9,24.3,23.1,82.78,970.0,4.643,2021,9,27,270,Southwest Monsoon
2021-09-28,27.0,19.0,22.5,0.5,24.4,22.9,84.45,970.0,4.4962,2021,9,28,271,Southwest Monsoon
2021-09-29,27.5,18.8,22.7,0.4,20.6,24.2,81.71,970.0,5.2126,2021,9,29,272,Southwest Monsoon
2021-09-30,26.5,19.0,22.6,5.7,10.0,25.4,78.63,970.0,5.586,2021,9,30,273,Southwest Monsoon
2021-10-01,27.7,19.5,23.0,12.3,13.2,25.9,82.97,970.0,4.2794,2021,10,1,274,Post-Monsoon
2021-10-02,27.9,20.2,23.0,12.4,13.8,25.9,85.5,970.0,4.6603,2021,10,2,275,Post-Monsoon
2021-10-03,28.2,20.5,23.4,2.0,13.3,26.3,83.19,970.0,4.7945,2021,10,3,276,Post-Monsoon
2021-10-04,28.4,19.7,23.7,1.8,15.5,26.5,85.5,970.0,5.4202,2021,10,4,277,Post-Monsoon
2021-10-05,28.2,19.8,22.9,5.3,12.3,26.0,87.12,970.0,3.6346,2021,10,5,278,Post-Monsoon
2021-10-06,23.8,20.1,21.8,55.6,13.6,24.5,87.53,970.0,3.4462,2021,10,6,279,Post-Monsoon
2021-10-07,27.5,19.5,23.1,5.5,11.4,25.9,81.66,970.0,5.6971,2021,10,7,280,Post-Monsoon
2021-10-08,26.4,20.1,22.6,9.7,14.2,25.5,88.97,970.0,4.5924,2021,10,8,281,Post-Monsoon
2021-10-09,25.5,19.9,21.9,9.9,15.5,24.4,88.74,970.0,3.2652,2021,10,9,282,Post-Monsoon
2021-10-10,27.0,19.5,22.2,7.4,15.2,24.8,87.04,970.0,5.4329,2021,10,10,283,Post-Monsoon
2021-10-11,26.0,19.5,22.1,17.7,13.0,24.9,84.75,970.0,4.7558,2021,10,11,284,Post-Monsoon
2021-10-12,24.5,19.8,21.2,30.1,11.8,23.9,87.1,970.0,4.9682,2021,10,12,285,Post-Monsoon
2021-10-13,25.5,19.5,21.6,10.9,17.4,23.9,87.22,970.0,4.7009,2021,10,13,286,Post-Monsoon
2021-10-14,26.9,19.0,22.2,18.6,11.0,25.2,82.94,970.0,5.293,2021,10,14,287,Post-Monsoon
2021-10-15,27.2,19.1,22.2,13.9,6.8,25.6,86.61,970.0,4.0649,2021,10,15,288,Post-Monsoon
2021-10-16,27.6,19.9,22.6,11.2,10.0,26.2,87.46,970.0,4.4722,2021,10,16,289,Post-Monsoon
2021-10-17,27.4,19.7,22.7,5.5,13.1,25.7,90.53,970.0,4.0879,2021,10,17,290,Post-Monsoon
2021-10-18,26.8,20.0,22.4,5.8,17.6,24.7,87.69,970.0,3.5426,2021,10,18,291,Post-Monsoon
2021-10-19,26.8,19.6,22.8,0.7,11.5,25.3,84.43,970.0,5.2997,2021,10,19,292,Post-Monsoon
2021-10-20,28.1,20.4,23.2,11.9,11.1,26.2,86.4,970.0,3.7586,2021,10,20,293,Post-Monsoon
2021-10-21,28.1,19.2,22.6,7.0,12.0,25.7,89.36,970.0,4.9613,2021,10,21,294,Post-Monsoon
2021-10-22,27.7,18.0,22.7,3.0,11.8,25.2,86.9,970.0,5.4372,2021,10,22,295,Post-Monsoon
2021-10-23,27.5,18.8,22.0,9.5,9.7,25.0,86.19,970.0,5.1478,2021,10,23,296,Post-Monsoon
2021-10-24,26.4,17.9,21.4,13.1,14.6,23.7,85.0,970.0,5.5769,2021,10,24,297,Post-Monsoon
2021-10-25,26.8,18.0,22.1,0.9,14.8,24.0,86.76,970.0,3.8482,2021,10,25,298,Post-Monsoon
2021-10-26,26.4,17.9,22.0,0.5,14.2,23.7,85.3,970.0,3.9588,2021,10,26,299,Post-Monsoon
2021-10-27,26.8,18.1,22.1,0.0,17.6,23.2,84.5,970.0,3.8105,2021,10,27,300,Post-Monsoon
2021-10-28,26.9,17.2,21.6,0.0,16.1,22.6,82.91,970.0,4.1246,2021,10,28,301,Post-Monsoon
2021-10-29,26.0,18.6,21.5,7.1,22.3,22.9,87.46,970.0,3.6852,2021,10,29,302,Post-Monsoon
2021-10-30,27.4,19.2,22.3,2.6,17.4,24.2,87.82,970.0,4.0531,2021,10,30,303,Post-Monsoon
2021-10-31,27.2,19.2,21.8,4.6,18.5,23.6,88.62,970.0,3.9818,2021,10,31,304,Post-Monsoon
2021-11-01,23.9,18.8,21.1,4.9,20.7,22.8,89.69,970.0,3.6523,2021,11,1,305,Post-Monsoon
2021-11-02,25.5,19.4,21.8,0.5,23.9,22.9,88.4,970.0,3.4872,2021,11,2,306,Post-Monsoon
2021-11-03,25.5,19.2,21.5,7.8,18.5,23.4,87.75,970.0,3.5174,2021,11,3,307,Post-Monsoon
2021-11-04,26.6,19.4,21.9,2.8,13.6,24.1,88.06,970.0,4.0723,2021,11,4,308,Post-Monsoon
2021-11-05,25.8,18.5,21.1,11.0,10.1,23.8,85.96,970.0,3.919,2021,11,5,309,Post-Monsoon
2021-11-06,26.3,18.8,22.0,0.5,13.6,23.9,88.94,970.0,4.4467,2021,11,6,310,Post-Monsoon
2021-11-07,24.0,18.9,21.2,1.0,20.0,22.6,90.23,970.0,3.3211,2021,11,7,311,Post-Monsoon
2021-11-08,24.3,19.0,20.7,3.6,17.1,22.0,93.34,970.0,2.0652,2021,11,8,312,Post-Monsoon
2021-11-09,23.8,17.8,20.4,0.0,15.3,20.9,89.66,970.0,3.9665,2021,11,9,313,Post-Monsoon
2021-11-10,22.3,17.1,19.6,1.9,15.3,20.3,86.38,970.0,2.6122,2021,11,10,314,Post-Monsoon
2021-11-11,19.1,17.1,18.0,20.4,23.2,17.7,90.86,970.0,2.0419,2021,11,11,315,Post-Monsoon
2021-11-12,23.5,17.5,19.8,5.7,18.4,21.1,92.88,970.0,1.8554,2021,11,12,316,Post-Monsoon
2021-11-13,25.5,19.2,21.4,18.9,8.3,24.4,84.72,970.0,2.31,2021,11,13,317,Post-Monsoon
2021-11-14,25.6,19.0,21.2,11.9,8.4,24.4,90.28,970.0,3.4291,2021,11,14,318,Post-Monsoon
2021-11-15,26.2,19.0,21.7,17.8,10.9,24.5,88.16,970.0,3.8275,2021,11,15,319,Post-Monsoon
2021-11-16,25.6,19.6,21.6,25.4,14.8,24.1,89.35,970.0,3.521,2021,11,16,320,Post-Monsoon
2021-11-17,26.5,19.2,21.6,13.3,13.7,24.4,89.94,970.0,4.0231,2021,11,17,321,Post-Monsoon
2021-11-18,21.1,19.4,20.0,69.6,20.1,21.7,92.65,970.0,0.96,2021,11,18,322,Post-Monsoon
2021-11-19,22.4,19.1,20.5,31.4,18.5,22.4,93.42,970.0,2.3006,2021,11,19,323,Post-Monsoon
2021-11-20,24.8,19.6,21.2,7.5,15.0,23.4,91.97,970.0,3.1109,2021,11,20,324,Post-Monsoon
2021-11-21,26.6,19.4,21.9,17.9,11.8,24.4,82.52,970.0,4.2996,2021,11,21,325,Post-Monsoon
2021-11-22,26.4,18.4,21.4,8.8,17.3,23.9,87.6,970.0,3.7742,2021,11,22,326,Post-Monsoon
2021-11-23,27.0,19.1,22.3,1.0,13.2,24.6,88.97,970.0,5.0179,2021,11,23,327,Post-Monsoon
2021-11-24,26.5,18.6,21.7,0.4,21.3,23.3,86.12,970.0,4.6042,2021,11,24,328,Post-Monsoon
2021-11-25,26.1,18.6,21.8,0.0,21.7,22.5,88.19,970.0,4.1134,2021,11,25,329,Post-Monsoon
2021-11-26,25.5,18.0,21.4,0.0,22.9,21.8,87.03,970.0,3.2292,2021,11,26,330,Post-Monsoon
2021-11-27,21.6,18.5,19.9,5.1,22.2,20.3,89.97,970.0,2.2764,2021,11,27,331,Post-Monsoon
2021-11-28,23.9,19.4,20.9,4.4,17.8,22.3,91.44,970.0,2.6657,2021,11,28,332,Post-Monsoon
2021-11-29,24.0,19.3,21.1,1.4,26.0,21.9,90.37,970.0,2.2615,2021,11,29,333,Post-Monsoon
2021-11-30,25.0,19.2,21.3,1.4,22.2,22.1,88.26,970.0,3.8858,2021,11,30,334,Post-Monsoon
2021-12-01,25.5,18.5,21.4,1.0,19.1,22.4,87.75,970.0,3.4258,2021,12,1,335,Winter
2021-12-02,25.9,19.2,21.6,3.9,11.6,24.2,85.94,970.0,3.294,2021,12,2,336,Winter
2021-12-03,26.4,18.4,21.6,1.8,13.4,24.0,84.92,970.0,3.7639,2021,12,3,337,Winter
2021-12-04,25.0,18.2,21.3,4.2,5.6,24.2,80.07,970.0,3.9031,2021,12,4,338,Winter
2021-12-05,26.6,17.8,21.6,1.2,7.9,23.9,82.17,970.0,4.1981,2021,12,5,339,Winter
2021-12-06,25.8,18.1,21.7,0.7,12.1,23.7,86.94,970.0,3.3298,2021,12,6,340,Winter
2021-12-07,26.5,17.9,21.6,0.1,13.1,22.9,85.32,970.0,3.7644,2021,12,7,341,Winter
2021-12-08,26.8,17.2,21.3,0.0,15.3,22.2,82.77,970.0,5.1072,2021,12,8,342,Winter
2021-12-09,26.6,19.0,21.9,0.5,14.1,23.3,85.37,970.0,3.1114,2021,12,9,343,Winter
2021-12-10,26.0,17.7,21.2,0.0,17.1,21.9,85.14,970.0,5.5123,2021,12,10,344,Winter
2021-12-11,25.4,18.7,21.1,2.3,19.8,22.0,87.6,970.0,3.6218,2021,12,11,345,Winter
2021-12-12,25.1,17.1,21.0,0.4,22.5,21.3,87.26,970.0,3.5129,2021,12,12,346,Winter
2021-12-13,25.0,18.2,20.7,1.2,18.1,21.4,87.83,970.0,3.2383,2021,12,13,347,Winter
2021-12-14,25.0,18.2,20.8,0.8,19.6,21.3,87.69,970.0,3.4613,2021,12,14,348,Winter
2021-12-15,25.3,17.5,20.5,0.0,16.1,20.8,85.28,970.0,3.2666,2021,12,15,349,Winter
2021-12-16,25.6,17.3,20.7,0.0,14.0,21.3,84.29,970.0,4.663,2021,12,16,350,Winter
2021-12-17,25.8,16.9,20.5,0.0,13.0,21.0,82.23,970.0,5.1302,2021,12,17,351,Winter
2021-12-18,25.3,15.8,19.7,0.0,13.7,19.6,80.39,970.0,4.9493,2021,12,18,352,Winter
2021-12-19,24.1,14.1,18.5,0.0,16.0,17.4,79.4,970.0,5.3734,2021,12,19,353,Winter
2021-12-20,24.4,13.2,18.3,0.0,13.8,18.2,81.45,970.0,5.5649,2021,12,20,354,Winter
2021-12-21,24.9,14.4,18.9,0.0,10.9,19.7,74.0,970.0,5.2625,2021,12,21,355,Winter
2021-12-22,25.5,13.8,19.2,0.0,11.0,19.6,78.01,970.0,4.8286,2021,12,22,356,Winter
2021-12-23,26.2,14.3,19.5,0.0,11.5,19.7,76.31,970.0,5.0614,2021,12,23,357,Winter
2021-12-24,26.6,13.6,19.6,0.0,11.8,19.1,73.09,970.0,5.3522,2021,12,24,358,Winter
2021-12-25,27.6,13.0,19.8,0.0,11.9,19.4,77.05,970.0,5.477,2021,12,25,359,Winter
2021-12-26,27.7,14.5,20.4,0.0,13.4,20.3,80.71,970.0,5.3986,2021,12,26,360,Winter
2021-12-27,26.0,15.4,19.8,0.0,13.5,19.9,81.15,970.0,5.6186,2021,12,27,361,Winter
2021-12-28,26.0,15.4,20.1,0.0,17.0,19.9,82.94,970.0,5.4958,2021,12,28,362,Winter
2021-12-29,26.1,16.8,20.7,0.0,17.1,20.8,82.45,970.0,5.2567,2021,12,29,363,Winter
2021-12-30,26.0,15.2,20.1,0.6,19.8,19.9,83.39,970.0,4.4986,2021,12,30,364,Winter
2021-12-31,26.1,18.0,20.8,2.4,25.0,20.5,86.54,970.0,2.7641,2021,12,31,365,Winter
2022-01-01,25.9,18.1,20.8,2.3,22.1,20.9,85.66,970.0,3.5268,2022,1,1,1,Winter
2022-01-02,27.0,16.1,20.7,0.0,18.8,20.5,83.39,970.0,5.2426,2022,1,2,2,Winter
2022-01-03,26.9,15.6,20.5,0.0,16.6,20.3,78.96,970.0,5.2183,2022,1,3,3,Winter
2022-01-04,26.5,16.3,20.4,0.0,16.2,20.0,81.36,970.0,5.2294,2022,1,4,4,Winter
2022-01-05,26.4,14.8,20.2,0.0,15.9,20.4,77.66,970.0,5.3335,2022,1,5,5,Winter
2022-01-06,27.0,16.1,20.9,0.0,15.5,21.2,80.79,970.0,5.3654,2022,1,6,6,Winter
2022-01-07,26.3,17.2,21.3,0.1,17.2,21.4,81.7,970.0,4.7546,2022,1,7,7,Winter
2022-01-08,27.0,17.8,21.6,0.0,17.3,22.2,81.81,970.0,4.2442,2022,1,8,8,Winter
2022-01-09,27.0,17.1,21.4,0.0,13.7,22.0,80.97,970.0,4.8134,2022,1,9,9,Winter
2022-01-10,27.0,17.0,21.5,0.2,16.2,22.3,77.92,970.0,4.9646,2022,1,10,10,Winter
2022-01-11,27.9,16.2,21.6,0.1,14.3,22.3,77.77,970.0,5.4473,2022,1,11,11,Winter
2022-01-12,27.1,18.1,21.8,0.2,13.0,22.5,80.29,970.0,4.7006,2022,1,12,12,Winter
2022-01-13,27.4,17.0,21.5,0.0,14.7,21.9,79.51,970.0,5.2094,2022,1,13,13,Winter
2022-01-14,27.3,17.5,21.6,0.0,13.0,22.1,78.49,970.0,5.0172,2022,1,14,14,Winter
2022-01-15,28.2,16.1,21.7,0.0,16.6,22.1,73.33,970.0,5.3712,2022,1,15,15,Winter
2022-01-16,27.0,18.1,21.6,0.5,18.2,21.9,78.88,970.0,4.674,2022,1,16,16,Winter
2022-01-17,26.8,17.3,21.1,0.2,19.5,20.8,78.42,970.0,4.9822,2022,1,17,17,Winter
2022-01-18,27.2,16.0,21.2,0.0,14.7,21.1,75.65,970.0,5.0851,2022,1,18,18,Winter
2022-01-19,27.1,15.8,20.8,0.0,13.6,20.4,72.14,970.0,5.687,2022,1,19,19,Winter
2022-01-20,28.2,13.8,20.6,0.0,13.0,19.9,63.92,970.0,5.9009,2022,1,20,20,Winter
2022-01-21,30.1,15.2,22.0,0.0,18.0,20.9,63.12,970.0,5.9647,2022,1,21,21,Winter
2022-01-22,29.1,14.4,21.5,0.0,12.5,20.4,65.11,970.0,6.143,2022,1,22,22,Winter
2022-01-23,28.5,14.4,21.3,0.0,12.9,20.2,69.45,970.0,6.1901,2022,1,23,23,Winter
2022-01-24,27.5,13.8,20.8,0.0,13.2,19.9,62.8,970.0,6.3115,2022,1,24,24,Winter
2022-01-25,27.6,14.2,20.8,0.0,14.2,20.0,71.47,970.0,5.5433,2022,1,25,25,Winter
2022-01-26,27.4,16.8,21.8,0.0,13.0,22.3,81.19,970.0,4.7976,2022,1,26,26,Winter
2022-01-27,25.2,17.4,21.1,2.3,16.6,21.7,75.83,970.0,4.5398,2022,1,27,27,Winter
2022-01-28,26.6,17.0,21.1,0.0,24.0,20.3,73.84,970.0,3.7793,2022,1,28,28,Winter
2022-01-29,27.9,15.9,21.2,0.0,19.3,20.9,74.44,970.0,4.4222,2022,1,29,29,Winter
2022-01-30,28.1,17.1,22.1,0.2,12.5,23.3,71.88,970.0,5.0426,2022,1,30,30,Winter
2022-01-31,29.6,17.9,23.4,0.0,15.5,24.7,69.69,970.0,5.6866,2022,1,31,31,Winter
2022-02-01,29.5,18.2,23.1,0.0,11.6,24.0,70.03,970.0,5.3765,2022,2,1,32,Winter
2022-02-02,29.9,16.7,22.7,0.0,13.7,23.5,65.8,970.0,5.7886,2022,2,2,33,Winter
2022-02-03,29.0,16.7,22.4,0.0,13.5,22.8,69.01,970.0,4.8977,2022,2,3,34,Winter
2022-02-04,29.4,15.5,22.3,0.0,12.3,21.6,63.54,970.0,6.3701,2022,2,4,35,Winter
2022-02-05,29.6,16.1,22.4,0.0,14.4,22.3,66.78,970.0,6.1272,2022,2,5,36,Winter
2022-02-06,28.2,17.6,22.5,0.0,15.9,22.6,71.58,970.0,4.8401,2022,2,6,37,Winter
2022-02-07,29.0,18.5,23.0,0.0,13.8,23.3,69.43,970.0,5.3405,2022,2,7,38,Winter
2022-02-08,28.8,16.2,22.2,0.0,12.9,22.5,66.73,970.0,5.471,2022,2,8,39,Winter
2022-02-09,28.5,15.4,21.8,0.0,17.6,21.1,66.42,970.0,6.0715,2022,2,9,40,Winter
2022-02-10,28.9,15.9,21.8,0.0,16.3,20.9,57.94,970.0,6.2914,2022,2,10,41,Winter
2022-02-11,29.1,15.9,22.2,0.0,20.7,20.3,56.93,970.0,6.4018,2022,2,11,42,Winter
2022-02-12,28.8,16.3,22.2,0.0,20.5,20.6,63.41,970.0,6.2873,2022,2,12,43,Winter
2022-02-13,28.5,16.1,21.9,0.0,15.5,21.5,61.85,970.0,6.0274,2022,2,13,44,Winter
2022-02-14,28.3,15.9,21.9,0.0,16.8,21.6,63.43,970.0,5.3316,2022,2,14,45,Winter
2022-02-15,28.7,17.0,22.7,0.0,17.1,22.5,66.03,970.0,5.0004,2022,2,15,46,Winter
2022-02-16,29.5,16.0,22.7,0.0,19.2,22.2,62.5,970.0,5.3117,2022,2,16,47,Winter
2022-02-17,29.5,16.5,22.7,0.0,21.8,21.5,62.15,970.0,5.9364,2022,2,17,48,Winter
2022-02-18,29.4,15.2,22.4,0.0,20.4,21.2,61.18,970.0,6.3096,2022,2,18,49,Winter
2022-02-19,29.6,15.9,22.4,0.0,16.3,21.5,58.34,970.0,6.5026,2022,2,19,50,Winter
2022-02-20,30.8,16.0,22.9,0.0,15.5,22.5,55.62,970.0,6.6029,2022,2,20,51,Winter
2022-02-21,31.5,17.0,23.9,0.0,12.1,23.6,60.03,970.0,6.4308,2022,2,21,52,Winter
2022-02-22,31.4,18.6,24.5,0.0,19.8,24.1,56.08,970.0,5.5358,2022,2,22,53,Winter
2022-02-23,29.9,17.0,23.1,0.0,17.8,22.1,58.48,970.0,6.6211,2022,2,23,54,Winter
2022-02-24,29.0,15.9,22.2,0.0,14.9,21.0,54.16,970.0,7.0562,2022,2,24,55,Winter
2022-02-25,30.7,14.6,22.6,0.0,16.6,20.7,49.27,970.0,6.8947,2022,2,25,56,Winter
2022-02-26,29.7,15.7,22.1,0.0,16.0,21.1,54.72,970.0,7.3152,2022,2,26,57,Winter
2022-02-27,30.0,17.4,22.9,0.0,16.8,22.4,58.58,970.0,7.1381,2022,2,27,58,Winter
2022-02-28,29.4,15.9,22.9,0.0,17.6,21.3,53.38,970.0,7.3008,2022,2,28,59,Winter
2022-03-01,30.0,17.0,23.6,0.0,19.1,21.8,49.46,970.0,7.14,2022,3,1,60,Summer
2022-03-02,30.2,17.2,23.3,0.0,19.7,19.9,38.76,970.0,6.4236,2022,3,2,61,Summer
2022-03-03,30.5,16.4,23.2,0.0,22.4,20.5,40.86,970.0,6.8455,2022,3,3,62,Summer
2022-03-04,31.2,16.0,23.4,0.0,23.2,20.9,36.74,970.0,7.0046,2022,3,4,63,Summer
2022-03-05,30.9,15.9,23.3,0.0,20.4,21.1,45.38,970.0,7.0596,2022,3,5,64,Summer
2022-03-06,30.6,17.2,23.5,0.0,22.6,21.9,52.91,970.0,6.4162,2022,3,6,65,Summer
2022-03-07,27.8,17.6,21.7,3.4,22.5,21.3,54.4,970.0,4.1146,2022,3,7,66,Summer
2022-03-08,30.1,17.3,23.6,0.1,17.1,23.4,49.96,970.0,6.7735,2022,3,8,67,Summer
2022-03-09,31.8,17.6,24.5,0.0,17.7,23.1,45.63,970.0,6.6766,2022,3,9,68,Summer
2022-03-10,32.5,18.8,25.1,0.0,18.3,23.2,40.23,970.0,7.0646,2022,3,10,69,Summer
2022-03-11,32.3,18.1,25.1,0.0,18.8,22.6,32.85,970.0,6.9007,2022,3,11,70,Summer
2022-03-12,32.2,17.9,25.1,0.0,19.6,22.6,30.83,970.0,7.2238,2022,3,12,71,Summer
2022-03-13,31.9,18.5,25.2,0.0,19.1,22.7,34.05,970.0,6.8018,2022,3,13,72,Summer
2022-03-14,32.8,18.8,25.7,0.0,17.9,24.3,37.56,970.0,6.575,2022,3,14,73,Summer
2022-03-15,33.1,17.8,25.2,0.0,13.5,24.1,35.25,970.0,5.9398,2022,3,15,74,Summer
2022-03-16,33.2,17.4,25.1,0.0,20.4,23.9,36.02,970.0,6.1219,2022,3,16,75,Summer
2022-03-17,33.8,18.4,26.3,0.0,16.5,24.6,30.23,970.0,5.9064,2022,3,17,76,Summer
2022-03-18,34.2,19.2,26.4,0.0,15.1,25.4,33.16,970.0,6.168,2022,3,18,77,Summer
2022-03-19,32.3,19.1,25.9,0.0,19.9,25.7,35.43,970.0,5.8178,2022,3,19,78,Summer
2022-03-20,29.9,22.0,24.7,0.0,10.6,25.3,57.19,970.0,4.8415,2022,3,20,79,Summer
2022-03-21,33.0,19.8,25.0,0.2,17.1,26.4,58.02,970.0,5.9177,2022,3,21,80,Summer
2022-03-22,31.1,21.0,24.8,0.0,12.2,26.3,62.97,970.0,4.8502,2022,3,22,81,Summer
2022-03-23,32.9,20.9,26.5,0.0,15.8,27.2,54.59,970.0,4.9973,2022,3,23,82,Summer
2022-03-24,32.7,20.5,26.2,0.4,21.1,27.5,56.16,970.0,4.8478,2022,3,24,83,Summer
2022-03-25,32.2,20.3,26.0,0.0,13.9,27.4,49.84,970.0,4.6968,2022,3,25,84,Summer
2022-03-26,33.2,20.1,26.4,0.0,14.3,28.0,49.76,970.0,5.6491,2022,3,26,85,Summer
2022-03-27,34.2,20.8,26.9,0.0,19.7,27.7,48.62,970.0,6.0137,2022,3,27,86,Summer
2022-03-28,34.3,20.8,27.1,0.0,15.2,27.7,47.73,970.0,6.2642,2022,3,28,87,Summer
2022-03-29,34.0,21.2,27.2,0.1,13.0,28.2,43.4,970.0,6.1651,2022,3,29,88,Summer
2022-03-30,33.8,21.5,27.6,0.2,16.0,28.1,40.22,970.0,5.8032,2022,3,30,89,Summer
2022-03-31,32.2,21.6,27.2,0.0,11.1,28.1,38.39,970.0,6.1174,2022,3,31,90,Summer
2022-04-01,33.5,21.6,27.4,0.0,16.4,27.3,38.47,970.0,5.2836,2022,4,1,91,Summer
2022-04-02,32.8,20.2,26.6,0.0,14.0,27.2,43.09,970.0,5.8104,2022,4,2,92,Summer
2022-04-03,33.7,19.9,26.4,0.0,19.1,26.6,44.73,970.0,6.5561,2022,4,3,93,Summer
2022-04-04,32.9,19.6,26.3,0.0,19.2,26.1,46.34,970.0,6.6389,2022,4,4,94,Summer
2022-04-05,33.1,19.5,26.0,0.0,22.3,25.6,44.87,970.0,6.7867,2022,4,5,95,Summer
2022-04-06,33.8,18.9,26.2,0.0,15.6,26.5,40.52,970.0,6.9869,2022,4,6,96,Summer
2022-04-07,35.3,20.0,27.0,0.0,26.6,26.8,48.96,970.0,6.9281,2022,4,7,97,Summer
2022-04-08,33.2,19.4,26.4,0.1,15.5,27.0,52.25,970.0,6.1442,2022,4,8,98,Summer
2022-04-09,33.7,20.5,26.9,0.0,17.2,27.6,53.89,970.0,6.191,2022,4,9,99,Summer
2022-04-10,34.0,20.3,26.9,0.0,18.8,27.4,44.78,970.0,4.5398,2022,4,10,100,Summer
2022-04-11,34.0,20.4,27.0,0.0,17.5,27.9,47.5,970.0,6.2246,2022,4,11,101,Summer
2022-04-12,33.3,20.9,26.4,0.0,18.8,27.6,44.14,970.0,5.531,2022,4,12,102,Summer
2022-04-13,31.5,21.7,25.6,2.5,21.9,27.6,56.46,970.0,4.0855,2022,4,13,103,Summer
2022-04-14,32.2,20.9,24.8,12.8,15.8,27.3,62.32,970.0,4.6085,2022,4,14,104,Summer
2022-04-15,33.7,20.4,26.0,5.3,13.2,28.3,56.89,970.0,6.876,2022,4,15,105,Summer
2022-04-16,33.8,20.2,25.8,4.2,21.4,28.3,54.39,970.0,6.9562,2022,4,16,106,Summer
2022-04-17,33.0,19.3,24.3,10.5,21.8,26.6,65.49,970.0,6.5347,2022,4,17,107,Summer
2022-04-18,31.7,19.1,24.2,0.2,15.9,26.3,60.74,970.0,6.0984,2022,4,18,108,Summer
2022-04-19,33.2,19.5,25.9,0.0,17.1,27.9,66.78,970.0,6.1814,2022,4,19,109,Summer
2022-04-20,34.3,20.5,27.7,0.0,15.9,28.8,55.37,970.0,6.7738,2022,4,20,110,Summer
2022-04-21,33.7,20.8,27.0,0.0,18.2,28.0,59.52,970.0,7.1846,2022,4,21,111,Summer
2022-04-22,33.3,20.0,26.1,0.0,19.5,27.5,61.66,970.0,6.8038,2022,4,22,112,Summer
2022-04-23,33.0,20.5,26.3,0.0,16.3,27.7,65.9,970.0,5.496,2022,4,23,113,Summer
2022-04-24,33.2,20.2,26.3,0.0,13.9,27.3,52.58,970.0,6.4428,2022,4,24,114,Summer
2022-04-25,34.7,20.9,27.5,0.0,15.1,28.0,53.84,970.0,7.0882,2022,4,25,115,Summer
2022-04-26,34.7,21.5,27.9,0.0,14.7,28.5,46.97,970.0,7.1462,2022,4,26,116,Summer
2022-04-27,35.3,21.2,28.3,0.0,17.3,28.8,50.75,970.0,7.385,2022,4,27,117,Summer
2022-04-28,34.8,21.9,27.9,0.0,14.5,28.8,49.88,970.0,7.2876,2022,4,28,118,Summer
2022-04-29,37.1,21.8,28.9,0.0,18.0,29.3,47.9,970.0,6.7858,2022,4,29,119,Summer
2022-04-30,34.7,21.8,27.8,0.0,17.3,29.1,49.96,970.0,6.6233,2022,4,30,120,Summer
2022-05-01,34.2,21.6,27.8,0.0,14.2,29.2,52.38,970.0,6.1174,2022,5,1,121,Summer
2022-05-02,34.2,21.6,27.5,0.0,13.0,29.0,62.16,970.0,6.8995,2022,5,2,122,Summer
2022-05-03,34.0,20.6,26.5,1.6,21.6,28.5,63.48,970.0,6.8794,2022,5,3,123,Summer
2022-05-04,33.2,21.3,26.1,0.7,11.2,28.7,60.84,970.0,6.1505,2022,5,4,124,Summer
2022-05-05,31.4,20.2,24.7,0.6,16.7,27.8,65.39,970.0,5.2037,2022,5,5,125,Summer
2022-05-06,31.0,20.3,24.0,10.7,10.5,27.2,62.09,970.0,6.4536,2022,5,6,126,Summer
2022-05-07,31.5,20.1,25.3,0.6,15.5,27.8,64.03,970.0,6.0329,2022,5,7,127,Summer
2022-05-08,33.0,19.7,26.2,0.1,14.6,28.1,62.57,970.0,5.4852,2022,5,8,128,Summer
2022-05-09,31.5,19.9,25.7,0.1,13.7,27.6,65.58,970.0,4.6522,2022,5,9,129,Summer
2022-05-10,27.1,21.4,23.2,4.9,23.9,24.8,68.95,970.0,2.1125,2022,5,10,130,Summer
2022-05-11,25.5,20.8,22.7,0.4,27.7,22.9,73.35,970.0,3.7409,2022,5,11,131,Summer
2022-05-12,24.8,20.3,21.9,20.6,22.1,23.0,76.26,970.0,1.7938,2022,5,12,132,Summer
2022-05-13,27.2,20.2,22.6,18.1,20.4,24.4,73.96,970.0,3.7313,2022,5,13,133,Summer
2022-05-14,28.8,20.2,23.3,14.6,16.3,26.0,76.35,970.0,4.4462,2022,5,14,134,Summer
2022-05-15,29.1,20.8,23.8,17.3,15.6,26.7,84.68,970.0,5.4336,2022,5,15,135,Summer
2022-05-16,27.6,21.0,23.1,25.1,15.0,26.1,81.11,970.0,3.0094,2022,5,16,136,Summer
2022-05-17,28.0,20.6,23.1,18.0,10.9,26.6,71.44,970.0,4.2245,2022,5,17,137,Summer
2022-05-18,27.3,20.5,22.7,13.4,16.2,25.9,79.89,970.0,3.583,2022,5,18,138,Summer
2022-05-19,24.6,19.2,21.5,0.9,26.3,22.5,87.21,970.0,2.3282,2022,5,19,139,Summer
2022-05-20,26.1,18.5,22.1,4.9,22.9,23.2,82.12,970.0,4.8797,2022,5,20,140,Summer
2022-05-21,26.9,19.2,22.7,0.5,27.8,23.1,75.97,970.0,4.9402,2022,5,21,141,Summer
2022-05-22,27.8,19.8,22.8,0.6,23.1,23.9,77.29,970.0,4.8965,2022,5,22,142,Summer
2022-05-23,29.5,19.6,24.2,0.3,20.0,25.9,75.7,970.0,6.6266,2022,5,23,143,Summer
2022-05-24,29.5,20.1,24.5,0.4,14.6,27.1,73.19,970.0,7.1232,2022,5,24,144,Summer
2022-05-25,29.5,20.5,24.8,0.5,13.3,27.7,71.36,970.0,6.1416,2022,5,25,145,Summer
2022-05-26,29.5,19.9,23.6,3.6,12.6,26.4,73.94,970.0,6.2177,2022,5,26,146,Summer
2022-05-27,29.4,19.9,23.9,0.1,15.5,25.6,76.25,970.0,7.0229,2022,5,27,147,Summer
2022-05-28,29.5,19.2,24.1,0.3,15.5,26.0,73.33,970.0,7.2216,2022,5,28,148,Summer
2022-05-29,29.7,19.5,24.3,0.0,14.6,26.2,69.24,970.0,7.3958,2022,5,29,149,Summer
2022-05-30,29.9,19.5,23.8,6.2,22.0,26.1,71.11,970.0,6.2436,2022,5,30,150,Summer
2022-05-31,29.4,19.2,23.6,2.1,16.6,25.6,78.83,970.0,5.8433,2022,5,31,151,Summer
2022-06-01,29.1,19.4,23.1,4.8,18.9,25.4,79.46,970.0,6.0283,2022,6,1,152,Southwest Monsoon
2022-06-02,29.5,19.5,23.8,0.5,16.2,25.9,73.28,970.0,6.1488,2022,6,2,153,Southwest Monsoon
2022-06-03,29.8,19.7,23.9,8.7,24.0,26.4,74.95,970.0,6.7824,2022,6,3,154,Southwest Monsoon
2022-06-04,31.4,19.8,24.7,9.4,14.0,27.5,75.55,970.0,6.7843,2022,6,4,155,Southwest Monsoon
2022-06-05,30.2,20.2,24.0,15.1,21.0,26.8,76.26,970.0,6.3965,2022,6,5,156,Southwest Monsoon
2022-06-06,29.1,19.9,23.6,7.4,13.8,26.6,76.62,970.0,5.9563,2022,6,6,157,Southwest Monsoon
2022-06-07,27.3,19.9,23.1,1.3,18.4,25.2,76.44,970.0,4.518,2022,6,7,158,Southwest Monsoon
2022-06-08,29.4,19.9,23.7,0.4,19.5,25.6,75.07,970.0,6.7205,2022,6,8,159,Southwest Monsoon
2022-06-09,29.5,20.0,23.9,0.7,20.9,25.8,70.31,970.0,6.4265,2022,6,9,160,Southwest Monsoon
2022-06-10,29.0,19.4,23.9,1.8,21.2,25.3,72.59,970.0,6.0514,2022,6,10,161,Southwest Monsoon
2022-06-11,28.5,19.3,23.2,1.6,20.7,24.8,70.64,970.0,6.245,2022,6,11,162,Southwest Monsoon
2022-06-12,28.4,19.3,23.0,11.0,19.7,24.8,71.84,970.0,6.2458,2022,6,12,163,Southwest Monsoon
2022-06-13,28.8,19.2,23.7,0.1,16.9,25.7,73.8,970.0,6.0929,2022,6,13,164,Southwest Monsoon
2022-06-14,29.2,19.5,23.4,11.8,14.0,25.9,78.12,970.0,6.8002,2022,6,14,165,Southwest Monsoon
2022-06-15,27.6,20.5,23.1,0.5,16.6,25.4,80.65,970.0,4.8967,2022,6,15,166,Southwest Monsoon
2022-06-16,28.6,20.0,23.0,10.2,15.0,25.5,84.05,970.0,5.9342,2022,6,16,167,Southwest Monsoon
2022-06-17,28.1,19.5,22.8,7.7,12.2,25.9,84.67,970.0,6.0821,2022,6,17,168,Southwest Monsoon
2022-06-18,26.6,19.5,22.4,24.1,10.7,25.6,86.81,970.0,5.3758,2022,6,18,169,Southwest Monsoon
2022-06-19,27.6,20.0,22.8,3.0,12.4,25.3,86.05,970.0,5.7353,2022,6,19,170,Southwest Monsoon
2022-06-20,28.0,19.2,23.0,1.7,16.2,25.1,79.53,970.0,5.3738,2022,6,20,171,Southwest Monsoon
2022-06-21,27.0,19.8,22.2,7.1,19.9,23.6,81.91,970.0,4.8444,2022,6,21,172,Southwest Monsoon
2022-06-22,26.2,19.9,22.2,0.9,19.7,23.7,85.63,970.0,3.9394,2022,6,22,173,Southwest Monsoon
2022-06-23,26.8,19.6,22.1,0.9,21.1,23.7,80.31,970.0,4.4534,2022,6,23,174,Southwest Monsoon
2022-06-24,27.5,19.4,23.1,1.2,25.1,24.1,84.76,970.0,6.0874,2022,6,24,175,Southwest Monsoon
2022-06-25,27.9,19.6,22.5,10.2,27.2,23.2,81.21,970.0,3.9571,2022,6,25,176,Southwest Monsoon
2022-06-26,27.1,20.2,23.2,1.0,27.5,23.5,79.43,970.0,5.2819,2022,6,26,177,Southwest Monsoon
2022-06-27,27.9,19.6,23.1,0.5,23.8,23.5,76.61,970.0,4.843,2022,6,27,178,Southwest Monsoon
2022-06-28,27.4,19.5,22.9,1.0,19.5,23.9,77.12,970.0,5.1413,2022,6,28,179,Southwest Monsoon
2022-06-29,27.7,19.9,22.6,3.0,22.6,23.9,79.52,970.0,5.5906,2022,6,29,180,Southwest Monsoon
2022-06-30,27.6,19.5,22.4,13.3,19.7,23.9,82.75,970.0,4.4868,2022,6,30,181,Southwest Monsoon
2022-07-01,27.2,19.6,22.9,6.3,24.9,24.0,84.03,970.0,4.8552,2022,7,1,182,Southwest Monsoon
2022-07-02,28.2,19.6,23.4,3.4,24.1,24.6,84.87,970.0,4.7966,2022,7,2,183,Southwest Monsoon
2022-07-03,28.0,20.0,22.6,4.9,20.0,23.9,81.4,970.0,4.0721,2022,7,3,184,Southwest Monsoon
2022-07-04,25.2,20.3,21.8,1.7,29.2,22.1,83.42,970.0,3.8208,2022,7,4,185,Southwest Monsoon
2022-07-05,24.0,19.8,21.3,10.3,27.2,21.9,84.1,970.0,3.5762,2022,7,5,186,Southwest Monsoon
2022-07-06,24.9,19.7,21.6,3.6,25.9,22.4,81.81,970.0,2.635,2022,7,6,187,Southwest Monsoon
2022-07-07,24.1,19.8,21.3,15.2,24.5,22.2,83.8,970.0,3.1642,2022,7,7,188,Southwest Monsoon
2022-07-08,26.1,19.5,22.1,1.4,31.1,22.1,82.37,970.0,3.9317,2022,7,8,189,Southwest Monsoon
2022-07-09,23.7,19.5,21.0,11.4,27.7,21.4,83.41,970.0,3.1046,2022,7,9,190,Southwest Monsoon
2022-07-10,25.0,19.5,21.4,4.1,30.1,21.9,80.17,970.0,3.5081,2022,7,10,191,Southwest Monsoon
2022-07-11,24.1,19.3,21.0,5.0,27.8,21.2,80.01,970.0,2.8495,2022,7,11,192,Southwest Monsoon
2022-07-12,26.1,19.0,22.1,0.9,32.0,21.6,80.38,970.0,4.7652,2022,7,12,193,Southwest Monsoon
2022-07-13,26.2,19.7,21.8,3.3,32.8,21.3,78.86,970.0,3.7022,2022,7,13,194,Southwest Monsoon
2022-07-14,26.2,19.6,22.1,5.3,34.8,21.4,78.31,970.0,3.4697,2022,7,14,195,Southwest Monsoon
2022-07-15,27.0,19.7,22.8,1.7,29.2,22.6,76.98,970.0,4.0687,2022,7,15,196,Southwest Monsoon
2022-07-16,27.1,19.6,22.3,7.2,29.0,23.1,80.63,970.0,3.9778,2022,7,16,197,Southwest Monsoon
2022-07-17,27.7,19.8,22.6,5.0,27.0,23.5,81.89,970.0,4.1066,2022,7,17,198,Southwest Monsoon
2022-07-18,26.8,20.0,22.1,5.0,22.1,23.8,82.1,970.0,3.397,2022,7,18,199,Southwest Monsoon
2022-07-19,27.5,18.9,22.5,1.8,17.7,24.5,82.54,970.0,5.963,2022,7,19,200,Southwest Monsoon
2022-07-20,28.6,19.8,23.1,18.6,12.2,25.9,81.67,970.0,5.4278,2022,7,20,201,Southwest Monsoon
2022-07-21,28.0,20.0,22.8,10.0,17.3,25.2,84.52,970.0,5.0395,2022,7,21,202,Southwest Monsoon
2022-07-22,26.9,20.0,22.4,12.9,16.9,24.5,86.68,970.0,3.7154,2022,7,22,203,Southwest Monsoon
2022-07-23,27.0,19.2,22.0,1.6,19.8,23.5,82.61,970.0,4.1777,2022,7,23,204,Southwest Monsoon
2022-07-24,26.3,18.7,22.1,1.7,22.5,23.4,80.88,970.0,4.1309,2022,7,24,205,Southwest Monsoon
2022-07-25,27.4,18.6,22.8,0.3,19.8,24.3,80.91,970.0,5.3834,2022,7,25,206,Southwest Monsoon
2022-07-26,26.9,19.1,22.2,2.5,16.8,24.3,84.1,970.0,4.7441,2022,7,26,207,Southwest Monsoon
2022-07-27,28.4,18.3,22.3,5.6,13.7,25.0,85.09,970.0,4.7338,2022,7,27,208,Southwest Monsoon
2022-07-28,28.0,19.1,22.6,4.9,12.2,25.8,78.61,970.0,5.7974,2022,7,28,209,Southwest Monsoon
2022-07-29,29.0,18.7,22.9,5.0,12.5,26.2,80.18,970.0,5.9801,2022,7,29,210,Southwest Monsoon
2022-07-30,28.2,18.9,23.0,12.7,12.9,26.1,76.57,970.0,5.9842,2022,7,30,211,Southwest Monsoon
2022-07-31,28.2,19.3,22.9,9.9,11.5,25.9,84.58,970.0,4.9865,2022,7,31,212,Southwest Monsoon
2022-08-01,27.9,19.9,22.7,39.6,12.0,25.6,84.35,970.0,5.6124,2022,8,1,213,Southwest Monsoon
2022-08-02,27.6,19.6,22.5,25.0,14.1,25.1,83.76,970.0,4.5526,2022,8,2,214,Southwest Monsoon
2022-08-03,26.8,19.2,21.7,17.7,11.4,24.6,83.4,970.0,3.2885,2022,8,3,215,Southwest Monsoon
2022-08-04,25.0,19.6,21.6,17.6,18.9,24.0,85.69,970.0,2.3064,2022,8,4,216,Southwest Monsoon
2022-08-05,23.1,19.6,20.8,24.2,31.9,21.0,84.42,970.0,3.012,2022,8,5,217,Southwest Monsoon
2022-08-06,25.0,19.6,21.5,5.2,28.6,21.6,84.33,970.0,3.3806,2022,8,6,218,Southwest Monsoon
2022-08-07,24.0,20.0,21.5,5.2,29.9,21.9,86.36,970.0,3.1507,2022,8,7,219,Southwest Monsoon
2022-08-08,25.9,19.8,21.9,3.7,32.4,21.9,85.48,970.0,3.4805,2022,8,8,220,Southwest Monsoon
2022-08-09,26.4,19.9,22.3,0.9,36.6,21.5,81.48,970.0,3.852,2022,8,9,221,Southwest Monsoon
2022-08-10,26.5,19.4,22.2,2.5,34.9,21.5,81.41,970.0,4.9406,2022,8,10,222,Southwest Monsoon
2022-08-11,27.1,19.4,22.5,1.7,32.0,22.1,82.13,970.0,4.6963,2022,8,11,223,Southwest Monsoon
2022-08-12,26.7,20.0,22.8,1.0,28.2,22.8,81.25,970.0,4.6507,2022,8,12,224,Southwest Monsoon
2022-08-13,27.4,19.2,22.5,0.5,23.1,23.2,82.48,970.0,5.5267,2022,8,13,225,Southwest Monsoon
2022-08-14,26.2,18.7,22.2,0.0,22.5,22.6,78.98,970.0,4.6058,2022,8,14,226,Southwest Monsoon
2022-08-15,27.6,18.3,22.5,0.0,18.4,24.0,78.49,970.0,5.1346,2022,8,15,227,Southwest Monsoon
2022-08-16,27.7,18.5,23.0,0.3,12.8,25.4,76.83,970.0,6.3144,2022,8,16,228,Southwest Monsoon
2022-08-17,28.0,18.6,23.4,0.2,11.9,25.8,79.47,970.0,5.9726,2022,8,17,229,Southwest Monsoon
2022-08-18,28.3,19.2,23.3,0.9,16.9,25.2,86.48,970.0,5.0671,2022,8,18,230,Southwest Monsoon
2022-08-19,27.5,19.9,23.0,0.3,19.2,24.7,84.18,970.0,4.7652,2022,8,19,231,Southwest Monsoon
2022-08-20,27.1,19.0,22.9,0.3,16.9,24.2,83.98,970.0,4.8173,2022,8,20,232,Southwest Monsoon
2022-08-21,26.0,19.2,22.2,3.6,17.6,23.9,85.15,970.0,4.5955,2022,8,21,233,Southwest Monsoon
2022-08-22,27.2,19.4,22.1,4.4,23.5,23.4,85.48,970.0,4.3805,2022,8,22,234,Southwest Monsoon
2022-08-23,27.5,19.2,22.1,3.2,20.6,23.5,83.66,970.0,5.5862,2022,8,23,235,Southwest Monsoon
2022-08-24,25.8,19.1,21.3,8.0,19.0,22.8,84.98,970.0,4.343,2022,8,24,236,Southwest Monsoon
2022-08-25,26.7,19.1,21.7,9.3,18.0,23.5,86.29,970.0,3.9221,2022,8,25,237,Southwest Monsoon
2022-08-26,26.1,19.1,21.8,20.2,16.4,23.9,90.52,970.0,4.3651,2022,8,26,238,Southwest Monsoon
2022-08-27,27.4,19.4,21.7,16.7,17.0,23.9,89.28,970.0,4.2254,2022,8,27,239,Southwest Monsoon
2022-08-28,27.0,19.3,22.1,4.2,16.3,24.3,86.92,970.0,5.4823,2022,8,28,240,Southwest Monsoon
2022-08-29,27.1,19.2,22.1,17.3,10.7,24.9,89.66,970.0,3.9293,2022,8,29,241,Southwest Monsoon
2022-08-30,28.0,19.2,22.7,9.3,14.7,25.6,86.74,970.0,5.5318,2022,8,30,242,Southwest Monsoon
2022-08-31,27.5,19.5,22.3,5.2,20.1,25.0,90.56,970.0,4.9387,2022,8,31,243,Southwest Monsoon
2022-09-01,27.0,19.5,21.9,12.5,14.4,24.9,83.85,970.0,3.2592,2022,9,1,244,Southwest Monsoon
2022-09-02,27.6,19.1,22.7,1.4,12.1,25.1,85.24,970.0,5.0748,2022,9,2,245,Southwest Monsoon
2022-09-03,27.9,19.0,23.0,1.6,8.6,26.4,82.53,970.0,5.6035,2022,9,3,246,Southwest Monsoon
2022-09-04,28.5,19.0,23.1,11.8,11.9,26.4,89.64,970.0,5.4401,2022,9,4,247,Southwest Monsoon
2022-09-05,28.7,19.2,22.6,5.8,12.4,25.8,83.96,970.0,5.8433,2022,9,5,248,Southwest Monsoon
2022-09-06,27.5,18.2,22.0,12.7,11.0,25.4,86.43,970.0,4.8178,2022,9,6,249,Southwest Monsoon
2022-09-07,26.2,19.8,21.8,8.1,16.6,24.0,88.64,970.0,4.374,2022,9,7,250,Southwest Monsoon
2022-09-08,23.5,19.6,21.1,7.3,18.9,22.6,89.52,970.0,2.8634,2022,9,8,251,Southwest Monsoon
2022-09-09,26.2,19.4,22.0,3.0,22.6,23.5,90.33,970.0,4.4225,2022,9,9,252,Southwest Monsoon
2022-09-10,26.7,19.9,21.9,8.9,23.5,22.9,88.73,970.0,3.8506,2022,9,10,253,Southwest Monsoon
2022-09-11,26.9,19.5,22.5,2.6,30.4,22.9,88.36,970.0,3.9451,2022,9,11,254,Southwest Monsoon
2022-09-12,27.0,19.5,22.5,0.8,31.1,22.7,86.68,970.0,5.0959,2022,9,12,255,Southwest Monsoon
2022-09-13,27.0,18.6,22.2,1.2,22.4,23.3,87.81,970.0,4.5883,2022,9,13,256,Southwest Monsoon
2022-09-14,27.0,19.4,22.1,1.2,19.2,23.9,88.65,970.0,4.963,2022,9,14,257,Southwest Monsoon
2022-09-15,26.4,18.6,22.0,0.8,18.7,23.5,88.61,970.0,5.0366,2022,9,15,258,Southwest Monsoon
2022-09-16,27.5,18.3,22.3,0.1,17.9,23.7,87.24,970.0,5.2495,2022,9,16,259,Southwest Monsoon
2022-09-17,27.2,18.6,22.4,0.4,14.4,24.4,87.76,970.0,6.0192,2022,9,17,260,Southwest Monsoon
2022-09-18,27.1,18.5,22.6,0.4,14.8,24.3,86.23,970.0,5.6083,2022,9,18,261,Southwest Monsoon
2022-09-19,27.4,18.9,22.1,0.4,20.9,23.4,86.55,970.0,5.1706,2022,9,19,262,Southwest Monsoon
2022-09-20,27.3,17.5,21.7,0.1,21.0,23.0,82.76,970.0,5.4958,2022,9,20,263,Southwest Monsoon
2022-09-21,27.0,17.9,21.9,0.9,17.8,23.0,84.6,970.0,5.5558,2022,9,21,264,Southwest Monsoon
2022-09-22,27.5,18.2,21.9,0.0,20.5,22.9,81.47,970.0,6.3554,2022,9,22,265,Southwest Monsoon
2022-09-23,27.1,17.5,22.0,0.4,16.9,23.2,84.75,970.0,6.0329,2022,9,23,266,Southwest Monsoon
2022-09-24,28.0,18.1,22.3,1.6,17.9,23.6,84.27,970.0,5.622,2022,9,24,267,Southwest Monsoon
2022-09-25,27.8,18.2,22.6,0.6,14.5,24.1,82.71,970.0,6.0154,2022,9,25,268,Southwest Monsoon
2022-09-26,26.4,19.4,22.3,3.0,16.3,24.0,86.46,970.0,4.5874,2022,9,26,269,Southwest Monsoon
2022-09-27,27.6,19.9,23.0,1.2,16.4,24.8,87.8,970.0,4.523,2022,9,27,270,Southwest Monsoon
2022-09-28,27.9,19.9,23.5,0.3,14.3,25.2,85.5,970.0,4.2722,2022,9,28,271,Southwest Monsoon
2022-09-29,27.9,18.8,22.8,0.0,17.1,24.3,87.46,970.0,4.5475,2022,9,29,272,Southwest Monsoon
2022-09-30,24.9,18.6,21.2,8.1,19.7,22.4,89.82,970.0,4.0219,2022,9,30,273,Southwest Monsoon
2022-10-01,22.9,19.5,20.6,6.0,17.9,21.9,87.97,970.0,3.3346,2022,10,1,274,Post-Monsoon
2022-10-02,26.9,19.5,22.0,0.9,20.4,23.5,86.06,970.0,3.9888,2022,10,2,275,Post-Monsoon
2022-10-03,26.8,18.5,22.4,0.7,19.2,23.7,86.38,970.0,3.6454,2022,10,3,276,Post-Monsoon
2022-10-04,26.8,18.5,22.3,0.2,19.0,23.8,88.88,970.0,4.7705,2022,10,4,277,Post-Monsoon
2022-10-05,27.2,19.0,22.6,1.2,17.9,24.5,91.06,970.0,4.0678,2022,10,5,278,Post-Monsoon
2022-10-06,25.6,19.1,21.5,5.5,16.8,23.2,87.63,970.0,3.5292,2022,10,6,279,Post-Monsoon
2022-10-07,26.8,17.7,21.8,1.1,14.5,23.1,85.87,970.0,5.9002,2022,10,7,280,Post-Monsoon
2022-10-08,27.0,16.5,22.1,0.1,11.3,23.9,87.17,970.0,5.105,2022,10,8,281,Post-Monsoon
2022-10-09,26.1,18.8,21.6,15.9,13.8,24.2,89.22,970.0,3.1147,2022,10,9,282,Post-Monsoon
2022-10-10,26.8,19.2,21.9,9.7,9.4,24.9,88.5,970.0,3.2402,2022,10,10,283,Post-Monsoon
2022-10-11,25.9,19.6,22.1,6.5,13.9,25.0,89.62,970.0,3.4406,2022,10,11,284,Post-Monsoon
2022-10-12,26.0,18.8,21.4,23.6,10.8,24.2,88.71,970.0,3.7709,2022,10,12,285,Post-Monsoon
2022-10-13,26.4,18.6,21.8,21.9,9.8,24.7,88.68,970.0,4.6682,2022,10,13,286,Post-Monsoon
2022-10-14,26.5,19.0,21.9,8.2,10.3,24.7,84.27,970.0,4.7856,2022,10,14,287,Post-Monsoon
2022-10-15,27.4,18.8,22.3,7.8,13.8,24.8,88.47,970.0,4.0493,2022,10,15,288,Post-Monsoon
2022-10-16,26.5,18.9,22.0,17.1,13.8,24.8,88.52,970.0,4.0459,2022,10,16,289,Post-Monsoon
2022-10-17,27.3,19.5,22.3,2.7,16.2,24.9,89.33,970.0,4.7184,2022,10,17,290,Post-Monsoon
2022-10-18,26.4,19.0,21.9,2.9,9.7,24.8,87.66,970.0,4.8494,2022,10,18,291,Post-Monsoon
2022-10-19,27.1,18.1,21.9,6.5,7.2,24.8,85.27,970.0,5.0278,2022,10,19,292,Post-Monsoon
2022-10-20,26.9,18.1,21.6,10.7,15.3,24.2,86.27,970.0,5.1739,2022,10,20,293,Post-Monsoon
2022-10-21,27.0,18.1,21.6,2.7,18.9,23.6,87.28,970.0,4.5305,2022,10,21,294,Post-Monsoon
2022-10-22,26.8,17.5,21.5,0.0,16.8,23.0,87.45,970.0,5.1178,2022,10,22,295,Post-Monsoon
2022-10-23,25.7,16.0,20.4,0.0,13.6,21.2,83.79,970.0,5.9285,2022,10,23,296,Post-Monsoon
2022-10-24,25.0,14.9,19.5,0.0,15.7,19.0,76.05,970.0,6.2114,2022,10,24,297,Post-Monsoon
2022-10-25,25.0,13.8,19.7,0.0,10.7,19.3,70.96,970.0,6.6293,2022,10,25,298,Post-Monsoon
2022-10-26,25.6,14.6,20.1,0.0,10.3,20.6,71.17,970.0,6.4344,2022,10,26,299,Post-Monsoon
2022-10-27,27.1,15.4,20.7,0.0,12.4,20.6,78.36,970.0,6.4078,2022,10,27,300,Post-Monsoon
2022-10-28,25.9,17.2,20.9,0.3,15.5,21.7,86.9,970.0,4.165,2022,10,28,301,Post-Monsoon
2022-10-29,26.0,18.1,21.6,1.0,19.0,22.6,87.82,970.0,3.9089,2022,10,29,302,Post-Monsoon
2022-10-30,25.9,18.4,21.4,1.5,17.6,22.7,86.69,970.0,3.5419,2022,10,30,303,Post-Monsoon
2022-10-31,26.4,17.6,21.3,0.0,16.5,21.9,88.26,970.0,5.4024,2022,10,31,304,Post-Monsoon
2022-11-01,24.5,17.1,20.1,14.0,16.4,21.3,93.18,970.0,2.9849,2022,11,1,305,Post-Monsoon
2022-11-02,23.6,17.5,19.8,9.9,19.4,20.8,89.63,970.0,2.6011,2022,11,2,306,Post-Monsoon
2022-11-03,25.2,18.6,21.3,0.3,19.1,22.3,85.56,970.0,2.9981,2022,11,3,307,Post-Monsoon
2022-11-04,26.7,18.9,21.9,1.3,20.0,23.2,86.1,970.0,3.8054,2022,11,4,308,Post-Monsoon
2022-11-05,26.9,19.0,21.9,0.5,18.7,23.0,84.18,970.0,5.2735,2022,11,5,309,Post-Monsoon
2022-11-06,26.1,17.8,21.4,0.4,18.5,22.3,88.35,970.0,3.8446,2022,11,6,310,Post-Monsoon
2022-11-07,26.2,17.1,21.0,0.0,15.2,21.3,82.15,970.0,5.7938,2022,11,7,311,Post-Monsoon
2022-11-08,27.1,17.1,21.4,0.0,15.9,21.8,87.6,970.0,5.3198,2022,11,8,312,Post-Monsoon
2022-11-09,26.9,16.2,21.0,0.0,13.9,21.0,84.77,970.0,5.0839,2022,11,9,313,Post-Monsoon
2022-11-10,27.1,16.5,21.2,0.3,17.7,21.5,84.91,970.0,5.3381,2022,11,10,314,Post-Monsoon
2022-11-11,21.9,18.0,19.4,20.5,23.9,19.5,88.59,970.0,1.2696,2022,11,11,315,Post-Monsoon
2022-11-12,23.1,18.6,20.5,3.0,26.8,21.0,91.92,970.0,1.4719,2022,11,12,316,Post-Monsoon
2022-11-13,24.5,18.6,21.0,2.0,23.6,22.1,89.24,970.0,2.9081,2022,11,13,317,Post-Monsoon
2022-11-14,26.5,18.4,21.4,1.5,16.3,22.6,88.72,970.0,4.5689,2022,11,14,318,Post-Monsoon
2022-11-15,25.9,18.2,21.4,1.5,12.6,23.2,87.62,970.0,4.3997,2022,11,15,319,Post-Monsoon
2022-11-16,26.8,18.0,21.7,0.0,11.2,22.9,86.23,970.0,5.0131,2022,11,16,320,Post-Monsoon
2022-11-17,25.9,14.8,19.9,0.0,13.0,19.8,78.06,970.0,5.3782,2022,11,17,321,Post-Monsoon
2022-11-18,25.8,13.4,19.1,0.0,14.3,17.9,75.28,970.0,5.7118,2022,11,18,322,Post-Monsoon
2022-11-19,25.4,13.1,18.9,0.0,16.8,18.0,79.84,970.0,5.1041,2022,11,19,323,Post-Monsoon
2022-11-20,24.6,12.9,18.6,0.0,13.4,18.0,77.83,970.0,4.6306,2022,11,20,324,Post-Monsoon
2022-11-21,25.0,13.8,19.3,0.1,13.8,18.6,87.67,970.0,5.4324,2022,11,21,325,Post-Monsoon
2022-11-22,24.7,16.6,20.0,1.8,15.6,21.0,89.71,970.0,2.3455,2022,11,22,326,Post-Monsoon
2022-11-23,24.1,18.4,20.4,8.3,8.3,22.8,89.41,970.0,2.621,2022,11,23,327,Post-Monsoon
2022-11-24,26.4,19.2,21.2,3.7,16.4,23.3,87.46,970.0,1.8593,2022,11,24,328,Post-Monsoon
2022-11-25,26.6,18.2,21.7,0.4,15.3,22.9,86.21,970.0,4.5974,2022,11,25,329,Post-Monsoon
2022-11-26,27.3,18.0,21.6,0.0,11.5,23.0,84.52,970.0,5.1242,2022,11,26,330,Post-Monsoon
2022-11-27,26.8,18.5,22.1,0.8,11.5,24.0,83.69,970.0,4.1122,2022,11,27,331,Post-Monsoon
2022-11-28,27.3,18.8,22.3,0.9,9.1,24.3,85.45,970.0,3.3878,2022,11,28,332,Post-Monsoon
2022-11-29,27.2,18.1,22.0,0.1,12.6,23.1,83.85,970.0,3.5573,2022,11,29,333,Post-Monsoon
2022-11-30,26.0,15.8,20.1,0.0,12.3,20.3,78.73,970.0,5.1139,2022,11,30,334,Post-Monsoon
2022-12-01,26.4,16.6,21.0,0.7,17.7,22.0,87.83,970.0,3.4111,2022,12,1,335,Winter
2022-12-02,26.9,19.0,22.3,0.0,14.2,23.5,86.09,970.0,4.3243,2022,12,2,336,Winter
2022-12-03,27.3,18.4,22.2,0.3,17.7,23.2,85.71,970.0,5.1905,2022,12,3,337,Winter
2022-12-04,27.7,19.2,22.6,0.0,17.2,23.3,86.33,970.0,5.034,2022,12,4,338,Winter
2022-12-05,27.2,17.1,21.7,0.0,20.8,22.2,87.18,970.0,4.0178,2022,12,5,339,Winter
2022-12-06,27.1,17.9,21.9,0.0,14.4,22.6,84.93,970.0,3.2738,2022,12,6,340,Winter
2022-12-07,27.0,16.5,20.5,0.0,16.5,19.9,80.51,970.0,3.9799,2022,12,7,341,Winter
2022-12-08,25.6,15.9,20.6,0.2,18.4,19.3,77.64,970.0,3.7375,2022,12,8,342,Winter
2022-12-09,20.5,15.8,18.0,3.4,21.6,16.2,83.38,970.0,2.4468,2022,12,9,343,Winter
2022-12-10,18.5,16.6,17.7,32.5,25.8,17.4,93.76,970.0,1.5281,2022,12,10,344,Winter
2022-12-11,21.9,17.9,19.5,4.5,14.8,20.7,90.83,970.0,1.9121,2022,12,11,345,Winter
2022-12-12,23.9,18.4,20.6,4.0,17.8,22.0,92.76,970.0,2.6482,2022,12,12,346,Winter
2022-12-13,24.5,18.9,20.7,7.0,20.3,21.6,89.84,970.0,3.367,2022,12,13,347,Winter
2022-12-14,25.0,17.8,20.6,0.1,21.3,21.0,86.79,970.0,3.8078,2022,12,14,348,Winter
2022-12-15,25.6,15.8,20.0,0.0,14.8,20.0,79.32,970.0,5.8819,2022,12,15,349,Winter
2022-12-16,26.0,15.2,19.8,0.0,16.6,19.0,76.11,970.0,5.8961,2022,12,16,350,Winter
2022-12-17,26.1,15.2,20.1,0.0,18.8,20.2,84.12,970.0,5.2687,2022,12,17,351,Winter
2022-12-18,26.0,16.5,20.6,0.0,21.0,21.2,86.92,970.0,4.1582,2022,12,18,352,Winter
2022-12-19,24.6,16.6,19.9,0.1,17.1,19.9,84.75,970.0,5.2879,2022,12,19,353,Winter
2022-12-20,26.4,14.9,19.8,0.0,16.4,19.8,81.31,970.0,5.1331,2022,12,20,354,Winter
2022-12-21,25.8,14.9,19.3,0.0,16.2,18.7,75.49,970.0,5.4612,2022,12,21,355,Winter
2022-12-22,25.8,14.3,19.2,0.0,19.2,18.3,77.37,970.0,5.8138,2022,12,22,356,Winter
2022-12-23,26.4,13.3,19.3,0.0,14.5,18.8,84.27,970.0,5.5642,2022,12,23,357,Winter
2022-12-24,26.7,12.9,19.3,0.0,15.3,18.6,83.55,970.0,5.6129,2022,12,24,358,Winter
2022-12-25,25.5,16.1,20.2,1.5,21.2,20.9,87.92,970.0,2.4022,2022,12,25,359,Winter
2022-12-26,26.4,19.0,21.6,0.8,19.6,22.5,87.28,970.0,2.9023,2022,12,26,360,Winter
2022-12-27,26.6,18.8,21.7,1.4,19.7,22.6,87.3,970.0,2.8742,2022,12,27,361,Winter
2022-12-28,27.0,18.5,22.0,0.0,14.2,23.0,85.92,970.0,5.2877,2022,12,28,362,Winter
2022-12-29,27.4,16.5,21.0,0.0,14.1,21.6,82.26,970.0,5.6518,2022,12,29,363,Winter
2022-12-30,27.1,15.8,20.7,0.0,13.9,20.8,78.02,970.0,5.8915,2022,12,30,364,Winter
2022-12-31,27.1,14.8,20.3,0.0,10.4,20.1,73.82,970.0,5.9016,2022,12,31,365,Winter
2023-01-01,27.5,14.9,20.7,0.0,16.0,20.3,76.63,970.0,5.7029,2023,1,1,1,Winter
2023-01-02,26.7,15.5,20.5,0.0,16.2,19.8,81.34,970.0,5.8274,2023,1,2,2,Winter
2023-01-03,26.5,14.9,20.0,0.0,14.1,19.9,80.9,970.0,5.2486,2023,1,3,3,Winter
2023-01-04,26.4,16.0,20.4,0.0,17.0,19.9,80.99,970.0,5.4226,2023,1,4,4,Winter
2023-01-05,25.1,15.8,20.0,0.1,20.4,19.3,81.13,970.0,4.123,2023,1,5,5,Winter
2023-01-06,26.8,14.9,19.8,0.0,22.9,18.9,83.05,970.0,4.7527,2023,1,6,6,Winter
2023-01-07,26.5,15.3,20.3,0.0,18.1,19.7,82.9,970.0,4.7933,2023,1,7,7,Winter
2023-01-08,26.6,15.8,20.3,0.0,15.0,19.9,80.76,970.0,4.8257,2023,1,8,8,Winter
2023-01-09,26.1,14.4,19.0,0.0,14.4,17.5,71.84,970.0,5.7802,2023,1,9,9,Winter
2023-01-10,26.6,12.6,18.4,0.0,17.1,16.9,74.99,970.0,6.0768,2023,1,10,10,Winter
2023-01-11,27.2,11.9,18.7,0.0,14.7,17.2,71.12,970.0,6.15,2023,1,11,11,Winter
2023-01-12,28.2,12.8,19.7,0.0,13.5,18.1,65.4,970.0,6.2726,2023,1,12,12,Winter
2023-01-13,28.4,12.2,19.7,0.0,14.1,18.5,71.58,970.0,5.2858,2023,1,13,13,Winter
2023-01-14,29.0,13.4,19.9,0.0,13.9,18.5,68.49,970.0,6.0014,2023,1,14,14,Winter
2023-01-15,28.4,11.9,19.7,0.0,14.2,18.2,68.45,970.0,6.2244,2023,1,15,15,Winter
2023-01-16,29.0,12.4,20.1,0.0,17.0,19.2,68.26,970.0,6.131,2023,1,16,16,Winter
2023-01-17,28.5,14.1,20.0,0.0,16.0,18.9,70.56,970.0,6.2244,2023,1,17,17,Winter
2023-01-18,27.5,13.5,19.3,0.0,14.8,18.4,73.7,970.0,6.2028,2023,1,18,18,Winter
2023-01-19,27.1,13.6,19.4,0.0,14.2,18.1,70.27,970.0,6.3518,2023,1,19,19,Winter
2023-01-20,26.5,13.5,19.4,0.0,16.7,19.0,79.29,970.0,5.6059,2023,1,20,20,Winter
2023-01-21,26.5,16.6,21.0,0.0,16.6,20.7,76.61,970.0,4.9771,2023,1,21,21,Winter
2023-01-22,26.7,14.7,20.2,0.0,17.9,19.0,70.86,970.0,5.531,2023,1,22,22,Winter
2023-01-23,27.4,14.9,20.4,0.0,16.6,20.1,79.09,970.0,4.6157,2023,1,23,23,Winter
2023-01-24,27.9,17.9,21.9,0.0,17.6,21.8,75.82,970.0,3.8263,2023,1,24,24,Winter
2023-01-25,27.8,16.0,20.7,0.0,16.7,19.8,72.94,970.0,5.7528,2023,1,25,25,Winter
2023-01-26,27.8,15.0,20.4,0.0,16.5,19.8,70.88,970.0,6.0672,2023,1,26,26,Winter
2023-01-27,28.2,15.2,20.7,0.0,14.4,20.0,67.89,970.0,6.1668,2023,1,27,27,Winter
2023-01-28,27.9,13.9,20.1,0.0,16.6,18.6,63.64,970.0,6.2993,2023,1,28,28,Winter
2023-01-29,27.7,13.5,20.5,0.0,22.8,19.1,67.93,970.0,6.0355,2023,1,29,29,Winter
2023-01-30,27.1,17.0,21.4,2.3,15.0,22.0,76.99,970.0,4.2458,2023,1,30,30,Winter
2023-01-31,29.0,17.5,22.1,0.0,19.7,21.8,70.23,970.0,5.0597,2023,1,31,31,Winter
2023-02-01,28.4,15.7,21.7,0.0,20.5,20.4,65.42,970.0,5.347,2023,2,1,32,Winter
2023-02-02,29.0,17.2,22.2,0.0,26.0,20.1,66.39,970.0,4.085,2023,2,2,33,Winter
2023-02-03,26.5,16.4,21.5,0.0,23.2,20.4,68.59,970.0,2.609,2023,2,3,34,Winter
2023-02-04,29.1,17.0,22.5,0.0,20.6,21.5,66.01,970.0,6.2198,2023,2,4,35,Winter
2023-02-05,30.0,16.5,22.7,0.0,16.4,21.2,59.22,970.0,6.3878,2023,2,5,36,Winter
2023-02-06,29.4,15.9,22.1,0.0,15.5,21.0,63.84,970.0,6.023,2023,2,6,37,Winter
2023-02-07,29.7,15.9,22.5,0.0,10.5,22.8,63.89,970.0,6.2628,2023,2,7,38,Winter
2023-02-08,30.9,17.0,23.4,0.0,15.9,22.7,61.95,970.0,6.0336,2023,2,8,39,Winter
2023-02-09,30.2,16.9,23.0,0.0,15.9,22.1,61.56,970.0,6.3113,2023,2,9,40,Winter
2023-02-10,30.1,16.2,22.7,0.0,18.2,21.2,62.36,970.0,6.2729,2023,2,10,41,Winter
2023-02-11,30.2,14.8,22.4,0.0,15.6,20.7,56.14,970.0,6.0737,2023,2,11,42,Winter
2023-02-12,31.0,16.0,23.0,0.0,17.7,21.3,51.88,970.0,6.7478,2023,2,12,43,Winter
2023-02-13,30.5,16.4,23.0,0.0,21.1,20.9,49.12,970.0,6.8412,2023,2,13,44,Winter
2023-02-14,30.5,15.6,22.5,0.0,14.0,20.6,54.11,970.0,6.9161,2023,2,14,45,Winter
2023-02-15,30.6,14.7,22.5,0.0,16.9,20.5,53.67,970.0,6.9379,2023,2,15,46,Winter
2023-02-16,30.5,15.6,22.8,0.0,19.5,20.5,52.86,970.0,6.7296,2023,2,16,47,Winter
2023-02-17,30.4,15.4,22.6,0.0,18.1,20.7,57.93,970.0,6.8825,2023,2,17,48,Winter
2023-02-18,30.2,14.8,22.6,0.0,13.9,21.2,58.81,970.0,6.9046,2023,2,18,49,Winter
2023-02-19,29.9,15.4,22.5,0.0,13.8,22.0,59.3,970.0,6.7764,2023,2,19,50,Winter
2023-02-20,30.0,16.4,22.9,0.0,14.5,22.5,53.76,970.0,6.8902,2023,2,20,51,Winter
2023-02-21,31.0,16.9,23.4,0.0,16.6,21.8,52.44,970.0,6.9132,2023,2,21,52,Winter
2023-02-22,31.1,16.6,23.5,0.0,15.7,21.7,52.07,970.0,6.7018,2023,2,22,53,Winter
2023-02-23,31.0,15.1,22.6,0.0,20.3,20.0,51.75,970.0,7.2785,2023,2,23,54,Winter
2023-02-24,31.4,14.1,22.5,0.0,16.9,20.2,47.05,970.0,7.356,2023,2,24,55,Winter
2023-02-25,31.6,15.4,23.5,0.0,21.1,20.8,39.21,970.0,7.3694,2023,2,25,56,Winter
2023-02-26,30.5,16.4,23.1,0.0,21.3,19.9,43.36,970.0,7.0548,2023,2,26,57,Winter
2023-02-27,29.9,13.9,21.7,0.0,21.0,19.2,50.01,970.0,7.326,2023,2,27,58,Winter
2023-02-28,30.7,14.2,22.1,0.0,22.0,20.3,51.97,970.0,6.7126,2023,2,28,59,Winter
2023-03-01,30.0,18.1,23.5,0.0,20.4,22.3,56.23,970.0,6.1747,2023,3,1,60,Summer
2023-03-02,30.0,15.1,22.6,0.0,24.2,19.8,45.57,970.0,7.3762,2023,3,2,61,Summer
2023-03-03,31.0,14.9,22.8,0.0,26.8,19.2,43.88,970.0,7.4138,2023,3,3,62,Summer
2023-03-04,31.0,16.1,23.5,0.0,25.9,19.7,38.93,970.0,7.2722,2023,3,4,63,Summer
2023-03-05,31.3,17.1,23.9,0.0,21.1,20.8,39.07,970.0,7.2682,2023,3,5,64,Summer
2023-03-06,31.2,16.8,23.8,0.0,23.1,20.6,38.91,970.0,7.3735,2023,3,6,65,Summer
2023-03-07,31.0,16.0,23.5,0.0,23.4,20.4,39.53,970.0,5.988,2023,3,7,66,Summer
2023-03-08,30.8,16.2,23.6,0.0,22.1,21.3,44.32,970.0,7.2466,2023,3,8,67,Summer
2023-03-09,30.5,16.0,23.3,0.0,20.2,20.8,46.32,970.0,5.6316,2023,3,9,68,Summer
2023-03-10,30.4,16.5,23.1,0.0,19.8,21.3,46.29,970.0,6.1956,2023,3,10,69,Summer
2023-03-11,31.4,15.6,23.6,0.0,22.1,21.4,49.61,970.0,7.0786,2023,3,11,70,Summer
2023-03-12,31.2,15.3,23.4,0.0,19.2,22.4,50.79,970.0,7.3025,2023,3,12,71,Summer
2023-03-13,31.8,17.5,24.7,0.0,16.6,23.8,49.79,970.0,6.876,2023,3,13,72,Summer
2023-03-14,32.7,18.0,25.5,0.0,18.5,24.3,42.04,970.0,6.6473,2023,3,14,73,Summer
2023-03-15,32.5,18.2,25.5,0.0,17.1,24.9,46.19,970.0,6.4027,2023,3,15,74,Summer
2023-03-16,30.6,20.0,24.4,1.2,12.6,25.9,55.69,970.0,5.2111,2023,3,16,75,Summer
2023-03-17,29.4,19.2,22.9,3.9,20.3,24.6,70.81,970.0,5.6059,2023,3,17,76,Summer
2023-03-18,30.0,18.9,23.1,12.4,16.7,24.1,71.42,970.0,5.8128,2023,3,18,77,Summer
2023-03-19,30.4,17.6,23.0,6.7,17.3,23.8,67.81,970.0,6.1104,2023,3,19,78,Summer
2023-03-20,31.4,17.0,23.7,0.0,21.6,23.6,57.62,970.0,6.5107,2023,3,20,79,Summer
2023-03-21,31.4,18.0,24.0,0.0,11.9,23.2,47.21,970.0,7.2398,2023,3,21,80,Summer
2023-03-22,31.6,18.1,24.9,0.0,10.8,25.8,47.31,970.0,6.8911,2023,3,22,81,Summer
2023-03-23,33.6,19.2,26.0,0.0,11.4,26.2,52.1,970.0,6.6185,2023,3,23,82,Summer
2023-03-24,33.0,19.9,26.2,0.0,14.1,27.1,57.34,970.0,6.0437,2023,3,24,83,Summer
2023-03-25,30.8,19.6,24.7,1.3,14.4,26.1,67.57,970.0,5.4372,2023,3,25,84,Summer
2023-03-26,31.0,20.7,25.8,0.4,10.7,27.2,65.58,970.0,5.3275,2023,3,26,85,Summer
2023-03-27,35.5,20.1,26.9,0.0,18.4,26.5,58.1,970.0,6.7082,2023,3,27,86,Summer
2023-03-28,34.7,20.4,27.1,0.0,12.9,27.5,53.03,970.0,6.9396,2023,3,28,87,Summer
2023-03-29,32.3,21.2,25.7,5.7,12.2,27.9,55.6,970.0,5.6146,2023,3,29,88,Summer
2023-03-30,32.2,20.9,25.7,0.6,18.7,26.8,55.19,970.0,5.6237,2023,3,30,89,Summer
2023-03-31,31.4,19.8,25.6,0.2,13.7,26.9,50.58,970.0,6.5534,2023,3,31,90,Summer
2023-04-01,29.7,21.5,25.1,1.5,15.0,26.1,53.43,970.0,5.9962,2023,4,1,91,Summer
2023-04-02,33.8,20.1,26.4,0.0,12.3,26.9,53.21,970.0,6.1418,2023,4,2,92,Summer
2023-04-03,32.9,19.7,26.1,0.0,15.6,27.1,48.42,970.0,6.4822,2023,4,3,93,Summer
2023-04-04,31.1,20.9,24.3,0.6,16.3,26.1,62.97,970.0,4.535,2023,4,4,94,Summer
2023-04-05,32.5,19.0,26.0,0.0,14.0,26.9,59.49,970.0,5.7758,2023,4,5,95,Summer
2023-04-06,31.2,20.6,25.8,0.2,14.4,27.4,52.24,970.0,6.2448,2023,4,6,96,Summer
2023-04-07,32.1,20.3,25.9,0.0,16.8,26.3,52.28,970.0,6.8515,2023,4,7,97,Summer
2023-04-08,32.2,19.5,25.5,0.0,19.9,24.9,50.93,970.0,7.4998,2023,4,8,98,Summer
2023-04-09,32.4,18.2,25.2,0.0,13.6,25.1,48.02,970.0,7.5518,2023,4,9,99,Summer
2023-04-10,32.9,19.4,26.2,0.0,21.1,26.2,46.57,970.0,7.4578,2023,4,10,100,Summer
2023-04-11,33.6,18.8,26.3,0.0,14.6,25.6,34.86,970.0,7.6774,2023,4,11,101,Summer
2023-04-12,34.7,18.5,26.6,0.0,19.2,24.9,33.87,970.0,7.7203,2023,4,12,102,Summer
2023-04-13,35.1,18.9,27.1,0.0,20.5,25.3,27.2,970.0,7.823,2023,4,13,103,Summer
2023-04-14,35.2,20.0,27.4,0.0,21.7,25.7,28.79,970.0,7.5041,2023,4,14,104,Summer
2023-04-15,34.0,19.6,27.0,0.0,18.8,25.5,30.05,970.0,6.4903,2023,4,15,105,Summer
2023-04-16,34.2,19.5,27.0,0.0,15.0,25.3,33.91,970.0,7.2031,2023,4,16,106,Summer
2023-04-17,34.6,19.5,27.2,0.0,17.1,25.8,31.27,970.0,7.4945,2023,4,17,107,Summer
2023-04-18,34.9,20.5,27.9,0.0,17.0,26.6,33.73,970.0,7.7304,2023,4,18,108,Summer
2023-04-19,35.5,21.0,28.1,0.0,15.8,27.4,35.1,970.0,7.5569,2023,4,19,109,Summer
2023-04-20,34.9,20.6,28.1,0.0,10.4,28.5,34.99,970.0,7.2298,2023,4,20,110,Summer
2023-04-21,33.8,21.4,27.6,0.0,8.8,29.1,41.28,970.0,6.5254,2023,4,21,111,Summer
2023-04-22,33.3,21.0,27.5,0.0,10.1,29.2,46.07,970.0,5.905,2023,4,22,112,Summer
2023-04-23,33.3,21.4,27.2,0.0,13.4,28.5,54.25,970.0,6.2388,2023,4,23,113,Summer
2023-04-24,33.8,21.5,27.1,0.1,17.6,28.4,52.99,970.0,6.6379,2023,4,24,114,Summer
2023-04-25,32.1,22.0,26.3,2.1,15.8,28.3,49.99,970.0,6.0353,2023,4,25,115,Summer
2023-04-26,33.2,21.0,26.2,0.8,14.4,28.1,51.17,970.0,5.6023,2023,4,26,116,Summer
2023-04-27,33.7,21.0,27.0,0.1,16.4,28.2,49.52,970.0,5.8138,2023,4,27,117,Summer
2023-04-28,32.8,21.2,26.9,0.3,16.6,28.0,46.23,970.0,6.3278,2023,4,28,118,Summer
2023-04-29,31.8,20.9,24.9,4.5,18.2,27.1,56.71,970.0,5.3393,2023,4,29,119,Summer
2023-04-30,31.9,20.2,24.8,17.8,11.4,27.5,67.15,970.0,5.9381,2023,4,30,120,Summer
2023-05-01,29.5,19.4,23.3,3.8,13.7,25.7,78.9,970.0,4.5295,2023,5,1,121,Summer
2023-05-02,29.5,20.5,23.9,2.5,10.2,27.1,73.04,970.0,5.8598,2023,5,2,122,Summer
2023-05-03,27.0,19.8,22.9,5.2,14.6,25.1,73.72,970.0,4.8034,2023,5,3,123,Summer
2023-05-04,28.6,19.8,24.1,1.0,18.4,26.7,75.59,970.0,5.4343,2023,5,4,124,Summer
2023-05-05,27.7,20.0,23.5,0.7,11.4,25.7,84.99,970.0,5.0974,2023,5,5,125,Summer
2023-05-06,29.8,20.4,23.8,8.7,11.5,26.5,80.99,970.0,5.0362,2023,5,6,126,Summer
2023-05-07,26.1,20.0,23.1,4.1,14.8,25.7,80.3,970.0,3.817,2023,5,7,127,Summer
2023-05-08,29.3,21.0,23.7,19.8,9.6,27.2,79.76,970.0,4.5732,2023,5,8,128,Summer
2023-05-09,31.0,19.1,24.7,9.6,13.1,28.0,71.52,970.0,6.2863,2023,5,9,129,Summer
2023-05-10,32.0,19.4,25.7,0.0,11.8,28.9,65.02,970.0,6.4846,2023,5,10,130,Summer
2023-05-11,32.6,20.4,25.3,6.7,12.0,28.4,63.65,970.0,5.8642,2023,5,11,131,Summer
2023-05-12,31.8,20.9,26.0,0.2,15.1,28.6,63.55,970.0,5.7077,2023,5,12,132,Summer
2023-05-13,30.9,21.5,25.3,2.1,18.1,27.8,65.87,970.0,5.0808,2023,5,13,133,Summer
2023-05-14,32.4,20.5,26.2,0.0,19.2,28.0,64.77,970.0,6.7879,2023,5,14,134,Summer
2023-05-15,33.0,21.1,26.2,0.0,16.7,28.0,62.61,970.0,7.2259,2023,5,15,135,Summer
2023-05-16,33.0,19.8,26.3,0.0,11.9,28.5,59.2,970.0,7.314,2023,5,16,136,Summer
2023-05-17,32.6,21.9,27.4,0.0,11.0,28.8,48.21,970.0,6.7517,2023,5,17,137,Summer
2023-05-18,34.2,21.5,27.8,0.1,12.3,29.3,52.95,970.0,6.0106,2023,5,18,138,Summer
2023-05-19,34.2,21.6,27.7,0.0,19.3,29.2,64.8,970.0,6.5434,2023,5,19,139,Summer
2023-05-20,33.3,21.1,26.6,0.1,14.0,29.0,65.0,970.0,6.6142,2023,5,20,140,Summer
2023-05-21,31.5,21.8,24.7,7.3,13.1,27.9,67.02,970.0,6.4462,2023,5,21,141,Summer
2023-05-22,31.5,20.4,24.9,1.6,11.4,28.1,63.47,970.0,6.4027,2023,5,22,142,Summer
2023-05-23,32.3,19.8,25.6,1.0,11.3,28.3,64.86,970.0,6.5326,2023,5,23,143,Summer
2023-05-24,31.8,21.0,25.3,6.6,14.5,28.2,67.66,970.0,6.5801,2023,5,24,144,Summer
2023-05-25,31.3,20.9,25.2,1.4,18.2,27.6,68.18,970.0,6.5818,2023,5,25,145,Summer
2023-05-26,31.2,20.8,25.2,0.0,15.9,27.3,64.95,970.0,6.7606,2023,5,26,146,Summer
2023-05-27,31.4,20.5,25.5,0.5,12.9,28.1,63.38,970.0,7.1863,2023,5,27,147,Summer
2023-05-28,32.3,21.0,26.4,0.0,11.5,28.7,60.34,970.0,6.588,2023,5,28,148,Summer
2023-05-29,32.6,21.4,26.6,1.8,13.6,29.1,58.54,970.0,6.0206,2023,5,29,149,Summer
2023-05-30,30.0,21.5,24.1,36.6,16.5,27.3,70.95,970.0,5.2992,2023,5,30,150,Summer
2023-05-31,30.6,21.2,24.5,20.3,9.9,27.9,66.95,970.0,5.9885,2023,5,31,151,Summer
2023-06-01,31.0,20.7,25.1,3.1,10.9,28.5,70.34,970.0,5.9275,2023,6,1,152,Southwest Monsoon
2023-06-02,30.2,20.8,25.1,0.0,18.3,27.8,65.18,970.0,5.9592,2023,6,2,153,Southwest Monsoon
2023-06-03,31.5,20.9,25.8,0.4,16.9,28.5,63.65,970.0,6.3384,2023,6,3,154,Southwest Monsoon
2023-06-04,30.0,21.2,25.1,0.0,18.4,27.5,64.81,970.0,5.3239,2023,6,4,155,Southwest Monsoon
2023-06-05,30.8,21.0,25.6,0.1,16.7,27.7,71.14,970.0,6.5095,2023,6,5,156,Southwest Monsoon
2023-06-06,31.2,21.2,26.1,0.3,19.1,28.1,69.33,970.0,7.0961,2023,6,6,157,Southwest Monsoon
2023-06-07,31.5,21.2,26.1,0.0,16.5,28.2,70.21,970.0,6.6794,2023,6,7,158,Southwest Monsoon
2023-06-08,31.6,20.5,26.0,0.0,17.3,27.5,74.53,970.0,6.798,2023,6,8,159,Southwest Monsoon
2023-06-09,31.4,20.2,25.0,5.5,20.3,26.6,69.63,970.0,6.8674,2023,6,9,160,Southwest Monsoon
2023-06-10,30.8,20.1,24.6,0.7,25.9,26.0,67.01,970.0,6.5873,2023,6,10,161,Southwest Monsoon
2023-06-11,30.8,20.5,24.9,0.2,23.1,26.2,66.54,970.0,5.85,2023,6,11,162,Southwest Monsoon
2023-06-12,30.5,20.3,24.6,13.0,19.0,26.4,73.9,970.0,6.4565,2023,6,12,163,Southwest Monsoon
2023-06-13,30.8,20.0,24.5,1.8,19.1,26.4,69.74,970.0,6.7867,2023,6,13,164,Southwest Monsoon
2023-06-14,30.6,20.0,24.7,1.1,21.0,26.3,69.55,970.0,6.535,2023,6,14,165,Southwest Monsoon
2023-06-15,31.6,19.9,25.5,0.0,17.7,27.1,65.7,970.0,6.5539,2023,6,15,166,Southwest Monsoon
2023-06-16,32.0,20.8,26.0,0.0,19.5,27.4,64.4,970.0,7.2182,2023,6,16,167,Southwest Monsoon
2023-06-17,31.4,19.9,25.2,0.2,17.8,26.6,66.91,970.0,6.0216,2023,6,17,168,Southwest Monsoon
2023-06-18,30.8,21.1,24.8,1.0,22.2,26.1,72.95,970.0,3.7478,2023,6,18,169,Southwest Monsoon
2023-06-19,28.4,20.5,24.1,2.4,18.1,26.1,74.63,970.0,4.061,2023,6,19,170,Southwest Monsoon
2023-06-20,26.2,21.4,22.8,18.5,14.8,25.6,77.28,970.0,2.9738,2023,6,20,171,Southwest Monsoon
2023-06-21,29.4,20.3,23.9,13.6,12.5,26.7,80.71,970.0,3.7366,2023,6,21,172,Southwest Monsoon
2023-06-22,29.0,20.8,23.6,3.7,17.9,26.1,72.44,970.0,5.7542,2023,6,22,173,Southwest Monsoon
2023-06-23,28.9,20.3,23.7,0.5,18.6,25.6,70.19,970.0,5.4026,2023,6,23,174,Southwest Monsoon
2023-06-24,28.1,20.3,23.4,3.6,23.4,24.6,80.66,970.0,4.3886,2023,6,24,175,Southwest Monsoon
2023-06-25,29.0,19.3,23.4,0.9,19.8,25.0,79.43,970.0,5.3198,2023,6,25,176,Southwest Monsoon
2023-06-26,28.7,20.2,23.6,0.2,22.0,24.7,69.79,970.0,4.506,2023,6,26,177,Southwest Monsoon
2023-06-27,28.8,19.4,23.2,2.3,23.7,24.6,69.59,970.0,5.1209,2023,6,27,178,Southwest Monsoon
2023-06-28,28.9,19.8,23.7,2.4,23.7,24.7,67.44,970.0,5.0429,2023,6,28,179,Southwest Monsoon
2023-06-29,28.7,19.5,23.4,9.1,27.0,24.6,73.18,970.0,4.644,2023,6,29,180,Southwest Monsoon
2023-06-30,29.8,20.0,24.2,1.7,24.6,25.1,68.23,970.0,5.9441,2023,6,30,181,Southwest Monsoon
2023-07-01,29.3,19.8,24.5,0.7,19.4,26.0,69.36,970.0,5.7271,2023,7,1,182,Southwest Monsoon
2023-07-02,28.9,20.5,23.8,4.7,22.0,25.3,78.99,970.0,4.2305,2023,7,2,183,Southwest Monsoon
2023-07-03,28.9,20.3,23.2,8.3,23.6,24.4,79.68,970.0,5.2601,2023,7,3,184,Southwest Monsoon
2023-07-04,26.4,20.0,22.1,14.9,26.8,23.0,81.15,970.0,3.4733,2023,7,4,185,Southwest Monsoon
2023-07-05,26.5,20.0,21.8,12.3,31.5,22.5,78.77,970.0,3.7082,2023,7,5,186,Southwest Monsoon
2023-07-06,25.1,19.6,21.3,15.3,26.9,22.1,74.78,970.0,3.7759,2023,7,6,187,Southwest Monsoon
2023-07-07,26.6,19.4,22.4,4.9,28.0,23.2,75.76,970.0,4.116,2023,7,7,188,Southwest Monsoon
2023-07-08,26.9,19.9,22.3,1.8,24.7,23.3,75.39,970.0,3.7586,2023,7,8,189,Southwest Monsoon
2023-07-09,27.9,20.1,22.9,4.6,20.5,24.5,74.53,970.0,4.4234,2023,7,9,190,Southwest Monsoon
2023-07-10,26.4,19.6,22.6,4.3,18.7,24.6,77.24,970.0,4.0423,2023,7,10,191,Southwest Monsoon
2023-07-11,26.0,20.0,22.4,0.7,18.4,24.3,72.74,970.0,3.4778,2023,7,11,192,Southwest Monsoon
2023-07-12,28.0,19.4,23.0,1.7,17.6,25.2,70.69,970.0,5.4216,2023,7,12,193,Southwest Monsoon
2023-07-13,25.4,19.5,21.9,6.2,21.1,23.5,72.57,970.0,4.6517,2023,7,13,194,Southwest Monsoon
2023-07-14,27.5,19.8,22.7,2.4,22.7,24.0,75.52,970.0,4.9118,2023,7,14,195,Southwest Monsoon
2023-07-15,28.0,19.3,23.2,0.6,23.6,24.8,73.86,970.0,5.2253,2023,7,15,196,Southwest Monsoon
2023-07-16,27.6,19.6,23.3,1.3,18.6,25.0,74.88,970.0,4.5708,2023,7,16,197,Southwest Monsoon
2023-07-17,27.5,19.5,23.2,2.5,23.2,24.1,74.93,970.0,4.8931,2023,7,17,198,Southwest Monsoon
2023-07-18,27.9,20.4,23.6,0.8,31.0,23.5,71.83,970.0,5.2358,2023,7,18,199,Southwest Monsoon
2023-07-19,26.6,20.4,22.8,1.1,32.4,22.1,74.78,970.0,4.0546,2023,7,19,200,Southwest Monsoon
2023-07-20,27.2,20.4,23.1,1.6,39.3,22.2,73.51,970.0,5.0158,2023,7,20,201,Southwest Monsoon
2023-07-21,27.5,20.1,23.1,2.3,34.6,22.5,78.03,970.0,3.931,2023,7,21,202,Southwest Monsoon
2023-07-22,25.6,20.5,22.4,8.4,31.4,22.3,74.01,970.0,3.3271,2023,7,22,203,Southwest Monsoon
2023-07-23,26.0,20.3,22.1,9.7,31.4,22.9,74.91,970.0,3.1944,2023,7,23,204,Southwest Monsoon
2023-07-24,25.6,19.8,21.6,12.7,30.0,22.0,82.1,970.0,2.8824,2023,7,24,205,Southwest Monsoon
2023-07-25,23.4,19.8,21.2,13.5,25.8,22.0,83.33,970.0,2.6203,2023,7,25,206,Southwest Monsoon
2023-07-26,23.2,19.3,20.8,19.3,25.6,21.7,83.91,970.0,2.8092,2023,7,26,207,Southwest Monsoon
2023-07-27,27.1,19.6,22.3,2.3,28.2,22.7,79.91,970.0,4.1527,2023,7,27,208,Southwest Monsoon
2023-07-28,28.1,19.0,22.8,1.5,29.3,23.1,74.43,970.0,4.3313,2023,7,28,209,Southwest Monsoon
2023-07-29,27.8,19.5,22.9,1.0,28.2,23.4,72.27,970.0,4.6901,2023,7,29,210,Southwest Monsoon
2023-07-30,28.0,18.5,23.0,0.7,26.8,23.7,70.97,970.0,5.7288,2023,7,30,211,Southwest Monsoon
2023-07-31,28.7,19.4,23.4,1.3,23.5,24.6,70.58,970.0,5.1163,2023,7,31,212,Southwest Monsoon
2023-08-01,28.2,19.7,23.5,0.4,27.2,23.8,71.59,970.0,5.0902,2023,8,1,213,Southwest Monsoon
2023-08-02,28.0,19.5,23.3,0.0,29.5,22.9,70.25,970.0,5.3441,2023,8,2,214,Southwest Monsoon
2023-08-03,28.0,19.6,23.5,1.0,28.8,23.5,70.11,970.0,5.3246,2023,8,3,215,Southwest Monsoon
2023-08-04,28.6,19.1,23.2,1.1,26.7,24.1,70.8,970.0,5.0957,2023,8,4,216,Southwest Monsoon
2023-08-05,28.6,19.4,23.6,1.2,23.5,24.9,69.67,970.0,5.1053,2023,8,5,217,Southwest Monsoon
2023-08-06,28.8,19.4,24.0,0.3,17.1,25.9,72.48,970.0,5.3249,2023,8,6,218,Southwest Monsoon
2023-08-07,29.0,19.5,23.8,0.9,18.5,25.3,68.55,970.0,5.4132,2023,8,7,219,Southwest Monsoon
2023-08-08,28.9,19.1,23.4,0.6,17.5,25.1,69.1,970.0,5.069,2023,8,8,220,Southwest Monsoon
2023-08-09,29.0,19.2,23.8,1.1,15.0,26.2,69.25,970.0,5.5442,2023,8,9,221,Southwest Monsoon
2023-08-10,28.7,19.9,24.0,0.5,13.7,26.5,75.78,970.0,5.4612,2023,8,10,222,Southwest Monsoon
2023-08-11,28.4,20.2,24.3,0.6,15.0,26.5,75.53,970.0,5.0342,2023,8,11,223,Southwest Monsoon
2023-08-12,29.7,20.1,24.6,0.3,18.2,26.4,72.26,970.0,4.1976,2023,8,12,224,Southwest Monsoon
2023-08-13,29.3,19.6,24.3,0.1,15.8,25.9,68.72,970.0,5.778,2023,8,13,225,Southwest Monsoon
2023-08-14,29.1,20.5,24.5,0.4,15.0,26.4,68.83,970.0,5.555,2023,8,14,226,Southwest Monsoon
2023-08-15,29.4,19.0,24.1,0.5,14.5,25.4,69.23,970.0,6.7279,2023,8,15,227,Southwest Monsoon
2023-08-16,30.8,19.1,24.7,0.0,15.5,26.1,67.96,970.0,6.8606,2023,8,16,228,Southwest Monsoon
2023-08-17,30.6,20.0,24.7,0.6,20.6,26.0,67.5,970.0,5.9405,2023,8,17,229,Southwest Monsoon
2023-08-18,30.0,19.8,24.3,1.1,23.0,24.7,69.41,970.0,4.8977,2023,8,18,230,Southwest Monsoon
2023-08-19,28.9,19.9,23.0,7.3,25.2,23.9,70.47,970.0,4.332,2023,8,19,231,Southwest Monsoon
2023-08-20,30.0,19.4,24.2,0.8,19.3,25.5,68.72,970.0,5.0448,2023,8,20,232,Southwest Monsoon
2023-08-21,30.5,19.4,24.7,0.0,15.8,26.5,65.07,970.0,6.2714,2023,8,21,233,Southwest Monsoon
2023-08-22,30.7,20.3,24.9,0.8,12.1,27.4,70.76,970.0,5.4826,2023,8,22,234,Southwest Monsoon
2023-08-23,30.5,20.5,25.1,0.0,11.7,27.1,70.03,970.0,5.6544,2023,8,23,235,Southwest Monsoon
2023-08-24,30.5,20.0,24.8,0.0,13.4,26.1,66.44,970.0,6.0115,2023,8,24,236,Southwest Monsoon
2023-08-25,31.0,19.7,24.9,0.0,13.9,26.3,65.04,970.0,6.3418,2023,8,25,237,Southwest Monsoon
2023-08-26,31.0,19.9,24.5,3.8,16.2,26.7,74.07,970.0,5.995,2023,8,26,238,Southwest Monsoon
2023-08-27,30.5,20.5,25.0,0.1,11.9,27.2,71.7,970.0,5.2138,2023,8,27,239,Southwest Monsoon
2023-08-28,31.4,20.5,25.6,0.0,15.2,27.0,65.56,970.0,6.2222,2023,8,28,240,Southwest Monsoon
2023-08-29,31.0,20.8,25.4,0.7,16.1,26.8,65.39,970.0,5.6503,2023,8,29,241,Southwest Monsoon
2023-08-30,31.4,19.9,24.9,12.5,15.5,26.8,69.32,970.0,6.2851,2023,8,30,242,Southwest Monsoon
2023-08-31,28.8,19.9,23.9,8.8,10.4,26.7,78.26,970.0,4.8826,2023,8,31,243,Southwest Monsoon
2023-09-01,30.2,20.0,24.3,9.2,13.7,27.2,85.11,970.0,5.8205,2023,9,1,244,Southwest Monsoon
2023-09-02,29.1,20.2,23.4,11.8,19.6,26.2,83.89,970.0,5.1139,2023,9,2,245,Southwest Monsoon
2023-09-03,28.2,20.0,23.7,0.0,15.8,25.1,79.31,970.0,5.5742,2023,9,3,246,Southwest Monsoon
2023-09-04,26.9,20.2,22.8,1.2,26.6,23.2,78.67,970.0,4.1539,2023,9,4,247,Southwest Monsoon
2023-09-05,25.8,19.5,22.1,1.5,20.2,22.9,78.72,970.0,4.0738,2023,9,5,248,Southwest Monsoon
2023-09-06,28.1,20.4,23.2,1.3,19.9,24.8,80.92,970.0,4.4597,2023,9,6,249,Southwest Monsoon
2023-09-07,28.7,20.4,23.3,4.7,19.5,24.9,77.75,970.0,4.8653,2023,9,7,250,Southwest Monsoon
2023-09-08,28.1,20.2,23.4,2.1,23.9,24.5,76.77,970.0,4.9495,2023,9,8,251,Southwest Monsoon
2023-09-09,29.0,19.7,23.6,1.1,21.7,25.1,76.62,970.0,6.0307,2023,9,9,252,Southwest Monsoon
2023-09-10,28.6,19.5,23.7,2.0,23.4,24.8,77.58,970.0,5.5183,2023,9,10,253,Southwest Monsoon
2023-09-11,27.5,19.5,23.4,1.6,20.4,24.7,79.91,970.0,4.5161,2023,9,11,254,Southwest Monsoon
2023-09-12,28.8,20.0,23.6,2.5,22.5,24.8,76.38,970.0,5.5428,2023,9,12,255,Southwest Monsoon
2023-09-13,28.9,19.1,23.0,4.1,21.7,24.7,72.22,970.0,5.1931,2023,9,13,256,Southwest Monsoon
2023-09-14,28.8,19.1,22.9,0.6,19.9,24.4,74.66,970.0,4.5266,2023,9,14,257,Southwest Monsoon
2023-09-15,28.8,19.7,23.1,3.5,22.3,24.4,76.84,970.0,4.7122,2023,9,15,258,Southwest Monsoon
2023-09-16,28.5,20.0,23.5,5.8,25.4,24.7,77.79,970.0,4.4875,2023,9,16,259,Southwest Monsoon
2023-09-17,26.8,19.9,22.5,7.5,18.8,24.3,79.41,970.0,4.6802,2023,9,17,260,Southwest Monsoon
2023-09-18,28.8,19.5,22.8,4.8,25.8,24.7,81.3,970.0,5.2526,2023,9,18,261,Southwest Monsoon
2023-09-19,28.7,19.7,23.4,1.0,17.3,25.3,78.67,970.0,5.9942,2023,9,19,262,Southwest Monsoon
2023-09-20,28.7,19.1,23.3,0.3,17.8,25.6,82.25,970.0,5.6381,2023,9,20,263,Southwest Monsoon
2023-09-21,27.0,19.6,23.2,0.2,11.7,26.1,87.94,970.0,4.7813,2023,9,21,264,Southwest Monsoon
2023-09-22,28.6,19.5,23.2,6.2,16.3,26.5,83.03,970.0,5.8013,2023,9,22,265,Southwest Monsoon
2023-09-23,29.0,19.9,23.6,6.5,12.8,26.6,87.69,970.0,5.6866,2023,9,23,266,Southwest Monsoon
2023-09-24,27.0,19.9,23.0,7.5,18.4,25.0,88.99,970.0,5.556,2023,9,24,267,Southwest Monsoon
2023-09-25,26.9,19.5,22.8,1.1,19.6,25.1,88.87,970.0,4.7494,2023,9,25,268,Southwest Monsoon
2023-09-26,28.4,19.5,23.3,1.8,14.9,25.7,84.1,970.0,5.5946,2023,9,26,269,Southwest Monsoon
2023-09-27,27.9,19.7,23.0,11.5,18.4,24.9,80.3,970.0,5.2157,2023,9,27,270,Southwest Monsoon
2023-09-28,27.1,19.0,21.9,9.4,19.7,23.7,85.74,970.0,4.5271,2023,9,28,271,Southwest Monsoon
2023-09-29,27.5,19.8,22.4,5.7,24.0,23.5,84.89,970.0,4.6721,2023,9,29,272,Southwest Monsoon
2023-09-30,28.1,19.5,23.0,2.7,25.7,24.1,78.31,970.0,4.0836,2023,9,30,273,Southwest Monsoon
2023-10-01,27.5,20.2,23.0,1.1,26.6,23.7,79.94,970.0,4.2302,2023,10,1,274,Post-Monsoon
2023-10-02,28.0,19.8,23.5,0.3,23.1,24.7,78.2,970.0,5.1854,2023,10,2,275,Post-Monsoon
2023-10-03,28.1,19.1,23.2,0.1,13.6,25.2,76.74,970.0,6.2395,2023,10,3,276,Post-Monsoon
2023-10-04,28.1,19.0,23.5,0.4,10.3,25.7,74.55,970.0,6.295,2023,10,4,277,Post-Monsoon
2023-10-05,27.5,19.7,23.6,2.2,13.0,26.2,82.26,970.0,5.927,2023,10,5,278,Post-Monsoon
2023-10-06,29.5,20.1,24.5,1.5,9.7,27.1,81.41,970.0,4.8036,2023,10,6,279,Post-Monsoon
2023-10-07,29.2,20.0,24.2,0.8,11.2,27.1,79.65,970.0,4.3272,2023,10,7,280,Post-Monsoon
2023-10-08,29.7,20.2,23.9,14.4,12.0,27.2,76.24,970.0,4.2598,2023,10,8,281,Post-Monsoon
2023-10-09,27.8,19.2,22.8,19.3,12.2,26.3,84.04,970.0,4.2154,2023,10,9,282,Post-Monsoon
2023-10-10,28.6,19.5,23.3,1.9,9.2,26.7,86.72,970.0,4.8055,2023,10,10,283,Post-Monsoon
2023-10-11,29.2,19.8,24.0,1.0,10.0,27.1,86.39,970.0,4.1837,2023,10,11,284,Post-Monsoon
2023-10-12,30.0,19.9,24.1,0.3,13.7,25.7,77.04,970.0,4.8533,2023,10,12,285,Post-Monsoon
2023-10-13,29.4,18.5,23.4,0.0,14.5,23.6,72.33,970.0,6.4325,2023,10,13,286,Post-Monsoon
2023-10-14,29.2,18.4,23.7,0.0,12.6,25.3,76.59,970.0,5.5495,2023,10,14,287,Post-Monsoon
2023-10-15,30.7,19.2,24.2,0.0,14.4,25.9,76.4,970.0,4.9279,2023,10,15,288,Post-Monsoon
2023-10-16,30.0,20.8,24.3,0.4,19.1,26.0,83.74,970.0,4.5686,2023,10,16,289,Post-Monsoon
2023-10-17,30.0,20.5,24.5,0.3,15.5,26.3,78.52,970.0,5.2608,2023,10,17,290,Post-Monsoon
2023-10-18,30.4,19.1,24.3,0.0,16.7,24.5,77.75,970.0,5.6674,2023,10,18,291,Post-Monsoon
2023-10-19,30.8,17.5,24.1,0.0,16.9,24.4,72.69,970.0,5.5567,2023,10,19,292,Post-Monsoon
2023-10-20,31.0,18.9,24.7,0.0,17.4,25.0,74.35,970.0,5.7401,2023,10,20,293,Post-Monsoon
2023-10-21,31.4,19.8,25.0,0.0,20.0,25.6,75.04,970.0,5.0554,2023,10,21,294,Post-Monsoon
2023-10-22,31.6,19.0,24.9,0.0,13.8,25.5,72.35,970.0,5.2879,2023,10,22,295,Post-Monsoon
2023-10-23,30.4,18.3,23.9,0.0,13.7,22.8,62.23,970.0,5.0347,2023,10,23,296,Post-Monsoon
2023-10-24,29.9,17.0,23.5,0.0,11.5,22.0,54.78,970.0,6.0686,2023,10,24,297,Post-Monsoon
2023-10-25,30.0,17.1,23.5,0.0,14.5,22.8,65.71,970.0,6.0418,2023,10,25,298,Post-Monsoon
2023-10-26,30.0,16.5,23.7,0.0,13.8,23.3,66.52,970.0,5.7178,2023,10,26,299,Post-Monsoon
2023-10-27,30.7,18.5,24.4,0.0,15.4,24.6,70.61,970.0,5.2224,2023,10,27,300,Post-Monsoon
2023-10-28,30.9,20.2,25.0,0.0,15.9,26.2,74.2,970.0,5.0208,2023,10,28,301,Post-Monsoon
2023-10-29,29.5,20.2,23.4,6.1,17.0,25.0,78.45,970.0,4.6678,2023,10,29,302,Post-Monsoon
2023-10-30,28.7,19.5,23.3,4.1,18.5,24.9,84.5,970.0,3.9946,2023,10,30,303,Post-Monsoon
2023-10-31,28.8,19.5,22.9,1.4,16.9,24.3,80.85,970.0,3.9187,2023,10,31,304,Post-Monsoon
2023-11-01,29.4,18.9,23.5,1.3,13.7,24.9,71.07,970.0,4.6082,2023,11,1,305,Post-Monsoon
2023-11-02,29.5,18.4,23.2,0.6,17.8,24.8,75.63,970.0,4.5722,2023,11,2,306,Post-Monsoon
2023-11-03,30.0,20.6,23.6,2.0,17.8,25.6,75.46,970.0,4.9548,2023,11,3,307,Post-Monsoon
2023-11-04,28.0,19.6,22.6,4.8,19.0,24.6,80.72,970.0,4.0858,2023,11,4,308,Post-Monsoon
2023-11-05,27.8,19.3,22.2,22.6,13.1,24.5,80.82,970.0,4.133,2023,11,5,309,Post-Monsoon
2023-11-06,27.8,19.0,22.4,26.6,9.4,25.6,84.05,970.0,4.4671,2023,11,6,310,Post-Monsoon
2023-11-07,27.0,18.9,22.0,9.2,16.3,24.8,87.44,970.0,4.3015,2023,11,7,311,Post-Monsoon
2023-11-08,27.4,20.0,22.4,13.2,13.6,25.0,83.33,970.0,4.0548,2023,11,8,312,Post-Monsoon
2023-11-09,27.1,19.6,22.2,6.4,17.3,24.2,82.61,970.0,3.9648,2023,11,9,313,Post-Monsoon
2023-11-10,27.2,19.5,22.8,0.9,18.4,24.1,80.06,970.0,4.015,2023,11,10,314,Post-Monsoon
2023-11-11,28.0,16.9,21.9,0.0,18.5,21.8,70.21,970.0,5.7122,2023,11,11,315,Post-Monsoon
2023-11-12,27.6,15.9,21.3,0.0,21.3,21.1,72.96,970.0,5.2006,2023,11,12,316,Post-Monsoon
2023-11-13,27.1,15.9,21.5,0.0,21.4,21.3,75.51,970.0,5.201,2023,11,13,317,Post-Monsoon
2023-11-14,24.1,18.0,20.8,0.7,19.1,21.0,74.86,970.0,2.4343,2023,11,14,318,Post-Monsoon
2023-11-15,27.4,18.2,22.0,1.0,15.6,23.0,74.97,970.0,4.4009,2023,11,15,319,Post-Monsoon
2023-11-16,28.8,18.4,23.3,0.0,15.0,24.0,68.97,970.0,4.2127,2023,11,16,320,Post-Monsoon
2023-11-17,29.7,19.0,23.4,0.0,15.7,24.6,72.46,970.0,4.5041,2023,11,17,321,Post-Monsoon
2023-11-18,29.4,18.9,23.6,0.0,16.2,24.4,69.92,970.0,4.6318,2023,11,18,322,Post-Monsoon
2023-11-19,29.2,17.2,22.7,0.0,19.4,22.7,71.31,970.0,5.5805,2023,11,19,323,Post-Monsoon
2023-11-20,28.7,17.4,22.3,0.1,18.9,22.7,73.29,970.0,5.2898,2023,11,20,324,Post-Monsoon
2023-11-21,28.4,19.0,22.7,3.5,19.7,24.1,81.16,970.0,4.201,2023,11,21,325,Post-Monsoon
2023-11-22,28.2,19.8,23.0,1.7,14.0,25.4,82.39,970.0,3.5585,2023,11,22,326,Post-Monsoon
2023-11-23,27.1,19.6,22.1,5.4,16.7,23.9,79.89,970.0,3.3595,2023,11,23,327,Post-Monsoon
2023-11-24,27.1,19.5,22.2,3.7,18.5,23.5,80.53,970.0,3.8023,2023,11,24,328,Post-Monsoon
2023-11-25,27.5,19.5,22.5,1.5,22.0,23.3,80.64,970.0,3.4529,2023,11,25,329,Post-Monsoon
2023-11-26,26.8,18.7,22.0,0.6,23.8,22.3,75.62,970.0,3.9814,2023,11,26,330,Post-Monsoon
2023-11-27,26.5,19.4,22.3,1.9,19.3,23.3,76.21,970.0,4.5108,2023,11,27,331,Post-Monsoon
2023-11-28,27.6,19.4,22.6,0.7,16.3,23.9,74.94,970.0,4.2965,2023,11,28,332,Post-Monsoon
2023-11-29,28.2,19.7,22.5,0.5,19.8,23.6,79.49,970.0,3.8786,2023,11,29,333,Post-Monsoon
2023-11-30,27.9,18.5,22.4,0.2,19.9,23.2,78.56,970.0,3.3142,2023,11,30,334,Post-Monsoon
2023-12-01,28.0,19.2,22.2,2.9,17.1,23.5,77.08,970.0,2.6602,2023,12,1,335,Winter
2023-12-02,28.2,17.4,22.0,1.2,21.6,22.4,76.81,970.0,4.1887,2023,12,2,336,Winter
2023-12-03,26.5,19.6,22.0,2.8,25.6,22.5,83.8,970.0,2.7982,2023,12,3,337,Winter
2023-12-04,24.0,19.8,21.5,0.0,27.0,21.8,80.6,970.0,2.0162,2023,12,4,338,Winter
2023-12-05,28.5,18.5,22.8,0.0,18.4,23.5,74.96,970.0,3.8194,2023,12,5,339,Winter
2023-12-06,28.4,17.0,22.5,0.0,9.4,24.0,69.85,970.0,4.9594,2023,12,6,340,Winter
2023-12-07,28.9,18.4,23.3,0.1,13.9,25.0,75.7,970.0,4.2156,2023,12,7,341,Winter
2023-12-08,28.4,19.8,22.9,1.9,14.0,24.8,83.37,970.0,3.2693,2023,12,8,342,Winter
2023-12-09,27.1,20.0,22.8,1.9,14.4,24.4,79.77,970.0,3.2666,2023,12,9,343,Winter
2023-12-10,28.2,18.9,23.0,0.0,14.6,23.8,71.79,970.0,4.2269,2023,12,10,344,Winter
2023-12-11,27.8,18.2,22.6,0.2,14.9,23.5,70.75,970.0,4.1201,2023,12,11,345,Winter
2023-12-12,28.1,18.4,22.3,0.0,15.2,22.6,70.08,970.0,3.7735,2023,12,12,346,Winter
2023-12-13,26.5,16.3,20.8,0.0,16.0,20.6,69.8,970.0,4.3351,2023,12,13,347,Winter
2023-12-14,26.2,16.8,21.2,0.0,18.3,21.1,68.88,970.0,4.789,2023,12,14,348,Winter
2023-12-15,28.4,16.4,21.6,0.0,16.3,22.3,74.55,970.0,4.2142,2023,12,15,349,Winter
2023-12-16,28.6,18.8,22.5,0.7,19.5,23.4,76.17,970.0,3.6168,2023,12,16,350,Winter
2023-12-17,26.5,18.2,21.5,0.2,21.5,21.8,76.16,970.0,2.4715,2023,12,17,351,Winter
2023-12-18,26.5,18.5,21.5,0.0,21.6,21.1,76.92,970.0,2.2968,2023,12,18,352,Winter
2023-12-19,27.0,17.8,21.3,0.0,17.9,21.1,70.29,970.0,5.1031,2023,12,19,353,Winter
2023-12-20,27.0,17.0,21.1,0.0,17.9,21.1,69.16,970.0,3.359,2023,12,20,354,Winter
2023-12-21,28.5,16.9,21.8,0.0,14.8,22.5,71.23,970.0,4.2046,2023,12,21,355,Winter
2023-12-22,28.5,17.8,22.3,0.0,14.0,23.1,66.5,970.0,4.6356,2023,12,22,356,Winter
2023-12-23,28.3,16.2,20.9,0.0,13.8,20.7,63.98,970.0,5.1521,2023,12,23,357,Winter
2023-12-24,28.9,14.0,20.9,0.0,17.9,20.9,69.65,970.0,5.5066,2023,12,24,358,Winter
2023-12-25,28.5,17.5,22.0,0.0,20.5,22.0,69.52,970.0,3.5414,2023,12,25,359,Winter
2023-12-26,28.0,14.4,20.7,0.0,19.1,19.7,64.59,970.0,5.8891,2023,12,26,360,Winter
2023-12-27,28.1,14.9,20.6,0.0,19.9,19.5,65.59,970.0,6.0295,2023,12,27,361,Winter
2023-12-28,28.0,15.4,21.1,0.0,18.9,20.9,71.73,970.0,4.6913,2023,12,28,362,Winter
2023-12-29,27.9,16.6,21.4,0.0,20.2,21.3,71.92,970.0,3.3857,2023,12,29,363,Winter
2023-12-30,27.8,17.4,21.5,0.0,15.6,21.5,64.82,970.0,5.0501,2023,12,30,364,Winter
2023-12-31,27.9,16.8,21.2,0.0,16.4,21.1,64.84,970.0,5.4226,2023,12,31,365,Winter
2024-01-01,28.4,16.6,21.7,0.0,19.1,21.6,66.01,970.0,4.6692,2024,1,1,1,Winter
2024-01-02,27.5,18.1,21.9,0.0,18.8,21.6,65.44,970.0,4.3968,2024,1,2,2,Winter
2024-01-03,27.4,16.4,21.5,0.0,16.9,21.5,67.87,970.0,2.9746,2024,1,3,3,Winter
2024-01-04,25.5,18.1,21.3,2.7,17.7,21.5,76.24,970.0,2.4643,2024,1,4,4,Winter
2024-01-05,27.0,18.6,22.4,0.2,16.2,23.2,71.45,970.0,3.2774,2024,1,5,5,Winter
2024-01-06,28.7,19.2,22.8,1.2,17.3,23.4,63.46,970.0,4.6908,2024,1,6,6,Winter
2024-01-07,27.8,17.0,22.1,0.0,18.1,22.2,69.71,970.0,4.3327,2024,1,7,7,Winter
2024-01-08,23.5,18.4,20.3,2.4,21.2,20.8,76.51,970.0,2.1046,2024,1,8,8,Winter
2024-01-09,26.5,18.8,21.6,1.0,25.3,21.5,73.88,970.0,2.7516,2024,1,9,9,Winter
2024-01-10,25.0,17.1,20.9,0.0,19.1,20.3,64.75,970.0,3.7015,2024,1,10,10,Winter
2024-01-11,27.8,17.0,21.4,0.0,17.7,21.1,61.36,970.0,5.6186,2024,1,11,11,Winter
2024-01-12,27.3,15.6,20.8,0.0,23.4,19.9,67.84,970.0,5.8423,2024,1,12,12,Winter
2024-01-13,28.5,15.8,21.2,0.0,15.2,21.5,65.34,970.0,4.7328,2024,1,13,13,Winter
2024-01-14,28.4,16.9,21.7,0.0,16.5,22.0,62.41,970.0,5.2022,2024,1,14,14,Winter
2024-01-15,28.1,15.6,21.4,0.0,14.0,21.5,62.3,970.0,5.3981,2024,1,15,15,Winter
2024-01-16,28.2,15.6,21.5,0.0,15.5,21.6,63.77,970.0,5.3585,2024,1,16,16,Winter
2024-01-17,28.4,15.9,21.7,0.0,16.5,21.9,62.55,970.0,5.6052,2024,1,17,17,Winter
2024-01-18,28.9,16.6,22.2,0.0,14.4,22.4,60.5,970.0,5.2102,2024,1,18,18,Winter
2024-01-19,29.4,17.5,22.8,0.0,18.7,23.0,59.9,970.0,5.2651,2024,1,19,19,Winter
2024-01-20,29.1,16.5,22.5,0.0,18.1,22.2,61.49,970.0,5.381,2024,1,20,20,Winter
2024-01-21,29.2,17.0,22.8,0.0,15.3,22.6,55.99,970.0,5.9309,2024,1,21,21,Winter
2024-01-22,29.2,17.0,23.0,0.0,18.3,23.3,56.86,970.0,5.8181,2024,1,22,22,Winter
2024-01-23,29.1,17.0,22.7,0.0,16.6,23.1,58.65,970.0,5.7302,2024,1,23,23,Winter
2024-01-24,29.7,17.3,23.0,0.0,15.4,23.6,58.14,970.0,4.8415,2024,1,24,24,Winter
2024-01-25,28.5,17.6,23.1,0.0,17.5,23.4,58.3,970.0,4.8574,2024,1,25,25,Winter
2024-01-26,28.2,16.9,22.0,0.0,19.1,21.0,55.6,970.0,6.0598,2024,1,26,26,Winter
2024-01-27,28.4,16.1,21.6,0.0,18.4,20.8,57.28,970.0,5.898,2024,1,27,27,Winter
2024-01-28,28.4,15.9,21.6,0.0,15.7,21.2,57.43,970.0,5.027,2024,1,28,28,Winter
2024-01-29,28.2,16.6,21.6,0.0,16.8,20.9,50.92,970.0,5.7353,2024,1,29,29,Winter
2024-01-30,29.2,15.1,21.7,0.0,15.1,21.6,49.81,970.0,5.8188,2024,1,30,30,Winter
2024-01-31,29.5,16.8,22.9,0.0,16.2,22.9,53.75,970.0,6.1066,2024,1,31,31,Winter
2024-02-01,30.0,18.4,23.4,0.0,14.9,24.0,50.47,970.0,5.8817,2024,2,1,32,Winter
2024-02-02,30.5,18.9,23.9,0.0,13.9,24.9,58.5,970.0,4.9577,2024,2,2,33,Winter
2024-02-03,30.4,19.4,24.3,0.0,19.5,24.7,59.42,970.0,4.7189,2024,2,3,34,Winter
2024-02-04,29.6,17.9,23.3,0.0,18.8,22.6,54.71,970.0,6.1826,2024,2,4,35,Winter
2024-02-05,30.6,16.6,23.1,0.0,15.4,22.2,52.11,970.0,6.4555,2024,2,5,36,Winter
2024-02-06,32.2,15.8,23.6,0.0,18.6,22.7,50.93,970.0,6.5568,2024,2,6,37,Winter
2024-02-07,32.5,16.8,24.4,0.0,18.6,22.7,47.97,970.0,6.7406,2024,2,7,38,Winter
2024-02-08,32.9,17.0,24.8,0.0,17.7,22.9,43.08,970.0,6.0986,2024,2,8,39,Winter
2024-02-09,32.2,17.0,24.5,0.0,17.5,23.5,50.18,970.0,6.5364,2024,2,9,40,Winter
2024-02-10,30.8,17.0,23.4,0.0,19.5,23.2,54.69,970.0,6.391,2024,2,10,41,Winter
2024-02-11,30.5,17.4,23.2,0.0,18.6,22.6,53.62,970.0,6.5136,2024,2,11,42,Winter
2024-02-12,30.8,15.8,22.7,0.0,18.4,21.3,49.69,970.0,6.8712,2024,2,12,43,Winter
2024-02-13,30.6,16.4,23.2,0.0,17.3,22.8,54.16,970.0,6.7421,2024,2,13,44,Winter
2024-02-14,30.7,17.9,23.8,0.0,18.2,23.5,54.3,970.0,6.4478,2024,2,14,45,Winter
2024-02-15,30.8,17.0,23.5,0.0,18.4,21.7,48.11,970.0,6.6646,2024,2,15,46,Winter
2024-02-16,29.8,16.6,22.9,0.0,20.7,21.9,48.35,970.0,6.7742,2024,2,16,47,Winter
2024-02-17,31.3,17.0,24.0,0.0,19.3,22.4,43.7,970.0,6.8369,2024,2,17,48,Winter
2024-02-18,32.1,17.5,24.8,0.0,20.0,23.5,40.29,970.0,6.7915,2024,2,18,49,Winter
2024-02-19,31.0,17.2,24.3,0.0,19.0,23.4,46.88,970.0,6.6053,2024,2,19,50,Winter
2024-02-20,31.6,18.8,25.3,0.0,18.6,24.7,47.8,970.0,6.4495,2024,2,20,51,Winter
2024-02-21,32.0,19.7,25.7,0.0,13.1,26.3,43.26,970.0,5.7509,2024,2,21,52,Winter
2024-02-22,32.4,19.4,25.8,0.0,9.9,25.9,37.48,970.0,6.2122,2024,2,22,53,Winter
2024-02-23,32.7,18.5,25.6,0.0,12.6,24.9,41.9,970.0,6.5249,2024,2,23,54,Winter
2024-02-24,31.8,19.5,25.8,0.0,16.1,26.6,50.85,970.0,5.2898,2024,2,24,55,Winter
2024-02-25,32.1,20.1,25.5,0.0,21.4,25.6,53.84,970.0,5.7096,2024,2,25,56,Winter
2024-02-26,31.2,17.8,24.0,0.0,22.1,23.4,53.68,970.0,6.4426,2024,2,26,57,Winter
2024-02-27,31.1,18.0,24.2,0.0,19.3,24.1,51.5,970.0,6.845,2024,2,27,58,Winter
2024-02-28,32.6,17.2,24.8,0.0,18.1,23.5,43.44,970.0,7.1026,2024,2,28,59,Winter
2024-02-29,32.2,16.4,24.5,0.0,19.9,22.1,37.74,970.0,7.2878,2024,2,29,60,Winter
2024-03-01,32.3,16.7,24.6,0.0,18.9,23.0,44.27,970.0,7.1021,2024,3,1,61,Summer
2024-03-02,32.5,17.5,25.1,0.0,18.9,23.4,34.8,970.0,6.217,2024,3,2,62,Summer
2024-03-03,32.7,18.4,25.4,0.0,17.1,25.0,37.82,970.0,6.8525,2024,3,3,63,Summer
2024-03-04,34.4,18.9,26.6,0.0,17.4,26.5,42.52,970.0,6.9146,2024,3,4,64,Summer
2024-03-05,34.2,18.9,26.7,0.0,20.8,26.2,39.04,970.0,7.0296,2024,3,5,65,Summer
2024-03-06,34.5,20.0,27.1,0.0,20.0,26.9,34.72,970.0,5.957,2024,3,6,66,Summer
2024-03-07,34.5,19.9,27.3,0.0,15.5,27.0,32.7,970.0,6.8724,2024,3,7,67,Summer
2024-03-08,33.5,20.8,26.9,0.0,14.8,27.3,33.42,970.0,6.0439,2024,3,8,68,Summer
2024-03-09,33.4,20.5,27.6,0.0,17.8,27.3,36.9,970.0,6.1651,2024,3,9,69,Summer
2024-03-10,33.2,22.2,27.5,0.0,22.5,27.8,42.9,970.0,6.2098,2024,3,10,70,Summer
2024-03-11,33.8,20.8,27.3,0.0,19.6,26.7,46.56,970.0,6.1051,2024,3,11,71,Summer
2024-03-12,34.2,20.2,27.3,0.0,16.8,27.0,42.51,970.0,6.4613,2024,3,12,72,Summer
2024-03-13,34.5,21.7,27.9,0.0,16.8,28.0,36.4,970.0,6.0422,2024,3,13,73,Summer
2024-03-14,34.1,21.7,27.9,0.0,15.8,28.6,35.74,970.0,5.7499,2024,3,14,74,Summer
2024-03-15,34.8,21.8,28.6,0.0,19.6,28.6,32.72,970.0,5.7254,2024,3,15,75,Summer
2024-03-16,35.5,22.6,28.3,0.0,17.8,28.4,39.85,970.0,6.228,2024,3,16,76,Summer
2024-03-17,34.5,20.5,27.4,0.0,19.4,27.3,41.89,970.0,6.9787,2024,3,17,77,Summer
2024-03-18,34.8,20.0,27.2,0.0,15.6,26.9,35.71,970.0,6.9415,2024,3,18,78,Summer
2024-03-19,34.4,20.8,27.3,0.0,20.3,26.5,35.08,970.0,7.1261,2024,3,19,79,Summer
2024-03-20,35.2,20.1,27.3,0.0,18.8,27.1,39.81,970.0,7.1129,2024,3,20,80,Summer
2024-03-21,32.7,20.0,25.8,0.0,19.6,25.8,48.86,970.0,6.8477,2024,3,21,81,Summer
2024-03-22,34.1,20.0,26.8,0.0,18.8,26.9,47.77,970.0,5.7528,2024,3,22,82,Summer
2024-03-23,34.5,19.4,27.2,0.0,18.8,26.8,45.02,970.0,6.8602,2024,3,23,83,Summer
2024-03-24,35.0,19.6,27.5,0.0,17.2,25.9,37.38,970.0,7.0406,2024,3,24,84,Summer
2024-03-25,35.5,19.2,27.6,0.0,20.0,26.7,37.94,970.0,7.183,2024,3,25,85,Summer
2024-03-26,35.5,19.9,27.5,0.0,19.9,26.5,32.0,970.0,7.2991,2024,3,26,86,Summer
2024-03-27,35.0,18.9,26.9,0.0,19.5,25.7,24.91,970.0,7.7232,2024,3,27,87,Summer
2024-03-28,35.2,19.8,27.7,0.0,16.3,27.5,28.23,970.0,7.4462,2024,3,28,88,Summer
2024-03-29,36.0,21.3,28.5,0.0,18.8,27.8,35.78,970.0,7.1597,2024,3,29,89,Summer
2024-03-30,35.7,20.7,28.2,0.0,20.2,27.2,32.79,970.0,7.3193,2024,3,30,90,Summer
2024-03-31,35.5,20.1,27.5,0.0,15.2,26.7,34.86,970.0,7.6843,2024,3,31,91,Summer
2024-04-01,36.0,20.4,28.1,0.0,13.5,28.9,43.72,970.0,7.2989,2024,4,1,92,Summer
2024-04-02,36.8,22.6,29.3,0.0,17.9,29.1,42.01,970.0,7.3301,2024,4,2,93,Summer
2024-04-03,36.7,21.7,29.0,0.0,18.1,28.4,34.74,970.0,7.0728,2024,4,3,94,Summer
2024-04-04,36.5,22.0,29.0,0.0,14.7,28.1,37.18,970.0,7.5499,2024,4,4,95,Summer
2024-04-05,37.5,22.2,29.4,0.0,20.0,28.1,34.14,970.0,7.0831,2024,4,5,96,Summer
2024-04-06,37.4,21.4,29.8,0.0,20.5,28.3,29.35,970.0,7.0584,2024,4,6,97,Summer
2024-04-07,37.0,22.4,29.6,0.0,17.9,28.1,29.66,970.0,7.3908,2024,4,7,98,Summer
2024-04-08,37.0,21.6,29.3,0.0,20.3,28.0,33.49,970.0,7.5859,2024,4,8,99,Summer
2024-04-09,35.3,21.5,28.3,0.0,18.2,27.2,45.72,970.0,7.4282,2024,4,9,100,Summer
2024-04-10,35.5,20.7,28.3,0.0,18.1,27.6,44.24,970.0,7.4993,2024,4,10,101,Summer
2024-04-11,35.7,20.5,28.5,0.0,22.3,28.4,45.52,970.0,7.362,2024,4,11,102,Summer
2024-04-12,34.7,21.9,27.6,0.1,21.4,28.4,48.41,970.0,6.1975,2024,4,12,103,Summer
2024-04-13,35.0,21.4,27.8,0.0,27.1,28.1,45.34,970.0,6.3487,2024,4,13,104,Summer
2024-04-14,35.3,20.7,28.0,0.0,19.1,27.7,42.68,970.0,7.231,2024,4,14,105,Summer
2024-04-15,36.0,20.7,28.4,0.0,20.6,27.3,40.4,970.0,7.393,2024,4,15,106,Summer
2024-04-16,36.2,19.9,28.6,0.0,18.6,27.9,41.01,970.0,7.4837,2024,4,16,107,Summer
2024-04-17,37.5,22.6,29.7,0.0,16.0,29.4,39.48,970.0,6.1531,2024,4,17,108,Summer
2024-04-18,37.8,22.9,30.4,0.0,17.1,30.4,35.6,970.0,5.8142,2024,4,18,109,Summer
2024-04-19,38.0,24.0,31.0,0.0,16.3,31.3,38.4,970.0,5.8274,2024,4,19,110,Summer
2024-04-20,37.2,23.8,30.3,0.0,16.6,31.0,35.34,970.0,5.0369,2024,4,20,111,Summer
2024-04-21,37.1,22.9,30.3,0.0,16.8,30.5,36.31,970.0,7.0224,2024,4,21,112,Summer
2024-04-22,37.7,23.0,30.2,0.0,20.2,30.0,38.53,970.0,7.1218,2024,4,22,113,Summer
2024-04-23,37.2,22.1,29.8,0.0,18.9,28.5,36.86,970.0,7.5835,2024,4,23,114,Summer
2024-04-24,36.8,22.0,29.8,0.0,19.0,28.8,34.09,970.0,7.3574,2024,4,24,115,Summer
2024-04-25,37.5,22.6,30.3,0.0,25.3,29.3,35.82,970.0,6.6355,2024,4,25,116,Summer
2024-04-26,37.2,22.6,30.1,0.0,22.4,29.5,37.95,970.0,7.2494,2024,4,26,117,Summer
2024-04-27,37.7,21.4,29.9,0.0,18.9,28.8,36.2,970.0,7.6658,2024,4,27,118,Summer
2024-04-28,38.6,22.3,30.4,0.0,18.4,29.9,33.9,970.0,7.6094,2024,4,28,119,Summer
2024-04-29,38.0,24.0,30.4,0.0,16.9,30.4,34.72,970.0,7.6421,2024,4,29,120,Summer
2024-04-30,38.5,23.7,30.8,0.0,15.9,30.9,33.28,970.0,7.1923,2024,4,30,121,Summer
2024-05-01,39.5,23.2,31.5,0.0,14.3,32.8,40.26,970.0,6.6912,2024,5,1,122,Summer
2024-05-02,37.8,24.6,31.0,0.6,18.1,32.8,46.53,970.0,6.3149,2024,5,2,123,Summer
2024-05-03,37.5,24.6,29.7,0.2,19.4,31.7,46.05,970.0,4.7026,2024,5,3,124,Summer
2024-05-04,37.8,23.1,29.4,0.1,18.2,31.5,53.19,970.0,6.631,2024,5,4,125,Summer
2024-05-05,37.7,23.2,30.1,0.0,17.4,31.1,45.24,970.0,7.1302,2024,5,5,126,Summer
2024-05-06,39.3,23.2,30.4,0.0,15.9,31.9,50.47,970.0,6.8162,2024,5,6,127,Summer
2024-05-07,35.9,23.6,29.2,0.1,13.6,31.3,61.21,970.0,6.5136,2024,5,7,128,Summer
2024-05-08,34.0,21.5,27.6,6.2,18.2,29.4,67.26,970.0,6.0266,2024,5,8,129,Summer
2024-05-09,32.8,22.5,27.3,4.5,16.3,29.6,65.0,970.0,5.5752,2024,5,9,130,Summer
2024-05-10,33.0,22.4,26.6,6.0,17.0,29.0,66.12,970.0,5.7286,2024,5,10,131,Summer
2024-05-11,34.0,21.6,27.4,0.0,16.7,29.6,62.43,970.0,5.8742,2024,5,11,132,Summer
2024-05-12,31.8,22.0,26.2,5.8,18.1,29.3,66.51,970.0,5.399,2024,5,12,133,Summer
2024-05-13,32.7,20.8,26.1,4.9,15.5,28.9,72.13,970.0,4.8948,2024,5,13,134,Summer
2024-05-14,29.2,21.5,24.9,16.2,10.0,28.2,67.12,970.0,5.1497,2024,5,14,135,Summer
2024-05-15,32.2,21.1,26.2,1.0,18.7,28.7,59.1,970.0,5.5126,2024,5,15,136,Summer
2024-05-16,27.1,21.2,24.5,2.8,12.8,27.3,67.07,970.0,4.2886,2024,5,16,137,Summer
2024-05-17,29.3,20.9,24.1,15.0,14.3,27.6,62.09,970.0,3.9274,2024,5,17,138,Summer
2024-05-18,29.2,21.1,24.1,19.5,17.8,28.0,72.27,970.0,4.8763,2024,5,18,139,Summer
2024-05-19,29.2,21.5,24.3,9.1,6.5,28.4,77.32,970.0,3.846,2024,5,19,140,Summer
2024-05-20,27.5,21.1,23.8,25.2,17.9,27.5,74.87,970.0,4.2406,2024,5,20,141,Summer
2024-05-21,29.8,21.4,24.2,10.5,17.7,27.7,75.09,970.0,4.2142,2024,5,21,142,Summer
2024-05-22,29.8,21.2,24.9,12.9,19.3,28.1,66.64,970.0,5.371,2024,5,22,143,Summer
2024-05-23,31.5,20.5,25.8,0.7,15.7,29.7,66.14,970.0,5.3381,2024,5,23,144,Summer
2024-05-24,29.8,21.8,24.8,3.5,16.0,28.4,68.09,970.0,4.4227,2024,5,24,145,Summer
2024-05-25,29.6,22.0,25.1,0.5,21.9,26.6,78.53,970.0,3.931,2024,5,25,146,Summer
2024-05-26,29.1,21.6,24.7,2.4,27.2,25.3,72.11,970.0,4.3222,2024,5,26,147,Summer
2024-05-27,30.5,20.6,25.5,0.0,23.8,26.7,71.83,970.0,5.3162,2024,5,27,148,Summer
2024-05-28,32.2,21.4,25.7,0.0,21.7,27.3,67.32,970.0,5.2099,2024,5,28,149,Summer
2024-05-29,32.1,20.5,26.3,0.2,22.3,28.1,70.88,970.0,5.579,2024,5,29,150,Summer
2024-05-30,32.2,21.4,26.0,2.4,17.1,28.5,73.37,970.0,6.1001,2024,5,30,151,Summer
2024-05-31,32.2,21.6,26.5,1.2,17.7,29.0,69.5,970.0,6.515,2024,5,31,152,Summer
2024-06-01,32.2,22.4,25.5,28.0,16.0,29.3,76.94,970.0,4.9337,2024,6,1,153,Southwest Monsoon
2024-06-02,30.9,22.5,25.5,10.3,11.8,29.5,76.2,970.0,6.221,2024,6,2,154,Southwest Monsoon
2024-06-03,28.4,22.0,24.7,0.6,13.0,27.9,75.81,970.0,5.328,2024,6,3,155,Southwest Monsoon
2024-06-04,29.4,21.3,24.6,7.1,13.4,28.0,80.04,970.0,5.7775,2024,6,4,156,Southwest Monsoon
2024-06-05,27.6,20.9,23.8,20.8,11.0,27.2,81.88,970.0,5.6239,2024,6,5,157,Southwest Monsoon
2024-06-06,28.1,21.5,23.6,8.4,20.7,27.1,79.55,970.0,5.2913,2024,6,6,158,Southwest Monsoon
2024-06-07,27.1,21.3,23.3,7.2,21.9,26.0,79.88,970.0,5.4223,2024,6,7,159,Southwest Monsoon
2024-06-08,28.8,20.6,23.8,1.9,22.7,25.4,76.33,970.0,5.7374,2024,6,8,160,Southwest Monsoon
2024-06-09,27.1,20.5,23.5,3.3,28.3,24.3,77.24,970.0,5.2565,2024,6,9,161,Southwest Monsoon
2024-06-10,27.5,20.6,23.7,2.2,28.4,24.8,77.15,970.0,5.3798,2024,6,10,162,Southwest Monsoon
2024-06-11,28.8,21.1,23.6,0.6,26.8,24.7,75.23,970.0,5.3789,2024,6,11,163,Southwest Monsoon
2024-06-12,27.7,20.6,23.0,6.9,24.2,24.3,76.47,970.0,4.6418,2024,6,12,164,Southwest Monsoon
2024-06-13,28.6,20.0,23.1,3.1,23.5,24.5,70.07,970.0,5.3717,2024,6,13,165,Southwest Monsoon
2024-06-14,28.6,20.2,23.9,0.0,21.1,25.1,67.88,970.0,5.9542,2024,6,14,166,Southwest Monsoon
2024-06-15,29.9,19.4,24.2,0.0,17.7,25.5,75.55,970.0,6.4594,2024,6,15,167,Southwest Monsoon
2024-06-16,29.2,19.6,23.9,1.0,20.6,25.6,70.76,970.0,6.1063,2024,6,16,168,Southwest Monsoon
2024-06-17,29.8,20.3,24.1,0.6,17.2,26.2,70.14,970.0,6.3233,2024,6,17,169,Southwest Monsoon
2024-06-18,29.2,20.3,23.8,4.4,22.2,26.0,74.7,970.0,5.1504,2024,6,18,170,Southwest Monsoon
2024-06-19,29.1,20.1,23.4,5.4,19.4,25.5,75.73,970.0,5.406,2024,6,19,171,Southwest Monsoon
2024-06-20,28.2,20.4,23.5,0.6,22.4,24.6,76.7,970.0,5.2378,2024,6,20,172,Southwest Monsoon
2024-06-21,28.8,19.7,23.1,3.3,23.0,24.5,78.43,970.0,5.4437,2024,6,21,173,Southwest Monsoon
2024-06-22,28.0,20.1,23.7,1.9,20.7,25.0,77.45,970.0,5.6326,2024,6,22,174,Southwest Monsoon
2024-06-23,28.3,20.2,23.8,1.6,22.9,24.9,80.35,970.0,4.8228,2024,6,23,175,Southwest Monsoon
2024-06-24,29.8,20.5,23.7,4.1,24.8,24.4,79.01,970.0,4.9061,2024,6,24,176,Southwest Monsoon
2024-06-25,27.4,20.8,23.6,1.6,30.0,24.3,76.03,970.0,4.5324,2024,6,25,177,Southwest Monsoon
2024-06-26,28.0,20.8,23.3,2.2,31.7,23.7,72.34,970.0,4.2209,2024,6,26,178,Southwest Monsoon
2024-06-27,25.6,21.0,22.5,6.1,32.9,23.1,75.45,970.0,3.0864,2024,6,27,179,Southwest Monsoon
2024-06-28,29.1,20.0,23.9,0.8,25.8,24.6,70.67,970.0,4.8686,2024,6,28,180,Southwest Monsoon
2024-06-29,29.8,19.8,23.8,1.0,21.4,25.3,75.07,970.0,5.3093,2024,6,29,181,Southwest Monsoon
2024-06-30,28.4,20.2,23.5,1.4,19.8,25.4,74.09,970.0,3.893,2024,6,30,182,Southwest Monsoon
2024-07-01,27.6,20.5,23.0,9.0,22.3,24.5,79.96,970.0,3.3629,2024,7,1,183,Southwest Monsoon
2024-07-02,29.4,20.1,24.0,0.1,26.7,24.5,68.84,970.0,4.5718,2024,7,2,184,Southwest Monsoon
2024-07-03,29.3,20.0,23.2,10.4,22.2,24.8,77.65,970.0,4.9879,2024,7,3,185,Southwest Monsoon
2024-07-04,26.8,20.0,22.4,3.8,19.7,24.1,72.65,970.0,4.5924,2024,7,4,186,Southwest Monsoon
2024-07-05,29.8,20.1,23.2,6.9,20.7,24.7,76.78,970.0,5.0263,2024,7,5,187,Southwest Monsoon
2024-07-06,26.5,20.0,22.6,5.9,27.3,23.1,81.21,970.0,3.8333,2024,7,6,188,Southwest Monsoon
2024-07-07,28.6,20.0,23.4,1.0,26.9,24.3,74.45,970.0,4.7374,2024,7,7,189,Southwest Monsoon
2024-07-08,27.9,20.4,23.2,5.6,22.2,24.1,76.58,970.0,3.8256,2024,7,8,190,Southwest Monsoon
2024-07-09,28.7,19.7,23.3,2.9,23.8,24.1,79.82,970.0,4.1878,2024,7,9,191,Southwest Monsoon
2024-07-10,29.3,19.4,23.3,1.5,20.6,24.9,78.23,970.0,5.8958,2024,7,10,192,Southwest Monsoon
2024-07-11,26.9,20.2,23.2,3.7,19.1,24.7,72.48,970.0,5.2073,2024,7,11,193,Southwest Monsoon
2024-07-12,29.1,19.7,22.9,17.4,23.0,24.8,74.28,970.0,5.2298,2024,7,12,194,Southwest Monsoon
2024-07-13,25.8,20.5,22.7,1.2,27.2,23.4,77.05,970.0,4.2062,2024,7,13,195,Southwest Monsoon
2024-07-14,26.5,20.5,22.5,1.5,27.8,22.7,77.38,970.0,3.0418,2024,7,14,196,Southwest Monsoon
2024-07-15,26.4,20.2,21.7,16.8,27.2,22.3,83.47,970.0,2.2373,2024,7,15,197,Southwest Monsoon
2024-07-16,24.4,20.3,21.8,16.2,29.7,22.4,83.89,970.0,2.975,2024,7,16,198,Southwest Monsoon
2024-07-17,25.8,20.0,22.1,5.2,30.4,22.7,81.76,970.0,3.7022,2024,7,17,199,Southwest Monsoon
2024-07-18,26.0,20.5,22.1,9.3,33.3,22.4,82.43,970.0,3.0355,2024,7,18,200,Southwest Monsoon
2024-07-19,22.3,20.1,21.1,14.5,27.5,21.4,81.24,970.0,2.5894,2024,7,19,201,Southwest Monsoon
2024-07-20,25.1,19.8,22.0,2.8,32.1,21.8,79.93,970.0,3.9629,2024,7,20,202,Southwest Monsoon
2024-07-21,27.2,20.5,22.9,1.1,33.0,22.6,77.52,970.0,3.5292,2024,7,21,203,Southwest Monsoon
2024-07-22,27.6,20.5,23.1,1.4,32.8,22.8,74.93,970.0,4.0994,2024,7,22,204,Southwest Monsoon
2024-07-23,27.2,20.9,23.3,2.2,29.9,23.3,74.24,970.0,3.9326,2024,7,23,205,Southwest Monsoon
2024-07-24,27.1,20.5,23.2,1.5,30.5,23.2,77.29,970.0,3.6749,2024,7,24,206,Southwest Monsoon
2024-07-25,26.9,20.5,22.9,2.3,36.1,22.9,76.68,970.0,3.7349,2024,7,25,207,Southwest Monsoon
2024-07-26,26.8,21.0,23.1,2.2,35.1,23.0,76.51,970.0,3.5234,2024,7,26,208,Southwest Monsoon
2024-07-27,27.4,20.8,23.2,0.6,34.7,22.6,74.42,970.0,4.596,2024,7,27,209,Southwest Monsoon
2024-07-28,27.2,20.3,22.8,0.2,34.2,22.2,75.17,970.0,3.0718,2024,7,28,210,Southwest Monsoon
2024-07-29,28.4,20.6,23.3,3.7,30.1,23.9,76.06,970.0,3.6389,2024,7,29,211,Southwest Monsoon
2024-07-30,22.8,20.2,21.2,11.7,24.7,22.4,80.98,970.0,3.785,2024,7,30,212,Southwest Monsoon
2024-07-31,26.3,20.0,22.0,10.6,21.8,23.4,80.81,970.0,4.0807,2024,7,31,213,Southwest Monsoon
2024-08-01,27.9,20.2,22.4,3.4,26.3,23.7,78.23,970.0,4.1508,2024,8,1,214,Southwest Monsoon
2024-08-02,26.8,20.2,22.6,4.3,25.9,23.7,76.65,970.0,4.1182,2024,8,2,215,Southwest Monsoon
2024-08-03,27.4,19.5,22.3,7.6,25.6,23.4,78.88,970.0,4.6001,2024,8,3,216,Southwest Monsoon
2024-08-04,28.1,19.8,23.2,2.0,21.7,25.0,80.31,970.0,5.4679,2024,8,4,217,Southwest Monsoon
2024-08-05,27.7,19.1,22.7,1.2,15.6,25.0,76.69,970.0,4.703,2024,8,5,218,Southwest Monsoon
2024-08-06,25.4,20.0,22.2,8.6,15.3,24.7,84.08,970.0,4.0838,2024,8,6,219,Southwest Monsoon
2024-08-07,25.0,20.2,21.9,5.2,17.2,24.1,84.39,970.0,4.0524,2024,8,7,220,Southwest Monsoon
2024-08-08,27.1,19.5,22.4,16.1,17.4,24.3,78.59,970.0,3.5794,2024,8,8,221,Southwest Monsoon
2024-08-09,28.0,19.7,23.1,12.4,18.2,25.3,78.73,970.0,4.8062,2024,8,9,222,Southwest Monsoon
2024-08-10,26.5,20.3,22.8,19.2,16.6,25.4,80.97,970.0,5.143,2024,8,10,223,Southwest Monsoon
2024-08-11,27.9,20.2,23.6,3.0,14.8,26.1,82.21,970.0,5.1197,2024,8,11,224,Southwest Monsoon
2024-08-12,28.9,20.2,24.1,2.4,13.7,26.8,89.22,970.0,5.1118,2024,8,12,225,Southwest Monsoon
2024-08-13,28.6,20.2,23.8,12.7,11.5,27.2,81.26,970.0,6.0463,2024,8,13,226,Southwest Monsoon
2024-08-14,28.5,20.3,24.5,1.5,11.2,27.8,80.58,970.0,6.3823,2024,8,14,227,Southwest Monsoon
2024-08-15,28.8,21.7,24.6,2.0,11.1,28.2,78.63,970.0,5.7458,2024,8,15,228,Southwest Monsoon
2024-08-16,28.6,20.5,23.8,13.3,11.6,27.6,80.85,970.0,4.9596,2024,8,16,229,Southwest Monsoon
2024-08-17,28.9,19.5,23.9,3.7,11.1,27.7,86.66,970.0,5.8039,2024,8,17,230,Southwest Monsoon
2024-08-18,29.0,19.1,24.1,0.1,7.6,27.5,79.4,970.0,5.3393,2024,8,18,231,Southwest Monsoon
2024-08-19,28.0,20.7,23.6,17.4,8.4,27.5,81.31,970.0,5.1338,2024,8,19,232,Southwest Monsoon
2024-08-20,28.7,19.9,23.5,19.7,15.1,27.1,81.28,970.0,5.3897,2024,8,20,233,Southwest Monsoon
2024-08-21,27.4,20.6,23.3,1.2,20.8,25.4,83.68,970.0,5.1982,2024,8,21,234,Southwest Monsoon
2024-08-22,27.4,19.6,23.1,0.4,26.7,24.0,84.28,970.0,5.9407,2024,8,22,235,Southwest Monsoon
2024-08-23,27.4,19.0,23.1,0.1,22.2,24.5,81.4,970.0,6.2597,2024,8,23,236,Southwest Monsoon
2024-08-24,27.3,19.6,22.8,3.8,26.1,23.5,81.14,970.0,5.3467,2024,8,24,237,Southwest Monsoon
2024-08-25,27.1,19.8,22.7,0.9,28.1,23.0,83.49,970.0,4.8571,2024,8,25,238,Southwest Monsoon
2024-08-26,28.1,19.4,23.0,1.2,27.7,23.3,78.99,970.0,4.8214,2024,8,26,239,Southwest Monsoon
2024-08-27,26.7,19.8,22.7,1.7,23.0,23.6,84.27,970.0,4.5864,2024,8,27,240,Southwest Monsoon
2024-08-28,26.6,19.6,22.3,1.4,23.4,23.2,82.71,970.0,3.9751,2024,8,28,241,Southwest Monsoon
2024-08-29,27.1,19.4,21.9,9.4,23.4,23.1,82.54,970.0,3.2242,2024,8,29,242,Southwest Monsoon
2024-08-30,25.9,19.8,21.8,3.9,20.9,23.2,86.58,970.0,4.4923,2024,8,30,243,Southwest Monsoon
2024-08-31,23.8,19.6,21.5,4.6,22.4,22.5,83.17,970.0,3.8071,2024,8,31,244,Southwest Monsoon
2024-09-01,27.0,20.1,22.3,5.3,26.6,23.5,78.88,970.0,5.4158,2024,9,1,245,Southwest Monsoon
2024-09-02,27.5,20.4,22.9,4.1,20.5,24.4,78.69,970.0,4.8168,2024,9,2,246,Southwest Monsoon
2024-09-03,27.7,20.0,23.1,1.4,23.8,24.3,80.39,970.0,4.7786,2024,9,3,247,Southwest Monsoon
2024-09-04,27.8,19.8,23.2,0.5,25.2,24.2,83.56,970.0,5.0194,2024,9,4,248,Southwest Monsoon
2024-09-05,27.8,19.9,23.2,0.5,22.1,24.3,84.37,970.0,5.2807,2024,9,5,249,Southwest Monsoon
2024-09-06,27.1,19.8,22.8,1.6,21.3,24.2,83.69,970.0,4.099,2024,9,6,250,Southwest Monsoon
2024-09-07,27.6,19.6,22.5,11.9,21.7,23.9,83.74,970.0,4.2391,2024,9,7,251,Southwest Monsoon
2024-09-08,25.7,20.2,22.3,2.6,23.4,23.2,81.96,970.0,4.4544,2024,9,8,252,Southwest Monsoon
2024-09-09,28.4,20.2,22.9,6.0,25.7,23.8,79.45,970.0,4.4131,2024,9,9,253,Southwest Monsoon
2024-09-10,28.4,19.8,23.3,1.9,29.9,23.9,80.44,970.0,5.2572,2024,9,10,254,Southwest Monsoon
2024-09-11,28.8,19.5,23.4,0.7,22.9,24.2,78.03,970.0,5.279,2024,9,11,255,Southwest Monsoon
2024-09-12,29.1,19.5,23.3,0.7,22.1,24.4,79.58,970.0,5.1542,2024,9,12,256,Southwest Monsoon
2024-09-13,28.5,18.5,23.1,0.0,20.8,24.2,75.02,970.0,5.6174,2024,9,13,257,Southwest Monsoon
2024-09-14,28.4,18.8,23.1,0.9,20.9,24.6,73.26,970.0,5.604,2024,9,14,258,Southwest Monsoon
2024-09-15,28.5,18.4,23.3,0.6,18.6,24.7,73.69,970.0,5.4986,2024,9,15,259,Southwest Monsoon
2024-09-16,28.4,17.5,22.8,0.7,22.6,24.0,75.21,970.0,5.743,2024,9,16,260,Southwest Monsoon
2024-09-17,28.2,18.6,23.1,0.4,20.4,24.3,73.5,970.0,5.9345,2024,9,17,261,Southwest Monsoon
2024-09-18,28.4,17.9,23.0,0.0,16.8,23.8,71.61,970.0,6.9492,2024,9,18,262,Southwest Monsoon
2024-09-19,28.9,17.4,23.0,0.6,18.4,24.3,70.36,970.0,6.2434,2024,9,19,263,Southwest Monsoon
2024-09-20,28.9,19.6,23.8,0.1,13.3,25.5,73.93,970.0,6.079,2024,9,20,264,Southwest Monsoon
2024-09-21,29.2,19.1,24.0,0.1,18.6,25.1,73.99,970.0,5.3299,2024,9,21,265,Southwest Monsoon
2024-09-22,29.0,19.5,24.0,1.4,19.3,25.2,77.18,970.0,4.7395,2024,9,22,266,Southwest Monsoon
2024-09-23,29.4,20.0,23.5,5.3,20.0,25.3,80.93,970.0,4.3846,2024,9,23,267,Southwest Monsoon
2024-09-24,28.5,20.5,23.1,4.4,23.5,24.5,82.0,970.0,3.7939,2024,9,24,268,Southwest Monsoon
2024-09-25,28.8,20.4,23.3,2.5,23.4,24.6,80.65,970.0,4.1765,2024,9,25,269,Southwest Monsoon
2024-09-26,28.8,19.5,23.6,0.6,19.5,24.9,78.1,970.0,3.661,2024,9,26,270,Southwest Monsoon
2024-09-27,28.8,19.4,23.4,1.5,16.8,25.4,75.84,970.0,4.8583,2024,9,27,271,Southwest Monsoon
2024-09-28,28.5,19.6,23.2,3.0,15.4,26.2,77.61,970.0,5.0258,2024,9,28,272,Southwest Monsoon
2024-09-29,28.5,20.3,24.0,5.5,12.1,26.8,77.25,970.0,5.2058,2024,9,29,273,Southwest Monsoon
2024-09-30,30.1,20.5,24.5,0.1,13.6,27.0,74.34,970.0,5.6525,2024,9,30,274,Southwest Monsoon
2024-10-01,30.6,19.8,24.8,0.4,10.6,27.9,71.0,970.0,5.7065,2024,10,1,275,Post-Monsoon
2024-10-02,29.9,20.4,24.2,9.8,14.6,27.0,74.57,970.0,5.8078,2024,10,2,276,Post-Monsoon
2024-10-03,28.4,20.0,23.4,4.2,15.5,26.0,86.78,970.0,4.9044,2024,10,3,277,Post-Monsoon
2024-10-04,28.5,19.9,23.6,7.2,12.3,26.3,88.22,970.0,4.9637,2024,10,4,278,Post-Monsoon
2024-10-05,26.9,20.0,22.4,11.3,14.3,25.0,85.88,970.0,4.2322,2024,10,5,279,Post-Monsoon
2024-10-06,27.4,19.6,23.3,0.5,11.4,25.8,88.67,970.0,4.3555,2024,10,6,280,Post-Monsoon
2024-10-07,28.9,19.1,23.1,0.9,23.5,24.8,80.49,970.0,4.6642,2024,10,7,281,Post-Monsoon
2024-10-08,27.9,20.0,23.2,10.7,13.4,25.7,83.42,970.0,5.1617,2024,10,8,282,Post-Monsoon
2024-10-09,28.0,20.2,23.3,5.2,14.4,25.8,84.71,970.0,5.2709,2024,10,9,283,Post-Monsoon
2024-10-10,27.5,19.9,22.8,6.5,17.5,25.5,84.57,970.0,4.7846,2024,10,10,284,Post-Monsoon
2024-10-11,27.9,19.9,22.9,4.9,17.3,25.4,86.63,970.0,4.4441,2024,10,11,285,Post-Monsoon
2024-10-12,28.1,20.3,23.2,7.2,15.3,25.6,88.12,970.0,4.4498,2024,10,12,286,Post-Monsoon
2024-10-13,27.9,20.4,23.3,1.8,19.7,25.2,87.62,970.0,4.3073,2024,10,13,287,Post-Monsoon
2024-10-14,23.4,19.3,21.0,14.4,13.7,23.7,86.91,970.0,3.0667,2024,10,14,288,Post-Monsoon
2024-10-15,23.1,19.8,21.2,31.5,15.9,23.7,90.86,970.0,1.7501,2024,10,15,289,Post-Monsoon
2024-10-16,22.9,19.2,20.8,13.3,11.6,23.5,92.1,970.0,2.9335,2024,10,16,290,Post-Monsoon
2024-10-17,27.0,19.8,22.8,0.8,14.7,25.3,89.62,970.0,4.0884,2024,10,17,291,Post-Monsoon
2024-10-18,27.6,19.5,22.2,8.4,18.5,25.0,83.82,970.0,4.9718,2024,10,18,292,Post-Monsoon
2024-10-19,24.7,18.9,21.4,8.5,10.1,24.3,89.99,970.0,2.9042,2024,10,19,293,Post-Monsoon
2024-10-20,26.4,19.4,21.7,21.1,11.7,24.7,85.94,970.0,4.5046,2024,10,20,294,Post-Monsoon
2024-10-21,26.8,19.6,22.2,17.8,10.2,25.3,86.16,970.0,4.8816,2024,10,21,295,Post-Monsoon
2024-10-22,27.5,18.4,22.0,27.3,11.9,25.1,83.77,970.0,4.3874,2024,10,22,296,Post-Monsoon
2024-10-23,27.5,19.2,22.4,20.1,10.4,25.8,83.77,970.0,4.6678,2024,10,23,297,Post-Monsoon
2024-10-24,26.2,19.0,22.0,1.1,6.2,24.9,86.25,970.0,3.5054,2024,10,24,298,Post-Monsoon
2024-10-25,27.0,17.4,21.9,0.0,8.7,23.9,81.46,970.0,4.8254,2024,10,25,299,Post-Monsoon
2024-10-26,26.6,17.0,21.6,0.0,13.2,22.7,79.41,970.0,5.1511,2024,10,26,300,Post-Monsoon
2024-10-27,26.7,15.5,21.1,0.0,11.0,22.4,85.42,970.0,5.1168,2024,10,27,301,Post-Monsoon
2024-10-28,27.1,16.5,21.9,0.0,9.0,23.9,80.11,970.0,5.4137,2024,10,28,302,Post-Monsoon
2024-10-29,27.6,17.5,22.5,0.4,9.7,24.6,79.61,970.0,5.5471,2024,10,29,303,Post-Monsoon
2024-10-30,27.3,17.8,22.4,1.1,7.5,25.1,81.77,970.0,4.847,2024,10,30,304,Post-Monsoon
2024-10-31,27.8,18.4,22.5,4.0,10.0,25.5,88.36,970.0,3.9732,2024,10,31,305,Post-Monsoon
2024-11-01,26.9,19.8,22.3,8.2,9.6,25.1,86.25,970.0,4.3807,2024,11,1,306,Post-Monsoon
2024-11-02,27.6,18.8,22.1,1.2,19.9,24.1,83.78,970.0,4.7278,2024,11,2,307,Post-Monsoon
2024-11-03,27.7,19.5,22.4,0.7,17.6,24.1,84.06,970.0,4.8874,2024,11,3,308,Post-Monsoon
2024-11-04,27.0,19.5,22.4,1.0,14.8,24.0,84.22,970.0,4.3234,2024,11,4,309,Post-Monsoon
2024-11-05,27.0,17.1,21.9,0.0,13.6,22.6,81.66,970.0,5.1254,2024,11,5,310,Post-Monsoon
2024-11-06,27.8,16.3,22.2,0.1,16.5,22.8,81.61,970.0,5.4125,2024,11,6,311,Post-Monsoon
2024-11-07,27.4,19.0,22.6,1.3,19.9,23.8,85.4,970.0,2.7823,2024,11,7,312,Post-Monsoon
2024-11-08,29.0,18.2,22.8,0.0,17.2,23.7,83.48,970.0,5.0659,2024,11,8,313,Post-Monsoon
2024-11-09,27.8,18.0,22.2,0.0,17.2,22.6,83.65,970.0,5.4214,2024,11,9,314,Post-Monsoon
2024-11-10,27.0,17.5,22.0,0.4,16.4,22.5,81.78,970.0,5.6383,2024,11,10,315,Post-Monsoon
2024-11-11,27.8,17.2,22.2,0.0,16.9,22.6,80.24,970.0,5.3556,2024,11,11,316,Post-Monsoon
2024-11-12,27.0,19.0,22.2,0.9,18.4,23.1,84.57,970.0,1.9169,2024,11,12,317,Post-Monsoon
2024-11-13,27.0,19.9,22.3,9.9,17.4,24.2,86.86,970.0,3.4414,2024,11,13,318,Post-Monsoon
2024-11-14,25.7,19.9,21.9,6.0,16.2,24.0,86.35,970.0,2.9657,2024,11,14,319,Post-Monsoon
2024-11-15,27.0,19.9,22.1,10.0,15.4,24.2,88.31,970.0,3.311,2024,11,15,320,Post-Monsoon
2024-11-16,26.3,19.6,22.1,3.4,17.2,24.0,87.44,970.0,3.7214,2024,11,16,321,Post-Monsoon
2024-11-17,27.4,19.8,22.7,0.5,14.1,24.4,84.27,970.0,3.5208,2024,11,17,322,Post-Monsoon
2024-11-18,26.9,19.0,22.3,0.1,14.9,23.5,83.73,970.0,4.2521,2024,11,18,323,Post-Monsoon
2024-11-19,27.3,18.5,22.3,0.0,13.6,23.2,81.83,970.0,4.3337,2024,11,19,324,Post-Monsoon
2024-11-20,28.0,17.5,22.1,0.0,12.4,22.9,80.95,970.0,4.0932,2024,11,20,325,Post-Monsoon
2024-11-21,27.5,17.2,22.0,0.0,12.2,22.8,75.73,970.0,4.4086,2024,11,21,326,Post-Monsoon
2024-11-22,27.9,16.4,21.9,0.0,12.1,22.6,80.05,970.0,5.4562,2024,11,22,327,Post-Monsoon
2024-11-23,28.6,16.7,22.3,0.0,11.0,23.1,76.81,970.0,4.3925,2024,11,23,328,Post-Monsoon
2024-11-24,29.1,17.3,22.9,0.0,12.4,23.7,78.74,970.0,4.566,2024,11,24,329,Post-Monsoon
2024-11-25,27.8,17.1,22.1,0.0,11.3,22.5,80.35,970.0,4.3817,2024,11,25,330,Post-Monsoon
2024-11-26,26.2,18.1,21.7,0.0,18.0,22.1,87.3,970.0,3.1366,2024,11,26,331,Post-Monsoon
2024-11-27,26.4,18.9,21.7,0.0,19.9,22.0,81.47,970.0,3.4195,2024,11,27,332,Post-Monsoon
2024-11-28,26.9,17.5,21.5,0.0,16.6,20.8,73.07,970.0,4.8746,2024,11,28,333,Post-Monsoon
2024-11-29,25.4,18.2,21.7,0.8,20.9,21.2,85.17,970.0,3.5347,2024,11,29,334,Post-Monsoon
2024-11-30,23.6,19.0,21.0,0.3,20.7,21.6,87.94,970.0,1.3514,2024,11,30,335,Post-Monsoon
2024-12-01,24.5,19.9,21.4,8.0,22.3,22.5,93.28,970.0,0.9924,2024,12,1,336,Winter
2024-12-02,23.2,20.4,21.3,35.0,18.0,23.4,95.42,970.0,1.213,2024,12,2,337,Winter
2024-12-03,26.0,20.0,22.2,4.7,13.7,24.8,91.01,970.0,3.2275,2024,12,3,338,Winter
2024-12-04,25.9,18.8,21.9,0.0,15.7,23.8,86.65,970.0,4.4119,2024,12,4,339,Winter
2024-12-05,26.1,19.9,22.3,0.8,11.1,24.6,86.26,970.0,4.3198,2024,12,5,340,Winter
2024-12-06,26.7,19.5,22.5,0.0,12.1,24.9,82.87,970.0,5.4386,2024,12,6,341,Winter
2024-12-07,27.0,19.2,22.3,0.6,11.3,24.8,85.31,970.0,5.0366,2024,12,7,342,Winter
2024-12-08,26.8,18.5,22.1,0.0,10.6,24.0,82.86,970.0,5.2618,2024,12,8,343,Winter
2024-12-09,27.5,18.4,22.4,0.1,10.3,24.4,84.98,970.0,4.805,2024,12,9,344,Winter
2024-12-10,27.9,18.5,22.5,0.0,12.4,23.9,83.87,970.0,4.535,2024,12,10,345,Winter
2024-12-11,26.4,18.3,21.9,0.0,16.4,22.6,84.0,970.0,3.2054,2024,12,11,346,Winter
2024-12-12,22.0,19.0,20.2,21.2,15.5,21.6,91.45,970.0,1.8175,2024,12,12,347,Winter
2024-12-13,24.4,19.6,21.2,1.3,18.6,22.4,88.31,970.0,2.0753,2024,12,13,348,Winter
2024-12-14,26.1,17.6,21.2,0.0,18.2,22.3,82.59,970.0,3.869,2024,12,14,349,Winter
2024-12-15,24.3,15.0,19.3,0.0,13.3,19.7,81.78,970.0,5.6213,2024,12,15,350,Winter
2024-12-16,24.9,15.1,19.3,0.0,11.4,19.9,77.23,970.0,5.6208,2024,12,16,351,Winter
2024-12-17,27.1,14.5,20.4,0.0,10.7,21.4,79.26,970.0,4.4935,2024,12,17,352,Winter
2024-12-18,25.9,17.0,21.6,0.3,12.3,22.9,85.17,970.0,3.954,2024,12,18,353,Winter
2024-12-19,28.0,19.1,22.9,0.3,10.9,24.4,84.57,970.0,3.5623,2024,12,19,354,Winter
2024-12-20,27.9,18.8,22.9,0.1,12.6,24.7,84.16,970.0,4.1674,2024,12,20,355,Winter
2024-12-21,29.0,18.0,23.1,0.0,9.9,25.3,77.28,970.0,4.5797,2024,12,21,356,Winter
2024-12-22,28.1,17.9,22.9,0.0,11.5,24.9,77.5,970.0,3.9756,2024,12,22,357,Winter
2024-12-23,27.0,18.4,22.4,0.0,10.0,23.8,79.4,970.0,3.8666,2024,12,23,358,Winter
2024-12-24,27.2,17.6,22.4,0.0,11.5,23.4,75.83,970.0,4.3836,2024,12,24,359,Winter
2024-12-25,27.9,17.2,22.2,0.0,11.0,23.1,80.79,970.0,3.1099,2024,12,25,360,Winter
2024-12-26,26.2,18.5,22.2,3.6,17.5,23.4,83.8,970.0,2.3743,2024,12,26,361,Winter
2024-12-27,25.4,18.5,21.2,1.7,19.0,22.2,84.3,970.0,3.5131,2024,12,27,362,Winter
2024-12-28,26.1,17.5,21.2,0.0,15.5,21.9,79.38,970.0,4.5278,2024,12,28,363,Winter
2024-12-29,26.9,16.9,21.4,0.0,14.3,21.9,78.6,970.0,5.6102,2024,12,29,364,Winter
2024-12-30,25.7,16.7,21.2,0.0,14.4,21.6,75.5,970.0,3.4978,2024,12,30,365,Winter
2024-12-31,27.5,17.0,21.6,0.0,15.8,21.2,75.91,970.0,5.7787,2024,12,31,366,Winter
2025-01-01,27.37,20.69,24.31,0.56,14.9,25.81,77.6,969.7,19.23,2025,1,1,1,Winter
2025-01-02,29.32,17.79,23.58,0.04,3.8,25.08,84.3,970.6,26.27,2025,1,2,2,Winter
2025-01-03,27.9,21.2,24.55,1.51,16.6,26.05,77.4,971.0,12.41,2025,1,3,3,Winter
2025-01-04,30.36,20.18,25.63,0.91,10.7,27.13,79.2,970.4,22.81,2025,1,4,4,Winter
2025-01-05,27.37,19.41,23.55,0.82,13.7,25.05,76.6,971.0,18.72,2025,1,5,5,Winter
2025-01-06,28.24,17.95,23.58,0.87,16.8,25.08,82.6,969.9,21.35,2025,1,6,6,Winter
2025-01-07,30.74,20.19,25.79,1.35,6.5,27.29,82.4,968.2,17.59,2025,1,7,7,Winter
2025-01-08,30.34,19.43,24.85,0.39,9.2,26.35,81.9,971.6,14.63,2025,1,8,8,Winter
2025-01-09,27.02,18.03,23.4,0.11,10.8,24.9,79.7,969.1,21.0,2025,1,9,9,Winter
2025-01-10,27.69,20.74,24.65,0.48,8.9,26.15,79.4,968.6,20.62,2025,1,10,10,Winter
2025-01-11,26.89,20.24,23.48,0.68,18.9,24.98,84.3,969.7,21.89,2025,1,11,11,Winter
2025-01-12,29.22,19.31,23.52,0.67,8.6,25.02,81.2,968.6,17.95,2025,1,12,12,Winter
2025-01-13,30.03,20.89,24.41,0.37,9.8,25.91,83.8,969.4,15.6,2025,1,13,13,Winter
2025-01-14,26.66,16.78,21.87,0.04,12.8,23.37,80.2,970.5,11.76,2025,1,14,14,Winter
2025-01-15,26.94,18.1,22.14,0.23,7.2,23.64,83.4,970.5,21.28,2025,1,15,15,Winter
2025-01-16,28.57,17.65,23.58,1.27,10.4,25.08,86.8,968.7,19.7,2025,1,16,16,Winter
2025-01-17,26.61,18.16,23.08,0.44,13.3,24.58,84.6,969.3,14.14,2025,1,17,17,Winter
2025-01-18,30.46,19.25,24.72,0.39,10.7,26.22,81.6,971.6,15.85,2025,1,18,18,Winter
2025-01-19,27.56,19.91,23.3,0.16,11.6,24.8,83.6,970.7,16.13,2025,1,19,19,Winter
2025-01-20,26.9,17.16,22.75,0.23,9.9,24.25,82.1,973.1,12.07,2025,1,20,20,Winter
2025-01-21,30.81,20.48,26.25,1.13,5.9,27.75,82.9,971.8,14.73,2025,1,21,21,Winter
2025-01-22,27.42,19.81,24.27,0.55,13.3,25.77,81.9,971.7,13.46,2025,1,22,22,Winter
2025-01-23,28.18,19.86,24.68,0.77,19.0,26.18,82.4,967.9,16.35,2025,1,23,23,Winter
2025-01-24,28.16,17.65,22.94,0.3,12.1,24.44,83.5,971.1,15.05,2025,1,24,24,Winter
2025-01-25,27.3,20.53,24.06,0.5,12.9,25.56,79.9,969.9,11.49,2025,1,25,25,Winter
2025-01-26,29.71,20.39,24.9,0.14,14.8,26.4,79.8,969.2,26.09,2025,1,26,26,Winter
2025-01-27,27.18,19.25,23.44,0.61,6.9,24.94,78.7,970.3,23.01,2025,1,27,27,Winter
2025-01-28,29.5,21.89,25.33,0.28,18.8,26.83,78.1,971.4,14.88,2025,1,28,28,Winter
2025-01-29,28.09,20.12,24.22,0.29,12.8,25.72,79.2,970.8,19.09,2025,1,29,29,Winter
2025-01-30,28.72,21.45,24.65,0.52,18.5,26.15,83.3,968.7,19.67,2025,1,30,30,Winter
2025-01-31,29.5,21.27,24.34,1.38,9.1,25.84,80.2,971.1,22.76,2025,1,31,31,Winter
2025-02-01,31.24,23.95,27.35,0.03,19.3,28.85,84.4,969.0,14.73,2025,2,1,32,Winter
2025-02-02,29.87,19.29,25.18,0.87,15.1,26.68,83.0,970.3,22.37,2025,2,2,33,Winter
2025-02-03,28.42,19.34,23.99,0.17,14.2,25.49,77.0,969.5,15.81,2025,2,3,34,Winter
2025-02-04,31.3,20.41,26.31,0.29,12.9,27.81,84.8,969.7,12.66,2025,2,4,35,Winter
2025-02-05,29.74,19.63,23.92,0.01,11.0,25.42,85.3,971.1,20.9,2025,2,5,36,Winter
2025-02-06,30.91,21.77,25.71,0.18,16.8,27.21,79.9,968.4,23.16,2025,2,6,37,Winter
2025-02-07,26.82,18.66,23.17,0.35,12.6,24.67,84.1,972.9,28.35,2025,2,7,38,Winter
2025-02-08,27.1,19.68,24.0,0.03,4.1,25.5,80.3,967.3,13.2,2025,2,8,39,Winter
2025-02-09,29.69,22.59,25.9,0.34,7.5,27.4,83.2,969.1,20.8,2025,2,9,40,Winter
2025-02-10,31.41,21.7,26.62,1.31,11.3,28.12,79.1,970.6,16.36,2025,2,10,41,Winter
2025-02-11,29.17,22.37,26.02,0.06,13.2,27.52,77.5,970.9,21.13,2025,2,11,42,Winter
2025-02-12,30.23,20.89,25.74,0.72,11.8,27.24,81.7,969.8,12.12,2025,2,12,43,Winter
2025-02-13,30.39,20.64,25.6,0.26,16.9,27.1,82.5,969.9,12.95,2025,2,13,44,Winter
2025-02-14,28.26,20.8,24.26,0.53,4.2,25.76,81.7,970.6,14.9,2025,2,14,45,Winter
2025-02-15,30.56,22.06,25.24,0.15,12.6,26.74,79.3,969.7,18.32,2025,2,15,46,Winter
2025-02-16,28.95,20.29,25.63,0.09,4.7,27.13,81.7,972.1,15.44,2025,2,16,47,Winter
2025-02-17,30.75,23.15,27.53,0.09,15.0,29.03,83.7,971.3,20.64,2025,2,17,48,Winter
2025-02-18,31.93,23.57,26.75,0.04,11.6,28.25,82.7,971.3,22.11,2025,2,18,49,Winter
2025-02-19,28.78,18.31,24.3,0.1,13.7,25.8,83.4,968.6,20.4,2025,2,19,50,Winter
2025-02-20,31.95,23.71,26.88,0.55,8.5,28.38,80.9,969.9,24.48,2025,2,20,51,Winter
2025-02-21,30.41,21.02,26.11,1.07,17.1,27.61,86.4,969.5,19.66,2025,2,21,52,Winter
2025-02-22,29.58,19.89,25.84,0.84,16.2,27.34,79.3,968.5,13.13,2025,2,22,53,Winter
2025-02-23,32.92,23.75,27.47,0.58,14.3,28.97,84.3,970.5,23.45,2025,2,23,54,Winter
2025-02-24,33.45,24.62,28.05,0.06,11.5,29.55,86.4,969.2,15.58,2025,2,24,55,Winter
2025-02-25,33.1,24.65,28.01,0.17,14.3,29.51,84.3,971.0,21.64,2025,2,25,56,Winter
2025-02-26,29.78,22.06,25.97,0.19,9.2,27.47,82.3,968.4,24.29,2025,2,26,57,Winter
2025-02-27,31.46,23.38,26.69,0.14,15.4,28.19,81.3,972.6,19.83,2025,2,27,58,Winter
2025-02-28,31.62,22.46,27.54,0.36,18.6,29.04,86.0,968.7,12.02,2025,2,28,59,Winter
2025-03-01,31.67,25.21,28.39,0.38,16.3,29.89,78.6,970.3,14.33,2025,3,1,60,Summer
2025-03-02,32.48,22.2,26.73,0.22,9.1,28.23,80.0,971.2,23.29,2025,3,2,61,Summer
2025-03-03,30.58,21.18,27.17,0.22,13.4,28.67,81.7,969.1,17.32,2025,3,3,62,Summer
2025-03-04,32.0,20.7,26.15,0.88,6.8,27.65,86.6,971.3,18.32,2025,3,4,63,Summer
2025-03-05,30.46,21.28,26.12,0.78,14.3,27.62,84.0,968.2,21.04,2025,3,5,64,Summer
2025-03-06,32.17,24.7,28.62,0.18,13.8,30.12,80.0,972.2,20.79,2025,3,6,65,Summer
2025-03-07,33.98,24.48,29.36,1.23,4.5,30.86,81.9,970.0,19.12,2025,3,7,66,Summer
2025-03-08,33.35,23.15,27.73,1.53,7.4,29.23,81.0,969.1,17.17,2025,3,8,67,Summer
2025-03-09,34.3,24.82,29.1,0.2,10.9,30.6,80.7,969.6,16.75,2025,3,9,68,Summer
2025-03-10,33.84,25.03,28.42,0.22,10.8,29.92,85.8,971.2,21.43,2025,3,10,69,Summer
2025-03-11,32.27,21.64,27.3,0.35,7.2,28.8,78.8,969.1,20.21,2025,3,11,70,Summer
2025-03-12,33.67,24.24,28.59,1.42,13.6,30.09,87.7,968.9,16.97,2025,3,12,71,Summer
2025-03-13,35.64,26.5,30.09,1.05,13.0,31.59,85.4,969.7,22.33,2025,3,13,72,Summer
2025-03-14,32.03,24.18,28.28,0.05,11.2,29.78,86.1,968.2,17.48,2025,3,14,73,Summer
2025-03-15,34.76,26.05,30.29,0.25,9.0,31.79,81.5,972.7,14.59,2025,3,15,74,Summer
2025-03-16,29.02,19.87,25.36,0.4,16.2,26.86,82.4,969.2,14.96,2025,3,16,75,Summer
2025-03-17,35.54,24.37,29.57,0.35,18.6,31.07,78.6,971.2,14.09,2025,3,17,76,Summer
2025-03-18,34.61,23.47,28.78,0.11,10.1,30.28,81.3,970.3,16.91,2025,3,18,77,Summer
2025-03-19,31.52,25.37,28.4,0.98,9.6,29.9,84.3,968.5,22.93,2025,3,19,78,Summer
2025-03-20,34.07,24.71,28.95,0.56,14.0,30.45,86.8,970.0,14.78,2025,3,20,79,Summer
2025-03-21,32.32,22.1,26.54,0.91,10.6,28.04,79.5,971.2,18.75,2025,3,21,80,Summer
2025-03-22,32.29,25.69,28.75,0.98,11.4,30.25,81.8,969.7,15.37,2025,3,22,81,Summer
2025-03-23,34.23,25.75,29.53,0.69,15.0,31.03,82.4,971.8,16.96,2025,3,23,82,Summer
2025-03-24,36.71,25.68,30.96,0.29,4.4,32.46,78.7,971.5,11.96,2025,3,24,83,Summer
2025-03-25,31.75,25.24,28.65,0.47,17.3,30.15,84.6,971.4,17.12,2025,3,25,84,Summer
2025-03-26,33.48,23.78,28.39,0.09,12.3,29.89,80.7,969.3,17.23,2025,3,26,85,Summer
2025-03-27,32.73,25.19,28.84,0.56,10.4,30.34,82.3,968.4,20.16,2025,3,27,86,Summer
2025-03-28,36.4,27.59,30.62,0.1,11.6,32.12,81.5,969.1,18.89,2025,3,28,87,Summer
2025-03-29,35.92,26.28,30.0,0.59,11.8,31.5,80.5,970.3,13.21,2025,3,29,88,Summer
2025-03-30,34.89,23.13,29.06,0.13,5.1,30.56,82.8,970.8,22.34,2025,3,30,89,Summer
2025-03-31,34.82,24.99,30.39,0.06,18.0,31.89,82.2,966.7,18.84,2025,3,31,90,Summer
2025-04-01,35.56,24.1,29.98,0.09,12.2,31.48,81.8,970.0,18.79,2025,4,1,91,Summer
2025-04-02,36.64,26.64,31.1,0.0,13.8,32.6,80.7,970.2,17.96,2025,4,2,92,Summer
2025-04-03,33.14,25.85,29.18,0.63,15.8,30.68,83.8,969.6,15.93,2025,4,3,93,Summer
2025-04-04,35.2,25.07,29.71,0.66,7.9,31.21,87.8,971.9,18.87,2025,4,4,94,Summer
2025-04-05,32.83,25.35,29.72,0.36,13.9,31.22,83.3,970.6,19.9,2025,4,5,95,Summer
2025-04-06,33.3,22.98,28.51,0.09,10.9,30.01,85.9,972.0,11.01,2025,4,6,96,Summer
2025-04-07,34.39,27.41,30.7,0.04,15.4,32.2,78.7,969.7,15.84,2025,4,7,97,Summer
2025-04-08,34.1,26.28,30.74,0.01,3.5,32.24,83.3,971.4,16.98,2025,4,8,98,Summer
2025-04-09,33.74,27.06,30.51,0.09,11.6,32.01,79.6,972.5,19.02,2025,4,9,99,Summer
2025-04-10,35.39,26.33,30.3,1.11,9.6,31.8,78.4,972.0,22.77,2025,4,10,100,Summer
2025-04-11,32.99,23.75,28.97,0.14,13.7,30.47,80.6,968.4,14.91,2025,4,11,101,Summer
2025-04-12,35.41,25.81,30.24,0.22,13.9,31.74,86.4,969.6,16.01,2025,4,12,102,Summer
2025-04-13,33.6,26.28,30.41,0.06,9.2,31.91,85.7,969.5,15.95,2025,4,13,103,Summer
2025-04-14,33.88,25.75,29.93,0.13,9.2,31.43,83.6,970.7,14.79,2025,4,14,104,Summer
2025-04-15,35.39,26.4,30.78,0.37,11.6,32.28,78.3,971.0,16.61,2025,4,15,105,Summer
2025-04-16,36.9,26.17,31.53,0.47,8.4,33.03,82.3,968.7,21.08,2025,4,16,106,Summer
2025-04-17,37.34,27.7,33.38,0.14,15.4,34.88,83.8,970.1,13.78,2025,4,17,107,Summer
2025-04-18,36.28,25.53,31.4,0.03,10.5,32.9,83.4,967.0,19.71,2025,4,18,108,Summer
2025-04-19,37.23,26.21,31.57,0.25,0.4,33.07,77.3,972.2,11.19,2025,4,19,109,Summer
2025-04-20,36.09,27.3,31.24,0.13,10.5,32.74,80.2,969.2,15.75,2025,4,20,110,Summer
2025-04-21,32.8,24.04,29.1,0.12,7.8,30.6,82.7,970.1,16.68,2025,4,21,111,Summer
2025-04-22,34.52,27.13,31.44,1.61,5.5,32.94,84.5,969.5,24.7,2025,4,22,112,Summer
2025-04-23,37.22,27.85,31.61,0.48,7.1,33.11,76.3,971.7,16.9,2025,4,23,113,Summer
2025-04-24,37.63,29.04,34.57,0.41,12.4,36.07,82.4,965.7,9.2,2025,4,24,114,Summer
2025-04-25,37.07,28.33,31.45,0.27,17.3,32.95,83.3,970.0,10.0,2025,4,25,115,Summer
2025-04-26,36.69,26.4,32.11,0.28,13.3,33.61,85.4,969.8,18.14,2025,4,26,116,Summer
2025-04-27,37.58,27.38,31.77,0.39,9.6,33.27,84.9,969.3,20.46,2025,4,27,117,Summer
2025-04-28,35.87,25.56,30.47,0.6,13.8,31.97,84.6,972.6,19.5,2025,4,28,118,Summer
2025-04-29,39.3,28.33,33.31,0.61,10.2,34.81,80.5,968.7,18.67,2025,4,29,119,Summer
2025-04-30,36.95,27.21,32.9,0.09,9.2,34.4,77.1,971.2,22.65,2025,4,30,120,Summer
2025-05-01,38.31,28.1,33.01,0.35,7.4,34.51,81.7,970.5,15.84,2025,5,1,121,Summer
2025-05-02,35.23,26.19,31.03,0.27,5.0,32.53,85.9,971.9,21.58,2025,5,2,122,Summer
2025-05-03,38.3,30.66,33.86,1.02,10.4,35.36,87.0,969.0,11.47,2025,5,3,123,Summer
2025-05-04,35.44,26.0,30.55,0.5,12.6,32.05,85.0,968.9,14.38,2025,5,4,124,Summer
2025-05-05,38.62,29.55,33.0,0.38,11.6,34.5,84.2,971.6,10.77,2025,5,5,125,Summer
2025-05-06,40.93,29.76,34.98,0.06,10.3,36.48,84.0,970.6,16.9,2025,5,6,126,Summer
2025-05-07,36.52,26.68,31.21,0.47,8.2,32.71,81.2,967.7,17.81,2025,5,7,127,Summer
2025-05-08,36.03,26.73,31.78,0.06,14.4,33.28,82.5,969.2,18.46,2025,5,8,128,Summer
2025-05-09,36.89,29.5,32.63,0.21,6.7,34.13,87.9,970.6,18.25,2025,5,9,129,Summer
2025-05-10,37.17,28.7,31.95,0.08,15.1,33.45,80.0,971.3,14.29,2025,5,10,130,Summer
2025-05-11,34.46,25.6,30.75,0.59,8.0,32.25,87.7,969.0,17.24,2025,5,11,131,Summer
2025-05-12,36.07,29.52,32.74,0.12,9.0,34.24,81.9,965.6,12.01,2025,5,12,132,Summer
2025-05-13,35.49,28.21,31.43,0.25,6.1,32.93,86.8,970.8,23.45,2025,5,13,133,Summer
2025-05-14,37.18,30.28,33.32,1.13,10.0,34.82,78.6,968.2,16.79,2025,5,14,134,Summer
2025-05-15,35.58,25.82,31.69,0.11,15.9,33.19,84.6,967.0,16.04,2025,5,15,135,Summer
2025-05-16,38.4,29.48,34.7,0.35,14.1,36.2,80.7,965.8,24.36,2025,5,16,136,Summer
2025-05-17,35.07,27.88,31.94,0.27,15.9,33.44,78.6,971.2,13.03,2025,5,17,137,Summer
2025-05-18,35.59,28.64,32.53,0.01,14.1,34.03,83.5,970.2,13.5,2025,5,18,138,Summer
2025-05-19,39.9,29.89,33.94,0.79,7.6,35.44,85.9,969.7,13.62,2025,5,19,139,Summer
2025-05-20,35.8,26.2,31.52,0.04,10.7,33.02,80.3,972.1,17.73,2025,5,20,140,Summer
2025-05-21,37.46,28.32,33.31,0.32,8.9,34.81,78.4,971.0,19.73,2025,5,21,141,Summer
2025-05-22,39.68,31.08,34.64,0.41,17.3,36.14,82.6,972.4,20.96,2025,5,22,142,Summer
2025-05-23,34.83,27.65,31.18,0.5,7.2,32.68,82.6,967.9,28.29,2025,5,23,143,Summer
2025-05-24,39.21,30.06,33.36,0.58,15.6,34.86,84.5,969.9,9.0,2025,5,24,144,Summer
2025-05-25,38.84,28.5,33.48,0.15,15.6,34.98,85.7,967.6,20.43,2025,5,25,145,Summer
2025-05-26,37.41,28.84,34.14,0.01,19.3,35.64,82.7,969.7,15.77,2025,5,26,146,Summer
2025-05-27,36.0,27.95,31.74,0.64,10.4,33.24,88.4,969.6,15.65,2025,5,27,147,Summer
2025-05-28,37.31,28.61,31.67,0.38,14.8,33.17,83.5,970.9,15.52,2025,5,28,148,Summer
2025-05-29,39.74,30.66,33.91,0.9,21.1,35.41,81.8,970.1,14.36,2025,5,29,149,Summer
2025-05-30,38.06,27.76,33.66,0.86,9.5,35.16,78.0,970.9,24.74,2025,5,30,150,Summer
2025-05-31,38.47,29.74,33.63,0.93,5.9,35.13,82.1,971.1,21.37,2025,5,31,151,Summer
2025-06-01,37.27,28.46,33.77,4.19,4.5,35.27,81.9,973.2,18.09,2025,6,1,152,Southwest Monsoon
2025-06-02,38.53,27.68,32.55,4.18,14.9,34.05,85.7,969.5,23.4,2025,6,2,153,Southwest Monsoon
2025-06-03,37.36,29.52,33.67,0.55,4.5,35.17,84.3,968.6,11.95,2025,6,3,154,Southwest Monsoon
2025-06-04,39.59,30.14,33.76,3.43,10.5,35.26,79.3,970.4,12.68,2025,6,4,155,Southwest Monsoon
2025-06-05,37.51,29.2,32.57,0.94,13.7,34.07,83.4,968.8,9.29,2025,6,5,156,Southwest Monsoon
2025-06-06,40.5,30.83,35.68,13.21,12.7,37.18,84.9,972.2,15.2,2025,6,6,157,Southwest Monsoon
2025-06-07,38.56,28.69,34.02,23.6,13.7,35.52,87.5,969.6,18.65,2025,6,7,158,Southwest Monsoon
2025-06-08,35.72,27.1,32.03,0.6,12.9,33.53,85.5,969.2,18.41,2025,6,8,159,Southwest Monsoon
2025-06-09,37.79,29.67,34.26,24.83,17.1,35.76,85.2,969.3,18.6,2025,6,9,160,Southwest Monsoon
2025-06-10,35.97,29.18,32.31,5.91,8.2,33.81,83.0,971.1,12.36,2025,6,10,161,Southwest Monsoon
2025-06-11,37.99,28.53,34.43,2.85,9.3,35.93,84.0,969.8,21.21,2025,6,11,162,Southwest Monsoon
2025-06-12,40.22,29.49,34.88,0.64,8.9,36.38,86.6,969.0,18.96,2025,6,12,163,Southwest Monsoon
2025-06-13,36.56,28.63,32.51,5.56,15.3,34.01,78.9,972.5,20.93,2025,6,13,164,Southwest Monsoon
2025-06-14,37.83,28.71,34.65,12.66,15.6,36.15,81.8,968.7,10.43,2025,6,14,165,Southwest Monsoon
2025-06-15,39.9,29.19,34.0,9.82,13.8,35.5,80.6,970.1,19.25,2025,6,15,166,Southwest Monsoon
2025-06-16,40.14,29.74,34.49,0.41,16.7,35.99,84.0,971.0,13.25,2025,6,16,167,Southwest Monsoon
2025-06-17,41.56,30.53,35.77,0.61,7.3,37.27,86.6,967.6,16.41,2025,6,17,168,Southwest Monsoon
2025-06-18,39.18,27.76,33.2,4.13,18.7,34.7,81.1,970.7,20.14,2025,6,18,169,Southwest Monsoon
2025-06-19,36.11,27.62,32.59,2.8,18.1,34.09,75.7,968.4,18.36,2025,6,19,170,Southwest Monsoon
2025-06-20,36.6,29.03,32.42,2.12,14.9,33.92,81.6,971.2,14.59,2025,6,20,171,Southwest Monsoon
2025-06-21,37.77,28.48,32.5,2.64,19.1,34.0,85.6,968.6,18.03,2025,6,21,172,Southwest Monsoon
2025-06-22,38.46,27.59,33.37,13.02,5.4,34.87,84.5,971.0,11.87,2025,6,22,173,Southwest Monsoon
2025-06-23,37.33,30.19,33.86,21.19,9.9,35.36,84.2,971.7,22.6,2025,6,23,174,Southwest Monsoon
2025-06-24,39.22,29.66,33.78,4.15,9.1,35.28,82.0,971.3,17.18,2025,6,24,175,Southwest Monsoon
2025-06-25,38.1,30.13,34.42,18.93,14.9,35.92,79.0,970.4,22.47,2025,6,25,176,Southwest Monsoon
2025-06-26,37.1,29.11,33.43,3.1,7.8,34.93,84.4,969.7,15.89,2025,6,26,177,Southwest Monsoon
2025-06-27,39.75,30.3,35.14,5.18,15.0,36.64,80.4,969.1,15.91,2025,6,27,178,Southwest Monsoon
2025-06-28,37.84,27.23,33.06,2.05,17.5,34.56,89.4,972.2,14.94,2025,6,28,179,Southwest Monsoon
2025-06-29,41.37,32.9,36.62,8.18,14.8,38.12,84.6,969.0,21.5,2025,6,29,180,Southwest Monsoon
2025-06-30,37.36,30.73,34.09,30.9,13.1,35.59,81.1,968.4,15.16,2025,6,30,181,Southwest Monsoon
2025-07-01,37.92,28.7,32.29,7.4,8.0,33.79,81.0,971.0,20.58,2025,7,1,182,Southwest Monsoon
2025-07-02,35.81,26.35,32.01,3.54,8.6,33.51,82.6,968.8,16.47,2025,7,2,183,Southwest Monsoon
2025-07-03,37.24,28.91,33.85,8.35,17.0,35.35,82.1,968.6,10.1,2025,7,3,184,Southwest Monsoon
2025-07-04,38.64,29.12,32.97,1.05,15.1,34.47,86.2,967.8,15.72,2025,7,4,185,Southwest Monsoon
2025-07-05,39.94,28.62,34.07,17.56,11.8,35.57,83.4,969.3,13.28,2025,7,5,186,Southwest Monsoon
2025-07-06,39.34,28.17,33.75,5.59,10.3,35.25,80.7,969.9,18.14,2025,7,6,187,Southwest Monsoon
2025-07-07,38.49,27.53,33.07,4.77,3.9,34.57,88.5,970.4,13.24,2025,7,7,188,Southwest Monsoon
2025-07-08,37.07,26.35,32.11,7.05,7.7,33.61,83.0,971.4,21.7,2025,7,8,189,Southwest Monsoon
2025-07-09,35.92,27.51,31.27,7.84,19.6,32.77,85.2,970.8,17.64,2025,7,9,190,Southwest Monsoon
2025-07-10,35.78,27.25,32.52,0.6,6.9,34.02,81.0,969.7,17.29,2025,7,10,191,Southwest Monsoon
2025-07-11,38.27,29.66,34.04,9.18,12.8,35.54,84.0,969.7,20.62,2025,7,11,192,Southwest Monsoon
2025-07-12,37.35,27.71,33.24,2.22,16.0,34.74,83.8,970.8,21.86,2025,7,12,193,Southwest Monsoon
2025-07-13,35.22,26.26,31.45,10.01,7.0,32.95,77.2,971.9,17.92,2025,7,13,194,Southwest Monsoon
2025-07-14,38.28,27.78,33.11,13.83,12.7,34.61,88.9,970.2,14.92,2025,7,14,195,Southwest Monsoon
2025-07-15,37.81,28.35,33.32,13.04,15.8,34.82,86.7,969.3,10.9,2025,7,15,196,Southwest Monsoon
2025-07-16,35.0,28.22,31.76,6.43,12.0,33.26,81.7,968.5,15.26,2025,7,16,197,Southwest Monsoon
2025-07-17,36.62,28.32,32.96,5.87,23.5,34.46,79.6,967.8,15.53,2025,7,17,198,Southwest Monsoon
2025-07-18,37.85,26.84,32.8,1.23,5.3,34.3,83.9,971.0,18.43,2025,7,18,199,Southwest Monsoon
2025-07-19,34.54,25.5,31.31,11.95,16.2,32.81,83.1,970.9,16.62,2025,7,19,200,Southwest Monsoon
2025-07-20,38.61,29.93,33.06,2.53,11.3,34.56,83.9,970.9,20.75,2025,7,20,201,Southwest Monsoon
2025-07-21,37.74,29.76,33.26,5.49,15.1,34.76,83.4,969.8,15.55,2025,7,21,202,Southwest Monsoon
2025-07-22,38.27,30.44,33.83,2.68,13.8,35.33,84.4,972.1,17.77,2025,7,22,203,Southwest Monsoon
2025-07-23,38.52,28.57,33.75,1.15,9.1,35.25,87.2,969.3,22.74,2025,7,23,204,Southwest Monsoon
2025-07-24,36.25,25.32,30.78,7.94,12.9,32.28,84.6,971.4,19.37,2025,7,24,205,Southwest Monsoon
2025-07-25,35.29,27.61,31.25,0.45,4.6,32.75,79.7,969.9,17.76,2025,7,25,206,Southwest Monsoon
2025-07-26,37.97,28.42,32.94,11.05,14.4,34.44,87.0,969.1,15.59,2025,7,26,207,Southwest Monsoon
2025-07-27,37.58,27.36,32.88,3.06,13.2,34.38,87.8,970.9,15.47,2025,7,27,208,Southwest Monsoon
2025-07-28,36.63,27.63,32.82,0.0,14.6,34.32,92.3,970.6,14.6,2025,7,28,209,Southwest Monsoon
2025-07-29,42.41,32.14,36.77,5.73,16.2,38.27,79.5,970.5,15.84,2025,7,29,210,Southwest Monsoon
2025-07-30,38.17,28.0,32.77,0.38,13.5,34.27,83.6,970.1,21.02,2025,7,30,211,Southwest Monsoon
2025-07-31,38.37,28.87,33.39,2.59,12.6,34.89,76.6,969.9,17.11,2025,7,31,212,Southwest Monsoon
2025-08-01,38.66,29.22,33.11,9.82,8.5,34.61,84.5,973.6,12.6,2025,8,1,213,Southwest Monsoon
2025-08-02,38.29,27.99,32.69,0.52,9.2,34.19,81.2,971.8,25.07,2025,8,2,214,Southwest Monsoon
2025-08-03,36.59,26.4,31.46,14.63,16.7,32.96,88.6,971.1,19.28,2025,8,3,215,Southwest Monsoon
2025-08-04,38.2,27.07,32.69,0.03,17.7,34.19,80.5,970.2,12.37,2025,8,4,216,Southwest Monsoon
2025-08-05,35.88,25.87,30.78,2.27,11.0,32.28,77.8,971.5,16.23,2025,8,5,217,Southwest Monsoon
2025-08-06,36.4,26.08,31.36,10.8,12.2,32.86,81.5,970.8,18.44,2025,8,6,218,Southwest Monsoon
2025-08-07,35.85,27.51,30.99,3.04,8.4,32.49,76.9,970.0,24.82,2025,8,7,219,Southwest Monsoon
2025-08-08,36.86,27.22,31.61,0.86,16.7,33.11,85.1,969.5,13.57,2025,8,8,220,Southwest Monsoon
2025-08-09,37.69,31.19,34.22,3.57,14.7,35.72,76.7,969.9,21.9,2025,8,9,221,Southwest Monsoon
2025-08-10,34.77,25.39,29.13,2.52,19.8,30.63,83.0,965.2,23.6,2025,8,10,222,Southwest Monsoon
2025-08-11,37.74,26.94,32.12,14.8,8.5,33.62,76.6,970.3,15.49,2025,8,11,223,Southwest Monsoon
2025-08-12,32.38,23.32,29.29,3.01,10.5,30.79,81.9,969.3,16.89,2025,8,12,224,Southwest Monsoon
2025-08-13,36.06,27.29,30.59,12.44,12.9,32.09,87.8,972.4,13.85,2025,8,13,225,Southwest Monsoon
2025-08-14,35.77,28.18,32.39,17.8,14.6,33.89,83.9,970.0,17.19,2025,8,14,226,Southwest Monsoon
2025-08-15,35.09,25.68,31.08,4.55,11.1,32.58,80.3,968.2,17.85,2025,8,15,227,Southwest Monsoon
2025-08-16,34.87,26.03,29.64,19.26,8.5,31.14,82.8,969.9,20.64,2025,8,16,228,Southwest Monsoon
2025-08-17,33.48,25.33,30.0,3.79,15.5,31.5,82.9,968.4,22.36,2025,8,17,229,Southwest Monsoon
2025-08-18,37.05,26.4,31.6,26.61,14.9,33.1,84.3,970.7,15.01,2025,8,18,230,Southwest Monsoon
2025-08-19,35.32,24.98,29.83,0.75,8.3,31.33,78.8,970.4,10.13,2025,8,19,231,Southwest Monsoon
2025-08-20,35.41,27.32,30.88,9.29,17.4,32.38,84.6,971.4,17.92,2025,8,20,232,Southwest Monsoon
2025-08-21,33.62,26.54,30.6,5.45,16.7,32.1,74.8,968.8,19.17,2025,8,21,233,Southwest Monsoon
2025-08-22,33.55,24.33,29.69,3.92,12.5,31.19,81.0,970.1,19.0,2025,8,22,234,Southwest Monsoon
2025-08-23,37.81,28.3,32.96,8.01,12.3,34.46,81.4,968.0,16.69,2025,8,23,235,Southwest Monsoon
2025-08-24,37.01,28.05,31.07,9.74,14.2,32.57,84.8,971.1,18.5,2025,8,24,236,Southwest Monsoon
2025-08-25,32.69,22.51,27.8,0.03,8.6,29.3,82.9,970.8,24.06,2025,8,25,237,Southwest Monsoon
2025-08-26,34.15,27.26,30.37,1.46,12.1,31.87,78.7,970.7,19.53,2025,8,26,238,Southwest Monsoon
2025-08-27,34.17,24.03,29.27,9.99,3.4,30.77,79.9,970.0,16.51,2025,8,27,239,Southwest Monsoon
2025-08-28,35.63,27.4,31.01,8.78,15.5,32.51,83.5,970.6,16.0,2025,8,28,240,Southwest Monsoon
2025-08-29,34.29,23.08,28.95,27.06,5.8,30.45,82.6,972.4,17.32,2025,8,29,241,Southwest Monsoon
2025-08-30,33.0,25.58,29.68,11.45,18.0,31.18,81.1,969.6,24.55,2025,8,30,242,Southwest Monsoon
2025-08-31,35.62,26.36,30.34,24.09,10.7,31.84,81.4,970.2,17.27,2025,8,31,243,Southwest Monsoon
2025-09-01,35.31,27.24,30.69,9.7,11.2,32.19,85.0,968.4,17.92,2025,9,1,244,Southwest Monsoon
2025-09-02,34.02,24.21,28.13,2.83,9.5,29.63,81.3,968.7,16.07,2025,9,2,245,Southwest Monsoon
2025-09-03,33.11,23.45,29.08,0.89,10.8,30.58,82.6,970.1,22.4,2025,9,3,246,Southwest Monsoon
2025-09-04,33.73,22.84,28.83,12.18,17.7,30.33,89.4,971.7,25.84,2025,9,4,247,Southwest Monsoon
2025-09-05,34.33,24.43,28.53,8.27,2.0,30.03,78.6,969.6,19.8,2025,9,5,248,Southwest Monsoon
2025-09-06,34.66,27.0,31.35,0.4,17.1,32.85,77.3,969.6,18.33,2025,9,6,249,Southwest Monsoon
2025-09-07,35.44,24.46,29.63,3.57,13.4,31.13,85.2,969.4,18.15,2025,9,7,250,Southwest Monsoon
2025-09-08,32.61,21.89,27.55,25.14,7.2,29.05,80.8,969.2,8.46,2025,9,8,251,Southwest Monsoon
2025-09-09,33.28,25.29,30.07,5.55,7.7,31.57,81.9,970.4,20.98,2025,9,9,252,Southwest Monsoon
2025-09-10,35.34,27.26,31.43,4.54,18.7,32.93,80.5,967.8,18.54,2025,9,10,253,Southwest Monsoon
2025-09-11,35.16,25.8,30.04,4.9,8.2,31.54,82.1,971.9,19.71,2025,9,11,254,Southwest Monsoon
2025-09-12,30.09,21.81,26.89,1.87,7.4,28.39,87.7,969.0,15.15,2025,9,12,255,Southwest Monsoon
2025-09-13,32.79,25.04,28.05,3.68,16.5,29.55,85.3,971.1,16.46,2025,9,13,256,Southwest Monsoon
2025-09-14,34.1,25.2,30.06,3.69,13.4,31.56,85.5,968.1,16.36,2025,9,14,257,Southwest Monsoon
2025-09-15,32.47,23.54,27.61,0.43,8.2,29.11,78.6,971.0,22.09,2025,9,15,258,Southwest Monsoon
2025-09-16,32.04,23.52,28.9,11.67,12.9,30.4,79.4,971.0,16.48,2025,9,16,259,Southwest Monsoon
2025-09-17,34.83,25.94,29.21,4.31,7.9,30.71,74.4,970.6,26.33,2025,9,17,260,Southwest Monsoon
2025-09-18,33.01,22.32,27.09,13.82,16.4,28.59,80.4,968.5,19.72,2025,9,18,261,Southwest Monsoon
2025-09-19,33.95,23.6,28.04,15.2,16.2,29.54,85.7,970.4,12.9,2025,9,19,262,Southwest Monsoon
2025-09-20,29.39,19.21,24.14,1.91,14.1,25.64,84.4,968.2,17.49,2025,9,20,263,Southwest Monsoon
2025-09-21,30.1,23.52,26.71,8.57,13.4,28.21,82.2,969.6,15.39,2025,9,21,264,Southwest Monsoon
2025-09-22,32.83,22.81,27.55,5.11,19.0,29.05,82.8,971.5,9.22,2025,9,22,265,Southwest Monsoon
2025-09-23,29.35,21.59,26.27,16.97,12.0,27.77,80.8,971.2,24.4,2025,9,23,266,Southwest Monsoon
2025-09-24,32.71,24.96,29.64,1.94,7.3,31.14,83.5,970.0,20.81,2025,9,24,267,Southwest Monsoon
2025-09-25,29.86,21.07,25.88,9.06,13.8,27.38,85.2,968.5,20.13,2025,9,25,268,Southwest Monsoon
2025-09-26,31.45,21.96,26.99,7.49,20.3,28.49,78.0,971.0,18.66,2025,9,26,269,Southwest Monsoon
2025-09-27,32.9,22.17,27.59,2.8,7.9,29.09,83.8,970.0,12.47,2025,9,27,270,Southwest Monsoon
2025-09-28,34.13,25.27,29.08,1.18,10.6,30.58,85.7,966.5,16.07,2025,9,28,271,Southwest Monsoon
2025-09-29,29.88,20.07,25.54,8.44,13.7,27.04,81.6,971.2,21.37,2025,9,29,272,Southwest Monsoon
2025-09-30,32.4,24.08,28.58,10.73,11.8,30.08,85.0,970.0,13.8,2025,9,30,273,Southwest Monsoon
2025-10-01,33.1,23.88,27.11,0.43,8.1,28.61,91.3,971.8,7.87,2025,10,1,274,Post-Monsoon
2025-10-02,30.12,22.66,25.84,0.03,16.5,27.34,82.6,968.4,17.09,2025,10,2,275,Post-Monsoon
2025-10-03,31.84,23.49,27.49,0.05,21.3,28.99,84.0,965.2,17.43,2025,10,3,276,Post-Monsoon
2025-10-04,30.58,21.74,27.09,3.4,12.8,28.59,80.7,970.4,18.54,2025,10,4,277,Post-Monsoon
2025-10-05,31.44,20.93,26.05,0.2,8.4,27.55,83.4,970.4,20.91,2025,10,5,278,Post-Monsoon
2025-10-06,31.86,21.41,26.78,0.69,5.8,28.28,84.2,967.5,20.55,2025,10,6,279,Post-Monsoon
2025-10-07,29.81,21.6,26.15,0.82,13.0,27.65,83.5,968.5,19.04,2025,10,7,280,Post-Monsoon
2025-10-08,29.92,22.35,26.67,0.98,16.4,28.17,79.8,974.1,22.78,2025,10,8,281,Post-Monsoon
2025-10-09,32.29,23.81,27.25,3.02,13.9,28.75,83.5,969.5,11.92,2025,10,9,282,Post-Monsoon
2025-10-10,33.24,24.29,28.28,0.14,12.0,29.78,87.3,971.1,20.02,2025,10,10,283,Post-Monsoon
2025-10-11,28.63,20.51,24.81,0.02,9.6,26.31,84.2,969.0,20.51,2025,10,11,284,Post-Monsoon
2025-10-12,34.63,25.51,28.78,0.26,7.6,30.28,85.8,966.9,13.04,2025,10,12,285,Post-Monsoon
2025-10-13,27.25,20.14,23.8,0.07,15.3,25.3,82.2,969.7,11.99,2025,10,13,286,Post-Monsoon
2025-10-14,30.18,21.09,25.89,0.01,15.7,27.39,85.1,969.6,15.02,2025,10,14,287,Post-Monsoon
2025-10-15,32.53,21.49,26.7,0.22,5.8,28.2,83.7,969.4,15.35,2025,10,15,288,Post-Monsoon
2025-10-16,30.52,20.26,26.26,0.77,18.4,27.76,80.0,969.8,21.01,2025,10,16,289,Post-Monsoon
2025-10-17,30.01,19.3,25.1,0.42,14.3,26.6,83.8,970.4,15.54,2025,10,17,290,Post-Monsoon
2025-10-18,29.72,20.6,25.52,0.19,17.6,27.02,79.9,969.8,14.57,2025,10,18,291,Post-Monsoon
2025-10-19,28.93,20.85,25.11,0.53,6.6,26.61,81.0,968.1,15.55,2025,10,19,292,Post-Monsoon
2025-10-20,30.88,20.02,24.92,0.13,6.5,26.42,83.4,970.7,22.47,2025,10,20,293,Post-Monsoon
2025-10-21,30.81,21.22,26.58,0.01,11.4,28.08,83.8,967.1,18.05,2025,10,21,294,Post-Monsoon
2025-10-22,31.6,22.57,25.92,0.72,14.0,27.42,79.3,966.9,17.28,2025,10,22,295,Post-Monsoon
2025-10-23,28.28,20.36,24.59,0.49,19.2,26.09,86.0,971.1,17.56,2025,10,23,296,Post-Monsoon
2025-10-24,30.08,20.92,26.44,0.72,14.8,27.94,84.6,970.8,23.17,2025,10,24,297,Post-Monsoon
2025-10-25,28.75,21.51,25.66,0.02,11.0,27.16,80.8,969.9,15.0,2025,10,25,298,Post-Monsoon
2025-10-26,31.15,21.48,26.2,0.91,7.9,27.7,78.3,967.9,23.26,2025,10,26,299,Post-Monsoon
2025-10-27,30.02,21.15,25.92,0.48,16.9,27.42,82.4,968.9,18.84,2025,10,27,300,Post-Monsoon
2025-10-28,29.69,20.55,24.1,0.41,8.1,25.6,81.5,969.6,17.36,2025,10,28,301,Post-Monsoon
2025-10-29,28.78,20.27,24.36,0.49,18.5,25.86,83.2,967.6,28.0,2025,10,29,302,Post-Monsoon
2025-10-30,31.77,21.87,25.87,1.0,10.9,27.37,81.8,968.9,13.78,2025,10,30,303,Post-Monsoon
2025-10-31,29.2,22.57,25.64,0.44,18.4,27.14,76.8,971.0,16.59,2025,10,31,304,Post-Monsoon
2025-11-01,30.43,21.75,24.83,0.43,14.7,26.33,81.7,972.1,13.07,2025,11,1,305,Post-Monsoon
2025-11-02,30.26,19.44,24.93,2.34,11.5,26.43,82.0,969.4,21.81,2025,11,2,306,Post-Monsoon
2025-11-03,31.58,22.45,26.27,0.71,9.9,27.77,84.8,971.1,24.76,2025,11,3,307,Post-Monsoon
2025-11-04,29.51,19.42,23.97,0.29,10.6,25.47,80.8,967.1,24.68,2025,11,4,308,Post-Monsoon
2025-11-05,30.57,21.39,25.28,0.61,13.7,26.78,87.9,971.0,22.9,2025,11,5,309,Post-Monsoon
2025-11-06,29.21,18.51,24.33,0.25,12.3,25.83,77.1,968.8,17.21,2025,11,6,310,Post-Monsoon
2025-11-07,27.65,20.48,24.26,0.13,9.6,25.76,86.8,970.5,16.54,2025,11,7,311,Post-Monsoon
2025-11-08,28.88,21.5,25.79,0.45,11.3,27.29,82.2,969.6,11.32,2025,11,8,312,Post-Monsoon
2025-11-09,31.17,19.79,25.41,1.32,12.3,26.91,85.4,972.0,26.14,2025,11,9,313,Post-Monsoon
2025-11-10,30.19,19.82,25.34,1.32,3.5,26.84,83.1,968.7,19.88,2025,11,10,314,Post-Monsoon
2025-11-11,31.28,22.33,25.89,0.21,13.8,27.39,86.3,970.9,16.03,2025,11,11,315,Post-Monsoon
2025-11-12,28.74,18.89,24.3,0.38,8.1,25.8,81.7,969.6,23.31,2025,11,12,316,Post-Monsoon
2025-11-13,28.4,20.67,25.05,0.12,7.4,26.55,79.6,969.8,14.11,2025,11,13,317,Post-Monsoon
2025-11-14,27.19,19.36,23.81,2.72,5.3,25.31,87.1,969.7,19.63,2025,11,14,318,Post-Monsoon
2025-11-15,29.59,21.13,24.53,1.98,4.8,26.03,82.5,968.7,17.31,2025,11,15,319,Post-Monsoon
2025-11-16,28.23,20.7,23.94,0.52,6.6,25.44,83.5,970.0,20.55,2025,11,16,320,Post-Monsoon
2025-11-17,27.78,18.99,24.18,0.82,9.2,25.68,86.6,969.9,17.75,2025,11,17,321,Post-Monsoon
2025-11-18,29.21,20.25,24.73,0.63,19.8,26.23,79.8,970.4,12.2,2025,11,18,322,Post-Monsoon
2025-11-19,26.19,18.69,23.0,0.45,9.9,24.5,84.7,970.1,18.3,2025,11,19,323,Post-Monsoon
2025-11-20,31.2,21.27,26.46,0.03,12.7,27.96,81.1,971.2,22.2,2025,11,20,324,Post-Monsoon
2025-11-21,26.51,17.41,22.7,0.3,13.6,24.2,82.5,971.4,17.88,2025,11,21,325,Post-Monsoon
2025-11-22,27.81,18.94,22.42,0.56,12.5,23.92,83.1,968.4,21.1,2025,11,22,326,Post-Monsoon
2025-11-23,29.17,20.41,25.24,0.57,11.7,26.74,78.4,971.3,13.82,2025,11,23,327,Post-Monsoon
2025-11-24,29.13,21.36,24.77,0.23,7.2,26.27,80.5,968.2,17.89,2025,11,24,328,Post-Monsoon
2025-11-25,27.57,19.28,24.54,1.42,17.8,26.04,86.9,970.9,15.5,2025,11,25,329,Post-Monsoon
2025-11-26,27.73,19.54,24.51,0.09,19.2,26.01,85.5,970.9,20.99,2025,11,26,330,Post-Monsoon
2025-11-27,27.89,17.85,23.72,0.35,5.3,25.22,82.7,967.1,18.13,2025,11,27,331,Post-Monsoon
2025-11-28,27.07,19.42,22.63,0.59,7.9,24.13,83.6,970.1,20.76,2025,11,28,332,Post-Monsoon
2025-11-29,28.57,20.6,23.77,0.6,10.9,25.27,82.0,969.3,22.35,2025,11,29,333,Post-Monsoon
2025-11-30,26.72,19.0,22.85,0.52,8.1,24.35,86.9,968.9,20.77,2025,11,30,334,Post-Monsoon
2025-12-01,29.89,21.02,24.81,0.16,14.0,26.31,82.3,972.0,19.09,2025,12,1,335,Winter
2025-12-02,29.02,19.7,23.44,0.08,9.1,24.94,83.6,969.0,14.01,2025,12,2,336,Winter
2025-12-03,27.95,16.89,22.61,0.51,20.7,24.11,86.3,968.8,17.99,2025,12,3,337,Winter
2025-12-04,26.32,19.45,23.2,0.46,16.8,24.7,80.5,970.1,15.87,2025,12,4,338,Winter
2025-12-05,28.51,20.25,24.07,0.1,12.9,25.57,87.5,971.0,16.62,2025,12,5,339,Winter
2025-12-06,26.19,17.6,22.88,0.61,16.1,24.38,78.3,969.8,16.5,2025,12,6,340,Winter
2025-12-07,26.28,18.21,22.56,0.3,16.4,24.06,87.8,971.7,14.08,2025,12,7,341,Winter
2025-12-08,29.79,18.5,23.83,0.55,9.7,25.33,81.7,970.8,10.17,2025,12,8,342,Winter
2025-12-09,27.25,20.62,23.82,0.91,8.7,25.32,82.1,966.7,15.33,2025,12,9,343,Winter
2025-12-10,27.41,18.45,22.91,0.09,12.3,24.41,77.2,969.2,18.77,2025,12,10,344,Winter
2025-12-11,27.8,19.84,22.95,0.01,15.4,24.45,81.5,969.2,12.61,2025,12,11,345,Winter
2025-12-12,28.89,20.6,23.78,0.76,12.6,25.28,79.7,970.7,18.06,2025,12,12,346,Winter
2025-12-13,26.44,16.05,21.76,0.47,5.7,23.26,81.0,966.1,25.6,2025,12,13,347,Winter
2025-12-14,24.84,18.39,21.81,0.6,8.8,23.31,82.5,973.8,22.09,2025,12,14,348,Winter
2025-12-15,26.62,18.04,22.64,0.91,11.7,24.14,85.7,970.8,24.57,2025,12,15,349,Winter
2025-12-16,27.8,19.01,23.25,0.81,11.7,24.75,83.5,970.2,19.56,2025,12,16,350,Winter
2025-12-17,27.14,19.83,23.88,1.62,19.9,25.38,83.8,971.8,22.67,2025,12,17,351,Winter
2025-12-18,29.33,19.58,25.28,0.38,6.5,26.78,79.6,973.5,15.1,2025,12,18,352,Winter
2025-12-19,27.64,21.48,24.54,0.34,14.0,26.04,80.2,971.3,15.42,2025,12,19,353,Winter
2025-12-20,26.56,18.34,23.33,0.26,18.0,24.83,88.3,971.4,7.04,2025,12,20,354,Winter
2025-12-21,27.7,17.62,23.51,0.08,21.1,25.01,80.7,970.2,22.74,2025,12,21,355,Winter
2025-12-22,25.73,17.66,22.34,0.43,10.4,23.84,87.8,969.8,24.16,2025,12,22,356,Winter
2025-12-23,28.23,17.72,23.53,0.16,14.0,25.03,82.1,969.3,15.79,2025,12,23,357,Winter
2025-12-24,28.29,20.06,23.22,1.27,14.3,24.72,82.9,968.8,16.98,2025,12,24,358,Winter
2025-12-25,29.37,19.71,23.96,0.44,12.8,25.46,86.1,969.0,14.98,2025,12,25,359,Winter
2025-12-26,26.2,18.82,22.6,0.45,11.6,24.1,86.7,968.0,19.53,2025,12,26,360,Winter
2025-12-27,27.74,19.04,24.23,0.22,13.7,25.73,82.5,969.9,22.5,2025,12,27,361,Winter
2025-12-28,28.78,19.52,25.47,0.03,1.9,26.97,81.7,967.5,11.03,2025,12,28,362,Winter
2025-12-29,28.43,19.75,23.52,0.02,14.7,25.02,82.7,970.3,19.64,2025,12,29,363,Winter
2025-12-30,29.27,19.19,24.15,0.28,12.5,25.65,83.9,969.9,16.89,2025,12,30,364,Winter
2025-12-31,27.62,20.93,24.52,0.04,11.1,26.02,85.5,970.2,18.45,2025,12,31,365,Winter
2026-01-01,29.08,18.57,23.27,0.47,20.2,24.77,82.9,969.2,19.84,2026,1,1,1,Winter
2026-01-02,27.2,19.65,24.04,1.06,9.3,25.54,84.7,974.6,17.25,2026,1,2,2,Winter
2026-01-03,28.44,17.9,23.82,1.07,10.4,25.32,87.8,972.0,17.59,2026,1,3,3,Winter
2026-01-04,29.08,19.12,23.95,0.54,20.0,25.45,84.0,968.1,17.14,2026,1,4,4,Winter
2026-01-05,28.55,18.88,22.93,0.12,8.7,24.43,83.8,970.3,21.88,2026,1,5,5,Winter
2026-01-06,29.06,20.58,23.92,0.99,9.8,25.42,78.3,969.1,19.68,2026,1,6,6,Winter
2026-01-07,29.93,21.07,24.52,1.09,11.4,26.02,75.0,968.5,18.88,2026,1,7,7,Winter
2026-01-08,29.72,22.02,25.7,0.11,15.4,27.2,84.0,968.0,12.92,2026,1,8,8,Winter
2026-01-09,30.59,21.39,25.15,0.67,12.8,26.65,82.6,970.6,16.49,2026,1,9,9,Winter
2026-01-10,29.86,21.06,26.62,0.17,6.8,28.12,81.3,969.0,21.59,2026,1,10,10,Winter
2026-01-11,28.83,18.47,23.15,0.81,9.9,24.65,83.6,971.5,18.15,2026,1,11,11,Winter
2026-01-12,29.8,20.59,25.16,2.95,9.6,26.66,82.7,971.5,20.64,2026,1,12,12,Winter
2026-01-13,29.82,21.03,24.37,0.02,11.7,25.87,86.3,972.1,25.07,2026,1,13,13,Winter
2026-01-14,31.18,21.24,26.82,1.14,13.7,28.32,83.1,968.7,22.15,2026,1,14,14,Winter
2026-01-15,28.2,18.1,23.27,0.49,13.7,24.77,80.6,970.7,18.37,2026,1,15,15,Winter
2026-01-16,27.85,20.07,23.27,1.81,4.9,24.77,85.8,970.9,15.96,2026,1,16,16,Winter
2026-01-17,28.8,18.48,23.61,0.31,16.3,25.11,82.2,969.3,7.79,2026,1,17,17,Winter
2026-01-18,25.07,17.19,21.83,0.94,13.0,23.33,84.4,968.8,17.33,2026,1,18,18,Winter
2026-01-19,26.97,20.55,23.79,0.03,17.5,25.29,81.4,972.4,16.7,2026,1,19,19,Winter
2026-01-20,27.3,19.19,23.56,0.2,13.8,25.06,80.9,970.3,19.56,2026,1,20,20,Winter
2026-01-21,28.18,20.25,24.7,0.03,16.4,26.2,83.1,971.0,17.38,2026,1,21,21,Winter
2026-01-22,30.6,21.49,24.99,1.85,13.9,26.49,82.9,968.8,16.72,2026,1,22,22,Winter
2026-01-23,30.54,21.04,26.88,0.85,17.4,28.38,84.3,968.2,10.88,2026,1,23,23,Winter
2026-01-24,31.75,20.27,25.82,0.96,14.1,27.32,82.1,969.1,14.24,2026,1,24,24,Winter
2026-01-25,28.06,19.04,24.05,1.39,11.6,25.55,77.4,969.8,19.91,2026,1,25,25,Winter
2026-01-26,27.26,19.33,23.72,0.04,21.1,25.22,81.6,968.4,24.86,2026,1,26,26,Winter
2026-01-27,30.81,21.21,25.44,0.24,15.6,26.94,85.2,970.0,17.61,2026,1,27,27,Winter
2026-01-28,28.3,18.37,23.33,0.04,14.3,24.83,82.0,967.5,19.31,2026,1,28,28,Winter
2026-01-29,31.66,22.53,27.17,0.12,6.9,28.67,82.1,968.3,21.81,2026,1,29,29,Winter
2026-01-30,31.11,23.26,26.45,0.13,6.8,27.95,85.8,971.0,14.76,2026,1,30,30,Winter
2026-01-31,29.69,19.99,24.53,0.32,13.2,26.03,80.7,970.9,19.47,2026,1,31,31,Winter
2026-02-01,26.79,17.68,23.1,0.16,12.6,24.6,78.2,969.4,15.04,2026,2,1,32,Winter
2026-02-02,32.84,22.47,26.85,0.05,9.5,28.35,82.4,968.5,21.46,2026,2,2,33,Winter
2026-02-03,31.07,21.99,25.15,0.09,12.6,26.65,81.4,968.5,18.61,2026,2,3,34,Winter
2026-02-04,31.79,21.48,26.84,0.08,18.4,28.34,80.0,969.4,19.19,2026,2,4,35,Winter
2026-02-05,27.11,19.9,23.51,1.81,14.8,25.01,82.3,971.0,14.87,2026,2,5,36,Winter
2026-02-06,29.81,20.99,24.77,0.71,7.4,26.27,84.3,971.4,20.83,2026,2,6,37,Winter
2026-02-07,28.78,22.07,25.56,1.72,11.6,27.06,82.8,969.3,26.34,2026,2,7,38,Winter
2026-02-08,28.77,21.69,25.68,0.29,8.8,27.18,83.8,968.3,13.97,2026,2,8,39,Winter
2026-02-09,28.93,19.89,25.16,0.16,10.4,26.66,88.3,970.4,16.64,2026,2,9,40,Winter
2026-02-10,30.9,21.96,26.52,0.8,10.3,28.02,81.8,968.8,18.93,2026,2,10,41,Winter
2026-02-11,30.16,20.94,24.56,0.2,10.1,26.06,83.7,969.2,21.15,2026,2,11,42,Winter
2026-02-12,30.92,20.11,25.74,0.18,7.0,27.24,81.3,972.0,15.76,2026,2,12,43,Winter
2026-02-13,31.36,20.49,26.13,0.13,11.5,27.63,80.3,971.2,6.67,2026,2,13,44,Winter
2026-02-14,30.95,21.07,26.68,0.07,9.8,28.18,81.1,970.2,23.44,2026,2,14,45,Winter
2026-02-15,31.03,23.27,26.99,0.15,0.3,28.49,81.4,968.1,21.04,2026,2,15,46,Winter
2026-02-16,28.98,20.51,24.86,0.22,20.2,26.36,83.9,970.3,11.03,2026,2,16,47,Winter
2026-02-17,30.41,18.49,24.45,0.56,16.4,25.95,89.9,971.6,15.57,2026,2,17,48,Winter
2026-02-18,31.02,22.58,27.9,0.03,10.5,29.4,80.7,969.4,24.27,2026,2,18,49,Winter
2026-02-19,32.44,23.76,26.84,0.12,12.1,28.34,81.6,972.0,23.79,2026,2,19,50,Winter
2026-02-20,30.36,22.43,25.62,0.83,7.3,27.12,82.7,971.9,21.75,2026,2,20,51,Winter
2026-02-21,32.78,24.07,28.46,0.08,18.8,29.96,84.1,972.5,17.3,2026,2,21,52,Winter
2026-02-22,32.0,21.09,26.82,0.21,19.6,28.32,83.7,970.5,18.33,2026,2,22,53,Winter
2026-02-23,32.64,23.56,28.18,1.0,12.6,29.68,86.7,970.9,17.48,2026,2,23,54,Winter
2026-02-24,32.54,22.43,26.92,0.08,16.1,28.42,75.6,972.1,22.51,2026,2,24,55,Winter
2026-02-25,35.1,26.08,29.4,0.04,12.7,30.9,75.7,970.7,14.5,2026,2,25,56,Winter
2026-02-26,33.38,24.14,29.11,0.33,6.7,30.61,81.4,969.2,14.78,2026,2,26,57,Winter
2026-02-27,30.62,21.32,26.79,0.18,10.4,28.29,86.2,969.3,22.04,2026,2,27,58,Winter
2026-02-28,33.11,24.19,28.34,0.41,12.5,29.84,78.2,970.4,17.82,2026,2,28,59,Winter
2026-03-01,33.76,22.7,28.03,0.81,10.2,29.53,73.8,968.1,23.51,2026,3,1,60,Summer
2026-03-02,32.61,23.09,28.98,0.07,11.1,30.48,84.6,969.8,15.31,2026,3,2,61,Summer
2026-03-03,31.13,22.65,26.26,0.43,11.6,27.76,83.6,971.6,17.78,2026,3,3,62,Summer
2026-03-04,33.22,23.76,28.33,0.35,11.7,29.83,79.6,966.7,14.31,2026,3,4,63,Summer
2026-03-05,34.06,25.0,28.86,0.08,12.2,30.36,79.9,972.3,18.03,2026,3,5,64,Summer
2026-03-06,28.96,20.18,25.56,0.49,7.8,27.06,80.0,971.7,12.09,2026,3,6,65,Summer
2026-03-07,31.49,21.61,26.34,0.16,9.1,27.84,83.2,969.3,16.05,2026,3,7,66,Summer
2026-03-08,31.12,20.49,25.4,0.33,6.9,26.9,81.0,970.8,12.25,2026,3,8,67,Summer
2026-03-09,31.14,22.21,27.61,0.04,15.9,29.11,84.4,970.0,20.78,2026,3,9,68,Summer
2026-03-10,32.59,24.69,28.88,0.31,3.6,30.38,74.3,971.8,20.87,2026,3,10,69,Summer
2026-03-11,35.82,24.16,29.9,0.18,16.6,31.4,80.3,971.5,11.08,2026,3,11,70,Summer
2026-03-12,31.82,23.68,28.27,0.86,17.5,29.77,79.5,967.9,23.34,2026,3,12,71,Summer
2026-03-13,35.79,26.75,30.23,0.03,10.8,31.73,82.1,970.9,27.99,2026,3,13,72,Summer
2026-03-14,31.18,21.61,26.7,0.27,1.6,28.2,81.3,969.7,18.18,2026,3,14,73,Summer
2026-03-15,30.14,21.02,26.4,0.31,10.6,27.9,85.3,970.1,15.44,2026,3,15,74,Summer
2026-03-16,34.08,24.51,28.46,0.65,11.7,29.96,77.3,968.9,29.3,2026,3,16,75,Summer
2026-03-17,33.41,23.51,29.08,0.43,8.0,30.58,83.0,972.6,12.72,2026,3,17,76,Summer
2026-03-18,33.21,22.94,28.66,0.55,9.9,30.16,84.5,971.6,18.08,2026,3,18,77,Summer
2026-03-19,30.38,22.48,26.31,0.75,18.1,27.81,88.4,968.9,18.72,2026,3,19,78,Summer
2026-03-20,33.55,22.82,28.77,0.99,14.7,30.27,81.4,968.0,23.38,2026,3,20,79,Summer
2026-03-21,30.89,23.97,27.39,0.19,8.3,28.89,83.8,969.4,19.44,2026,3,21,80,Summer
2026-03-22,34.02,26.24,29.85,0.39,5.6,31.35,77.5,970.7,16.01,2026,3,22,81,Summer
2026-03-23,35.48,26.02,29.57,0.92,10.7,31.07,75.7,970.4,14.2,2026,3,23,82,Summer
2026-03-24,31.86,22.41,28.09,2.28,11.1,29.59,85.4,971.9,16.63,2026,3,24,83,Summer
2026-03-25,33.66,23.72,28.68,1.1,14.0,30.18,82.9,971.2,13.97,2026,3,25,84,Summer
2026-03-26,32.09,24.66,28.12,0.23,9.9,29.62,86.4,971.5,18.19,2026,3,26,85,Summer
2026-03-27,34.72,25.07,29.4,0.11,14.0,30.9,78.7,970.5,15.74,2026,3,27,86,Summer
2026-03-28,34.09,25.86,30.7,0.34,19.7,32.2,84.4,967.9,12.02,2026,3,28,87,Summer
2026-03-29,34.37,25.21,28.46,0.68,15.3,29.96,88.5,969.7,23.02,2026,3,29,88,Summer
2026-03-30,34.69,24.68,30.33,0.34,11.8,31.83,84.1,971.6,16.01,2026,3,30,89,Summer
2026-03-31,32.88,23.76,29.17,0.33,11.3,30.67,83.7,969.9,12.93,2026,3,31,90,Summer
2026-04-01,32.16,24.42,28.94,0.91,10.6,30.44,82.9,970.8,17.33,2026,4,1,91,Summer
2026-04-02,33.35,23.94,29.84,0.22,16.7,31.34,78.2,969.5,18.27,2026,4,2,92,Summer
2026-04-03,33.37,24.56,28.81,0.98,9.5,30.31,86.9,968.5,11.01,2026,4,3,93,Summer
2026-04-04,33.48,23.52,29.47,0.26,12.2,30.97,81.0,969.8,19.33,2026,4,4,94,Summer
2026-04-05,34.27,23.78,28.78,0.2,12.2,30.28,84.4,970.5,13.81,2026,4,5,95,Summer
2026-04-06,36.95,27.75,32.66,0.3,10.0,34.16,78.2,969.0,24.84,2026,4,6,96,Summer
2026-04-07,34.17,26.92,30.42,0.72,6.5,31.92,79.3,969.6,20.1,2026,4,7,97,Summer
2026-04-08,34.47,23.97,29.62,0.07,13.3,31.12,87.2,968.6,16.4,2026,4,8,98,Summer
2026-04-09,35.91,26.51,30.79,0.11,11.8,32.29,81.8,971.7,15.02,2026,4,9,99,Summer
2026-04-10,33.98,26.99,30.48,1.51,14.0,31.98,87.2,969.6,17.58,2026,4,10,100,Summer
2026-04-11,33.93,27.39,30.43,0.1,9.9,31.93,82.6,972.2,20.45,2026,4,11,101,Summer
2026-04-12,34.62,26.83,31.51,0.42,16.9,33.01,77.3,972.3,17.9,2026,4,12,102,Summer
2026-04-13,36.97,27.17,31.76,0.43,8.5,33.26,85.5,969.9,17.13,2026,4,13,103,Summer
2026-04-14,35.28,25.13,30.29,0.34,18.8,31.79,81.1,968.5,18.23,2026,4,14,104,Summer
2026-04-15,34.73,24.64,30.31,0.52,5.0,31.81,85.0,966.9,15.58,2026,4,15,105,Summer
2026-04-16,36.28,27.51,30.74,0.13,13.7,32.24,82.9,967.8,16.63,2026,4,16,106,Summer
2026-04-17,33.8,23.19,28.38,0.4,13.9,29.88,78.2,967.9,9.66,2026,4,17,107,Summer
2026-04-18,34.16,25.84,29.4,0.23,8.8,30.9,83.4,972.1,21.89,2026,4,18,108,Summer
2026-04-19,38.54,27.36,32.93,0.54,13.7,34.43,89.5,970.2,19.2,2026,4,19,109,Summer
2026-04-20,36.95,27.88,33.34,0.08,17.1,34.84,84.3,970.6,14.91,2026,4,20,110,Summer
2026-04-21,34.47,26.51,31.14,0.42,3.1,32.64,82.7,966.7,25.59,2026,4,21,111,Summer
2026-04-22,36.0,27.06,32.2,0.1,14.0,33.7,86.1,968.2,18.35,2026,4,22,112,Summer
2026-04-23,35.12,28.0,31.95,0.16,2.0,33.45,83.5,971.3,13.86,2026,4,23,113,Summer
2026-04-24,39.93,30.92,35.33,0.12,8.1,36.83,83.5,970.4,21.43,2026,4,24,114,Summer
2026-04-25,38.86,27.59,33.05,0.1,18.5,34.55,79.6,969.8,19.59,2026,4,25,115,Summer
2026-04-26,34.74,27.24,31.62,0.87,9.7,33.12,83.6,970.8,19.58,2026,4,26,116,Summer
2026-04-27,34.06,26.62,30.69,0.17,7.3,32.19,86.0,972.5,16.3,2026,4,27,117,Summer
2026-04-28,34.33,25.49,29.97,1.31,11.2,31.47,80.4,969.7,19.8,2026,4,28,118,Summer
2026-04-29,38.01,26.72,32.21,1.75,20.3,33.71,87.1,970.1,16.95,2026,4,29,119,Summer
2026-04-30,35.07,27.11,31.12,0.42,4.7,32.62,82.6,970.3,20.22,2026,4,30,120,Summer
2026-05-01,34.9,26.86,30.38,0.08,7.8,31.88,80.2,973.6,10.38,2026,5,1,121,Summer
2026-05-02,34.5,26.24,31.37,0.23,18.0,32.87,85.9,966.9,16.26,2026,5,2,122,Summer
2026-05-03,34.35,25.43,30.91,0.8,19.4,32.41,82.0,971.0,24.89,2026,5,3,123,Summer
2026-05-04,40.25,30.99,34.29,0.23,11.6,35.79,85.1,969.8,14.93,2026,5,4,124,Summer
2026-05-05,39.27,29.66,33.38,0.05,7.0,34.88,82.0,970.9,15.58,2026,5,5,125,Summer
2026-05-06,35.38,28.94,32.37,0.41,20.4,33.87,82.7,969.0,16.21,2026,5,6,126,Summer
2026-05-07,40.06,30.16,34.21,0.93,18.4,35.71,84.3,969.9,13.14,2026,5,7,127,Summer
2026-05-08,37.49,28.23,32.58,0.79,14.7,34.08,83.7,971.1,9.17,2026,5,8,128,Summer
2026-05-09,37.11,26.26,31.5,0.1,8.8,33.0,76.9,974.7,17.08,2026,5,9,129,Summer
2026-05-10,38.78,29.46,34.42,0.56,11.8,35.92,79.5,971.2,18.54,2026,5,10,130,Summer
2026-05-11,37.83,28.42,33.28,0.12,11.4,34.78,85.7,968.7,17.79,2026,5,11,131,Summer
2026-05-12,35.91,27.38,31.44,0.12,13.3,32.94,82.5,969.4,17.42,2026,5,12,132,Summer
2026-05-13,37.51,26.98,32.5,1.04,17.8,34.0,81.3,969.3,18.17,2026,5,13,133,Summer
2026-05-14,35.15,27.31,31.73,0.14,15.5,33.23,78.8,967.3,22.09,2026,5,14,134,Summer
2026-05-15,34.25,25.23,31.16,0.15,7.7,32.66,79.6,969.5,17.24,2026,5,15,135,Summer
2026-05-16,37.9,29.08,33.98,0.0,17.5,35.48,76.8,971.1,15.7,2026,5,16,136,Summer
2026-05-17,40.31,31.82,35.2,1.02,13.3,36.7,82.6,968.1,16.88,2026,5,17,137,Summer
2026-05-18,34.88,26.24,31.27,0.79,14.7,32.77,81.1,971.6,20.32,2026,5,18,138,Summer
2026-05-19,38.69,29.69,33.67,0.49,17.9,35.17,80.0,970.7,23.65,2026,5,19,139,Summer
2026-05-20,38.16,27.19,32.25,0.69,7.6,33.75,82.7,968.9,15.49,2026,5,20,140,Summer
2026-05-21,35.76,29.27,32.48,0.08,11.9,33.98,84.0,969.8,18.4,2026,5,21,141,Summer
2026-05-22,37.41,28.87,32.39,0.31,9.9,33.89,89.1,972.4,19.35,2026,5,22,142,Summer
2026-05-23,36.43,26.53,32.1,0.22,5.7,33.6,78.3,971.1,14.03,2026,5,23,143,Summer
2026-05-24,38.83,29.54,33.23,0.05,13.4,34.73,86.3,970.0,18.08,2026,5,24,144,Summer
2026-05-25,35.73,26.69,32.2,0.33,22.0,33.7,85.8,969.6,12.14,2026,5,25,145,Summer
2026-05-26,38.63,29.72,33.55,1.27,4.6,35.05,80.5,970.1,10.92,2026,5,26,146,Summer
2026-05-27,38.71,28.27,33.2,0.02,11.9,34.7,83.5,969.2,19.47,2026,5,27,147,Summer
2026-05-28,38.83,27.92,33.0,0.17,14.6,34.5,81.5,966.8,16.46,2026,5,28,148,Summer
2026-05-29,37.27,27.68,32.22,0.12,12.5,33.72,83.4,973.1,18.81,2026,5,29,149,Summer
2026-05-30,37.14,28.73,32.64,0.14,11.5,34.14,87.4,970.2,17.93,2026,5,30,150,Summer
2026-05-31,39.12,30.63,34.27,1.2,6.8,35.77,84.7,970.6,14.09,2026,5,31,151,Summer
2026-06-01,39.59,30.88,33.98,10.46,12.9,35.48,84.4,969.9,17.82,2026,6,1,152,Southwest Monsoon
2026-06-02,36.94,28.32,32.23,27.25,9.0,33.73,81.6,968.9,13.07,2026,6,2,153,Southwest Monsoon
2026-06-03,36.63,28.58,33.54,2.03,3.2,35.04,78.4,969.7,23.56,2026,6,3,154,Southwest Monsoon
2026-06-04,40.13,28.52,34.34,8.7,16.8,35.84,82.2,967.6,12.58,2026,6,4,155,Southwest Monsoon
2026-06-05,36.52,25.84,31.45,10.84,15.8,32.95,86.5,973.4,17.22,2026,6,5,156,Southwest Monsoon
2026-06-06,39.15,28.82,34.12,15.09,12.2,35.62,78.3,968.1,13.83,2026,6,6,157,Southwest Monsoon
2026-06-07,36.33,27.32,32.68,4.39,12.9,34.18,79.7,968.5,20.28,2026,6,7,158,Southwest Monsoon
2026-06-08,39.15,29.18,34.18,2.89,16.3,35.68,83.2,969.3,16.67,2026,6,8,159,Southwest Monsoon
2026-06-09,36.77,28.8,32.59,3.15,12.9,34.09,79.9,971.9,15.93,2026,6,9,160,Southwest Monsoon
2026-06-10,36.3,25.62,31.34,9.98,15.6,32.84,80.5,970.0,21.41,2026,6,10,161,Southwest Monsoon
2026-06-11,34.88,26.55,31.56,13.58,10.8,33.06,81.6,968.1,18.12,2026,6,11,162,Southwest Monsoon
2026-06-12,38.55,28.9,33.58,1.6,17.2,35.08,78.8,971.9,20.07,2026,6,12,163,Southwest Monsoon
2026-06-13,39.84,30.5,33.84,3.71,13.3,35.34,79.9,971.1,14.07,2026,6,13,164,Southwest Monsoon
2026-06-14,35.59,28.1,32.44,18.58,12.8,33.94,85.0,970.8,12.38,2026,6,14,165,Southwest Monsoon
2026-06-15,40.23,29.92,34.3,13.15,6.9,35.8,78.9,971.1,18.43,2026,6,15,166,Southwest Monsoon
2026-06-16,35.76,25.94,31.54,33.52,13.1,33.04,78.1,973.6,16.72,2026,6,16,167,Southwest Monsoon
2026-06-17,39.06,28.81,33.45,11.23,8.7,34.95,81.0,973.3,20.51,2026,6,17,168,Southwest Monsoon
2026-06-18,37.42,27.93,32.07,4.0,9.4,33.57,85.1,969.0,17.68,2026,6,18,169,Southwest Monsoon
2026-06-19,37.44,26.81,32.74,7.15,8.7,34.24,82.3,972.4,18.82,2026,6,19,170,Southwest Monsoon
2026-06-20,38.79,30.24,33.57,8.65,7.7,35.07,81.5,970.6,11.51,2026,6,20,171,Southwest Monsoon
2026-06-21,38.11,28.21,32.47,0.65,20.5,33.97,83.0,970.7,25.55,2026,6,21,172,Southwest Monsoon
2026-06-22,37.25,29.91,33.03,6.29,17.3,34.53,77.6,967.5,17.34,2026,6,22,173,Southwest Monsoon
2026-06-23,38.67,29.47,34.69,9.88,19.7,36.19,84.4,969.7,20.79,2026,6,23,174,Southwest Monsoon
2026-06-24,37.78,27.03,32.78,1.46,7.1,34.28,84.0,968.8,14.66,2026,6,24,175,Southwest Monsoon
2026-06-25,39.89,30.62,34.46,12.14,12.3,35.96,81.6,971.2,19.23,2026,6,25,176,Southwest Monsoon
2026-06-26,37.38,26.51,32.09,7.01,6.8,33.59,85.9,971.6,12.79,2026,6,26,177,Southwest Monsoon
2026-06-27,39.46,30.19,34.06,24.33,9.2,35.56,79.5,966.9,19.81,2026,6,27,178,Southwest Monsoon
2026-06-28,39.45,29.41,35.14,0.35,8.3,36.64,86.3,970.0,16.58,2026,6,28,179,Southwest Monsoon
2026-06-29,35.88,25.16,30.42,2.47,17.0,31.92,83.3,971.7,18.12,2026,6,29,180,Southwest Monsoon
2026-06-30,35.77,27.0,32.41,7.36,10.4,33.91,81.9,969.7,20.79,2026,6,30,181,Southwest Monsoon
2026-07-01,38.67,30.99,34.04,2.81,16.3,35.54,82.8,971.1,13.07,2026,7,1,182,Southwest Monsoon
2026-07-02,36.1,27.19,33.08,10.03,14.4,34.58,82.5,970.5,15.26,2026,7,2,183,Southwest Monsoon
2026-07-03,37.72,28.56,33.74,11.38,21.2,35.24,86.5,970.5,19.83,2026,7,3,184,Southwest Monsoon
2026-07-04,36.65,28.63,32.55,0.87,6.1,34.05,79.6,969.6,26.39,2026,7,4,185,Southwest Monsoon
2026-07-05,37.54,27.86,33.35,5.77,17.0,34.85,80.6,968.2,17.45,2026,7,5,186,Southwest Monsoon
2026-07-06,38.11,29.18,33.03,5.69,16.6,34.53,86.0,968.3,20.36,2026,7,6,187,Southwest Monsoon
2026-07-07,38.75,28.97,34.58,3.69,8.1,36.08,81.1,971.1,17.57,2026,7,7,188,Southwest Monsoon
2026-07-08,37.8,30.12,33.46,21.62,16.0,34.96,85.6,970.0,25.77,2026,7,8,189,Southwest Monsoon
2026-07-09,37.24,28.41,33.52,14.06,13.3,35.02,88.0,969.8,11.01,2026,7,9,190,Southwest Monsoon
2026-07-10,36.71,27.97,32.59,9.56,11.1,34.09,81.7,969.4,18.38,2026,7,10,191,Southwest Monsoon
2026-07-11,36.14,29.17,32.46,10.02,8.7,33.96,84.9,969.5,11.5,2026,7,11,192,Southwest Monsoon
2026-07-12,35.71,28.76,32.49,4.95,9.1,33.99,79.4,971.6,7.97,2026,7,12,193,Southwest Monsoon
2026-07-13,38.25,30.41,33.44,20.31,20.2,34.94,85.1,969.5,19.19,2026,7,13,194,Southwest Monsoon
2026-07-14,37.43,28.02,32.42,9.49,12.0,33.92,83.5,968.0,18.56,2026,7,14,195,Southwest Monsoon
2026-07-15,38.09,29.33,33.24,10.44,15.1,34.74,84.3,971.1,16.86,2026,7,15,196,Southwest Monsoon
2026-07-16,39.73,30.54,35.34,15.83,8.8,36.84,80.9,969.7,17.58,2026,7,16,197,Southwest Monsoon
2026-07-17,37.99,29.96,33.85,2.56,8.9,35.35,77.9,970.0,30.39,2026,7,17,198,Southwest Monsoon
2026-07-18,37.96,28.47,32.37,13.16,16.3,33.87,84.4,972.4,16.97,2026,7,18,199,Southwest Monsoon
2026-07-19,38.71,28.92,34.15,1.74,6.6,35.65,76.7,970.0,20.04,2026,7,19,200,Southwest Monsoon
2026-07-20,36.61,29.03,32.17,3.39,10.3,33.67,81.9,970.4,15.4,2026,7,20,201,Southwest Monsoon
2026-07-21,33.24,24.46,30.17,3.27,12.1,31.67,85.7,968.2,19.18,2026,7,21,202,Southwest Monsoon
2026-07-22,35.38,25.8,31.35,30.73,12.4,32.85,83.4,969.7,17.05,2026,7,22,203,Southwest Monsoon
2026-07-23,34.41,25.26,30.27,15.53,11.3,31.77,88.7,970.9,16.36,2026,7,23,204,Southwest Monsoon
2026-07-24,36.23,27.26,32.04,9.66,13.6,33.54,85.9,967.7,25.28,2026,7,24,205,Southwest Monsoon
2026-07-25,37.17,26.75,32.43,10.39,14.8,33.93,80.9,970.3,22.71,2026,7,25,206,Southwest Monsoon
2026-07-26,38.96,30.81,34.36,6.61,14.9,35.86,82.9,970.2,18.55,2026,7,26,207,Southwest Monsoon
2026-07-27,37.51,29.45,32.69,23.51,8.1,34.19,82.7,970.1,8.78,2026,7,27,208,Southwest Monsoon
2026-07-28,37.27,28.25,31.97,5.49,10.9,33.47,78.1,971.6,16.56,2026,7,28,209,Southwest Monsoon
2026-07-29,38.61,27.79,33.17,3.83,16.8,34.67,80.0,970.5,28.81,2026,7,29,210,Southwest Monsoon
2026-07-30,34.62,26.36,29.47,1.42,15.6,30.97,81.2,972.2,17.08,2026,7,30,211,Southwest Monsoon
2026-07-31,38.21,27.59,32.34,12.34,6.5,33.84,76.8,968.5,22.41,2026,7,31,212,Southwest Monsoon
2026-08-01,35.98,26.94,32.92,10.61,13.4,34.42,83.0,970.2,23.77,2026,8,1,213,Southwest Monsoon
2026-08-02,33.75,24.59,30.16,3.88,4.1,31.66,82.1,970.1,18.88,2026,8,2,214,Southwest Monsoon
2026-08-03,36.27,28.68,33.24,0.2,12.2,34.74,77.8,968.4,14.63,2026,8,3,215,Southwest Monsoon
2026-08-04,37.15,29.02,32.21,14.61,19.6,33.71,84.1,971.4,8.26,2026,8,4,216,Southwest Monsoon
2026-08-05,36.94,25.75,31.24,0.09,8.2,32.74,85.0,973.5,20.74,2026,8,5,217,Southwest Monsoon
2026-08-06,36.16,27.64,32.43,9.73,8.7,33.93,83.5,970.0,14.74,2026,8,6,218,Southwest Monsoon
2026-08-07,40.11,30.99,34.33,28.12,15.1,35.83,81.9,970.8,18.7,2026,8,7,219,Southwest Monsoon
2026-08-08,34.94,28.47,31.76,4.61,5.8,33.26,84.6,970.1,13.0,2026,8,8,220,Southwest Monsoon
2026-08-09,37.57,26.04,31.77,2.14,9.5,33.27,84.9,968.9,16.94,2026,8,9,221,Southwest Monsoon
2026-08-10,34.9,25.84,30.85,9.76,14.4,32.35,83.8,967.3,18.13,2026,8,10,222,Southwest Monsoon
2026-08-11,33.61,24.82,30.31,13.59,9.5,31.81,80.4,968.9,19.07,2026,8,11,223,Southwest Monsoon
2026-08-12,36.71,26.62,32.25,6.32,11.1,33.75,83.7,967.9,13.54,2026,8,12,224,Southwest Monsoon
2026-08-13,33.93,25.44,30.16,27.3,15.0,31.66,86.5,972.6,22.79,2026,8,13,225,Southwest Monsoon
2026-08-14,35.05,26.64,31.2,0.42,13.7,32.7,81.1,969.8,15.61,2026,8,14,226,Southwest Monsoon
2026-08-15,34.38,26.17,30.46,5.62,13.1,31.96,89.2,969.5,11.3,2026,8,15,227,Southwest Monsoon
2026-08-16,36.95,27.59,31.54,10.14,10.6,33.04,81.3,971.3,17.56,2026,8,16,228,Southwest Monsoon
2026-08-17,35.9,26.98,31.29,15.88,13.5,32.79,83.0,968.3,18.14,2026,8,17,229,Southwest Monsoon
2026-08-18,35.99,26.73,32.05,1.58,11.5,33.55,80.9,968.8,18.64,2026,8,18,230,Southwest Monsoon
2026-08-19,34.95,25.31,30.12,12.88,13.8,31.62,83.5,970.1,23.45,2026,8,19,231,Southwest Monsoon
2026-08-20,35.48,24.65,30.33,6.44,10.0,31.83,77.6,971.5,17.05,2026,8,20,232,Southwest Monsoon
2026-08-21,33.22,25.07,29.4,4.04,11.3,30.9,81.2,970.8,17.52,2026,8,21,233,Southwest Monsoon
2026-08-22,34.21,25.14,29.96,1.13,8.0,31.46,79.6,970.4,13.59,2026,8,22,234,Southwest Monsoon
2026-08-23,34.24,25.98,30.87,16.04,11.9,32.37,83.3,970.1,21.28,2026,8,23,235,Southwest Monsoon
2026-08-24,34.79,26.47,31.25,1.37,8.8,32.75,85.9,970.6,18.74,2026,8,24,236,Southwest Monsoon
2026-08-25,34.19,24.04,29.15,2.97,7.5,30.65,84.8,970.3,16.32,2026,8,25,237,Southwest Monsoon
2026-08-26,34.76,27.51,31.22,2.74,13.0,32.72,75.8,968.5,10.38,2026,8,26,238,Southwest Monsoon
2026-08-27,36.3,27.19,31.72,16.41,12.9,33.22,89.0,970.1,23.78,2026,8,27,239,Southwest Monsoon
2026-08-28,35.64,27.2,30.51,8.94,15.1,32.01,83.8,968.4,13.09,2026,8,28,240,Southwest Monsoon
2026-08-29,35.5,28.03,32.18,12.74,10.3,33.68,80.5,970.1,15.63,2026,8,29,241,Southwest Monsoon
2026-08-30,33.62,24.46,28.92,2.31,13.6,30.42,83.3,969.3,19.43,2026,8,30,242,Southwest Monsoon
2026-08-31,32.04,23.31,28.27,7.84,14.2,29.77,83.4,973.8,13.21,2026,8,31,243,Southwest Monsoon
2026-09-01,33.44,21.7,27.55,6.78,13.8,29.05,80.9,969.9,12.03,2026,9,1,244,Southwest Monsoon
2026-09-02,35.84,26.59,31.39,14.31,8.7,32.89,83.5,967.9,9.5,2026,9,2,245,Southwest Monsoon
2026-09-03,35.72,25.07,30.3,18.92,12.6,31.8,81.0,969.8,20.88,2026,9,3,246,Southwest Monsoon
2026-09-04,34.01,24.84,29.36,0.1,13.5,30.86,81.7,970.8,15.82,2026,9,4,247,Southwest Monsoon
2026-09-05,32.81,24.78,29.68,8.97,12.0,31.18,80.8,972.5,29.71,2026,9,5,248,Southwest Monsoon
2026-09-06,32.81,24.7,27.91,0.43,3.7,29.41,78.6,969.1,14.02,2026,9,6,249,Southwest Monsoon
2026-09-07,37.96,28.35,32.11,6.37,12.6,33.61,83.3,967.6,14.31,2026,9,7,250,Southwest Monsoon
2026-09-08,34.05,25.16,29.24,2.71,20.9,30.74,84.6,971.2,15.74,2026,9,8,251,Southwest Monsoon
2026-09-09,34.59,24.72,29.13,2.93,10.6,30.63,84.4,967.9,18.97,2026,9,9,252,Southwest Monsoon
2026-09-10,35.44,26.65,29.79,3.48,9.1,31.29,85.3,969.3,16.12,2026,9,10,253,Southwest Monsoon
2026-09-11,33.09,25.99,29.41,7.77,13.5,30.91,83.8,969.6,20.45,2026,9,11,254,Southwest Monsoon
2026-09-12,32.65,25.18,29.01,3.25,13.2,30.51,81.3,969.9,14.09,2026,9,12,255,Southwest Monsoon
2026-09-13,32.54,21.8,27.71,10.56,16.8,29.21,85.4,971.0,12.47,2026,9,13,256,Southwest Monsoon
2026-09-14,33.37,25.14,29.14,4.15,7.0,30.64,78.8,969.0,10.81,2026,9,14,257,Southwest Monsoon
2026-09-15,36.26,26.3,30.75,0.57,14.9,32.25,80.2,969.6,9.11,2026,9,15,258,Southwest Monsoon
2026-09-16,35.72,26.43,30.02,12.25,14.4,31.52,80.0,970.0,15.93,2026,9,16,259,Southwest Monsoon
2026-09-17,34.29,25.39,30.23,2.69,11.4,31.73,86.1,970.2,16.8,2026,9,17,260,Southwest Monsoon
2026-09-18,31.33,23.77,27.62,4.54,13.4,29.12,85.7,970.1,15.47,2026,9,18,261,Southwest Monsoon
2026-09-19,32.3,23.33,26.96,9.25,16.1,28.46,84.3,970.7,22.97,2026,9,19,262,Southwest Monsoon
2026-09-20,31.73,23.36,27.91,3.23,15.5,29.41,86.1,971.3,22.91,2026,9,20,263,Southwest Monsoon
2026-09-21,33.51,25.02,28.04,0.47,7.4,29.54,80.2,970.6,16.66,2026,9,21,264,Southwest Monsoon
2026-09-22,33.47,26.18,29.2,3.75,15.3,30.7,83.9,970.7,10.82,2026,9,22,265,Southwest Monsoon
2026-09-23,30.77,22.11,25.77,23.12,11.7,27.27,82.5,967.6,15.73,2026,9,23,266,Southwest Monsoon
2026-09-24,32.84,26.44,29.55,8.21,12.3,31.05,85.4,970.1,15.6,2026,9,24,267,Southwest Monsoon
2026-09-25,32.31,24.12,27.44,8.91,12.3,28.94,82.5,970.7,15.37,2026,9,25,268,Southwest Monsoon
2026-09-26,31.39,23.02,27.03,8.0,11.4,28.53,81.7,971.1,15.21,2026,9,26,269,Southwest Monsoon
2026-09-27,31.01,20.84,26.25,1.78,16.8,27.75,84.5,969.0,15.39,2026,9,27,270,Southwest Monsoon
2026-09-28,28.9,20.68,25.39,4.33,11.7,26.89,85.5,969.0,16.45,2026,9,28,271,Southwest Monsoon
2026-09-29,33.49,23.74,28.28,11.12,7.5,29.78,80.9,969.1,15.46,2026,9,29,272,Southwest Monsoon
2026-09-30,32.89,23.42,27.3,0.86,10.4,28.8,82.7,970.8,18.83,2026,9,30,273,Southwest Monsoon
2026-10-01,29.23,19.79,25.58,0.34,12.7,27.08,79.7,971.6,19.44,2026,10,1,274,Post-Monsoon
2026-10-02,28.78,21.3,25.49,0.18,16.9,26.99,75.4,969.4,14.36,2026,10,2,275,Post-Monsoon
2026-10-03,29.63,23.3,26.56,0.45,14.4,28.06,83.5,971.4,23.08,2026,10,3,276,Post-Monsoon
2026-10-04,33.81,24.03,28.89,0.28,8.6,30.39,84.7,970.2,14.08,2026,10,4,277,Post-Monsoon
2026-10-05,31.31,23.15,26.49,0.09,21.9,27.99,83.7,969.8,11.53,2026,10,5,278,Post-Monsoon
2026-10-06,29.56,20.88,24.92,0.06,13.1,26.42,77.0,969.7,19.52,2026,10,6,279,Post-Monsoon
2026-10-07,30.04,21.82,26.35,0.4,17.1,27.85,81.8,971.1,14.73,2026,10,7,280,Post-Monsoon
2026-10-08,30.41,20.61,26.23,1.16,11.4,27.73,76.2,970.5,19.29,2026,10,8,281,Post-Monsoon
2026-10-09,28.03,18.77,23.25,0.21,14.1,24.75,87.0,973.4,8.39,2026,10,9,282,Post-Monsoon
2026-10-10,30.83,21.23,26.34,0.66,15.4,27.84,79.6,968.7,23.57,2026,10,10,283,Post-Monsoon
2026-10-11,32.01,20.07,26.05,0.54,16.9,27.55,86.6,970.8,20.69,2026,10,11,284,Post-Monsoon
2026-10-12,30.5,23.69,27.09,1.34,16.2,28.59,85.7,969.2,12.0,2026,10,12,285,Post-Monsoon
2026-10-13,33.48,24.57,28.39,0.86,15.5,29.89,80.2,968.7,12.08,2026,10,13,286,Post-Monsoon
2026-10-14,31.66,23.27,27.45,0.42,10.7,28.95,79.5,970.0,24.69,2026,10,14,287,Post-Monsoon
2026-10-15,29.99,21.44,25.7,0.54,9.7,27.2,83.9,970.2,15.05,2026,10,15,288,Post-Monsoon
2026-10-16,29.77,20.39,24.62,1.14,13.3,26.12,80.3,974.4,14.66,2026,10,16,289,Post-Monsoon
2026-10-17,34.04,23.24,28.96,0.26,15.7,30.46,83.2,969.7,8.94,2026,10,17,290,Post-Monsoon
2026-10-18,31.85,20.73,25.87,0.2,11.1,27.37,81.4,968.3,16.6,2026,10,18,291,Post-Monsoon
2026-10-19,29.13,20.93,25.75,0.01,16.3,27.25,77.5,970.4,17.09,2026,10,19,292,Post-Monsoon
2026-10-20,28.94,21.7,25.63,0.88,17.8,27.13,76.2,966.9,20.86,2026,10,20,293,Post-Monsoon
2026-10-21,31.0,20.36,25.83,0.81,8.3,27.33,83.5,969.9,12.4,2026,10,21,294,Post-Monsoon
2026-10-22,30.08,19.48,25.35,0.06,8.7,26.85,81.2,970.0,11.92,2026,10,22,295,Post-Monsoon
2026-10-23,28.59,19.3,24.77,0.43,11.4,26.27,81.2,971.2,19.8,2026,10,23,296,Post-Monsoon
2026-10-24,27.97,21.73,24.73,0.31,13.2,26.23,85.0,971.5,22.03,2026,10,24,297,Post-Monsoon
2026-10-25,28.54,20.37,25.28,0.06,9.9,26.78,86.4,969.2,11.72,2026,10,25,298,Post-Monsoon
2026-10-26,30.28,21.45,24.6,1.97,17.4,26.1,82.1,969.8,22.33,2026,10,26,299,Post-Monsoon
2026-10-27,27.91,20.56,24.33,0.12,13.7,25.83,81.8,968.9,18.15,2026,10,27,300,Post-Monsoon
2026-10-28,29.22,22.08,25.25,0.03,12.2,26.75,84.4,968.3,22.37,2026,10,28,301,Post-Monsoon
2026-10-29,28.44,19.95,24.76,0.45,6.3,26.26,78.8,970.5,17.72,2026,10,29,302,Post-Monsoon
2026-10-30,30.87,21.75,26.81,0.67,6.7,28.31,83.5,968.1,7.91,2026,10,30,303,Post-Monsoon
2026-10-31,24.97,18.42,21.76,0.02,13.1,23.26,84.5,969.4,17.39,2026,10,31,304,Post-Monsoon
2026-11-01,30.75,22.04,26.19,0.54,3.5,27.69,84.9,968.5,22.24,2026,11,1,305,Post-Monsoon
2026-11-02,29.52,21.95,26.32,0.38,16.1,27.82,77.1,970.8,14.43,2026,11,2,306,Post-Monsoon
2026-11-03,27.68,18.17,22.28,0.05,11.4,23.78,80.6,972.7,16.45,2026,11,3,307,Post-Monsoon
2026-11-04,28.0,20.94,24.3,0.09,25.0,25.8,80.2,968.0,17.3,2026,11,4,308,Post-Monsoon
2026-11-05,28.83,19.95,24.21,0.42,21.2,25.71,83.2,967.2,6.4,2026,11,5,309,Post-Monsoon
2026-11-06,28.55,17.66,22.91,0.18,11.3,24.41,84.3,969.8,24.69,2026,11,6,310,Post-Monsoon
2026-11-07,28.57,20.4,23.62,1.39,11.6,25.12,87.4,970.0,14.39,2026,11,7,311,Post-Monsoon
2026-11-08,27.76,19.92,23.16,0.85,16.0,24.66,81.4,970.3,20.02,2026,11,8,312,Post-Monsoon
2026-11-09,30.52,22.49,26.55,2.05,18.8,28.05,81.4,969.3,17.65,2026,11,9,313,Post-Monsoon
2026-11-10,29.52,19.7,25.52,0.15,5.4,27.02,86.3,969.7,23.03,2026,11,10,314,Post-Monsoon
2026-11-11,30.88,20.87,25.88,1.75,4.9,27.38,83.8,970.6,19.62,2026,11,11,315,Post-Monsoon
2026-11-12,31.15,20.13,25.17,0.28,9.5,26.67,86.7,971.6,17.06,2026,11,12,316,Post-Monsoon
2026-11-13,27.89,18.82,22.9,0.21,14.3,24.4,83.7,967.1,14.43,2026,11,13,317,Post-Monsoon
2026-11-14,28.26,18.8,23.58,0.03,14.0,25.08,79.4,969.4,21.19,2026,11,14,318,Post-Monsoon
2026-11-15,29.95,21.73,24.76,0.03,16.3,26.26,78.9,970.3,10.51,2026,11,15,319,Post-Monsoon
2026-11-16,27.06,17.76,22.66,0.59,7.2,24.16,78.2,968.6,20.58,2026,11,16,320,Post-Monsoon
2026-11-17,28.13,19.21,24.95,0.31,2.7,26.45,84.9,972.6,13.6,2026,11,17,321,Post-Monsoon
2026-11-18,28.45,18.92,23.76,0.13,15.4,25.26,86.4,969.0,23.01,2026,11,18,322,Post-Monsoon
2026-11-19,29.44,17.94,23.56,0.48,8.7,25.06,88.4,969.9,18.65,2026,11,19,323,Post-Monsoon
2026-11-20,28.36,19.66,24.83,0.15,3.9,26.33,85.4,970.8,20.58,2026,11,20,324,Post-Monsoon
2026-11-21,29.55,21.11,24.48,0.43,12.6,25.98,86.4,969.1,18.33,2026,11,21,325,Post-Monsoon
2026-11-22,27.08,17.77,23.48,0.22,15.2,24.98,81.1,967.2,10.99,2026,11,22,326,Post-Monsoon
2026-11-23,29.88,22.07,25.27,0.87,11.5,26.77,79.4,969.4,14.56,2026,11,23,327,Post-Monsoon
2026-11-24,25.84,17.95,22.55,0.86,10.2,24.05,85.4,971.5,20.69,2026,11,24,328,Post-Monsoon
2026-11-25,28.91,21.13,24.56,0.32,11.4,26.06,84.1,969.5,18.67,2026,11,25,329,Post-Monsoon
2026-11-26,29.77,21.46,24.5,0.22,10.5,26.0,83.2,968.7,22.72,2026,11,26,330,Post-Monsoon
2026-11-27,27.43,19.12,23.39,0.23,6.6,24.89,84.0,971.4,19.61,2026,11,27,331,Post-Monsoon
2026-11-28,29.12,20.24,24.13,0.82,9.1,25.63,83.8,969.5,14.13,2026,11,28,332,Post-Monsoon
2026-11-29,27.6,17.75,22.21,0.2,14.1,23.71,86.7,969.2,14.82,2026,11,29,333,Post-Monsoon
2026-11-30,30.58,20.07,24.8,0.12,13.3,26.3,86.8,970.2,18.41,2026,11,30,334,Post-Monsoon
2026-12-01,27.15,20.32,23.45,0.04,12.7,24.95,84.5,971.2,8.74,2026,12,1,335,Winter
2026-12-02,27.22,19.65,23.02,0.31,8.0,24.52,85.4,973.6,24.69,2026,12,2,336,Winter
2026-12-03,28.35,20.21,24.89,0.33,11.3,26.39,84.4,971.2,19.77,2026,12,3,337,Winter
2026-12-04,28.75,18.74,22.77,0.92,3.3,24.27,81.5,971.7,22.91,2026,12,4,338,Winter
2026-12-05,27.69,16.72,21.91,0.13,12.7,23.41,85.1,969.2,11.68,2026,12,5,339,Winter
2026-12-06,26.34,16.76,21.72,0.24,17.7,23.22,78.7,968.5,22.98,2026,12,6,340,Winter
2026-12-07,29.83,18.76,24.3,0.83,6.1,25.8,86.0,970.1,26.93,2026,12,7,341,Winter
2026-12-08,26.59,16.95,22.03,0.87,9.7,23.53,79.3,970.2,12.72,2026,12,8,342,Winter
2026-12-09,30.53,21.37,25.66,0.24,13.3,27.16,83.7,968.4,21.09,2026,12,9,343,Winter
2026-12-10,24.32,16.03,21.05,0.31,17.0,22.55,80.3,969.7,18.0,2026,12,10,344,Winter
2026-12-11,30.84,21.75,25.58,0.18,10.2,27.08,84.5,970.6,11.82,2026,12,11,345,Winter
2026-12-12,27.17,19.87,23.79,1.35,9.2,25.29,82.8,970.5,19.97,2026,12,12,346,Winter
2026-12-13,28.89,18.05,23.42,0.06,4.1,24.92,78.1,970.8,21.33,2026,12,13,347,Winter
2026-12-14,28.22,18.54,22.88,1.36,12.4,24.38,84.1,970.4,15.6,2026,12,14,348,Winter
2026-12-15,29.14,18.61,24.01,0.58,20.2,25.51,81.1,969.2,22.66,2026,12,15,349,Winter
2026-12-16,26.59,18.02,23.49,0.38,13.1,24.99,85.5,969.2,11.33,2026,12,16,350,Winter
2026-12-17,28.77,19.29,24.86,0.02,11.9,26.36,82.9,968.2,12.02,2026,12,17,351,Winter
2026-12-18,27.46,17.92,23.67,0.32,13.3,25.17,84.1,972.7,18.55,2026,12,18,352,Winter
2026-12-19,27.8,19.43,23.72,0.26,12.0,25.22,80.0,970.0,18.1,2026,12,19,353,Winter
2026-12-20,26.38,19.16,23.11,0.09,8.7,24.61,81.1,969.7,15.13,2026,12,20,354,Winter
2026-12-21,29.3,18.74,23.49,0.53,15.3,24.99,81.5,968.6,21.24,2026,12,21,355,Winter
2026-12-22,28.6,19.82,23.94,1.77,12.9,25.44,85.4,974.4,20.12,2026,12,22,356,Winter
2026-12-23,25.44,16.72,21.53,0.41,12.1,23.03,87.9,968.4,21.43,2026,12,23,357,Winter
2026-12-24,26.17,16.86,21.98,0.63,8.1,23.48,80.5,969.4,17.51,2026,12,24,358,Winter
2026-12-25,28.84,19.43,24.5,0.04,17.2,26.0,86.1,970.6,20.41,2026,12,25,359,Winter
2026-12-26,28.63,19.7,23.83,0.27,14.7,25.33,76.4,970.9,16.22,2026,12,26,360,Winter
2026-12-27,27.97,19.92,23.42,0.06,9.8,24.92,79.3,971.4,26.22,2026,12,27,361,Winter
2026-12-28,29.44,19.39,23.68,0.47,16.0,25.18,80.0,972.7,14.75,2026,12,28,362,Winter
2026-12-29,28.59,20.67,24.1,1.39,10.0,25.6,78.8,970.8,26.42,2026,12,29,363,Winter
2026-12-30,29.03,17.38,23.05,0.54,8.9,24.55,78.1,968.4,18.14,2026,12,30,364,Winter
2026-12-31,28.34,18.75,22.79,0.04,9.0,24.29,84.1,969.6,12.5,2026,12,31,365,Winter
